-- Dummy data generation for 3 months
-- This script was auto-generated to seed data for analytics testing

-- Insert Dummy Products

INSERT INTO public.products (id, name, category_id, type, is_visible)
VALUES (
  '83a6812d-2665-4ce5-871a-78a4eab3ce80',
  'Americano',
  (SELECT id FROM public.product_categories WHERE name = 'Coffee' LIMIT 1),
  'Beverage',
  true
) ON CONFLICT (id) DO NOTHING;

INSERT INTO public.products (id, name, category_id, type, is_visible)
VALUES (
  '3a6a55c0-70f3-4417-a252-db77d9e511c0',
  'Latte',
  (SELECT id FROM public.product_categories WHERE name = 'Coffee' LIMIT 1),
  'Beverage',
  true
) ON CONFLICT (id) DO NOTHING;

INSERT INTO public.products (id, name, category_id, type, is_visible)
VALUES (
  '48233f0a-6e57-4a45-b033-627d13f1be78',
  'Cappuccino',
  (SELECT id FROM public.product_categories WHERE name = 'Coffee' LIMIT 1),
  'Beverage',
  true
) ON CONFLICT (id) DO NOTHING;

INSERT INTO public.products (id, name, category_id, type, is_visible)
VALUES (
  '1b5c6269-ce45-4413-acb8-21813cd7f9cf',
  'Mocha',
  (SELECT id FROM public.product_categories WHERE name = 'Coffee' LIMIT 1),
  'Beverage',
  true
) ON CONFLICT (id) DO NOTHING;

INSERT INTO public.products (id, name, category_id, type, is_visible)
VALUES (
  'fe6b02e6-9366-4abd-874c-fcb832e0e282',
  'Green Tea',
  (SELECT id FROM public.product_categories WHERE name = 'Tea' LIMIT 1),
  'Beverage',
  true
) ON CONFLICT (id) DO NOTHING;

INSERT INTO public.products (id, name, category_id, type, is_visible)
VALUES (
  '65f0b94f-ccbe-4b50-a175-66810ae10f44',
  'Croissant',
  (SELECT id FROM public.product_categories WHERE name = 'Pastries' LIMIT 1),
  'Pastry',
  true
) ON CONFLICT (id) DO NOTHING;

INSERT INTO public.products (id, name, category_id, type, is_visible)
VALUES (
  '36c93748-7c86-4ddb-ba49-1bd1a164bf42',
  'Blueberry Muffin',
  (SELECT id FROM public.product_categories WHERE name = 'Pastries' LIMIT 1),
  'Pastry',
  true
) ON CONFLICT (id) DO NOTHING;

INSERT INTO public.products (id, name, category_id, type, is_visible)
VALUES (
  'dfe22f11-84a3-41d2-a268-149f012eae60',
  'Sparkling Lemonade',
  (SELECT id FROM public.product_categories WHERE name = 'Sparkling Drinks' LIMIT 1),
  'Beverage',
  true
) ON CONFLICT (id) DO NOTHING;

-- Insert Dummy Inventory Items

INSERT INTO public.inventory_items (id, name, category_id, unit, current_stock, max_capacity, low_stock_threshold)
VALUES (
  'e16a8028-6fb3-4ad7-b1e1-fbbe8f9739e1',
  'Coffee Beans',
  (SELECT id FROM public.inventory_categories WHERE name = 'Coffee' LIMIT 1),
  'g',
  1792,
  3000,
  500
) ON CONFLICT (id) DO NOTHING;

INSERT INTO public.inventory_items (id, name, category_id, unit, current_stock, max_capacity, low_stock_threshold)
VALUES (
  '1afec980-f324-4e41-971f-984b2d9ff78e',
  'Milk',
  (SELECT id FROM public.inventory_categories WHERE name = 'Dairy' LIMIT 1),
  'ml',
  756,
  3000,
  1000
) ON CONFLICT (id) DO NOTHING;

INSERT INTO public.inventory_items (id, name, category_id, unit, current_stock, max_capacity, low_stock_threshold)
VALUES (
  '97bae52e-6693-4db2-bf46-8993412d4781',
  'Vanilla Syrup',
  (SELECT id FROM public.inventory_categories WHERE name = 'Syrups' LIMIT 1),
  'ml',
  716,
  3000,
  500
) ON CONFLICT (id) DO NOTHING;

INSERT INTO public.inventory_items (id, name, category_id, unit, current_stock, max_capacity, low_stock_threshold)
VALUES (
  '67066a79-c495-4a11-b926-3dfeeb4d0014',
  'Matcha Powder',
  (SELECT id FROM public.inventory_categories WHERE name = 'Powders' LIMIT 1),
  'g',
  1053,
  3000,
  200
) ON CONFLICT (id) DO NOTHING;

-- Insert Dummy Orders & Order Items

INSERT INTO public.orders (id, order_id, status, amount, payment_method, cashier_name, created_at)
VALUES ('ec732a49-0d5b-4a88-9f9f-204baced8d0b', 'ORD-00001', 'Void (Consumed)', 560, 'Credit Card', 'System Seed', '2026-03-27T11:04:38.990Z');

INSERT INTO public.order_items (order_id, product_id, name, quantity, unit_price, subtotal)
VALUES ('ec732a49-0d5b-4a88-9f9f-204baced8d0b', '83a6812d-2665-4ce5-871a-78a4eab3ce80', 'Americano', 1, 100, 100);

INSERT INTO public.order_items (order_id, product_id, name, quantity, unit_price, subtotal)
VALUES ('ec732a49-0d5b-4a88-9f9f-204baced8d0b', '48233f0a-6e57-4a45-b033-627d13f1be78', 'Cappuccino', 2, 120, 240);

INSERT INTO public.order_items (order_id, product_id, name, quantity, unit_price, subtotal)
VALUES ('ec732a49-0d5b-4a88-9f9f-204baced8d0b', 'dfe22f11-84a3-41d2-a268-149f012eae60', 'Sparkling Lemonade', 2, 110, 220);

INSERT INTO public.orders (id, order_id, status, amount, payment_method, cashier_name, created_at)
VALUES ('92ed23cc-33a1-442d-baa3-704f756ba71f', 'ORD-00002', 'Completed', 545, 'Maya', 'System Seed', '2026-03-27T00:29:54.990Z');

INSERT INTO public.order_items (order_id, product_id, name, quantity, unit_price, subtotal)
VALUES ('92ed23cc-33a1-442d-baa3-704f756ba71f', 'fe6b02e6-9366-4abd-874c-fcb832e0e282', 'Green Tea', 1, 90, 90);

INSERT INTO public.order_items (order_id, product_id, name, quantity, unit_price, subtotal)
VALUES ('92ed23cc-33a1-442d-baa3-704f756ba71f', '48233f0a-6e57-4a45-b033-627d13f1be78', 'Cappuccino', 3, 120, 360);

INSERT INTO public.order_items (order_id, product_id, name, quantity, unit_price, subtotal)
VALUES ('92ed23cc-33a1-442d-baa3-704f756ba71f', '36c93748-7c86-4ddb-ba49-1bd1a164bf42', 'Blueberry Muffin', 1, 95, 95);

INSERT INTO public.orders (id, order_id, status, amount, payment_method, cashier_name, created_at)
VALUES ('63d0dce7-af52-49a7-b072-5bf144c61f31', 'ORD-00003', 'Completed', 520, 'Cash', 'System Seed', '2026-03-27T10:04:29.990Z');

INSERT INTO public.order_items (order_id, product_id, name, quantity, unit_price, subtotal)
VALUES ('63d0dce7-af52-49a7-b072-5bf144c61f31', '83a6812d-2665-4ce5-871a-78a4eab3ce80', 'Americano', 1, 100, 100);

INSERT INTO public.order_items (order_id, product_id, name, quantity, unit_price, subtotal)
VALUES ('63d0dce7-af52-49a7-b072-5bf144c61f31', '1b5c6269-ce45-4413-acb8-21813cd7f9cf', 'Mocha', 3, 140, 420);

INSERT INTO public.orders (id, order_id, status, amount, payment_method, cashier_name, created_at)
VALUES ('225c7ea6-e483-4668-b698-1076d3d6d89b', 'ORD-00004', 'Completed', 960, 'Cash', 'System Seed', '2026-03-27T00:36:59.990Z');

INSERT INTO public.order_items (order_id, product_id, name, quantity, unit_price, subtotal)
VALUES ('225c7ea6-e483-4668-b698-1076d3d6d89b', 'dfe22f11-84a3-41d2-a268-149f012eae60', 'Sparkling Lemonade', 3, 110, 330);

INSERT INTO public.order_items (order_id, product_id, name, quantity, unit_price, subtotal)
VALUES ('225c7ea6-e483-4668-b698-1076d3d6d89b', 'fe6b02e6-9366-4abd-874c-fcb832e0e282', 'Green Tea', 3, 90, 270);

INSERT INTO public.order_items (order_id, product_id, name, quantity, unit_price, subtotal)
VALUES ('225c7ea6-e483-4668-b698-1076d3d6d89b', 'fe6b02e6-9366-4abd-874c-fcb832e0e282', 'Green Tea', 2, 90, 180);

INSERT INTO public.order_items (order_id, product_id, name, quantity, unit_price, subtotal)
VALUES ('225c7ea6-e483-4668-b698-1076d3d6d89b', 'fe6b02e6-9366-4abd-874c-fcb832e0e282', 'Green Tea', 2, 90, 180);

INSERT INTO public.orders (id, order_id, status, amount, payment_method, cashier_name, created_at)
VALUES ('1560164b-8a3f-4af5-802b-4ace3affb4e4', 'ORD-00005', 'Completed', 1020, 'Credit Card', 'System Seed', '2026-03-27T04:01:11.990Z');

INSERT INTO public.order_items (order_id, product_id, name, quantity, unit_price, subtotal)
VALUES ('1560164b-8a3f-4af5-802b-4ace3affb4e4', '1b5c6269-ce45-4413-acb8-21813cd7f9cf', 'Mocha', 1, 140, 140);

INSERT INTO public.order_items (order_id, product_id, name, quantity, unit_price, subtotal)
VALUES ('1560164b-8a3f-4af5-802b-4ace3affb4e4', '65f0b94f-ccbe-4b50-a175-66810ae10f44', 'Croissant', 3, 80, 240);

INSERT INTO public.order_items (order_id, product_id, name, quantity, unit_price, subtotal)
VALUES ('1560164b-8a3f-4af5-802b-4ace3affb4e4', '1b5c6269-ce45-4413-acb8-21813cd7f9cf', 'Mocha', 2, 140, 280);

INSERT INTO public.order_items (order_id, product_id, name, quantity, unit_price, subtotal)
VALUES ('1560164b-8a3f-4af5-802b-4ace3affb4e4', '3a6a55c0-70f3-4417-a252-db77d9e511c0', 'Latte', 3, 120, 360);

INSERT INTO public.orders (id, order_id, status, amount, payment_method, cashier_name, created_at)
VALUES ('82343365-018a-447d-92d9-89a8b8b3dfd9', 'ORD-00006', 'Completed', 240, 'GCash', 'System Seed', '2026-03-26T23:28:43.990Z');

INSERT INTO public.order_items (order_id, product_id, name, quantity, unit_price, subtotal)
VALUES ('82343365-018a-447d-92d9-89a8b8b3dfd9', '3a6a55c0-70f3-4417-a252-db77d9e511c0', 'Latte', 2, 120, 240);

INSERT INTO public.orders (id, order_id, status, amount, payment_method, cashier_name, created_at)
VALUES ('9b3966c5-2483-458a-9757-bd56e228d897', 'ORD-00007', 'Completed', 1165, 'Cash', 'System Seed', '2026-03-27T07:41:26.990Z');

INSERT INTO public.order_items (order_id, product_id, name, quantity, unit_price, subtotal)
VALUES ('9b3966c5-2483-458a-9757-bd56e228d897', '36c93748-7c86-4ddb-ba49-1bd1a164bf42', 'Blueberry Muffin', 3, 95, 285);

INSERT INTO public.order_items (order_id, product_id, name, quantity, unit_price, subtotal)
VALUES ('9b3966c5-2483-458a-9757-bd56e228d897', '83a6812d-2665-4ce5-871a-78a4eab3ce80', 'Americano', 1, 100, 100);

INSERT INTO public.order_items (order_id, product_id, name, quantity, unit_price, subtotal)
VALUES ('9b3966c5-2483-458a-9757-bd56e228d897', '1b5c6269-ce45-4413-acb8-21813cd7f9cf', 'Mocha', 3, 140, 420);

INSERT INTO public.order_items (order_id, product_id, name, quantity, unit_price, subtotal)
VALUES ('9b3966c5-2483-458a-9757-bd56e228d897', '48233f0a-6e57-4a45-b033-627d13f1be78', 'Cappuccino', 3, 120, 360);

INSERT INTO public.orders (id, order_id, status, amount, payment_method, cashier_name, created_at)
VALUES ('397116e8-77e5-45d4-a299-0e434435e029', 'ORD-00008', 'Void (Consumed)', 555, 'Credit Card', 'System Seed', '2026-03-27T06:29:57.990Z');

INSERT INTO public.order_items (order_id, product_id, name, quantity, unit_price, subtotal)
VALUES ('397116e8-77e5-45d4-a299-0e434435e029', 'fe6b02e6-9366-4abd-874c-fcb832e0e282', 'Green Tea', 3, 90, 270);

INSERT INTO public.order_items (order_id, product_id, name, quantity, unit_price, subtotal)
VALUES ('397116e8-77e5-45d4-a299-0e434435e029', '36c93748-7c86-4ddb-ba49-1bd1a164bf42', 'Blueberry Muffin', 3, 95, 285);

INSERT INTO public.orders (id, order_id, status, amount, payment_method, cashier_name, created_at)
VALUES ('5aa7ebf5-6925-4fd8-ac82-33a4471327b9', 'ORD-00009', 'Completed', 600, 'Credit Card', 'System Seed', '2026-03-27T03:28:01.990Z');

INSERT INTO public.order_items (order_id, product_id, name, quantity, unit_price, subtotal)
VALUES ('5aa7ebf5-6925-4fd8-ac82-33a4471327b9', '3a6a55c0-70f3-4417-a252-db77d9e511c0', 'Latte', 1, 120, 120);

INSERT INTO public.order_items (order_id, product_id, name, quantity, unit_price, subtotal)
VALUES ('5aa7ebf5-6925-4fd8-ac82-33a4471327b9', '65f0b94f-ccbe-4b50-a175-66810ae10f44', 'Croissant', 3, 80, 240);

INSERT INTO public.order_items (order_id, product_id, name, quantity, unit_price, subtotal)
VALUES ('5aa7ebf5-6925-4fd8-ac82-33a4471327b9', '3a6a55c0-70f3-4417-a252-db77d9e511c0', 'Latte', 2, 120, 240);

INSERT INTO public.orders (id, order_id, status, amount, payment_method, cashier_name, created_at)
VALUES ('101eeb3d-8b28-498d-9580-8dcea8c72b42', 'ORD-00010', 'Completed', 120, 'Credit Card', 'System Seed', '2026-03-27T02:44:32.990Z');

INSERT INTO public.order_items (order_id, product_id, name, quantity, unit_price, subtotal)
VALUES ('101eeb3d-8b28-498d-9580-8dcea8c72b42', '48233f0a-6e57-4a45-b033-627d13f1be78', 'Cappuccino', 1, 120, 120);

INSERT INTO public.orders (id, order_id, status, amount, payment_method, cashier_name, created_at)
VALUES ('99becb33-46e6-4bf9-acc3-8df23d7851c7', 'ORD-00011', 'Completed', 760, 'GCash', 'System Seed', '2026-03-27T07:20:39.990Z');

INSERT INTO public.order_items (order_id, product_id, name, quantity, unit_price, subtotal)
VALUES ('99becb33-46e6-4bf9-acc3-8df23d7851c7', '65f0b94f-ccbe-4b50-a175-66810ae10f44', 'Croissant', 2, 80, 160);

INSERT INTO public.order_items (order_id, product_id, name, quantity, unit_price, subtotal)
VALUES ('99becb33-46e6-4bf9-acc3-8df23d7851c7', '48233f0a-6e57-4a45-b033-627d13f1be78', 'Cappuccino', 2, 120, 240);

INSERT INTO public.order_items (order_id, product_id, name, quantity, unit_price, subtotal)
VALUES ('99becb33-46e6-4bf9-acc3-8df23d7851c7', '48233f0a-6e57-4a45-b033-627d13f1be78', 'Cappuccino', 3, 120, 360);

INSERT INTO public.orders (id, order_id, status, amount, payment_method, cashier_name, created_at)
VALUES ('c1b501a3-1bee-4bf5-b455-85196a23e317', 'ORD-00012', 'Completed', 1130, 'GCash', 'System Seed', '2026-03-27T08:02:32.990Z');

INSERT INTO public.order_items (order_id, product_id, name, quantity, unit_price, subtotal)
VALUES ('c1b501a3-1bee-4bf5-b455-85196a23e317', 'dfe22f11-84a3-41d2-a268-149f012eae60', 'Sparkling Lemonade', 2, 110, 220);

INSERT INTO public.order_items (order_id, product_id, name, quantity, unit_price, subtotal)
VALUES ('c1b501a3-1bee-4bf5-b455-85196a23e317', '1b5c6269-ce45-4413-acb8-21813cd7f9cf', 'Mocha', 2, 140, 280);

INSERT INTO public.order_items (order_id, product_id, name, quantity, unit_price, subtotal)
VALUES ('c1b501a3-1bee-4bf5-b455-85196a23e317', '83a6812d-2665-4ce5-871a-78a4eab3ce80', 'Americano', 3, 100, 300);

INSERT INTO public.order_items (order_id, product_id, name, quantity, unit_price, subtotal)
VALUES ('c1b501a3-1bee-4bf5-b455-85196a23e317', 'dfe22f11-84a3-41d2-a268-149f012eae60', 'Sparkling Lemonade', 3, 110, 330);

INSERT INTO public.orders (id, order_id, status, amount, payment_method, cashier_name, created_at)
VALUES ('a25704ae-58ce-4059-91fa-cf2fe05ab567', 'ORD-00013', 'Completed', 630, 'Credit Card', 'System Seed', '2026-03-27T04:48:13.990Z');

INSERT INTO public.order_items (order_id, product_id, name, quantity, unit_price, subtotal)
VALUES ('a25704ae-58ce-4059-91fa-cf2fe05ab567', '1b5c6269-ce45-4413-acb8-21813cd7f9cf', 'Mocha', 2, 140, 280);

INSERT INTO public.order_items (order_id, product_id, name, quantity, unit_price, subtotal)
VALUES ('a25704ae-58ce-4059-91fa-cf2fe05ab567', '48233f0a-6e57-4a45-b033-627d13f1be78', 'Cappuccino', 1, 120, 120);

INSERT INTO public.order_items (order_id, product_id, name, quantity, unit_price, subtotal)
VALUES ('a25704ae-58ce-4059-91fa-cf2fe05ab567', 'dfe22f11-84a3-41d2-a268-149f012eae60', 'Sparkling Lemonade', 1, 110, 110);

INSERT INTO public.order_items (order_id, product_id, name, quantity, unit_price, subtotal)
VALUES ('a25704ae-58ce-4059-91fa-cf2fe05ab567', '3a6a55c0-70f3-4417-a252-db77d9e511c0', 'Latte', 1, 120, 120);

INSERT INTO public.orders (id, order_id, status, amount, payment_method, cashier_name, created_at)
VALUES ('724c2a82-4c96-4d8b-abd9-b9ed476ad3c1', 'ORD-00014', 'Void (Not Made)', 680, 'GCash', 'System Seed', '2026-03-27T12:31:28.990Z');

INSERT INTO public.order_items (order_id, product_id, name, quantity, unit_price, subtotal)
VALUES ('724c2a82-4c96-4d8b-abd9-b9ed476ad3c1', '65f0b94f-ccbe-4b50-a175-66810ae10f44', 'Croissant', 3, 80, 240);

INSERT INTO public.order_items (order_id, product_id, name, quantity, unit_price, subtotal)
VALUES ('724c2a82-4c96-4d8b-abd9-b9ed476ad3c1', '65f0b94f-ccbe-4b50-a175-66810ae10f44', 'Croissant', 3, 80, 240);

INSERT INTO public.order_items (order_id, product_id, name, quantity, unit_price, subtotal)
VALUES ('724c2a82-4c96-4d8b-abd9-b9ed476ad3c1', '83a6812d-2665-4ce5-871a-78a4eab3ce80', 'Americano', 2, 100, 200);

INSERT INTO public.orders (id, order_id, status, amount, payment_method, cashier_name, created_at)
VALUES ('faa92095-1393-4e64-acf2-af851df149b5', 'ORD-00015', 'Void (Consumed)', 200, 'Maya', 'System Seed', '2026-03-27T05:57:26.990Z');

INSERT INTO public.order_items (order_id, product_id, name, quantity, unit_price, subtotal)
VALUES ('faa92095-1393-4e64-acf2-af851df149b5', '83a6812d-2665-4ce5-871a-78a4eab3ce80', 'Americano', 2, 100, 200);

INSERT INTO public.orders (id, order_id, status, amount, payment_method, cashier_name, created_at)
VALUES ('006d6cba-049f-447c-a78b-26b18fa3ebc9', 'ORD-00016', 'Completed', 910, 'GCash', 'System Seed', '2026-03-26T23:41:41.990Z');

INSERT INTO public.order_items (order_id, product_id, name, quantity, unit_price, subtotal)
VALUES ('006d6cba-049f-447c-a78b-26b18fa3ebc9', '1b5c6269-ce45-4413-acb8-21813cd7f9cf', 'Mocha', 2, 140, 280);

INSERT INTO public.order_items (order_id, product_id, name, quantity, unit_price, subtotal)
VALUES ('006d6cba-049f-447c-a78b-26b18fa3ebc9', 'fe6b02e6-9366-4abd-874c-fcb832e0e282', 'Green Tea', 3, 90, 270);

INSERT INTO public.order_items (order_id, product_id, name, quantity, unit_price, subtotal)
VALUES ('006d6cba-049f-447c-a78b-26b18fa3ebc9', '3a6a55c0-70f3-4417-a252-db77d9e511c0', 'Latte', 3, 120, 360);

INSERT INTO public.orders (id, order_id, status, amount, payment_method, cashier_name, created_at)
VALUES ('705d1922-e4ea-4242-a68d-45e5816c4c5e', 'ORD-00017', 'Completed', 340, 'Maya', 'System Seed', '2026-03-26T23:26:11.990Z');

INSERT INTO public.order_items (order_id, product_id, name, quantity, unit_price, subtotal)
VALUES ('705d1922-e4ea-4242-a68d-45e5816c4c5e', '65f0b94f-ccbe-4b50-a175-66810ae10f44', 'Croissant', 3, 80, 240);

INSERT INTO public.order_items (order_id, product_id, name, quantity, unit_price, subtotal)
VALUES ('705d1922-e4ea-4242-a68d-45e5816c4c5e', '83a6812d-2665-4ce5-871a-78a4eab3ce80', 'Americano', 1, 100, 100);

INSERT INTO public.orders (id, order_id, status, amount, payment_method, cashier_name, created_at)
VALUES ('e2624823-7044-46c8-8190-836139b25398', 'ORD-00018', 'Completed', 420, 'Credit Card', 'System Seed', '2026-03-27T09:15:10.990Z');

INSERT INTO public.order_items (order_id, product_id, name, quantity, unit_price, subtotal)
VALUES ('e2624823-7044-46c8-8190-836139b25398', 'dfe22f11-84a3-41d2-a268-149f012eae60', 'Sparkling Lemonade', 2, 110, 220);

INSERT INTO public.order_items (order_id, product_id, name, quantity, unit_price, subtotal)
VALUES ('e2624823-7044-46c8-8190-836139b25398', '83a6812d-2665-4ce5-871a-78a4eab3ce80', 'Americano', 2, 100, 200);

INSERT INTO public.orders (id, order_id, status, amount, payment_method, cashier_name, created_at)
VALUES ('31f3d54b-6801-4e8b-822d-3e35e00f6c44', 'ORD-00019', 'Completed', 745, 'GCash', 'System Seed', '2026-03-27T06:27:56.990Z');

INSERT INTO public.order_items (order_id, product_id, name, quantity, unit_price, subtotal)
VALUES ('31f3d54b-6801-4e8b-822d-3e35e00f6c44', '83a6812d-2665-4ce5-871a-78a4eab3ce80', 'Americano', 3, 100, 300);

INSERT INTO public.order_items (order_id, product_id, name, quantity, unit_price, subtotal)
VALUES ('31f3d54b-6801-4e8b-822d-3e35e00f6c44', '36c93748-7c86-4ddb-ba49-1bd1a164bf42', 'Blueberry Muffin', 3, 95, 285);

INSERT INTO public.order_items (order_id, product_id, name, quantity, unit_price, subtotal)
VALUES ('31f3d54b-6801-4e8b-822d-3e35e00f6c44', '65f0b94f-ccbe-4b50-a175-66810ae10f44', 'Croissant', 2, 80, 160);

INSERT INTO public.orders (id, order_id, status, amount, payment_method, cashier_name, created_at)
VALUES ('d59134b6-9d75-4ab6-8fd1-934e1ba5fde9', 'ORD-00020', 'Void (Not Made)', 810, 'Maya', 'System Seed', '2026-03-27T07:11:03.990Z');

INSERT INTO public.order_items (order_id, product_id, name, quantity, unit_price, subtotal)
VALUES ('d59134b6-9d75-4ab6-8fd1-934e1ba5fde9', 'dfe22f11-84a3-41d2-a268-149f012eae60', 'Sparkling Lemonade', 3, 110, 330);

INSERT INTO public.order_items (order_id, product_id, name, quantity, unit_price, subtotal)
VALUES ('d59134b6-9d75-4ab6-8fd1-934e1ba5fde9', '36c93748-7c86-4ddb-ba49-1bd1a164bf42', 'Blueberry Muffin', 3, 95, 285);

INSERT INTO public.order_items (order_id, product_id, name, quantity, unit_price, subtotal)
VALUES ('d59134b6-9d75-4ab6-8fd1-934e1ba5fde9', '36c93748-7c86-4ddb-ba49-1bd1a164bf42', 'Blueberry Muffin', 1, 95, 95);

INSERT INTO public.order_items (order_id, product_id, name, quantity, unit_price, subtotal)
VALUES ('d59134b6-9d75-4ab6-8fd1-934e1ba5fde9', '83a6812d-2665-4ce5-871a-78a4eab3ce80', 'Americano', 1, 100, 100);

INSERT INTO public.orders (id, order_id, status, amount, payment_method, cashier_name, created_at)
VALUES ('1466afcc-7f7f-4d5b-b8f2-4c18ab190bf9', 'ORD-00021', 'Void (Consumed)', 330, 'Maya', 'System Seed', '2026-03-27T02:58:07.990Z');

INSERT INTO public.order_items (order_id, product_id, name, quantity, unit_price, subtotal)
VALUES ('1466afcc-7f7f-4d5b-b8f2-4c18ab190bf9', 'dfe22f11-84a3-41d2-a268-149f012eae60', 'Sparkling Lemonade', 3, 110, 330);

INSERT INTO public.orders (id, order_id, status, amount, payment_method, cashier_name, created_at)
VALUES ('43aabfed-0668-421b-bf47-adcdbd661d77', 'ORD-00022', 'Completed', 750, 'Cash', 'System Seed', '2026-03-27T02:40:15.990Z');

INSERT INTO public.order_items (order_id, product_id, name, quantity, unit_price, subtotal)
VALUES ('43aabfed-0668-421b-bf47-adcdbd661d77', '1b5c6269-ce45-4413-acb8-21813cd7f9cf', 'Mocha', 3, 140, 420);

INSERT INTO public.order_items (order_id, product_id, name, quantity, unit_price, subtotal)
VALUES ('43aabfed-0668-421b-bf47-adcdbd661d77', 'dfe22f11-84a3-41d2-a268-149f012eae60', 'Sparkling Lemonade', 3, 110, 330);

INSERT INTO public.orders (id, order_id, status, amount, payment_method, cashier_name, created_at)
VALUES ('a7b61a47-228c-454b-9df6-b7197ca94bd3', 'ORD-00023', 'Completed', 330, 'Credit Card', 'System Seed', '2026-03-27T10:00:38.990Z');

INSERT INTO public.order_items (order_id, product_id, name, quantity, unit_price, subtotal)
VALUES ('a7b61a47-228c-454b-9df6-b7197ca94bd3', 'dfe22f11-84a3-41d2-a268-149f012eae60', 'Sparkling Lemonade', 3, 110, 330);

INSERT INTO public.orders (id, order_id, status, amount, payment_method, cashier_name, created_at)
VALUES ('ed637912-80e4-4670-a307-4cabb0c149d2', 'ORD-00024', 'Completed', 525, 'GCash', 'System Seed', '2026-03-27T09:43:57.990Z');

INSERT INTO public.order_items (order_id, product_id, name, quantity, unit_price, subtotal)
VALUES ('ed637912-80e4-4670-a307-4cabb0c149d2', '65f0b94f-ccbe-4b50-a175-66810ae10f44', 'Croissant', 3, 80, 240);

INSERT INTO public.order_items (order_id, product_id, name, quantity, unit_price, subtotal)
VALUES ('ed637912-80e4-4670-a307-4cabb0c149d2', '36c93748-7c86-4ddb-ba49-1bd1a164bf42', 'Blueberry Muffin', 3, 95, 285);

INSERT INTO public.orders (id, order_id, status, amount, payment_method, cashier_name, created_at)
VALUES ('3eb1d396-9233-4828-b45c-b2b997bf1bb0', 'ORD-00025', 'Void (Consumed)', 1240, 'Maya', 'System Seed', '2026-03-27T06:01:33.990Z');

INSERT INTO public.order_items (order_id, product_id, name, quantity, unit_price, subtotal)
VALUES ('3eb1d396-9233-4828-b45c-b2b997bf1bb0', '48233f0a-6e57-4a45-b033-627d13f1be78', 'Cappuccino', 3, 120, 360);

INSERT INTO public.order_items (order_id, product_id, name, quantity, unit_price, subtotal)
VALUES ('3eb1d396-9233-4828-b45c-b2b997bf1bb0', '1b5c6269-ce45-4413-acb8-21813cd7f9cf', 'Mocha', 3, 140, 420);

INSERT INTO public.order_items (order_id, product_id, name, quantity, unit_price, subtotal)
VALUES ('3eb1d396-9233-4828-b45c-b2b997bf1bb0', 'dfe22f11-84a3-41d2-a268-149f012eae60', 'Sparkling Lemonade', 2, 110, 220);

INSERT INTO public.order_items (order_id, product_id, name, quantity, unit_price, subtotal)
VALUES ('3eb1d396-9233-4828-b45c-b2b997bf1bb0', '48233f0a-6e57-4a45-b033-627d13f1be78', 'Cappuccino', 2, 120, 240);

INSERT INTO public.orders (id, order_id, status, amount, payment_method, cashier_name, created_at)
VALUES ('aec3be08-604f-459d-bec9-0f50fee57453', 'ORD-00026', 'Void (Not Made)', 270, 'Maya', 'System Seed', '2026-03-27T02:12:53.990Z');

INSERT INTO public.order_items (order_id, product_id, name, quantity, unit_price, subtotal)
VALUES ('aec3be08-604f-459d-bec9-0f50fee57453', 'fe6b02e6-9366-4abd-874c-fcb832e0e282', 'Green Tea', 3, 90, 270);

INSERT INTO public.orders (id, order_id, status, amount, payment_method, cashier_name, created_at)
VALUES ('1caa18ea-8ec1-4664-9a84-3c4408a0b267', 'ORD-00027', 'Void (Not Made)', 140, 'GCash', 'System Seed', '2026-03-27T05:35:51.990Z');

INSERT INTO public.order_items (order_id, product_id, name, quantity, unit_price, subtotal)
VALUES ('1caa18ea-8ec1-4664-9a84-3c4408a0b267', '1b5c6269-ce45-4413-acb8-21813cd7f9cf', 'Mocha', 1, 140, 140);

INSERT INTO public.orders (id, order_id, status, amount, payment_method, cashier_name, created_at)
VALUES ('d2106ec8-b9be-49a2-ba29-c023c559ea19', 'ORD-00028', 'Void (Consumed)', 320, 'Maya', 'System Seed', '2026-03-27T12:21:38.990Z');

INSERT INTO public.order_items (order_id, product_id, name, quantity, unit_price, subtotal)
VALUES ('d2106ec8-b9be-49a2-ba29-c023c559ea19', '65f0b94f-ccbe-4b50-a175-66810ae10f44', 'Croissant', 2, 80, 160);

INSERT INTO public.order_items (order_id, product_id, name, quantity, unit_price, subtotal)
VALUES ('d2106ec8-b9be-49a2-ba29-c023c559ea19', '65f0b94f-ccbe-4b50-a175-66810ae10f44', 'Croissant', 2, 80, 160);

INSERT INTO public.orders (id, order_id, status, amount, payment_method, cashier_name, created_at)
VALUES ('7fcf6920-6162-4533-8b43-e2e14d1c9c2b', 'ORD-00029', 'Void (Not Made)', 110, 'GCash', 'System Seed', '2026-03-27T09:16:15.990Z');

INSERT INTO public.order_items (order_id, product_id, name, quantity, unit_price, subtotal)
VALUES ('7fcf6920-6162-4533-8b43-e2e14d1c9c2b', 'dfe22f11-84a3-41d2-a268-149f012eae60', 'Sparkling Lemonade', 1, 110, 110);

INSERT INTO public.orders (id, order_id, status, amount, payment_method, cashier_name, created_at)
VALUES ('a377b706-3dcd-4473-beeb-4a096b900087', 'ORD-00030', 'Completed', 190, 'Maya', 'System Seed', '2026-03-27T11:25:53.990Z');

INSERT INTO public.order_items (order_id, product_id, name, quantity, unit_price, subtotal)
VALUES ('a377b706-3dcd-4473-beeb-4a096b900087', '36c93748-7c86-4ddb-ba49-1bd1a164bf42', 'Blueberry Muffin', 2, 95, 190);

INSERT INTO public.orders (id, order_id, status, amount, payment_method, cashier_name, created_at)
VALUES ('242d4e1b-1d11-411b-977c-c014f8dc66ed', 'ORD-00031', 'Completed', 285, 'GCash', 'System Seed', '2026-03-27T12:13:39.990Z');

INSERT INTO public.order_items (order_id, product_id, name, quantity, unit_price, subtotal)
VALUES ('242d4e1b-1d11-411b-977c-c014f8dc66ed', '36c93748-7c86-4ddb-ba49-1bd1a164bf42', 'Blueberry Muffin', 3, 95, 285);

INSERT INTO public.orders (id, order_id, status, amount, payment_method, cashier_name, created_at)
VALUES ('ddb237e0-4345-4303-92b4-86492b65d4c1', 'ORD-00032', 'Completed', 180, 'Credit Card', 'System Seed', '2026-03-27T01:08:31.990Z');

INSERT INTO public.order_items (order_id, product_id, name, quantity, unit_price, subtotal)
VALUES ('ddb237e0-4345-4303-92b4-86492b65d4c1', 'fe6b02e6-9366-4abd-874c-fcb832e0e282', 'Green Tea', 2, 90, 180);

INSERT INTO public.orders (id, order_id, status, amount, payment_method, cashier_name, created_at)
VALUES ('17e03985-1282-4414-beb8-12573e7c2dd1', 'ORD-00033', 'Void (Not Made)', 420, 'Maya', 'System Seed', '2026-03-27T00:15:43.990Z');

INSERT INTO public.order_items (order_id, product_id, name, quantity, unit_price, subtotal)
VALUES ('17e03985-1282-4414-beb8-12573e7c2dd1', '3a6a55c0-70f3-4417-a252-db77d9e511c0', 'Latte', 1, 120, 120);

INSERT INTO public.order_items (order_id, product_id, name, quantity, unit_price, subtotal)
VALUES ('17e03985-1282-4414-beb8-12573e7c2dd1', '83a6812d-2665-4ce5-871a-78a4eab3ce80', 'Americano', 3, 100, 300);

INSERT INTO public.orders (id, order_id, status, amount, payment_method, cashier_name, created_at)
VALUES ('d2a294d4-4aa4-480a-8b4a-f3c1525b990b', 'ORD-00034', 'Completed', 320, 'Credit Card', 'System Seed', '2026-03-27T10:00:45.990Z');

INSERT INTO public.order_items (order_id, product_id, name, quantity, unit_price, subtotal)
VALUES ('d2a294d4-4aa4-480a-8b4a-f3c1525b990b', '48233f0a-6e57-4a45-b033-627d13f1be78', 'Cappuccino', 1, 120, 120);

INSERT INTO public.order_items (order_id, product_id, name, quantity, unit_price, subtotal)
VALUES ('d2a294d4-4aa4-480a-8b4a-f3c1525b990b', '83a6812d-2665-4ce5-871a-78a4eab3ce80', 'Americano', 1, 100, 100);

INSERT INTO public.order_items (order_id, product_id, name, quantity, unit_price, subtotal)
VALUES ('d2a294d4-4aa4-480a-8b4a-f3c1525b990b', '83a6812d-2665-4ce5-871a-78a4eab3ce80', 'Americano', 1, 100, 100);

INSERT INTO public.orders (id, order_id, status, amount, payment_method, cashier_name, created_at)
VALUES ('12fea0ed-efc3-4262-81cf-3c36b34bf6b3', 'ORD-00035', 'Void (Consumed)', 190, 'Cash', 'System Seed', '2026-03-27T02:45:53.990Z');

INSERT INTO public.order_items (order_id, product_id, name, quantity, unit_price, subtotal)
VALUES ('12fea0ed-efc3-4262-81cf-3c36b34bf6b3', '36c93748-7c86-4ddb-ba49-1bd1a164bf42', 'Blueberry Muffin', 2, 95, 190);

INSERT INTO public.orders (id, order_id, status, amount, payment_method, cashier_name, created_at)
VALUES ('e81d73c9-d74b-419f-a8cc-42f8de75bf9c', 'ORD-00036', 'Completed', 1055, 'GCash', 'System Seed', '2026-03-27T04:41:46.990Z');

INSERT INTO public.order_items (order_id, product_id, name, quantity, unit_price, subtotal)
VALUES ('e81d73c9-d74b-419f-a8cc-42f8de75bf9c', 'dfe22f11-84a3-41d2-a268-149f012eae60', 'Sparkling Lemonade', 3, 110, 330);

INSERT INTO public.order_items (order_id, product_id, name, quantity, unit_price, subtotal)
VALUES ('e81d73c9-d74b-419f-a8cc-42f8de75bf9c', '83a6812d-2665-4ce5-871a-78a4eab3ce80', 'Americano', 3, 100, 300);

INSERT INTO public.order_items (order_id, product_id, name, quantity, unit_price, subtotal)
VALUES ('e81d73c9-d74b-419f-a8cc-42f8de75bf9c', '36c93748-7c86-4ddb-ba49-1bd1a164bf42', 'Blueberry Muffin', 1, 95, 95);

INSERT INTO public.order_items (order_id, product_id, name, quantity, unit_price, subtotal)
VALUES ('e81d73c9-d74b-419f-a8cc-42f8de75bf9c', 'dfe22f11-84a3-41d2-a268-149f012eae60', 'Sparkling Lemonade', 3, 110, 330);

INSERT INTO public.orders (id, order_id, status, amount, payment_method, cashier_name, created_at)
VALUES ('de4c7ae7-84a2-49c4-9100-23639c784322', 'ORD-00037', 'Void (Not Made)', 1030, 'GCash', 'System Seed', '2026-03-27T07:45:16.990Z');

INSERT INTO public.order_items (order_id, product_id, name, quantity, unit_price, subtotal)
VALUES ('de4c7ae7-84a2-49c4-9100-23639c784322', '3a6a55c0-70f3-4417-a252-db77d9e511c0', 'Latte', 3, 120, 360);

INSERT INTO public.order_items (order_id, product_id, name, quantity, unit_price, subtotal)
VALUES ('de4c7ae7-84a2-49c4-9100-23639c784322', '36c93748-7c86-4ddb-ba49-1bd1a164bf42', 'Blueberry Muffin', 2, 95, 190);

INSERT INTO public.order_items (order_id, product_id, name, quantity, unit_price, subtotal)
VALUES ('de4c7ae7-84a2-49c4-9100-23639c784322', '65f0b94f-ccbe-4b50-a175-66810ae10f44', 'Croissant', 3, 80, 240);

INSERT INTO public.order_items (order_id, product_id, name, quantity, unit_price, subtotal)
VALUES ('de4c7ae7-84a2-49c4-9100-23639c784322', '65f0b94f-ccbe-4b50-a175-66810ae10f44', 'Croissant', 3, 80, 240);

INSERT INTO public.orders (id, order_id, status, amount, payment_method, cashier_name, created_at)
VALUES ('7262d5e3-7b28-4d1e-a6bb-b9473f25f7e5', 'ORD-00038', 'Void (Not Made)', 240, 'Credit Card', 'System Seed', '2026-03-27T03:01:26.990Z');

INSERT INTO public.order_items (order_id, product_id, name, quantity, unit_price, subtotal)
VALUES ('7262d5e3-7b28-4d1e-a6bb-b9473f25f7e5', '65f0b94f-ccbe-4b50-a175-66810ae10f44', 'Croissant', 3, 80, 240);

INSERT INTO public.orders (id, order_id, status, amount, payment_method, cashier_name, created_at)
VALUES ('3e901462-bb12-45ec-aba1-0a626aec250e', 'ORD-00039', 'Completed', 590, 'Credit Card', 'System Seed', '2026-03-27T05:50:40.990Z');

INSERT INTO public.order_items (order_id, product_id, name, quantity, unit_price, subtotal)
VALUES ('3e901462-bb12-45ec-aba1-0a626aec250e', '83a6812d-2665-4ce5-871a-78a4eab3ce80', 'Americano', 2, 100, 200);

INSERT INTO public.order_items (order_id, product_id, name, quantity, unit_price, subtotal)
VALUES ('3e901462-bb12-45ec-aba1-0a626aec250e', '36c93748-7c86-4ddb-ba49-1bd1a164bf42', 'Blueberry Muffin', 1, 95, 95);

INSERT INTO public.order_items (order_id, product_id, name, quantity, unit_price, subtotal)
VALUES ('3e901462-bb12-45ec-aba1-0a626aec250e', '83a6812d-2665-4ce5-871a-78a4eab3ce80', 'Americano', 2, 100, 200);

INSERT INTO public.order_items (order_id, product_id, name, quantity, unit_price, subtotal)
VALUES ('3e901462-bb12-45ec-aba1-0a626aec250e', '36c93748-7c86-4ddb-ba49-1bd1a164bf42', 'Blueberry Muffin', 1, 95, 95);

INSERT INTO public.orders (id, order_id, status, amount, payment_method, cashier_name, created_at)
VALUES ('82c289d4-bf82-4cc4-bf98-a515f8a0a384', 'ORD-00040', 'Completed', 180, 'Credit Card', 'System Seed', '2026-03-28T11:09:55.990Z');

INSERT INTO public.order_items (order_id, product_id, name, quantity, unit_price, subtotal)
VALUES ('82c289d4-bf82-4cc4-bf98-a515f8a0a384', 'fe6b02e6-9366-4abd-874c-fcb832e0e282', 'Green Tea', 2, 90, 180);

INSERT INTO public.orders (id, order_id, status, amount, payment_method, cashier_name, created_at)
VALUES ('d354d378-09a7-4112-8ee0-0a8380716606', 'ORD-00041', 'Completed', 360, 'GCash', 'System Seed', '2026-03-28T11:20:27.990Z');

INSERT INTO public.order_items (order_id, product_id, name, quantity, unit_price, subtotal)
VALUES ('d354d378-09a7-4112-8ee0-0a8380716606', '3a6a55c0-70f3-4417-a252-db77d9e511c0', 'Latte', 3, 120, 360);

INSERT INTO public.orders (id, order_id, status, amount, payment_method, cashier_name, created_at)
VALUES ('55c8baa6-1cda-4e8d-a20b-f9a248385395', 'ORD-00042', 'Void (Not Made)', 700, 'Credit Card', 'System Seed', '2026-03-28T01:05:13.990Z');

INSERT INTO public.order_items (order_id, product_id, name, quantity, unit_price, subtotal)
VALUES ('55c8baa6-1cda-4e8d-a20b-f9a248385395', 'fe6b02e6-9366-4abd-874c-fcb832e0e282', 'Green Tea', 2, 90, 180);

INSERT INTO public.order_items (order_id, product_id, name, quantity, unit_price, subtotal)
VALUES ('55c8baa6-1cda-4e8d-a20b-f9a248385395', '65f0b94f-ccbe-4b50-a175-66810ae10f44', 'Croissant', 2, 80, 160);

INSERT INTO public.order_items (order_id, product_id, name, quantity, unit_price, subtotal)
VALUES ('55c8baa6-1cda-4e8d-a20b-f9a248385395', 'fe6b02e6-9366-4abd-874c-fcb832e0e282', 'Green Tea', 2, 90, 180);

INSERT INTO public.order_items (order_id, product_id, name, quantity, unit_price, subtotal)
VALUES ('55c8baa6-1cda-4e8d-a20b-f9a248385395', 'fe6b02e6-9366-4abd-874c-fcb832e0e282', 'Green Tea', 2, 90, 180);

INSERT INTO public.orders (id, order_id, status, amount, payment_method, cashier_name, created_at)
VALUES ('3f1f50ac-3de5-4029-87e2-a68fa8402950', 'ORD-00043', 'Completed', 370, 'GCash', 'System Seed', '2026-03-28T11:55:48.990Z');

INSERT INTO public.order_items (order_id, product_id, name, quantity, unit_price, subtotal)
VALUES ('3f1f50ac-3de5-4029-87e2-a68fa8402950', '65f0b94f-ccbe-4b50-a175-66810ae10f44', 'Croissant', 2, 80, 160);

INSERT INTO public.order_items (order_id, product_id, name, quantity, unit_price, subtotal)
VALUES ('3f1f50ac-3de5-4029-87e2-a68fa8402950', '83a6812d-2665-4ce5-871a-78a4eab3ce80', 'Americano', 1, 100, 100);

INSERT INTO public.order_items (order_id, product_id, name, quantity, unit_price, subtotal)
VALUES ('3f1f50ac-3de5-4029-87e2-a68fa8402950', 'dfe22f11-84a3-41d2-a268-149f012eae60', 'Sparkling Lemonade', 1, 110, 110);

INSERT INTO public.orders (id, order_id, status, amount, payment_method, cashier_name, created_at)
VALUES ('3810fc48-11f3-4289-b3d3-b1c85a909522', 'ORD-00044', 'Void (Not Made)', 645, 'GCash', 'System Seed', '2026-03-28T00:42:52.990Z');

INSERT INTO public.order_items (order_id, product_id, name, quantity, unit_price, subtotal)
VALUES ('3810fc48-11f3-4289-b3d3-b1c85a909522', '36c93748-7c86-4ddb-ba49-1bd1a164bf42', 'Blueberry Muffin', 3, 95, 285);

INSERT INTO public.order_items (order_id, product_id, name, quantity, unit_price, subtotal)
VALUES ('3810fc48-11f3-4289-b3d3-b1c85a909522', '48233f0a-6e57-4a45-b033-627d13f1be78', 'Cappuccino', 3, 120, 360);

INSERT INTO public.orders (id, order_id, status, amount, payment_method, cashier_name, created_at)
VALUES ('aead299d-5fc0-4690-82d8-412e1f9742ea', 'ORD-00045', 'Completed', 220, 'Credit Card', 'System Seed', '2026-03-28T09:31:28.990Z');

INSERT INTO public.order_items (order_id, product_id, name, quantity, unit_price, subtotal)
VALUES ('aead299d-5fc0-4690-82d8-412e1f9742ea', 'dfe22f11-84a3-41d2-a268-149f012eae60', 'Sparkling Lemonade', 2, 110, 220);

INSERT INTO public.orders (id, order_id, status, amount, payment_method, cashier_name, created_at)
VALUES ('f2be2d56-1da3-479f-ad5c-8a67367c29a2', 'ORD-00046', 'Completed', 295, 'GCash', 'System Seed', '2026-03-28T12:07:42.990Z');

INSERT INTO public.order_items (order_id, product_id, name, quantity, unit_price, subtotal)
VALUES ('f2be2d56-1da3-479f-ad5c-8a67367c29a2', '83a6812d-2665-4ce5-871a-78a4eab3ce80', 'Americano', 2, 100, 200);

INSERT INTO public.order_items (order_id, product_id, name, quantity, unit_price, subtotal)
VALUES ('f2be2d56-1da3-479f-ad5c-8a67367c29a2', '36c93748-7c86-4ddb-ba49-1bd1a164bf42', 'Blueberry Muffin', 1, 95, 95);

INSERT INTO public.orders (id, order_id, status, amount, payment_method, cashier_name, created_at)
VALUES ('10575620-bc67-47f2-9a1a-d000d002b4af', 'ORD-00047', 'Void (Not Made)', 650, 'Credit Card', 'System Seed', '2026-03-28T07:34:05.990Z');

INSERT INTO public.order_items (order_id, product_id, name, quantity, unit_price, subtotal)
VALUES ('10575620-bc67-47f2-9a1a-d000d002b4af', '3a6a55c0-70f3-4417-a252-db77d9e511c0', 'Latte', 3, 120, 360);

INSERT INTO public.order_items (order_id, product_id, name, quantity, unit_price, subtotal)
VALUES ('10575620-bc67-47f2-9a1a-d000d002b4af', '83a6812d-2665-4ce5-871a-78a4eab3ce80', 'Americano', 1, 100, 100);

INSERT INTO public.order_items (order_id, product_id, name, quantity, unit_price, subtotal)
VALUES ('10575620-bc67-47f2-9a1a-d000d002b4af', '36c93748-7c86-4ddb-ba49-1bd1a164bf42', 'Blueberry Muffin', 2, 95, 190);

INSERT INTO public.orders (id, order_id, status, amount, payment_method, cashier_name, created_at)
VALUES ('02db0aed-4ff2-40fa-92c0-d679642515be', 'ORD-00048', 'Completed', 540, 'GCash', 'System Seed', '2026-03-28T10:43:41.990Z');

INSERT INTO public.order_items (order_id, product_id, name, quantity, unit_price, subtotal)
VALUES ('02db0aed-4ff2-40fa-92c0-d679642515be', '48233f0a-6e57-4a45-b033-627d13f1be78', 'Cappuccino', 1, 120, 120);

INSERT INTO public.order_items (order_id, product_id, name, quantity, unit_price, subtotal)
VALUES ('02db0aed-4ff2-40fa-92c0-d679642515be', '1b5c6269-ce45-4413-acb8-21813cd7f9cf', 'Mocha', 3, 140, 420);

INSERT INTO public.orders (id, order_id, status, amount, payment_method, cashier_name, created_at)
VALUES ('2189ae53-723b-4154-81b7-c9331eccf1f5', 'ORD-00049', 'Completed', 300, 'Maya', 'System Seed', '2026-03-28T02:11:21.990Z');

INSERT INTO public.order_items (order_id, product_id, name, quantity, unit_price, subtotal)
VALUES ('2189ae53-723b-4154-81b7-c9331eccf1f5', 'fe6b02e6-9366-4abd-874c-fcb832e0e282', 'Green Tea', 2, 90, 180);

INSERT INTO public.order_items (order_id, product_id, name, quantity, unit_price, subtotal)
VALUES ('2189ae53-723b-4154-81b7-c9331eccf1f5', '3a6a55c0-70f3-4417-a252-db77d9e511c0', 'Latte', 1, 120, 120);

INSERT INTO public.orders (id, order_id, status, amount, payment_method, cashier_name, created_at)
VALUES ('50b48e51-dd77-4449-bf83-02e3e546f928', 'ORD-00050', 'Void (Not Made)', 660, 'Credit Card', 'System Seed', '2026-03-28T06:08:34.990Z');

INSERT INTO public.order_items (order_id, product_id, name, quantity, unit_price, subtotal)
VALUES ('50b48e51-dd77-4449-bf83-02e3e546f928', '83a6812d-2665-4ce5-871a-78a4eab3ce80', 'Americano', 3, 100, 300);

INSERT INTO public.order_items (order_id, product_id, name, quantity, unit_price, subtotal)
VALUES ('50b48e51-dd77-4449-bf83-02e3e546f928', '3a6a55c0-70f3-4417-a252-db77d9e511c0', 'Latte', 3, 120, 360);

INSERT INTO public.orders (id, order_id, status, amount, payment_method, cashier_name, created_at)
VALUES ('2b2d47b1-2ab6-4621-84cd-bbdcb20c38cc', 'ORD-00051', 'Completed', 895, 'GCash', 'System Seed', '2026-03-28T01:52:28.990Z');

INSERT INTO public.order_items (order_id, product_id, name, quantity, unit_price, subtotal)
VALUES ('2b2d47b1-2ab6-4621-84cd-bbdcb20c38cc', '36c93748-7c86-4ddb-ba49-1bd1a164bf42', 'Blueberry Muffin', 2, 95, 190);

INSERT INTO public.order_items (order_id, product_id, name, quantity, unit_price, subtotal)
VALUES ('2b2d47b1-2ab6-4621-84cd-bbdcb20c38cc', '36c93748-7c86-4ddb-ba49-1bd1a164bf42', 'Blueberry Muffin', 3, 95, 285);

INSERT INTO public.order_items (order_id, product_id, name, quantity, unit_price, subtotal)
VALUES ('2b2d47b1-2ab6-4621-84cd-bbdcb20c38cc', '1b5c6269-ce45-4413-acb8-21813cd7f9cf', 'Mocha', 3, 140, 420);

INSERT INTO public.orders (id, order_id, status, amount, payment_method, cashier_name, created_at)
VALUES ('8ce8fe9e-0c2c-4967-ba87-0651dca4a26b', 'ORD-00052', 'Completed', 420, 'Cash', 'System Seed', '2026-03-28T04:48:23.990Z');

INSERT INTO public.order_items (order_id, product_id, name, quantity, unit_price, subtotal)
VALUES ('8ce8fe9e-0c2c-4967-ba87-0651dca4a26b', '65f0b94f-ccbe-4b50-a175-66810ae10f44', 'Croissant', 3, 80, 240);

INSERT INTO public.order_items (order_id, product_id, name, quantity, unit_price, subtotal)
VALUES ('8ce8fe9e-0c2c-4967-ba87-0651dca4a26b', 'fe6b02e6-9366-4abd-874c-fcb832e0e282', 'Green Tea', 2, 90, 180);

INSERT INTO public.orders (id, order_id, status, amount, payment_method, cashier_name, created_at)
VALUES ('0f117217-3af0-4692-a1d2-ba4238b0180e', 'ORD-00053', 'Completed', 330, 'GCash', 'System Seed', '2026-03-28T10:17:05.990Z');

INSERT INTO public.order_items (order_id, product_id, name, quantity, unit_price, subtotal)
VALUES ('0f117217-3af0-4692-a1d2-ba4238b0180e', 'dfe22f11-84a3-41d2-a268-149f012eae60', 'Sparkling Lemonade', 3, 110, 330);

INSERT INTO public.orders (id, order_id, status, amount, payment_method, cashier_name, created_at)
VALUES ('14ffc423-9636-4331-a01c-6e7b6ea768be', 'ORD-00054', 'Completed', 285, 'Cash', 'System Seed', '2026-03-28T08:53:20.990Z');

INSERT INTO public.order_items (order_id, product_id, name, quantity, unit_price, subtotal)
VALUES ('14ffc423-9636-4331-a01c-6e7b6ea768be', '36c93748-7c86-4ddb-ba49-1bd1a164bf42', 'Blueberry Muffin', 3, 95, 285);

INSERT INTO public.orders (id, order_id, status, amount, payment_method, cashier_name, created_at)
VALUES ('8c9554c2-5931-4770-be85-39de6a172d43', 'ORD-00055', 'Completed', 470, 'GCash', 'System Seed', '2026-03-28T03:36:34.990Z');

INSERT INTO public.order_items (order_id, product_id, name, quantity, unit_price, subtotal)
VALUES ('8c9554c2-5931-4770-be85-39de6a172d43', '3a6a55c0-70f3-4417-a252-db77d9e511c0', 'Latte', 3, 120, 360);

INSERT INTO public.order_items (order_id, product_id, name, quantity, unit_price, subtotal)
VALUES ('8c9554c2-5931-4770-be85-39de6a172d43', 'dfe22f11-84a3-41d2-a268-149f012eae60', 'Sparkling Lemonade', 1, 110, 110);

INSERT INTO public.orders (id, order_id, status, amount, payment_method, cashier_name, created_at)
VALUES ('86bfc7e7-ac5b-4f8e-84ea-adf344d41d44', 'ORD-00056', 'Completed', 650, 'Cash', 'System Seed', '2026-03-28T07:17:37.990Z');

INSERT INTO public.order_items (order_id, product_id, name, quantity, unit_price, subtotal)
VALUES ('86bfc7e7-ac5b-4f8e-84ea-adf344d41d44', 'fe6b02e6-9366-4abd-874c-fcb832e0e282', 'Green Tea', 2, 90, 180);

INSERT INTO public.order_items (order_id, product_id, name, quantity, unit_price, subtotal)
VALUES ('86bfc7e7-ac5b-4f8e-84ea-adf344d41d44', '36c93748-7c86-4ddb-ba49-1bd1a164bf42', 'Blueberry Muffin', 2, 95, 190);

INSERT INTO public.order_items (order_id, product_id, name, quantity, unit_price, subtotal)
VALUES ('86bfc7e7-ac5b-4f8e-84ea-adf344d41d44', '1b5c6269-ce45-4413-acb8-21813cd7f9cf', 'Mocha', 2, 140, 280);

INSERT INTO public.orders (id, order_id, status, amount, payment_method, cashier_name, created_at)
VALUES ('b1a16e92-9994-43f2-8d2c-70faf092a8e2', 'ORD-00057', 'Completed', 310, 'Maya', 'System Seed', '2026-03-28T10:52:36.990Z');

INSERT INTO public.order_items (order_id, product_id, name, quantity, unit_price, subtotal)
VALUES ('b1a16e92-9994-43f2-8d2c-70faf092a8e2', 'dfe22f11-84a3-41d2-a268-149f012eae60', 'Sparkling Lemonade', 2, 110, 220);

INSERT INTO public.order_items (order_id, product_id, name, quantity, unit_price, subtotal)
VALUES ('b1a16e92-9994-43f2-8d2c-70faf092a8e2', 'fe6b02e6-9366-4abd-874c-fcb832e0e282', 'Green Tea', 1, 90, 90);

INSERT INTO public.orders (id, order_id, status, amount, payment_method, cashier_name, created_at)
VALUES ('72503d07-1f9a-45e8-8a9a-044f8494835b', 'ORD-00058', 'Completed', 1150, 'GCash', 'System Seed', '2026-03-28T09:35:18.990Z');

INSERT INTO public.order_items (order_id, product_id, name, quantity, unit_price, subtotal)
VALUES ('72503d07-1f9a-45e8-8a9a-044f8494835b', '1b5c6269-ce45-4413-acb8-21813cd7f9cf', 'Mocha', 3, 140, 420);

INSERT INTO public.order_items (order_id, product_id, name, quantity, unit_price, subtotal)
VALUES ('72503d07-1f9a-45e8-8a9a-044f8494835b', 'dfe22f11-84a3-41d2-a268-149f012eae60', 'Sparkling Lemonade', 3, 110, 330);

INSERT INTO public.order_items (order_id, product_id, name, quantity, unit_price, subtotal)
VALUES ('72503d07-1f9a-45e8-8a9a-044f8494835b', '83a6812d-2665-4ce5-871a-78a4eab3ce80', 'Americano', 3, 100, 300);

INSERT INTO public.order_items (order_id, product_id, name, quantity, unit_price, subtotal)
VALUES ('72503d07-1f9a-45e8-8a9a-044f8494835b', '83a6812d-2665-4ce5-871a-78a4eab3ce80', 'Americano', 1, 100, 100);

INSERT INTO public.orders (id, order_id, status, amount, payment_method, cashier_name, created_at)
VALUES ('2269bff6-fc46-48a1-a487-0f96518e5c00', 'ORD-00059', 'Void (Not Made)', 440, 'Maya', 'System Seed', '2026-03-28T06:29:35.990Z');

INSERT INTO public.order_items (order_id, product_id, name, quantity, unit_price, subtotal)
VALUES ('2269bff6-fc46-48a1-a487-0f96518e5c00', '65f0b94f-ccbe-4b50-a175-66810ae10f44', 'Croissant', 1, 80, 80);

INSERT INTO public.order_items (order_id, product_id, name, quantity, unit_price, subtotal)
VALUES ('2269bff6-fc46-48a1-a487-0f96518e5c00', 'fe6b02e6-9366-4abd-874c-fcb832e0e282', 'Green Tea', 3, 90, 270);

INSERT INTO public.order_items (order_id, product_id, name, quantity, unit_price, subtotal)
VALUES ('2269bff6-fc46-48a1-a487-0f96518e5c00', 'fe6b02e6-9366-4abd-874c-fcb832e0e282', 'Green Tea', 1, 90, 90);

INSERT INTO public.orders (id, order_id, status, amount, payment_method, cashier_name, created_at)
VALUES ('671b91ef-c632-4886-8e11-8de6ac1a7aec', 'ORD-00060', 'Completed', 510, 'Cash', 'System Seed', '2026-03-28T02:39:58.990Z');

INSERT INTO public.order_items (order_id, product_id, name, quantity, unit_price, subtotal)
VALUES ('671b91ef-c632-4886-8e11-8de6ac1a7aec', '48233f0a-6e57-4a45-b033-627d13f1be78', 'Cappuccino', 2, 120, 240);

INSERT INTO public.order_items (order_id, product_id, name, quantity, unit_price, subtotal)
VALUES ('671b91ef-c632-4886-8e11-8de6ac1a7aec', 'fe6b02e6-9366-4abd-874c-fcb832e0e282', 'Green Tea', 3, 90, 270);

INSERT INTO public.orders (id, order_id, status, amount, payment_method, cashier_name, created_at)
VALUES ('7f51cf5b-7331-4599-9110-7c4a8e06bae7', 'ORD-00061', 'Void (Consumed)', 420, 'Credit Card', 'System Seed', '2026-03-28T12:59:19.990Z');

INSERT INTO public.order_items (order_id, product_id, name, quantity, unit_price, subtotal)
VALUES ('7f51cf5b-7331-4599-9110-7c4a8e06bae7', '1b5c6269-ce45-4413-acb8-21813cd7f9cf', 'Mocha', 3, 140, 420);

INSERT INTO public.orders (id, order_id, status, amount, payment_method, cashier_name, created_at)
VALUES ('0e4a0910-6d62-49a3-ac8f-d270baa18cc7', 'ORD-00062', 'Completed', 540, 'GCash', 'System Seed', '2026-03-28T12:30:48.990Z');

INSERT INTO public.order_items (order_id, product_id, name, quantity, unit_price, subtotal)
VALUES ('0e4a0910-6d62-49a3-ac8f-d270baa18cc7', 'fe6b02e6-9366-4abd-874c-fcb832e0e282', 'Green Tea', 2, 90, 180);

INSERT INTO public.order_items (order_id, product_id, name, quantity, unit_price, subtotal)
VALUES ('0e4a0910-6d62-49a3-ac8f-d270baa18cc7', '3a6a55c0-70f3-4417-a252-db77d9e511c0', 'Latte', 3, 120, 360);

INSERT INTO public.orders (id, order_id, status, amount, payment_method, cashier_name, created_at)
VALUES ('98aeb446-b355-4e20-92e3-183b136f8b93', 'ORD-00063', 'Completed', 360, 'Cash', 'System Seed', '2026-03-28T11:57:24.990Z');

INSERT INTO public.order_items (order_id, product_id, name, quantity, unit_price, subtotal)
VALUES ('98aeb446-b355-4e20-92e3-183b136f8b93', '3a6a55c0-70f3-4417-a252-db77d9e511c0', 'Latte', 3, 120, 360);

INSERT INTO public.orders (id, order_id, status, amount, payment_method, cashier_name, created_at)
VALUES ('19a895ce-4336-4146-a623-075365bee6dc', 'ORD-00064', 'Completed', 470, 'Cash', 'System Seed', '2026-03-28T06:21:34.990Z');

INSERT INTO public.order_items (order_id, product_id, name, quantity, unit_price, subtotal)
VALUES ('19a895ce-4336-4146-a623-075365bee6dc', 'fe6b02e6-9366-4abd-874c-fcb832e0e282', 'Green Tea', 3, 90, 270);

INSERT INTO public.order_items (order_id, product_id, name, quantity, unit_price, subtotal)
VALUES ('19a895ce-4336-4146-a623-075365bee6dc', '83a6812d-2665-4ce5-871a-78a4eab3ce80', 'Americano', 2, 100, 200);

INSERT INTO public.orders (id, order_id, status, amount, payment_method, cashier_name, created_at)
VALUES ('33e32c67-54ed-4d54-a84f-d1858fea1cd8', 'ORD-00065', 'Completed', 750, 'GCash', 'System Seed', '2026-03-28T07:35:47.990Z');

INSERT INTO public.order_items (order_id, product_id, name, quantity, unit_price, subtotal)
VALUES ('33e32c67-54ed-4d54-a84f-d1858fea1cd8', '65f0b94f-ccbe-4b50-a175-66810ae10f44', 'Croissant', 1, 80, 80);

INSERT INTO public.order_items (order_id, product_id, name, quantity, unit_price, subtotal)
VALUES ('33e32c67-54ed-4d54-a84f-d1858fea1cd8', 'fe6b02e6-9366-4abd-874c-fcb832e0e282', 'Green Tea', 3, 90, 270);

INSERT INTO public.order_items (order_id, product_id, name, quantity, unit_price, subtotal)
VALUES ('33e32c67-54ed-4d54-a84f-d1858fea1cd8', '65f0b94f-ccbe-4b50-a175-66810ae10f44', 'Croissant', 3, 80, 240);

INSERT INTO public.order_items (order_id, product_id, name, quantity, unit_price, subtotal)
VALUES ('33e32c67-54ed-4d54-a84f-d1858fea1cd8', '65f0b94f-ccbe-4b50-a175-66810ae10f44', 'Croissant', 2, 80, 160);

INSERT INTO public.orders (id, order_id, status, amount, payment_method, cashier_name, created_at)
VALUES ('49f0faef-b71e-446d-a66e-16ef0082860c', 'ORD-00066', 'Completed', 200, 'GCash', 'System Seed', '2026-03-28T05:54:06.990Z');

INSERT INTO public.order_items (order_id, product_id, name, quantity, unit_price, subtotal)
VALUES ('49f0faef-b71e-446d-a66e-16ef0082860c', '83a6812d-2665-4ce5-871a-78a4eab3ce80', 'Americano', 2, 100, 200);

INSERT INTO public.orders (id, order_id, status, amount, payment_method, cashier_name, created_at)
VALUES ('5d643b4f-1395-4c62-bac7-98be567b3685', 'ORD-00067', 'Void (Consumed)', 370, 'Maya', 'System Seed', '2026-03-28T07:14:47.990Z');

INSERT INTO public.order_items (order_id, product_id, name, quantity, unit_price, subtotal)
VALUES ('5d643b4f-1395-4c62-bac7-98be567b3685', 'fe6b02e6-9366-4abd-874c-fcb832e0e282', 'Green Tea', 3, 90, 270);

INSERT INTO public.order_items (order_id, product_id, name, quantity, unit_price, subtotal)
VALUES ('5d643b4f-1395-4c62-bac7-98be567b3685', '83a6812d-2665-4ce5-871a-78a4eab3ce80', 'Americano', 1, 100, 100);

INSERT INTO public.orders (id, order_id, status, amount, payment_method, cashier_name, created_at)
VALUES ('90e50f92-e7bc-483a-a9f9-0e0c47d4a5c9', 'ORD-00068', 'Completed', 700, 'GCash', 'System Seed', '2026-03-28T05:54:11.990Z');

INSERT INTO public.order_items (order_id, product_id, name, quantity, unit_price, subtotal)
VALUES ('90e50f92-e7bc-483a-a9f9-0e0c47d4a5c9', '65f0b94f-ccbe-4b50-a175-66810ae10f44', 'Croissant', 2, 80, 160);

INSERT INTO public.order_items (order_id, product_id, name, quantity, unit_price, subtotal)
VALUES ('90e50f92-e7bc-483a-a9f9-0e0c47d4a5c9', '83a6812d-2665-4ce5-871a-78a4eab3ce80', 'Americano', 3, 100, 300);

INSERT INTO public.order_items (order_id, product_id, name, quantity, unit_price, subtotal)
VALUES ('90e50f92-e7bc-483a-a9f9-0e0c47d4a5c9', '65f0b94f-ccbe-4b50-a175-66810ae10f44', 'Croissant', 3, 80, 240);

INSERT INTO public.orders (id, order_id, status, amount, payment_method, cashier_name, created_at)
VALUES ('118fad0a-0793-48e0-882f-22fc72a28406', 'ORD-00069', 'Void (Not Made)', 730, 'Cash', 'System Seed', '2026-03-28T03:43:43.990Z');

INSERT INTO public.order_items (order_id, product_id, name, quantity, unit_price, subtotal)
VALUES ('118fad0a-0793-48e0-882f-22fc72a28406', 'fe6b02e6-9366-4abd-874c-fcb832e0e282', 'Green Tea', 1, 90, 90);

INSERT INTO public.order_items (order_id, product_id, name, quantity, unit_price, subtotal)
VALUES ('118fad0a-0793-48e0-882f-22fc72a28406', '1b5c6269-ce45-4413-acb8-21813cd7f9cf', 'Mocha', 3, 140, 420);

INSERT INTO public.order_items (order_id, product_id, name, quantity, unit_price, subtotal)
VALUES ('118fad0a-0793-48e0-882f-22fc72a28406', 'dfe22f11-84a3-41d2-a268-149f012eae60', 'Sparkling Lemonade', 2, 110, 220);

INSERT INTO public.orders (id, order_id, status, amount, payment_method, cashier_name, created_at)
VALUES ('5b434aa1-5a56-40ce-b8a0-c88d2e9209d7', 'ORD-00070', 'Completed', 270, 'GCash', 'System Seed', '2026-03-27T23:12:59.990Z');

INSERT INTO public.order_items (order_id, product_id, name, quantity, unit_price, subtotal)
VALUES ('5b434aa1-5a56-40ce-b8a0-c88d2e9209d7', 'fe6b02e6-9366-4abd-874c-fcb832e0e282', 'Green Tea', 3, 90, 270);

INSERT INTO public.orders (id, order_id, status, amount, payment_method, cashier_name, created_at)
VALUES ('929dc3f7-623d-41cb-a8df-2315bc4f55f2', 'ORD-00071', 'Completed', 120, 'Maya', 'System Seed', '2026-03-28T04:36:43.990Z');

INSERT INTO public.order_items (order_id, product_id, name, quantity, unit_price, subtotal)
VALUES ('929dc3f7-623d-41cb-a8df-2315bc4f55f2', '3a6a55c0-70f3-4417-a252-db77d9e511c0', 'Latte', 1, 120, 120);

INSERT INTO public.orders (id, order_id, status, amount, payment_method, cashier_name, created_at)
VALUES ('03a6a2a1-74ad-44a0-ad99-d5410e0602d7', 'ORD-00072', 'Completed', 80, 'Credit Card', 'System Seed', '2026-03-28T02:08:17.990Z');

INSERT INTO public.order_items (order_id, product_id, name, quantity, unit_price, subtotal)
VALUES ('03a6a2a1-74ad-44a0-ad99-d5410e0602d7', '65f0b94f-ccbe-4b50-a175-66810ae10f44', 'Croissant', 1, 80, 80);

INSERT INTO public.orders (id, order_id, status, amount, payment_method, cashier_name, created_at)
VALUES ('f07588c7-0f10-42aa-8188-625478b89ef8', 'ORD-00073', 'Completed', 80, 'GCash', 'System Seed', '2026-03-28T00:56:01.990Z');

INSERT INTO public.order_items (order_id, product_id, name, quantity, unit_price, subtotal)
VALUES ('f07588c7-0f10-42aa-8188-625478b89ef8', '65f0b94f-ccbe-4b50-a175-66810ae10f44', 'Croissant', 1, 80, 80);

INSERT INTO public.orders (id, order_id, status, amount, payment_method, cashier_name, created_at)
VALUES ('0ceda693-9bad-4206-8256-ee8e66934ddb', 'ORD-00074', 'Completed', 930, 'Credit Card', 'System Seed', '2026-03-27T23:52:48.990Z');

INSERT INTO public.order_items (order_id, product_id, name, quantity, unit_price, subtotal)
VALUES ('0ceda693-9bad-4206-8256-ee8e66934ddb', '1b5c6269-ce45-4413-acb8-21813cd7f9cf', 'Mocha', 2, 140, 280);

INSERT INTO public.order_items (order_id, product_id, name, quantity, unit_price, subtotal)
VALUES ('0ceda693-9bad-4206-8256-ee8e66934ddb', '83a6812d-2665-4ce5-871a-78a4eab3ce80', 'Americano', 3, 100, 300);

INSERT INTO public.order_items (order_id, product_id, name, quantity, unit_price, subtotal)
VALUES ('0ceda693-9bad-4206-8256-ee8e66934ddb', 'dfe22f11-84a3-41d2-a268-149f012eae60', 'Sparkling Lemonade', 1, 110, 110);

INSERT INTO public.order_items (order_id, product_id, name, quantity, unit_price, subtotal)
VALUES ('0ceda693-9bad-4206-8256-ee8e66934ddb', '3a6a55c0-70f3-4417-a252-db77d9e511c0', 'Latte', 2, 120, 240);

INSERT INTO public.orders (id, order_id, status, amount, payment_method, cashier_name, created_at)
VALUES ('8b9fdab1-fa63-4df2-9675-2ebb334eab57', 'ORD-00075', 'Completed', 785, 'Maya', 'System Seed', '2026-03-28T07:04:47.990Z');

INSERT INTO public.order_items (order_id, product_id, name, quantity, unit_price, subtotal)
VALUES ('8b9fdab1-fa63-4df2-9675-2ebb334eab57', 'dfe22f11-84a3-41d2-a268-149f012eae60', 'Sparkling Lemonade', 1, 110, 110);

INSERT INTO public.order_items (order_id, product_id, name, quantity, unit_price, subtotal)
VALUES ('8b9fdab1-fa63-4df2-9675-2ebb334eab57', 'fe6b02e6-9366-4abd-874c-fcb832e0e282', 'Green Tea', 1, 90, 90);

INSERT INTO public.order_items (order_id, product_id, name, quantity, unit_price, subtotal)
VALUES ('8b9fdab1-fa63-4df2-9675-2ebb334eab57', '36c93748-7c86-4ddb-ba49-1bd1a164bf42', 'Blueberry Muffin', 3, 95, 285);

INSERT INTO public.order_items (order_id, product_id, name, quantity, unit_price, subtotal)
VALUES ('8b9fdab1-fa63-4df2-9675-2ebb334eab57', '83a6812d-2665-4ce5-871a-78a4eab3ce80', 'Americano', 3, 100, 300);

INSERT INTO public.orders (id, order_id, status, amount, payment_method, cashier_name, created_at)
VALUES ('f5081bf8-c02f-4127-ac83-23e3c18f15c2', 'ORD-00076', 'Void (Not Made)', 500, 'GCash', 'System Seed', '2026-03-27T23:51:26.990Z');

INSERT INTO public.order_items (order_id, product_id, name, quantity, unit_price, subtotal)
VALUES ('f5081bf8-c02f-4127-ac83-23e3c18f15c2', '48233f0a-6e57-4a45-b033-627d13f1be78', 'Cappuccino', 2, 120, 240);

INSERT INTO public.order_items (order_id, product_id, name, quantity, unit_price, subtotal)
VALUES ('f5081bf8-c02f-4127-ac83-23e3c18f15c2', '65f0b94f-ccbe-4b50-a175-66810ae10f44', 'Croissant', 1, 80, 80);

INSERT INTO public.order_items (order_id, product_id, name, quantity, unit_price, subtotal)
VALUES ('f5081bf8-c02f-4127-ac83-23e3c18f15c2', 'fe6b02e6-9366-4abd-874c-fcb832e0e282', 'Green Tea', 2, 90, 180);

INSERT INTO public.orders (id, order_id, status, amount, payment_method, cashier_name, created_at)
VALUES ('72944d06-9047-446d-a9ed-544d812be2eb', 'ORD-00077', 'Completed', 220, 'Cash', 'System Seed', '2026-03-28T03:54:46.990Z');

INSERT INTO public.order_items (order_id, product_id, name, quantity, unit_price, subtotal)
VALUES ('72944d06-9047-446d-a9ed-544d812be2eb', '48233f0a-6e57-4a45-b033-627d13f1be78', 'Cappuccino', 1, 120, 120);

INSERT INTO public.order_items (order_id, product_id, name, quantity, unit_price, subtotal)
VALUES ('72944d06-9047-446d-a9ed-544d812be2eb', '83a6812d-2665-4ce5-871a-78a4eab3ce80', 'Americano', 1, 100, 100);

INSERT INTO public.orders (id, order_id, status, amount, payment_method, cashier_name, created_at)
VALUES ('6ec296f6-99ef-4945-9b99-04a64e1f0c18', 'ORD-00078', 'Completed', 910, 'Credit Card', 'System Seed', '2026-03-28T05:23:24.990Z');

INSERT INTO public.order_items (order_id, product_id, name, quantity, unit_price, subtotal)
VALUES ('6ec296f6-99ef-4945-9b99-04a64e1f0c18', '36c93748-7c86-4ddb-ba49-1bd1a164bf42', 'Blueberry Muffin', 2, 95, 190);

INSERT INTO public.order_items (order_id, product_id, name, quantity, unit_price, subtotal)
VALUES ('6ec296f6-99ef-4945-9b99-04a64e1f0c18', '3a6a55c0-70f3-4417-a252-db77d9e511c0', 'Latte', 3, 120, 360);

INSERT INTO public.order_items (order_id, product_id, name, quantity, unit_price, subtotal)
VALUES ('6ec296f6-99ef-4945-9b99-04a64e1f0c18', '3a6a55c0-70f3-4417-a252-db77d9e511c0', 'Latte', 3, 120, 360);

INSERT INTO public.orders (id, order_id, status, amount, payment_method, cashier_name, created_at)
VALUES ('5497cdc5-3e3a-4609-a7dd-cfe6d944ca92', 'ORD-00079', 'Completed', 980, 'GCash', 'System Seed', '2026-03-29T08:03:49.990Z');

INSERT INTO public.order_items (order_id, product_id, name, quantity, unit_price, subtotal)
VALUES ('5497cdc5-3e3a-4609-a7dd-cfe6d944ca92', 'dfe22f11-84a3-41d2-a268-149f012eae60', 'Sparkling Lemonade', 2, 110, 220);

INSERT INTO public.order_items (order_id, product_id, name, quantity, unit_price, subtotal)
VALUES ('5497cdc5-3e3a-4609-a7dd-cfe6d944ca92', '48233f0a-6e57-4a45-b033-627d13f1be78', 'Cappuccino', 2, 120, 240);

INSERT INTO public.order_items (order_id, product_id, name, quantity, unit_price, subtotal)
VALUES ('5497cdc5-3e3a-4609-a7dd-cfe6d944ca92', '1b5c6269-ce45-4413-acb8-21813cd7f9cf', 'Mocha', 2, 140, 280);

INSERT INTO public.order_items (order_id, product_id, name, quantity, unit_price, subtotal)
VALUES ('5497cdc5-3e3a-4609-a7dd-cfe6d944ca92', '65f0b94f-ccbe-4b50-a175-66810ae10f44', 'Croissant', 3, 80, 240);

INSERT INTO public.orders (id, order_id, status, amount, payment_method, cashier_name, created_at)
VALUES ('823513ba-bf84-4eee-a457-28fc760a1482', 'ORD-00080', 'Completed', 200, 'Cash', 'System Seed', '2026-03-29T11:49:51.990Z');

INSERT INTO public.order_items (order_id, product_id, name, quantity, unit_price, subtotal)
VALUES ('823513ba-bf84-4eee-a457-28fc760a1482', 'dfe22f11-84a3-41d2-a268-149f012eae60', 'Sparkling Lemonade', 1, 110, 110);

INSERT INTO public.order_items (order_id, product_id, name, quantity, unit_price, subtotal)
VALUES ('823513ba-bf84-4eee-a457-28fc760a1482', 'fe6b02e6-9366-4abd-874c-fcb832e0e282', 'Green Tea', 1, 90, 90);

INSERT INTO public.orders (id, order_id, status, amount, payment_method, cashier_name, created_at)
VALUES ('0d6143a9-4acb-443a-857d-10562b343632', 'ORD-00081', 'Void (Not Made)', 850, 'Cash', 'System Seed', '2026-03-29T02:32:59.990Z');

INSERT INTO public.order_items (order_id, product_id, name, quantity, unit_price, subtotal)
VALUES ('0d6143a9-4acb-443a-857d-10562b343632', '36c93748-7c86-4ddb-ba49-1bd1a164bf42', 'Blueberry Muffin', 2, 95, 190);

INSERT INTO public.order_items (order_id, product_id, name, quantity, unit_price, subtotal)
VALUES ('0d6143a9-4acb-443a-857d-10562b343632', '65f0b94f-ccbe-4b50-a175-66810ae10f44', 'Croissant', 3, 80, 240);

INSERT INTO public.order_items (order_id, product_id, name, quantity, unit_price, subtotal)
VALUES ('0d6143a9-4acb-443a-857d-10562b343632', '1b5c6269-ce45-4413-acb8-21813cd7f9cf', 'Mocha', 3, 140, 420);

INSERT INTO public.orders (id, order_id, status, amount, payment_method, cashier_name, created_at)
VALUES ('f4322b72-f970-48ce-873a-669c926c8797', 'ORD-00082', 'Completed', 920, 'Maya', 'System Seed', '2026-03-29T02:00:02.990Z');

INSERT INTO public.order_items (order_id, product_id, name, quantity, unit_price, subtotal)
VALUES ('f4322b72-f970-48ce-873a-669c926c8797', 'fe6b02e6-9366-4abd-874c-fcb832e0e282', 'Green Tea', 1, 90, 90);

INSERT INTO public.order_items (order_id, product_id, name, quantity, unit_price, subtotal)
VALUES ('f4322b72-f970-48ce-873a-669c926c8797', 'dfe22f11-84a3-41d2-a268-149f012eae60', 'Sparkling Lemonade', 3, 110, 330);

INSERT INTO public.order_items (order_id, product_id, name, quantity, unit_price, subtotal)
VALUES ('f4322b72-f970-48ce-873a-669c926c8797', '1b5c6269-ce45-4413-acb8-21813cd7f9cf', 'Mocha', 3, 140, 420);

INSERT INTO public.order_items (order_id, product_id, name, quantity, unit_price, subtotal)
VALUES ('f4322b72-f970-48ce-873a-669c926c8797', '65f0b94f-ccbe-4b50-a175-66810ae10f44', 'Croissant', 1, 80, 80);

INSERT INTO public.orders (id, order_id, status, amount, payment_method, cashier_name, created_at)
VALUES ('25427f1e-3bb9-4b3d-89bc-b9c627402514', 'ORD-00083', 'Completed', 920, 'Cash', 'System Seed', '2026-03-28T23:42:09.990Z');

INSERT INTO public.order_items (order_id, product_id, name, quantity, unit_price, subtotal)
VALUES ('25427f1e-3bb9-4b3d-89bc-b9c627402514', 'fe6b02e6-9366-4abd-874c-fcb832e0e282', 'Green Tea', 3, 90, 270);

INSERT INTO public.order_items (order_id, product_id, name, quantity, unit_price, subtotal)
VALUES ('25427f1e-3bb9-4b3d-89bc-b9c627402514', '36c93748-7c86-4ddb-ba49-1bd1a164bf42', 'Blueberry Muffin', 2, 95, 190);

INSERT INTO public.order_items (order_id, product_id, name, quantity, unit_price, subtotal)
VALUES ('25427f1e-3bb9-4b3d-89bc-b9c627402514', 'fe6b02e6-9366-4abd-874c-fcb832e0e282', 'Green Tea', 3, 90, 270);

INSERT INTO public.order_items (order_id, product_id, name, quantity, unit_price, subtotal)
VALUES ('25427f1e-3bb9-4b3d-89bc-b9c627402514', '36c93748-7c86-4ddb-ba49-1bd1a164bf42', 'Blueberry Muffin', 2, 95, 190);

INSERT INTO public.orders (id, order_id, status, amount, payment_method, cashier_name, created_at)
VALUES ('e5acda90-ad7f-4463-a82f-1b02b094ee27', 'ORD-00084', 'Completed', 330, 'Cash', 'System Seed', '2026-03-29T06:18:10.990Z');

INSERT INTO public.order_items (order_id, product_id, name, quantity, unit_price, subtotal)
VALUES ('e5acda90-ad7f-4463-a82f-1b02b094ee27', 'dfe22f11-84a3-41d2-a268-149f012eae60', 'Sparkling Lemonade', 3, 110, 330);

INSERT INTO public.orders (id, order_id, status, amount, payment_method, cashier_name, created_at)
VALUES ('b15e54e1-53e4-48de-bc2c-744f55f5dcaf', 'ORD-00085', 'Void (Consumed)', 660, 'Maya', 'System Seed', '2026-03-29T04:39:27.990Z');

INSERT INTO public.order_items (order_id, product_id, name, quantity, unit_price, subtotal)
VALUES ('b15e54e1-53e4-48de-bc2c-744f55f5dcaf', '3a6a55c0-70f3-4417-a252-db77d9e511c0', 'Latte', 2, 120, 240);

INSERT INTO public.order_items (order_id, product_id, name, quantity, unit_price, subtotal)
VALUES ('b15e54e1-53e4-48de-bc2c-744f55f5dcaf', 'dfe22f11-84a3-41d2-a268-149f012eae60', 'Sparkling Lemonade', 3, 110, 330);

INSERT INTO public.order_items (order_id, product_id, name, quantity, unit_price, subtotal)
VALUES ('b15e54e1-53e4-48de-bc2c-744f55f5dcaf', 'fe6b02e6-9366-4abd-874c-fcb832e0e282', 'Green Tea', 1, 90, 90);

INSERT INTO public.orders (id, order_id, status, amount, payment_method, cashier_name, created_at)
VALUES ('2a6113b7-d9b0-4230-9db5-08cd0d457206', 'ORD-00086', 'Completed', 990, 'Maya', 'System Seed', '2026-03-29T03:37:50.990Z');

INSERT INTO public.order_items (order_id, product_id, name, quantity, unit_price, subtotal)
VALUES ('2a6113b7-d9b0-4230-9db5-08cd0d457206', '83a6812d-2665-4ce5-871a-78a4eab3ce80', 'Americano', 1, 100, 100);

INSERT INTO public.order_items (order_id, product_id, name, quantity, unit_price, subtotal)
VALUES ('2a6113b7-d9b0-4230-9db5-08cd0d457206', 'dfe22f11-84a3-41d2-a268-149f012eae60', 'Sparkling Lemonade', 3, 110, 330);

INSERT INTO public.order_items (order_id, product_id, name, quantity, unit_price, subtotal)
VALUES ('2a6113b7-d9b0-4230-9db5-08cd0d457206', '1b5c6269-ce45-4413-acb8-21813cd7f9cf', 'Mocha', 1, 140, 140);

INSERT INTO public.order_items (order_id, product_id, name, quantity, unit_price, subtotal)
VALUES ('2a6113b7-d9b0-4230-9db5-08cd0d457206', '1b5c6269-ce45-4413-acb8-21813cd7f9cf', 'Mocha', 3, 140, 420);

INSERT INTO public.orders (id, order_id, status, amount, payment_method, cashier_name, created_at)
VALUES ('22d3a96b-0559-49b3-b59a-b48aa0662d2f', 'ORD-00087', 'Completed', 925, 'GCash', 'System Seed', '2026-03-29T08:12:45.990Z');

INSERT INTO public.order_items (order_id, product_id, name, quantity, unit_price, subtotal)
VALUES ('22d3a96b-0559-49b3-b59a-b48aa0662d2f', '36c93748-7c86-4ddb-ba49-1bd1a164bf42', 'Blueberry Muffin', 2, 95, 190);

INSERT INTO public.order_items (order_id, product_id, name, quantity, unit_price, subtotal)
VALUES ('22d3a96b-0559-49b3-b59a-b48aa0662d2f', 'fe6b02e6-9366-4abd-874c-fcb832e0e282', 'Green Tea', 1, 90, 90);

INSERT INTO public.order_items (order_id, product_id, name, quantity, unit_price, subtotal)
VALUES ('22d3a96b-0559-49b3-b59a-b48aa0662d2f', '48233f0a-6e57-4a45-b033-627d13f1be78', 'Cappuccino', 3, 120, 360);

INSERT INTO public.order_items (order_id, product_id, name, quantity, unit_price, subtotal)
VALUES ('22d3a96b-0559-49b3-b59a-b48aa0662d2f', '36c93748-7c86-4ddb-ba49-1bd1a164bf42', 'Blueberry Muffin', 3, 95, 285);

INSERT INTO public.orders (id, order_id, status, amount, payment_method, cashier_name, created_at)
VALUES ('2addea68-8813-4022-ba82-35530b8245c1', 'ORD-00088', 'Void (Consumed)', 765, 'GCash', 'System Seed', '2026-03-28T23:53:13.990Z');

INSERT INTO public.order_items (order_id, product_id, name, quantity, unit_price, subtotal)
VALUES ('2addea68-8813-4022-ba82-35530b8245c1', '3a6a55c0-70f3-4417-a252-db77d9e511c0', 'Latte', 1, 120, 120);

INSERT INTO public.order_items (order_id, product_id, name, quantity, unit_price, subtotal)
VALUES ('2addea68-8813-4022-ba82-35530b8245c1', '48233f0a-6e57-4a45-b033-627d13f1be78', 'Cappuccino', 3, 120, 360);

INSERT INTO public.order_items (order_id, product_id, name, quantity, unit_price, subtotal)
VALUES ('2addea68-8813-4022-ba82-35530b8245c1', '36c93748-7c86-4ddb-ba49-1bd1a164bf42', 'Blueberry Muffin', 2, 95, 190);

INSERT INTO public.order_items (order_id, product_id, name, quantity, unit_price, subtotal)
VALUES ('2addea68-8813-4022-ba82-35530b8245c1', '36c93748-7c86-4ddb-ba49-1bd1a164bf42', 'Blueberry Muffin', 1, 95, 95);

INSERT INTO public.orders (id, order_id, status, amount, payment_method, cashier_name, created_at)
VALUES ('0e005daa-1730-42eb-88dc-920b520af43d', 'ORD-00089', 'Completed', 120, 'GCash', 'System Seed', '2026-03-29T09:25:19.990Z');

INSERT INTO public.order_items (order_id, product_id, name, quantity, unit_price, subtotal)
VALUES ('0e005daa-1730-42eb-88dc-920b520af43d', '48233f0a-6e57-4a45-b033-627d13f1be78', 'Cappuccino', 1, 120, 120);

INSERT INTO public.orders (id, order_id, status, amount, payment_method, cashier_name, created_at)
VALUES ('b24d46b6-aeec-4563-86bb-0079fb994134', 'ORD-00090', 'Completed', 220, 'GCash', 'System Seed', '2026-03-29T00:16:51.990Z');

INSERT INTO public.order_items (order_id, product_id, name, quantity, unit_price, subtotal)
VALUES ('b24d46b6-aeec-4563-86bb-0079fb994134', 'dfe22f11-84a3-41d2-a268-149f012eae60', 'Sparkling Lemonade', 2, 110, 220);

INSERT INTO public.orders (id, order_id, status, amount, payment_method, cashier_name, created_at)
VALUES ('492d479c-46fd-4b3a-be3f-1caf95d48cca', 'ORD-00091', 'Completed', 80, 'Credit Card', 'System Seed', '2026-03-28T23:42:50.990Z');

INSERT INTO public.order_items (order_id, product_id, name, quantity, unit_price, subtotal)
VALUES ('492d479c-46fd-4b3a-be3f-1caf95d48cca', '65f0b94f-ccbe-4b50-a175-66810ae10f44', 'Croissant', 1, 80, 80);

INSERT INTO public.orders (id, order_id, status, amount, payment_method, cashier_name, created_at)
VALUES ('283f8b7a-bcca-4e5f-b8bd-345419b022ed', 'ORD-00092', 'Completed', 600, 'GCash', 'System Seed', '2026-03-29T00:35:29.990Z');

INSERT INTO public.order_items (order_id, product_id, name, quantity, unit_price, subtotal)
VALUES ('283f8b7a-bcca-4e5f-b8bd-345419b022ed', 'fe6b02e6-9366-4abd-874c-fcb832e0e282', 'Green Tea', 3, 90, 270);

INSERT INTO public.order_items (order_id, product_id, name, quantity, unit_price, subtotal)
VALUES ('283f8b7a-bcca-4e5f-b8bd-345419b022ed', '36c93748-7c86-4ddb-ba49-1bd1a164bf42', 'Blueberry Muffin', 2, 95, 190);

INSERT INTO public.order_items (order_id, product_id, name, quantity, unit_price, subtotal)
VALUES ('283f8b7a-bcca-4e5f-b8bd-345419b022ed', '1b5c6269-ce45-4413-acb8-21813cd7f9cf', 'Mocha', 1, 140, 140);

INSERT INTO public.orders (id, order_id, status, amount, payment_method, cashier_name, created_at)
VALUES ('6a2be939-5d17-402f-9e0a-b4479a9df727', 'ORD-00093', 'Completed', 700, 'Credit Card', 'System Seed', '2026-03-28T23:46:20.990Z');

INSERT INTO public.order_items (order_id, product_id, name, quantity, unit_price, subtotal)
VALUES ('6a2be939-5d17-402f-9e0a-b4479a9df727', 'dfe22f11-84a3-41d2-a268-149f012eae60', 'Sparkling Lemonade', 2, 110, 220);

INSERT INTO public.order_items (order_id, product_id, name, quantity, unit_price, subtotal)
VALUES ('6a2be939-5d17-402f-9e0a-b4479a9df727', '3a6a55c0-70f3-4417-a252-db77d9e511c0', 'Latte', 3, 120, 360);

INSERT INTO public.order_items (order_id, product_id, name, quantity, unit_price, subtotal)
VALUES ('6a2be939-5d17-402f-9e0a-b4479a9df727', '48233f0a-6e57-4a45-b033-627d13f1be78', 'Cappuccino', 1, 120, 120);

INSERT INTO public.orders (id, order_id, status, amount, payment_method, cashier_name, created_at)
VALUES ('e4d54530-c397-4f6d-9727-cfdc52a42d6c', 'ORD-00094', 'Completed', 360, 'Maya', 'System Seed', '2026-03-29T06:42:46.990Z');

INSERT INTO public.order_items (order_id, product_id, name, quantity, unit_price, subtotal)
VALUES ('e4d54530-c397-4f6d-9727-cfdc52a42d6c', '48233f0a-6e57-4a45-b033-627d13f1be78', 'Cappuccino', 3, 120, 360);

INSERT INTO public.orders (id, order_id, status, amount, payment_method, cashier_name, created_at)
VALUES ('1413b79d-4f02-48b9-8726-1458e29d3122', 'ORD-00095', 'Completed', 850, 'Maya', 'System Seed', '2026-03-29T10:43:01.990Z');

INSERT INTO public.order_items (order_id, product_id, name, quantity, unit_price, subtotal)
VALUES ('1413b79d-4f02-48b9-8726-1458e29d3122', 'fe6b02e6-9366-4abd-874c-fcb832e0e282', 'Green Tea', 3, 90, 270);

INSERT INTO public.order_items (order_id, product_id, name, quantity, unit_price, subtotal)
VALUES ('1413b79d-4f02-48b9-8726-1458e29d3122', '36c93748-7c86-4ddb-ba49-1bd1a164bf42', 'Blueberry Muffin', 2, 95, 190);

INSERT INTO public.order_items (order_id, product_id, name, quantity, unit_price, subtotal)
VALUES ('1413b79d-4f02-48b9-8726-1458e29d3122', 'fe6b02e6-9366-4abd-874c-fcb832e0e282', 'Green Tea', 1, 90, 90);

INSERT INTO public.order_items (order_id, product_id, name, quantity, unit_price, subtotal)
VALUES ('1413b79d-4f02-48b9-8726-1458e29d3122', '83a6812d-2665-4ce5-871a-78a4eab3ce80', 'Americano', 3, 100, 300);

INSERT INTO public.orders (id, order_id, status, amount, payment_method, cashier_name, created_at)
VALUES ('7963cba5-d4ce-445f-9315-e198f65867de', 'ORD-00096', 'Completed', 1000, 'Cash', 'System Seed', '2026-03-29T02:58:53.990Z');

INSERT INTO public.order_items (order_id, product_id, name, quantity, unit_price, subtotal)
VALUES ('7963cba5-d4ce-445f-9315-e198f65867de', 'dfe22f11-84a3-41d2-a268-149f012eae60', 'Sparkling Lemonade', 2, 110, 220);

INSERT INTO public.order_items (order_id, product_id, name, quantity, unit_price, subtotal)
VALUES ('7963cba5-d4ce-445f-9315-e198f65867de', '1b5c6269-ce45-4413-acb8-21813cd7f9cf', 'Mocha', 3, 140, 420);

INSERT INTO public.order_items (order_id, product_id, name, quantity, unit_price, subtotal)
VALUES ('7963cba5-d4ce-445f-9315-e198f65867de', 'dfe22f11-84a3-41d2-a268-149f012eae60', 'Sparkling Lemonade', 2, 110, 220);

INSERT INTO public.order_items (order_id, product_id, name, quantity, unit_price, subtotal)
VALUES ('7963cba5-d4ce-445f-9315-e198f65867de', '1b5c6269-ce45-4413-acb8-21813cd7f9cf', 'Mocha', 1, 140, 140);

INSERT INTO public.orders (id, order_id, status, amount, payment_method, cashier_name, created_at)
VALUES ('b2fa24b7-ebcc-45c8-91aa-75847cd7fcfd', 'ORD-00097', 'Completed', 935, 'Cash', 'System Seed', '2026-03-29T03:39:50.990Z');

INSERT INTO public.order_items (order_id, product_id, name, quantity, unit_price, subtotal)
VALUES ('b2fa24b7-ebcc-45c8-91aa-75847cd7fcfd', '83a6812d-2665-4ce5-871a-78a4eab3ce80', 'Americano', 2, 100, 200);

INSERT INTO public.order_items (order_id, product_id, name, quantity, unit_price, subtotal)
VALUES ('b2fa24b7-ebcc-45c8-91aa-75847cd7fcfd', '3a6a55c0-70f3-4417-a252-db77d9e511c0', 'Latte', 1, 120, 120);

INSERT INTO public.order_items (order_id, product_id, name, quantity, unit_price, subtotal)
VALUES ('b2fa24b7-ebcc-45c8-91aa-75847cd7fcfd', 'dfe22f11-84a3-41d2-a268-149f012eae60', 'Sparkling Lemonade', 3, 110, 330);

INSERT INTO public.order_items (order_id, product_id, name, quantity, unit_price, subtotal)
VALUES ('b2fa24b7-ebcc-45c8-91aa-75847cd7fcfd', '36c93748-7c86-4ddb-ba49-1bd1a164bf42', 'Blueberry Muffin', 3, 95, 285);

INSERT INTO public.orders (id, order_id, status, amount, payment_method, cashier_name, created_at)
VALUES ('175d1faa-3ed4-4e2a-973b-253f7071a2d0', 'ORD-00098', 'Void (Not Made)', 525, 'Maya', 'System Seed', '2026-03-29T02:20:45.990Z');

INSERT INTO public.order_items (order_id, product_id, name, quantity, unit_price, subtotal)
VALUES ('175d1faa-3ed4-4e2a-973b-253f7071a2d0', '36c93748-7c86-4ddb-ba49-1bd1a164bf42', 'Blueberry Muffin', 3, 95, 285);

INSERT INTO public.order_items (order_id, product_id, name, quantity, unit_price, subtotal)
VALUES ('175d1faa-3ed4-4e2a-973b-253f7071a2d0', '48233f0a-6e57-4a45-b033-627d13f1be78', 'Cappuccino', 2, 120, 240);

INSERT INTO public.orders (id, order_id, status, amount, payment_method, cashier_name, created_at)
VALUES ('bf3c2a29-d379-4532-9b7e-8623e05d8a46', 'ORD-00099', 'Completed', 220, 'Maya', 'System Seed', '2026-03-29T09:43:41.990Z');

INSERT INTO public.order_items (order_id, product_id, name, quantity, unit_price, subtotal)
VALUES ('bf3c2a29-d379-4532-9b7e-8623e05d8a46', 'dfe22f11-84a3-41d2-a268-149f012eae60', 'Sparkling Lemonade', 2, 110, 220);

INSERT INTO public.orders (id, order_id, status, amount, payment_method, cashier_name, created_at)
VALUES ('f5906b4b-1a92-4a4f-81a8-4068b0c5e623', 'ORD-00100', 'Completed', 900, 'Credit Card', 'System Seed', '2026-03-29T02:29:58.990Z');

INSERT INTO public.order_items (order_id, product_id, name, quantity, unit_price, subtotal)
VALUES ('f5906b4b-1a92-4a4f-81a8-4068b0c5e623', '3a6a55c0-70f3-4417-a252-db77d9e511c0', 'Latte', 2, 120, 240);

INSERT INTO public.order_items (order_id, product_id, name, quantity, unit_price, subtotal)
VALUES ('f5906b4b-1a92-4a4f-81a8-4068b0c5e623', 'fe6b02e6-9366-4abd-874c-fcb832e0e282', 'Green Tea', 2, 90, 180);

INSERT INTO public.order_items (order_id, product_id, name, quantity, unit_price, subtotal)
VALUES ('f5906b4b-1a92-4a4f-81a8-4068b0c5e623', 'fe6b02e6-9366-4abd-874c-fcb832e0e282', 'Green Tea', 2, 90, 180);

INSERT INTO public.order_items (order_id, product_id, name, quantity, unit_price, subtotal)
VALUES ('f5906b4b-1a92-4a4f-81a8-4068b0c5e623', '83a6812d-2665-4ce5-871a-78a4eab3ce80', 'Americano', 3, 100, 300);

INSERT INTO public.orders (id, order_id, status, amount, payment_method, cashier_name, created_at)
VALUES ('dc183979-3638-4a58-a086-67cf28170138', 'ORD-00101', 'Completed', 120, 'Maya', 'System Seed', '2026-03-29T01:31:24.990Z');

INSERT INTO public.order_items (order_id, product_id, name, quantity, unit_price, subtotal)
VALUES ('dc183979-3638-4a58-a086-67cf28170138', '48233f0a-6e57-4a45-b033-627d13f1be78', 'Cappuccino', 1, 120, 120);

INSERT INTO public.orders (id, order_id, status, amount, payment_method, cashier_name, created_at)
VALUES ('ccade27b-26c7-42d5-8d24-7f5456b0614c', 'ORD-00102', 'Void (Not Made)', 280, 'Cash', 'System Seed', '2026-03-29T02:35:54.990Z');

INSERT INTO public.order_items (order_id, product_id, name, quantity, unit_price, subtotal)
VALUES ('ccade27b-26c7-42d5-8d24-7f5456b0614c', '65f0b94f-ccbe-4b50-a175-66810ae10f44', 'Croissant', 1, 80, 80);

INSERT INTO public.order_items (order_id, product_id, name, quantity, unit_price, subtotal)
VALUES ('ccade27b-26c7-42d5-8d24-7f5456b0614c', '65f0b94f-ccbe-4b50-a175-66810ae10f44', 'Croissant', 1, 80, 80);

INSERT INTO public.order_items (order_id, product_id, name, quantity, unit_price, subtotal)
VALUES ('ccade27b-26c7-42d5-8d24-7f5456b0614c', '3a6a55c0-70f3-4417-a252-db77d9e511c0', 'Latte', 1, 120, 120);

INSERT INTO public.orders (id, order_id, status, amount, payment_method, cashier_name, created_at)
VALUES ('bd7bb223-778f-48ea-9898-3011fef3b2e6', 'ORD-00103', 'Void (Not Made)', 100, 'Credit Card', 'System Seed', '2026-03-29T03:07:50.990Z');

INSERT INTO public.order_items (order_id, product_id, name, quantity, unit_price, subtotal)
VALUES ('bd7bb223-778f-48ea-9898-3011fef3b2e6', '83a6812d-2665-4ce5-871a-78a4eab3ce80', 'Americano', 1, 100, 100);

INSERT INTO public.orders (id, order_id, status, amount, payment_method, cashier_name, created_at)
VALUES ('cc58f7d6-fc06-4899-80cd-48de1fdd50f8', 'ORD-00104', 'Completed', 120, 'GCash', 'System Seed', '2026-03-29T08:59:07.990Z');

INSERT INTO public.order_items (order_id, product_id, name, quantity, unit_price, subtotal)
VALUES ('cc58f7d6-fc06-4899-80cd-48de1fdd50f8', '3a6a55c0-70f3-4417-a252-db77d9e511c0', 'Latte', 1, 120, 120);

INSERT INTO public.orders (id, order_id, status, amount, payment_method, cashier_name, created_at)
VALUES ('ad59fafb-9fa3-427c-8196-f8b33410f5f5', 'ORD-00105', 'Void (Consumed)', 240, 'Credit Card', 'System Seed', '2026-03-29T11:20:52.990Z');

INSERT INTO public.order_items (order_id, product_id, name, quantity, unit_price, subtotal)
VALUES ('ad59fafb-9fa3-427c-8196-f8b33410f5f5', '65f0b94f-ccbe-4b50-a175-66810ae10f44', 'Croissant', 3, 80, 240);

INSERT INTO public.orders (id, order_id, status, amount, payment_method, cashier_name, created_at)
VALUES ('011b4c79-008b-4d79-8c7f-ac5360f4068f', 'ORD-00106', 'Void (Not Made)', 285, 'Cash', 'System Seed', '2026-03-29T08:30:17.990Z');

INSERT INTO public.order_items (order_id, product_id, name, quantity, unit_price, subtotal)
VALUES ('011b4c79-008b-4d79-8c7f-ac5360f4068f', '36c93748-7c86-4ddb-ba49-1bd1a164bf42', 'Blueberry Muffin', 3, 95, 285);

INSERT INTO public.orders (id, order_id, status, amount, payment_method, cashier_name, created_at)
VALUES ('91c3931c-9ac5-4a21-880b-f0b7f1259b3c', 'ORD-00107', 'Completed', 625, 'GCash', 'System Seed', '2026-03-30T03:29:59.990Z');

INSERT INTO public.order_items (order_id, product_id, name, quantity, unit_price, subtotal)
VALUES ('91c3931c-9ac5-4a21-880b-f0b7f1259b3c', '36c93748-7c86-4ddb-ba49-1bd1a164bf42', 'Blueberry Muffin', 3, 95, 285);

INSERT INTO public.order_items (order_id, product_id, name, quantity, unit_price, subtotal)
VALUES ('91c3931c-9ac5-4a21-880b-f0b7f1259b3c', '48233f0a-6e57-4a45-b033-627d13f1be78', 'Cappuccino', 1, 120, 120);

INSERT INTO public.order_items (order_id, product_id, name, quantity, unit_price, subtotal)
VALUES ('91c3931c-9ac5-4a21-880b-f0b7f1259b3c', 'dfe22f11-84a3-41d2-a268-149f012eae60', 'Sparkling Lemonade', 2, 110, 220);

INSERT INTO public.orders (id, order_id, status, amount, payment_method, cashier_name, created_at)
VALUES ('5b4423bb-6023-4eaa-999c-d41088625333', 'ORD-00108', 'Completed', 600, 'Cash', 'System Seed', '2026-03-30T09:29:37.990Z');

INSERT INTO public.order_items (order_id, product_id, name, quantity, unit_price, subtotal)
VALUES ('5b4423bb-6023-4eaa-999c-d41088625333', '48233f0a-6e57-4a45-b033-627d13f1be78', 'Cappuccino', 3, 120, 360);

INSERT INTO public.order_items (order_id, product_id, name, quantity, unit_price, subtotal)
VALUES ('5b4423bb-6023-4eaa-999c-d41088625333', '48233f0a-6e57-4a45-b033-627d13f1be78', 'Cappuccino', 2, 120, 240);

INSERT INTO public.orders (id, order_id, status, amount, payment_method, cashier_name, created_at)
VALUES ('363d0b95-47e9-48c4-9373-84707c5855eb', 'ORD-00109', 'Completed', 525, 'Credit Card', 'System Seed', '2026-03-30T03:47:34.990Z');

INSERT INTO public.order_items (order_id, product_id, name, quantity, unit_price, subtotal)
VALUES ('363d0b95-47e9-48c4-9373-84707c5855eb', '36c93748-7c86-4ddb-ba49-1bd1a164bf42', 'Blueberry Muffin', 1, 95, 95);

INSERT INTO public.order_items (order_id, product_id, name, quantity, unit_price, subtotal)
VALUES ('363d0b95-47e9-48c4-9373-84707c5855eb', '36c93748-7c86-4ddb-ba49-1bd1a164bf42', 'Blueberry Muffin', 2, 95, 190);

INSERT INTO public.order_items (order_id, product_id, name, quantity, unit_price, subtotal)
VALUES ('363d0b95-47e9-48c4-9373-84707c5855eb', '65f0b94f-ccbe-4b50-a175-66810ae10f44', 'Croissant', 3, 80, 240);

INSERT INTO public.orders (id, order_id, status, amount, payment_method, cashier_name, created_at)
VALUES ('1812fcf2-4eb8-4fcd-b6f5-ec89adaedb29', 'ORD-00110', 'Completed', 445, 'Cash', 'System Seed', '2026-03-30T02:20:46.990Z');

INSERT INTO public.order_items (order_id, product_id, name, quantity, unit_price, subtotal)
VALUES ('1812fcf2-4eb8-4fcd-b6f5-ec89adaedb29', 'fe6b02e6-9366-4abd-874c-fcb832e0e282', 'Green Tea', 3, 90, 270);

INSERT INTO public.order_items (order_id, product_id, name, quantity, unit_price, subtotal)
VALUES ('1812fcf2-4eb8-4fcd-b6f5-ec89adaedb29', '65f0b94f-ccbe-4b50-a175-66810ae10f44', 'Croissant', 1, 80, 80);

INSERT INTO public.order_items (order_id, product_id, name, quantity, unit_price, subtotal)
VALUES ('1812fcf2-4eb8-4fcd-b6f5-ec89adaedb29', '36c93748-7c86-4ddb-ba49-1bd1a164bf42', 'Blueberry Muffin', 1, 95, 95);

INSERT INTO public.orders (id, order_id, status, amount, payment_method, cashier_name, created_at)
VALUES ('1afba261-7be8-4f23-a5b7-8ecb922281be', 'ORD-00111', 'Completed', 940, 'GCash', 'System Seed', '2026-03-30T11:20:00.990Z');

INSERT INTO public.order_items (order_id, product_id, name, quantity, unit_price, subtotal)
VALUES ('1afba261-7be8-4f23-a5b7-8ecb922281be', '1b5c6269-ce45-4413-acb8-21813cd7f9cf', 'Mocha', 2, 140, 280);

INSERT INTO public.order_items (order_id, product_id, name, quantity, unit_price, subtotal)
VALUES ('1afba261-7be8-4f23-a5b7-8ecb922281be', '65f0b94f-ccbe-4b50-a175-66810ae10f44', 'Croissant', 3, 80, 240);

INSERT INTO public.order_items (order_id, product_id, name, quantity, unit_price, subtotal)
VALUES ('1afba261-7be8-4f23-a5b7-8ecb922281be', '3a6a55c0-70f3-4417-a252-db77d9e511c0', 'Latte', 1, 120, 120);

INSERT INTO public.order_items (order_id, product_id, name, quantity, unit_price, subtotal)
VALUES ('1afba261-7be8-4f23-a5b7-8ecb922281be', '83a6812d-2665-4ce5-871a-78a4eab3ce80', 'Americano', 3, 100, 300);

INSERT INTO public.orders (id, order_id, status, amount, payment_method, cashier_name, created_at)
VALUES ('cb4e1837-dbf4-44d5-9fee-f63632f93bfb', 'ORD-00112', 'Completed', 550, 'Credit Card', 'System Seed', '2026-03-29T23:36:10.990Z');

INSERT INTO public.order_items (order_id, product_id, name, quantity, unit_price, subtotal)
VALUES ('cb4e1837-dbf4-44d5-9fee-f63632f93bfb', 'fe6b02e6-9366-4abd-874c-fcb832e0e282', 'Green Tea', 3, 90, 270);

INSERT INTO public.order_items (order_id, product_id, name, quantity, unit_price, subtotal)
VALUES ('cb4e1837-dbf4-44d5-9fee-f63632f93bfb', '83a6812d-2665-4ce5-871a-78a4eab3ce80', 'Americano', 2, 100, 200);

INSERT INTO public.order_items (order_id, product_id, name, quantity, unit_price, subtotal)
VALUES ('cb4e1837-dbf4-44d5-9fee-f63632f93bfb', '65f0b94f-ccbe-4b50-a175-66810ae10f44', 'Croissant', 1, 80, 80);

INSERT INTO public.orders (id, order_id, status, amount, payment_method, cashier_name, created_at)
VALUES ('3cf266cd-891c-45b8-aa19-17915fcc9699', 'ORD-00113', 'Void (Consumed)', 160, 'Maya', 'System Seed', '2026-03-30T07:28:50.990Z');

INSERT INTO public.order_items (order_id, product_id, name, quantity, unit_price, subtotal)
VALUES ('3cf266cd-891c-45b8-aa19-17915fcc9699', '65f0b94f-ccbe-4b50-a175-66810ae10f44', 'Croissant', 2, 80, 160);

INSERT INTO public.orders (id, order_id, status, amount, payment_method, cashier_name, created_at)
VALUES ('5e487839-82e1-4261-87a5-d32f982f9258', 'ORD-00114', 'Void (Consumed)', 190, 'Cash', 'System Seed', '2026-03-30T05:52:36.990Z');

INSERT INTO public.order_items (order_id, product_id, name, quantity, unit_price, subtotal)
VALUES ('5e487839-82e1-4261-87a5-d32f982f9258', '36c93748-7c86-4ddb-ba49-1bd1a164bf42', 'Blueberry Muffin', 2, 95, 190);

INSERT INTO public.orders (id, order_id, status, amount, payment_method, cashier_name, created_at)
VALUES ('5cde0362-e72d-4296-bf26-dbfa800b8f4c', 'ORD-00115', 'Completed', 600, 'Maya', 'System Seed', '2026-03-30T04:33:55.990Z');

INSERT INTO public.order_items (order_id, product_id, name, quantity, unit_price, subtotal)
VALUES ('5cde0362-e72d-4296-bf26-dbfa800b8f4c', '83a6812d-2665-4ce5-871a-78a4eab3ce80', 'Americano', 3, 100, 300);

INSERT INTO public.order_items (order_id, product_id, name, quantity, unit_price, subtotal)
VALUES ('5cde0362-e72d-4296-bf26-dbfa800b8f4c', '83a6812d-2665-4ce5-871a-78a4eab3ce80', 'Americano', 3, 100, 300);

INSERT INTO public.orders (id, order_id, status, amount, payment_method, cashier_name, created_at)
VALUES ('ef196599-2b1b-47d6-95f9-51edc281e8be', 'ORD-00116', 'Completed', 570, 'GCash', 'System Seed', '2026-03-30T10:46:19.990Z');

INSERT INTO public.order_items (order_id, product_id, name, quantity, unit_price, subtotal)
VALUES ('ef196599-2b1b-47d6-95f9-51edc281e8be', '48233f0a-6e57-4a45-b033-627d13f1be78', 'Cappuccino', 2, 120, 240);

INSERT INTO public.order_items (order_id, product_id, name, quantity, unit_price, subtotal)
VALUES ('ef196599-2b1b-47d6-95f9-51edc281e8be', 'dfe22f11-84a3-41d2-a268-149f012eae60', 'Sparkling Lemonade', 3, 110, 330);

INSERT INTO public.orders (id, order_id, status, amount, payment_method, cashier_name, created_at)
VALUES ('9fda8695-4aa4-4292-8acc-8033c8e2d950', 'ORD-00117', 'Void (Consumed)', 95, 'Maya', 'System Seed', '2026-03-30T06:02:13.990Z');

INSERT INTO public.order_items (order_id, product_id, name, quantity, unit_price, subtotal)
VALUES ('9fda8695-4aa4-4292-8acc-8033c8e2d950', '36c93748-7c86-4ddb-ba49-1bd1a164bf42', 'Blueberry Muffin', 1, 95, 95);

INSERT INTO public.orders (id, order_id, status, amount, payment_method, cashier_name, created_at)
VALUES ('109c1673-7cbc-4edb-a68d-5945429e02a3', 'ORD-00118', 'Completed', 1080, 'GCash', 'System Seed', '2026-03-30T01:59:06.990Z');

INSERT INTO public.order_items (order_id, product_id, name, quantity, unit_price, subtotal)
VALUES ('109c1673-7cbc-4edb-a68d-5945429e02a3', '3a6a55c0-70f3-4417-a252-db77d9e511c0', 'Latte', 3, 120, 360);

INSERT INTO public.order_items (order_id, product_id, name, quantity, unit_price, subtotal)
VALUES ('109c1673-7cbc-4edb-a68d-5945429e02a3', '48233f0a-6e57-4a45-b033-627d13f1be78', 'Cappuccino', 1, 120, 120);

INSERT INTO public.order_items (order_id, product_id, name, quantity, unit_price, subtotal)
VALUES ('109c1673-7cbc-4edb-a68d-5945429e02a3', '65f0b94f-ccbe-4b50-a175-66810ae10f44', 'Croissant', 3, 80, 240);

INSERT INTO public.order_items (order_id, product_id, name, quantity, unit_price, subtotal)
VALUES ('109c1673-7cbc-4edb-a68d-5945429e02a3', '3a6a55c0-70f3-4417-a252-db77d9e511c0', 'Latte', 3, 120, 360);

INSERT INTO public.orders (id, order_id, status, amount, payment_method, cashier_name, created_at)
VALUES ('ffd47922-4e65-43db-9565-966e13efd392', 'ORD-00119', 'Completed', 530, 'Cash', 'System Seed', '2026-03-30T04:32:06.990Z');

INSERT INTO public.order_items (order_id, product_id, name, quantity, unit_price, subtotal)
VALUES ('ffd47922-4e65-43db-9565-966e13efd392', '36c93748-7c86-4ddb-ba49-1bd1a164bf42', 'Blueberry Muffin', 2, 95, 190);

INSERT INTO public.order_items (order_id, product_id, name, quantity, unit_price, subtotal)
VALUES ('ffd47922-4e65-43db-9565-966e13efd392', '65f0b94f-ccbe-4b50-a175-66810ae10f44', 'Croissant', 3, 80, 240);

INSERT INTO public.order_items (order_id, product_id, name, quantity, unit_price, subtotal)
VALUES ('ffd47922-4e65-43db-9565-966e13efd392', '83a6812d-2665-4ce5-871a-78a4eab3ce80', 'Americano', 1, 100, 100);

INSERT INTO public.orders (id, order_id, status, amount, payment_method, cashier_name, created_at)
VALUES ('a1d00ebb-e0bf-46ae-84a8-2cff02d89cd3', 'ORD-00120', 'Completed', 110, 'GCash', 'System Seed', '2026-03-30T04:37:31.990Z');

INSERT INTO public.order_items (order_id, product_id, name, quantity, unit_price, subtotal)
VALUES ('a1d00ebb-e0bf-46ae-84a8-2cff02d89cd3', 'dfe22f11-84a3-41d2-a268-149f012eae60', 'Sparkling Lemonade', 1, 110, 110);

INSERT INTO public.orders (id, order_id, status, amount, payment_method, cashier_name, created_at)
VALUES ('4fd28a89-bbc2-46c1-8b2b-79a599f663ba', 'ORD-00121', 'Completed', 480, 'GCash', 'System Seed', '2026-03-30T00:43:14.990Z');

INSERT INTO public.order_items (order_id, product_id, name, quantity, unit_price, subtotal)
VALUES ('4fd28a89-bbc2-46c1-8b2b-79a599f663ba', '83a6812d-2665-4ce5-871a-78a4eab3ce80', 'Americano', 1, 100, 100);

INSERT INTO public.order_items (order_id, product_id, name, quantity, unit_price, subtotal)
VALUES ('4fd28a89-bbc2-46c1-8b2b-79a599f663ba', 'fe6b02e6-9366-4abd-874c-fcb832e0e282', 'Green Tea', 2, 90, 180);

INSERT INTO public.order_items (order_id, product_id, name, quantity, unit_price, subtotal)
VALUES ('4fd28a89-bbc2-46c1-8b2b-79a599f663ba', '65f0b94f-ccbe-4b50-a175-66810ae10f44', 'Croissant', 1, 80, 80);

INSERT INTO public.order_items (order_id, product_id, name, quantity, unit_price, subtotal)
VALUES ('4fd28a89-bbc2-46c1-8b2b-79a599f663ba', '3a6a55c0-70f3-4417-a252-db77d9e511c0', 'Latte', 1, 120, 120);

INSERT INTO public.orders (id, order_id, status, amount, payment_method, cashier_name, created_at)
VALUES ('bcbfb634-eeff-45c1-b4eb-50fa8ffe53dc', 'ORD-00122', 'Completed', 270, 'GCash', 'System Seed', '2026-03-30T10:01:26.990Z');

INSERT INTO public.order_items (order_id, product_id, name, quantity, unit_price, subtotal)
VALUES ('bcbfb634-eeff-45c1-b4eb-50fa8ffe53dc', 'fe6b02e6-9366-4abd-874c-fcb832e0e282', 'Green Tea', 3, 90, 270);

INSERT INTO public.orders (id, order_id, status, amount, payment_method, cashier_name, created_at)
VALUES ('aa144456-dd00-4518-9b42-343a3945ba99', 'ORD-00123', 'Completed', 285, 'Cash', 'System Seed', '2026-03-30T12:12:25.990Z');

INSERT INTO public.order_items (order_id, product_id, name, quantity, unit_price, subtotal)
VALUES ('aa144456-dd00-4518-9b42-343a3945ba99', '36c93748-7c86-4ddb-ba49-1bd1a164bf42', 'Blueberry Muffin', 3, 95, 285);

INSERT INTO public.orders (id, order_id, status, amount, payment_method, cashier_name, created_at)
VALUES ('c9533552-8745-40df-b2fb-4082ab2c0f91', 'ORD-00124', 'Completed', 280, 'Cash', 'System Seed', '2026-03-30T07:08:43.990Z');

INSERT INTO public.order_items (order_id, product_id, name, quantity, unit_price, subtotal)
VALUES ('c9533552-8745-40df-b2fb-4082ab2c0f91', '65f0b94f-ccbe-4b50-a175-66810ae10f44', 'Croissant', 1, 80, 80);

INSERT INTO public.order_items (order_id, product_id, name, quantity, unit_price, subtotal)
VALUES ('c9533552-8745-40df-b2fb-4082ab2c0f91', '83a6812d-2665-4ce5-871a-78a4eab3ce80', 'Americano', 2, 100, 200);

INSERT INTO public.orders (id, order_id, status, amount, payment_method, cashier_name, created_at)
VALUES ('c147e035-2b85-4403-91f9-a76d4d81a67c', 'ORD-00125', 'Completed', 450, 'Maya', 'System Seed', '2026-03-30T11:24:49.990Z');

INSERT INTO public.order_items (order_id, product_id, name, quantity, unit_price, subtotal)
VALUES ('c147e035-2b85-4403-91f9-a76d4d81a67c', '48233f0a-6e57-4a45-b033-627d13f1be78', 'Cappuccino', 3, 120, 360);

INSERT INTO public.order_items (order_id, product_id, name, quantity, unit_price, subtotal)
VALUES ('c147e035-2b85-4403-91f9-a76d4d81a67c', 'fe6b02e6-9366-4abd-874c-fcb832e0e282', 'Green Tea', 1, 90, 90);

INSERT INTO public.orders (id, order_id, status, amount, payment_method, cashier_name, created_at)
VALUES ('e4df1cf8-4107-4e31-9a76-0b807fb22295', 'ORD-00126', 'Completed', 650, 'Credit Card', 'System Seed', '2026-03-30T08:33:13.990Z');

INSERT INTO public.order_items (order_id, product_id, name, quantity, unit_price, subtotal)
VALUES ('e4df1cf8-4107-4e31-9a76-0b807fb22295', 'fe6b02e6-9366-4abd-874c-fcb832e0e282', 'Green Tea', 2, 90, 180);

INSERT INTO public.order_items (order_id, product_id, name, quantity, unit_price, subtotal)
VALUES ('e4df1cf8-4107-4e31-9a76-0b807fb22295', 'dfe22f11-84a3-41d2-a268-149f012eae60', 'Sparkling Lemonade', 1, 110, 110);

INSERT INTO public.order_items (order_id, product_id, name, quantity, unit_price, subtotal)
VALUES ('e4df1cf8-4107-4e31-9a76-0b807fb22295', '48233f0a-6e57-4a45-b033-627d13f1be78', 'Cappuccino', 2, 120, 240);

INSERT INTO public.order_items (order_id, product_id, name, quantity, unit_price, subtotal)
VALUES ('e4df1cf8-4107-4e31-9a76-0b807fb22295', '48233f0a-6e57-4a45-b033-627d13f1be78', 'Cappuccino', 1, 120, 120);

INSERT INTO public.orders (id, order_id, status, amount, payment_method, cashier_name, created_at)
VALUES ('16db2030-f64a-4872-8827-0dc846cb8b80', 'ORD-00127', 'Void (Not Made)', 180, 'Maya', 'System Seed', '2026-03-30T06:32:56.990Z');

INSERT INTO public.order_items (order_id, product_id, name, quantity, unit_price, subtotal)
VALUES ('16db2030-f64a-4872-8827-0dc846cb8b80', 'fe6b02e6-9366-4abd-874c-fcb832e0e282', 'Green Tea', 2, 90, 180);

INSERT INTO public.orders (id, order_id, status, amount, payment_method, cashier_name, created_at)
VALUES ('4eae510f-4776-4182-9334-850dfe3877af', 'ORD-00128', 'Void (Not Made)', 440, 'GCash', 'System Seed', '2026-03-30T06:04:28.990Z');

INSERT INTO public.order_items (order_id, product_id, name, quantity, unit_price, subtotal)
VALUES ('4eae510f-4776-4182-9334-850dfe3877af', '83a6812d-2665-4ce5-871a-78a4eab3ce80', 'Americano', 2, 100, 200);

INSERT INTO public.order_items (order_id, product_id, name, quantity, unit_price, subtotal)
VALUES ('4eae510f-4776-4182-9334-850dfe3877af', '3a6a55c0-70f3-4417-a252-db77d9e511c0', 'Latte', 2, 120, 240);

INSERT INTO public.orders (id, order_id, status, amount, payment_method, cashier_name, created_at)
VALUES ('7d8c43d6-c76d-4572-95e1-69c7ba3b3957', 'ORD-00129', 'Completed', 1180, 'GCash', 'System Seed', '2026-03-30T06:09:44.990Z');

INSERT INTO public.order_items (order_id, product_id, name, quantity, unit_price, subtotal)
VALUES ('7d8c43d6-c76d-4572-95e1-69c7ba3b3957', '65f0b94f-ccbe-4b50-a175-66810ae10f44', 'Croissant', 3, 80, 240);

INSERT INTO public.order_items (order_id, product_id, name, quantity, unit_price, subtotal)
VALUES ('7d8c43d6-c76d-4572-95e1-69c7ba3b3957', 'dfe22f11-84a3-41d2-a268-149f012eae60', 'Sparkling Lemonade', 2, 110, 220);

INSERT INTO public.order_items (order_id, product_id, name, quantity, unit_price, subtotal)
VALUES ('7d8c43d6-c76d-4572-95e1-69c7ba3b3957', '48233f0a-6e57-4a45-b033-627d13f1be78', 'Cappuccino', 3, 120, 360);

INSERT INTO public.order_items (order_id, product_id, name, quantity, unit_price, subtotal)
VALUES ('7d8c43d6-c76d-4572-95e1-69c7ba3b3957', '48233f0a-6e57-4a45-b033-627d13f1be78', 'Cappuccino', 3, 120, 360);

INSERT INTO public.orders (id, order_id, status, amount, payment_method, cashier_name, created_at)
VALUES ('467693bc-e05a-48ad-b3bf-c557841a5cfd', 'ORD-00130', 'Void (Consumed)', 1090, 'Cash', 'System Seed', '2026-03-30T08:52:33.990Z');

INSERT INTO public.order_items (order_id, product_id, name, quantity, unit_price, subtotal)
VALUES ('467693bc-e05a-48ad-b3bf-c557841a5cfd', '1b5c6269-ce45-4413-acb8-21813cd7f9cf', 'Mocha', 3, 140, 420);

INSERT INTO public.order_items (order_id, product_id, name, quantity, unit_price, subtotal)
VALUES ('467693bc-e05a-48ad-b3bf-c557841a5cfd', '1b5c6269-ce45-4413-acb8-21813cd7f9cf', 'Mocha', 2, 140, 280);

INSERT INTO public.order_items (order_id, product_id, name, quantity, unit_price, subtotal)
VALUES ('467693bc-e05a-48ad-b3bf-c557841a5cfd', 'fe6b02e6-9366-4abd-874c-fcb832e0e282', 'Green Tea', 3, 90, 270);

INSERT INTO public.order_items (order_id, product_id, name, quantity, unit_price, subtotal)
VALUES ('467693bc-e05a-48ad-b3bf-c557841a5cfd', '3a6a55c0-70f3-4417-a252-db77d9e511c0', 'Latte', 1, 120, 120);

INSERT INTO public.orders (id, order_id, status, amount, payment_method, cashier_name, created_at)
VALUES ('454abfae-1088-4a9e-b076-756136b374fd', 'ORD-00131', 'Completed', 930, 'Cash', 'System Seed', '2026-03-30T12:42:12.990Z');

INSERT INTO public.order_items (order_id, product_id, name, quantity, unit_price, subtotal)
VALUES ('454abfae-1088-4a9e-b076-756136b374fd', '48233f0a-6e57-4a45-b033-627d13f1be78', 'Cappuccino', 3, 120, 360);

INSERT INTO public.order_items (order_id, product_id, name, quantity, unit_price, subtotal)
VALUES ('454abfae-1088-4a9e-b076-756136b374fd', '3a6a55c0-70f3-4417-a252-db77d9e511c0', 'Latte', 1, 120, 120);

INSERT INTO public.order_items (order_id, product_id, name, quantity, unit_price, subtotal)
VALUES ('454abfae-1088-4a9e-b076-756136b374fd', 'dfe22f11-84a3-41d2-a268-149f012eae60', 'Sparkling Lemonade', 3, 110, 330);

INSERT INTO public.order_items (order_id, product_id, name, quantity, unit_price, subtotal)
VALUES ('454abfae-1088-4a9e-b076-756136b374fd', '3a6a55c0-70f3-4417-a252-db77d9e511c0', 'Latte', 1, 120, 120);

INSERT INTO public.orders (id, order_id, status, amount, payment_method, cashier_name, created_at)
VALUES ('ee433482-ce8a-4896-aba4-3249198bcda3', 'ORD-00132', 'Completed', 490, 'Maya', 'System Seed', '2026-03-30T03:03:33.990Z');

INSERT INTO public.order_items (order_id, product_id, name, quantity, unit_price, subtotal)
VALUES ('ee433482-ce8a-4896-aba4-3249198bcda3', '65f0b94f-ccbe-4b50-a175-66810ae10f44', 'Croissant', 1, 80, 80);

INSERT INTO public.order_items (order_id, product_id, name, quantity, unit_price, subtotal)
VALUES ('ee433482-ce8a-4896-aba4-3249198bcda3', '1b5c6269-ce45-4413-acb8-21813cd7f9cf', 'Mocha', 1, 140, 140);

INSERT INTO public.order_items (order_id, product_id, name, quantity, unit_price, subtotal)
VALUES ('ee433482-ce8a-4896-aba4-3249198bcda3', 'fe6b02e6-9366-4abd-874c-fcb832e0e282', 'Green Tea', 3, 90, 270);

INSERT INTO public.orders (id, order_id, status, amount, payment_method, cashier_name, created_at)
VALUES ('b3f8b3fb-5674-4dd3-befe-ee6d6b1c3975', 'ORD-00133', 'Void (Consumed)', 300, 'Credit Card', 'System Seed', '2026-03-30T04:39:12.990Z');

INSERT INTO public.order_items (order_id, product_id, name, quantity, unit_price, subtotal)
VALUES ('b3f8b3fb-5674-4dd3-befe-ee6d6b1c3975', '83a6812d-2665-4ce5-871a-78a4eab3ce80', 'Americano', 3, 100, 300);

INSERT INTO public.orders (id, order_id, status, amount, payment_method, cashier_name, created_at)
VALUES ('eaed82e6-b3e3-4240-ba01-652b00d2b700', 'ORD-00134', 'Completed', 180, 'Maya', 'System Seed', '2026-03-30T12:50:14.990Z');

INSERT INTO public.order_items (order_id, product_id, name, quantity, unit_price, subtotal)
VALUES ('eaed82e6-b3e3-4240-ba01-652b00d2b700', '83a6812d-2665-4ce5-871a-78a4eab3ce80', 'Americano', 1, 100, 100);

INSERT INTO public.order_items (order_id, product_id, name, quantity, unit_price, subtotal)
VALUES ('eaed82e6-b3e3-4240-ba01-652b00d2b700', '65f0b94f-ccbe-4b50-a175-66810ae10f44', 'Croissant', 1, 80, 80);

INSERT INTO public.orders (id, order_id, status, amount, payment_method, cashier_name, created_at)
VALUES ('e4fd11ee-aaa1-445d-9294-21126697d799', 'ORD-00135', 'Completed', 600, 'Maya', 'System Seed', '2026-03-30T11:26:04.990Z');

INSERT INTO public.order_items (order_id, product_id, name, quantity, unit_price, subtotal)
VALUES ('e4fd11ee-aaa1-445d-9294-21126697d799', '65f0b94f-ccbe-4b50-a175-66810ae10f44', 'Croissant', 1, 80, 80);

INSERT INTO public.order_items (order_id, product_id, name, quantity, unit_price, subtotal)
VALUES ('e4fd11ee-aaa1-445d-9294-21126697d799', 'fe6b02e6-9366-4abd-874c-fcb832e0e282', 'Green Tea', 2, 90, 180);

INSERT INTO public.order_items (order_id, product_id, name, quantity, unit_price, subtotal)
VALUES ('e4fd11ee-aaa1-445d-9294-21126697d799', '48233f0a-6e57-4a45-b033-627d13f1be78', 'Cappuccino', 2, 120, 240);

INSERT INTO public.order_items (order_id, product_id, name, quantity, unit_price, subtotal)
VALUES ('e4fd11ee-aaa1-445d-9294-21126697d799', '83a6812d-2665-4ce5-871a-78a4eab3ce80', 'Americano', 1, 100, 100);

INSERT INTO public.orders (id, order_id, status, amount, payment_method, cashier_name, created_at)
VALUES ('5bb5af28-2b86-4c5f-bcd2-711c22f8b88d', 'ORD-00136', 'Completed', 1220, 'Cash', 'System Seed', '2026-03-30T06:55:58.990Z');

INSERT INTO public.order_items (order_id, product_id, name, quantity, unit_price, subtotal)
VALUES ('5bb5af28-2b86-4c5f-bcd2-711c22f8b88d', '1b5c6269-ce45-4413-acb8-21813cd7f9cf', 'Mocha', 3, 140, 420);

INSERT INTO public.order_items (order_id, product_id, name, quantity, unit_price, subtotal)
VALUES ('5bb5af28-2b86-4c5f-bcd2-711c22f8b88d', '3a6a55c0-70f3-4417-a252-db77d9e511c0', 'Latte', 3, 120, 360);

INSERT INTO public.order_items (order_id, product_id, name, quantity, unit_price, subtotal)
VALUES ('5bb5af28-2b86-4c5f-bcd2-711c22f8b88d', '3a6a55c0-70f3-4417-a252-db77d9e511c0', 'Latte', 2, 120, 240);

INSERT INTO public.order_items (order_id, product_id, name, quantity, unit_price, subtotal)
VALUES ('5bb5af28-2b86-4c5f-bcd2-711c22f8b88d', '83a6812d-2665-4ce5-871a-78a4eab3ce80', 'Americano', 2, 100, 200);

INSERT INTO public.orders (id, order_id, status, amount, payment_method, cashier_name, created_at)
VALUES ('09a42e09-6c75-462d-a687-bef610fee603', 'ORD-00137', 'Void (Not Made)', 845, 'Credit Card', 'System Seed', '2026-03-30T12:02:40.990Z');

INSERT INTO public.order_items (order_id, product_id, name, quantity, unit_price, subtotal)
VALUES ('09a42e09-6c75-462d-a687-bef610fee603', '1b5c6269-ce45-4413-acb8-21813cd7f9cf', 'Mocha', 2, 140, 280);

INSERT INTO public.order_items (order_id, product_id, name, quantity, unit_price, subtotal)
VALUES ('09a42e09-6c75-462d-a687-bef610fee603', 'fe6b02e6-9366-4abd-874c-fcb832e0e282', 'Green Tea', 2, 90, 180);

INSERT INTO public.order_items (order_id, product_id, name, quantity, unit_price, subtotal)
VALUES ('09a42e09-6c75-462d-a687-bef610fee603', '83a6812d-2665-4ce5-871a-78a4eab3ce80', 'Americano', 1, 100, 100);

INSERT INTO public.order_items (order_id, product_id, name, quantity, unit_price, subtotal)
VALUES ('09a42e09-6c75-462d-a687-bef610fee603', '36c93748-7c86-4ddb-ba49-1bd1a164bf42', 'Blueberry Muffin', 3, 95, 285);

INSERT INTO public.orders (id, order_id, status, amount, payment_method, cashier_name, created_at)
VALUES ('3e81fee4-cbbe-4ab2-8f4a-ad12272b9773', 'ORD-00138', 'Completed', 310, 'Cash', 'System Seed', '2026-03-30T02:12:53.990Z');

INSERT INTO public.order_items (order_id, product_id, name, quantity, unit_price, subtotal)
VALUES ('3e81fee4-cbbe-4ab2-8f4a-ad12272b9773', '83a6812d-2665-4ce5-871a-78a4eab3ce80', 'Americano', 2, 100, 200);

INSERT INTO public.order_items (order_id, product_id, name, quantity, unit_price, subtotal)
VALUES ('3e81fee4-cbbe-4ab2-8f4a-ad12272b9773', 'dfe22f11-84a3-41d2-a268-149f012eae60', 'Sparkling Lemonade', 1, 110, 110);

INSERT INTO public.orders (id, order_id, status, amount, payment_method, cashier_name, created_at)
VALUES ('b6b7d469-98d6-4002-89f9-6cf1a1ed289a', 'ORD-00139', 'Completed', 400, 'Maya', 'System Seed', '2026-03-30T06:12:35.990Z');

INSERT INTO public.order_items (order_id, product_id, name, quantity, unit_price, subtotal)
VALUES ('b6b7d469-98d6-4002-89f9-6cf1a1ed289a', '65f0b94f-ccbe-4b50-a175-66810ae10f44', 'Croissant', 1, 80, 80);

INSERT INTO public.order_items (order_id, product_id, name, quantity, unit_price, subtotal)
VALUES ('b6b7d469-98d6-4002-89f9-6cf1a1ed289a', '3a6a55c0-70f3-4417-a252-db77d9e511c0', 'Latte', 1, 120, 120);

INSERT INTO public.order_items (order_id, product_id, name, quantity, unit_price, subtotal)
VALUES ('b6b7d469-98d6-4002-89f9-6cf1a1ed289a', '83a6812d-2665-4ce5-871a-78a4eab3ce80', 'Americano', 1, 100, 100);

INSERT INTO public.order_items (order_id, product_id, name, quantity, unit_price, subtotal)
VALUES ('b6b7d469-98d6-4002-89f9-6cf1a1ed289a', '83a6812d-2665-4ce5-871a-78a4eab3ce80', 'Americano', 1, 100, 100);

INSERT INTO public.orders (id, order_id, status, amount, payment_method, cashier_name, created_at)
VALUES ('d736f743-730c-4bd2-a706-975ff56f605b', 'ORD-00140', 'Void (Not Made)', 455, 'GCash', 'System Seed', '2026-03-30T09:08:48.990Z');

INSERT INTO public.order_items (order_id, product_id, name, quantity, unit_price, subtotal)
VALUES ('d736f743-730c-4bd2-a706-975ff56f605b', '36c93748-7c86-4ddb-ba49-1bd1a164bf42', 'Blueberry Muffin', 1, 95, 95);

INSERT INTO public.order_items (order_id, product_id, name, quantity, unit_price, subtotal)
VALUES ('d736f743-730c-4bd2-a706-975ff56f605b', '48233f0a-6e57-4a45-b033-627d13f1be78', 'Cappuccino', 3, 120, 360);

INSERT INTO public.orders (id, order_id, status, amount, payment_method, cashier_name, created_at)
VALUES ('bef4bdff-3682-4b52-9e73-55614a91519f', 'ORD-00141', 'Completed', 1110, 'GCash', 'System Seed', '2026-03-30T00:48:53.990Z');

INSERT INTO public.order_items (order_id, product_id, name, quantity, unit_price, subtotal)
VALUES ('bef4bdff-3682-4b52-9e73-55614a91519f', '1b5c6269-ce45-4413-acb8-21813cd7f9cf', 'Mocha', 2, 140, 280);

INSERT INTO public.order_items (order_id, product_id, name, quantity, unit_price, subtotal)
VALUES ('bef4bdff-3682-4b52-9e73-55614a91519f', '3a6a55c0-70f3-4417-a252-db77d9e511c0', 'Latte', 3, 120, 360);

INSERT INTO public.order_items (order_id, product_id, name, quantity, unit_price, subtotal)
VALUES ('bef4bdff-3682-4b52-9e73-55614a91519f', 'dfe22f11-84a3-41d2-a268-149f012eae60', 'Sparkling Lemonade', 1, 110, 110);

INSERT INTO public.order_items (order_id, product_id, name, quantity, unit_price, subtotal)
VALUES ('bef4bdff-3682-4b52-9e73-55614a91519f', '48233f0a-6e57-4a45-b033-627d13f1be78', 'Cappuccino', 3, 120, 360);

INSERT INTO public.orders (id, order_id, status, amount, payment_method, cashier_name, created_at)
VALUES ('29c80ae4-666e-4ec3-beeb-48d79c557e59', 'ORD-00142', 'Void (Not Made)', 530, 'GCash', 'System Seed', '2026-03-30T05:56:37.990Z');

INSERT INTO public.order_items (order_id, product_id, name, quantity, unit_price, subtotal)
VALUES ('29c80ae4-666e-4ec3-beeb-48d79c557e59', '83a6812d-2665-4ce5-871a-78a4eab3ce80', 'Americano', 2, 100, 200);

INSERT INTO public.order_items (order_id, product_id, name, quantity, unit_price, subtotal)
VALUES ('29c80ae4-666e-4ec3-beeb-48d79c557e59', 'dfe22f11-84a3-41d2-a268-149f012eae60', 'Sparkling Lemonade', 3, 110, 330);

INSERT INTO public.orders (id, order_id, status, amount, payment_method, cashier_name, created_at)
VALUES ('a5fdb231-39f6-4ad7-8b63-4fe757d9b41a', 'ORD-00143', 'Completed', 340, 'Cash', 'System Seed', '2026-03-30T06:37:16.990Z');

INSERT INTO public.order_items (order_id, product_id, name, quantity, unit_price, subtotal)
VALUES ('a5fdb231-39f6-4ad7-8b63-4fe757d9b41a', '48233f0a-6e57-4a45-b033-627d13f1be78', 'Cappuccino', 2, 120, 240);

INSERT INTO public.order_items (order_id, product_id, name, quantity, unit_price, subtotal)
VALUES ('a5fdb231-39f6-4ad7-8b63-4fe757d9b41a', '83a6812d-2665-4ce5-871a-78a4eab3ce80', 'Americano', 1, 100, 100);

INSERT INTO public.orders (id, order_id, status, amount, payment_method, cashier_name, created_at)
VALUES ('a26fb1fa-5e95-4382-872c-2dc8e2b312b4', 'ORD-00144', 'Void (Consumed)', 360, 'Credit Card', 'System Seed', '2026-03-31T00:51:51.990Z');

INSERT INTO public.order_items (order_id, product_id, name, quantity, unit_price, subtotal)
VALUES ('a26fb1fa-5e95-4382-872c-2dc8e2b312b4', '3a6a55c0-70f3-4417-a252-db77d9e511c0', 'Latte', 3, 120, 360);

INSERT INTO public.orders (id, order_id, status, amount, payment_method, cashier_name, created_at)
VALUES ('1403be32-f038-4c22-a5fd-8c0db4a616b8', 'ORD-00145', 'Completed', 380, 'Maya', 'System Seed', '2026-03-31T11:12:06.990Z');

INSERT INTO public.order_items (order_id, product_id, name, quantity, unit_price, subtotal)
VALUES ('1403be32-f038-4c22-a5fd-8c0db4a616b8', 'fe6b02e6-9366-4abd-874c-fcb832e0e282', 'Green Tea', 2, 90, 180);

INSERT INTO public.order_items (order_id, product_id, name, quantity, unit_price, subtotal)
VALUES ('1403be32-f038-4c22-a5fd-8c0db4a616b8', '3a6a55c0-70f3-4417-a252-db77d9e511c0', 'Latte', 1, 120, 120);

INSERT INTO public.order_items (order_id, product_id, name, quantity, unit_price, subtotal)
VALUES ('1403be32-f038-4c22-a5fd-8c0db4a616b8', '65f0b94f-ccbe-4b50-a175-66810ae10f44', 'Croissant', 1, 80, 80);

INSERT INTO public.orders (id, order_id, status, amount, payment_method, cashier_name, created_at)
VALUES ('6653dfd3-fc2f-4234-9918-43d28c8d9ff5', 'ORD-00146', 'Completed', 670, 'GCash', 'System Seed', '2026-03-31T03:38:01.990Z');

INSERT INTO public.order_items (order_id, product_id, name, quantity, unit_price, subtotal)
VALUES ('6653dfd3-fc2f-4234-9918-43d28c8d9ff5', 'dfe22f11-84a3-41d2-a268-149f012eae60', 'Sparkling Lemonade', 3, 110, 330);

INSERT INTO public.order_items (order_id, product_id, name, quantity, unit_price, subtotal)
VALUES ('6653dfd3-fc2f-4234-9918-43d28c8d9ff5', 'dfe22f11-84a3-41d2-a268-149f012eae60', 'Sparkling Lemonade', 2, 110, 220);

INSERT INTO public.order_items (order_id, product_id, name, quantity, unit_price, subtotal)
VALUES ('6653dfd3-fc2f-4234-9918-43d28c8d9ff5', '48233f0a-6e57-4a45-b033-627d13f1be78', 'Cappuccino', 1, 120, 120);

INSERT INTO public.orders (id, order_id, status, amount, payment_method, cashier_name, created_at)
VALUES ('b689c998-db0c-4972-ad31-88f6d340eccf', 'ORD-00147', 'Void (Not Made)', 210, 'Cash', 'System Seed', '2026-03-31T07:37:15.990Z');

INSERT INTO public.order_items (order_id, product_id, name, quantity, unit_price, subtotal)
VALUES ('b689c998-db0c-4972-ad31-88f6d340eccf', 'fe6b02e6-9366-4abd-874c-fcb832e0e282', 'Green Tea', 1, 90, 90);

INSERT INTO public.order_items (order_id, product_id, name, quantity, unit_price, subtotal)
VALUES ('b689c998-db0c-4972-ad31-88f6d340eccf', '3a6a55c0-70f3-4417-a252-db77d9e511c0', 'Latte', 1, 120, 120);

INSERT INTO public.orders (id, order_id, status, amount, payment_method, cashier_name, created_at)
VALUES ('968f2d1f-a958-434e-bf55-9fbab695ef77', 'ORD-00148', 'Completed', 880, 'Maya', 'System Seed', '2026-03-31T02:28:17.990Z');

INSERT INTO public.order_items (order_id, product_id, name, quantity, unit_price, subtotal)
VALUES ('968f2d1f-a958-434e-bf55-9fbab695ef77', '36c93748-7c86-4ddb-ba49-1bd1a164bf42', 'Blueberry Muffin', 2, 95, 190);

INSERT INTO public.order_items (order_id, product_id, name, quantity, unit_price, subtotal)
VALUES ('968f2d1f-a958-434e-bf55-9fbab695ef77', 'fe6b02e6-9366-4abd-874c-fcb832e0e282', 'Green Tea', 1, 90, 90);

INSERT INTO public.order_items (order_id, product_id, name, quantity, unit_price, subtotal)
VALUES ('968f2d1f-a958-434e-bf55-9fbab695ef77', '65f0b94f-ccbe-4b50-a175-66810ae10f44', 'Croissant', 3, 80, 240);

INSERT INTO public.order_items (order_id, product_id, name, quantity, unit_price, subtotal)
VALUES ('968f2d1f-a958-434e-bf55-9fbab695ef77', '48233f0a-6e57-4a45-b033-627d13f1be78', 'Cappuccino', 3, 120, 360);

INSERT INTO public.orders (id, order_id, status, amount, payment_method, cashier_name, created_at)
VALUES ('8f402a67-c45c-4315-a46c-6539cc1140df', 'ORD-00149', 'Completed', 405, 'Cash', 'System Seed', '2026-03-31T01:33:14.990Z');

INSERT INTO public.order_items (order_id, product_id, name, quantity, unit_price, subtotal)
VALUES ('8f402a67-c45c-4315-a46c-6539cc1140df', '36c93748-7c86-4ddb-ba49-1bd1a164bf42', 'Blueberry Muffin', 3, 95, 285);

INSERT INTO public.order_items (order_id, product_id, name, quantity, unit_price, subtotal)
VALUES ('8f402a67-c45c-4315-a46c-6539cc1140df', '3a6a55c0-70f3-4417-a252-db77d9e511c0', 'Latte', 1, 120, 120);

INSERT INTO public.orders (id, order_id, status, amount, payment_method, cashier_name, created_at)
VALUES ('31a8c6cf-26b3-47eb-90c6-be3fe3e913b4', 'ORD-00150', 'Completed', 360, 'Cash', 'System Seed', '2026-03-30T23:38:55.990Z');

INSERT INTO public.order_items (order_id, product_id, name, quantity, unit_price, subtotal)
VALUES ('31a8c6cf-26b3-47eb-90c6-be3fe3e913b4', '1b5c6269-ce45-4413-acb8-21813cd7f9cf', 'Mocha', 1, 140, 140);

INSERT INTO public.order_items (order_id, product_id, name, quantity, unit_price, subtotal)
VALUES ('31a8c6cf-26b3-47eb-90c6-be3fe3e913b4', '3a6a55c0-70f3-4417-a252-db77d9e511c0', 'Latte', 1, 120, 120);

INSERT INTO public.order_items (order_id, product_id, name, quantity, unit_price, subtotal)
VALUES ('31a8c6cf-26b3-47eb-90c6-be3fe3e913b4', '83a6812d-2665-4ce5-871a-78a4eab3ce80', 'Americano', 1, 100, 100);

INSERT INTO public.orders (id, order_id, status, amount, payment_method, cashier_name, created_at)
VALUES ('642ef8b7-0764-43f6-8856-2b699bfb1b9e', 'ORD-00151', 'Completed', 570, 'Cash', 'System Seed', '2026-03-31T06:17:58.990Z');

INSERT INTO public.order_items (order_id, product_id, name, quantity, unit_price, subtotal)
VALUES ('642ef8b7-0764-43f6-8856-2b699bfb1b9e', '65f0b94f-ccbe-4b50-a175-66810ae10f44', 'Croissant', 1, 80, 80);

INSERT INTO public.order_items (order_id, product_id, name, quantity, unit_price, subtotal)
VALUES ('642ef8b7-0764-43f6-8856-2b699bfb1b9e', 'fe6b02e6-9366-4abd-874c-fcb832e0e282', 'Green Tea', 3, 90, 270);

INSERT INTO public.order_items (order_id, product_id, name, quantity, unit_price, subtotal)
VALUES ('642ef8b7-0764-43f6-8856-2b699bfb1b9e', '83a6812d-2665-4ce5-871a-78a4eab3ce80', 'Americano', 1, 100, 100);

INSERT INTO public.order_items (order_id, product_id, name, quantity, unit_price, subtotal)
VALUES ('642ef8b7-0764-43f6-8856-2b699bfb1b9e', '3a6a55c0-70f3-4417-a252-db77d9e511c0', 'Latte', 1, 120, 120);

INSERT INTO public.orders (id, order_id, status, amount, payment_method, cashier_name, created_at)
VALUES ('d8f3cab8-4073-4c51-a475-ac3bad38ce99', 'ORD-00152', 'Completed', 480, 'Maya', 'System Seed', '2026-03-31T00:47:22.990Z');

INSERT INTO public.order_items (order_id, product_id, name, quantity, unit_price, subtotal)
VALUES ('d8f3cab8-4073-4c51-a475-ac3bad38ce99', '3a6a55c0-70f3-4417-a252-db77d9e511c0', 'Latte', 2, 120, 240);

INSERT INTO public.order_items (order_id, product_id, name, quantity, unit_price, subtotal)
VALUES ('d8f3cab8-4073-4c51-a475-ac3bad38ce99', '65f0b94f-ccbe-4b50-a175-66810ae10f44', 'Croissant', 3, 80, 240);

INSERT INTO public.orders (id, order_id, status, amount, payment_method, cashier_name, created_at)
VALUES ('65e7113d-6f10-4b75-85e3-281322ed02ae', 'ORD-00153', 'Completed', 190, 'Maya', 'System Seed', '2026-03-31T12:47:56.990Z');

INSERT INTO public.order_items (order_id, product_id, name, quantity, unit_price, subtotal)
VALUES ('65e7113d-6f10-4b75-85e3-281322ed02ae', '36c93748-7c86-4ddb-ba49-1bd1a164bf42', 'Blueberry Muffin', 2, 95, 190);

INSERT INTO public.orders (id, order_id, status, amount, payment_method, cashier_name, created_at)
VALUES ('ed765bb6-d924-40d2-a0eb-ccea2e26227b', 'ORD-00154', 'Completed', 470, 'GCash', 'System Seed', '2026-03-31T00:42:32.990Z');

INSERT INTO public.order_items (order_id, product_id, name, quantity, unit_price, subtotal)
VALUES ('ed765bb6-d924-40d2-a0eb-ccea2e26227b', 'fe6b02e6-9366-4abd-874c-fcb832e0e282', 'Green Tea', 1, 90, 90);

INSERT INTO public.order_items (order_id, product_id, name, quantity, unit_price, subtotal)
VALUES ('ed765bb6-d924-40d2-a0eb-ccea2e26227b', '36c93748-7c86-4ddb-ba49-1bd1a164bf42', 'Blueberry Muffin', 1, 95, 95);

INSERT INTO public.order_items (order_id, product_id, name, quantity, unit_price, subtotal)
VALUES ('ed765bb6-d924-40d2-a0eb-ccea2e26227b', '36c93748-7c86-4ddb-ba49-1bd1a164bf42', 'Blueberry Muffin', 3, 95, 285);

INSERT INTO public.orders (id, order_id, status, amount, payment_method, cashier_name, created_at)
VALUES ('2e37d7e1-a800-49ad-8a4b-272f3748225a', 'ORD-00155', 'Completed', 330, 'Credit Card', 'System Seed', '2026-03-31T10:55:08.990Z');

INSERT INTO public.order_items (order_id, product_id, name, quantity, unit_price, subtotal)
VALUES ('2e37d7e1-a800-49ad-8a4b-272f3748225a', 'dfe22f11-84a3-41d2-a268-149f012eae60', 'Sparkling Lemonade', 3, 110, 330);

INSERT INTO public.orders (id, order_id, status, amount, payment_method, cashier_name, created_at)
VALUES ('5c31b635-b021-41e0-924a-be6fbc5c46bb', 'ORD-00156', 'Completed', 990, 'GCash', 'System Seed', '2026-03-30T23:30:39.990Z');

INSERT INTO public.order_items (order_id, product_id, name, quantity, unit_price, subtotal)
VALUES ('5c31b635-b021-41e0-924a-be6fbc5c46bb', '1b5c6269-ce45-4413-acb8-21813cd7f9cf', 'Mocha', 3, 140, 420);

INSERT INTO public.order_items (order_id, product_id, name, quantity, unit_price, subtotal)
VALUES ('5c31b635-b021-41e0-924a-be6fbc5c46bb', 'fe6b02e6-9366-4abd-874c-fcb832e0e282', 'Green Tea', 3, 90, 270);

INSERT INTO public.order_items (order_id, product_id, name, quantity, unit_price, subtotal)
VALUES ('5c31b635-b021-41e0-924a-be6fbc5c46bb', '48233f0a-6e57-4a45-b033-627d13f1be78', 'Cappuccino', 1, 120, 120);

INSERT INTO public.order_items (order_id, product_id, name, quantity, unit_price, subtotal)
VALUES ('5c31b635-b021-41e0-924a-be6fbc5c46bb', 'fe6b02e6-9366-4abd-874c-fcb832e0e282', 'Green Tea', 2, 90, 180);

INSERT INTO public.orders (id, order_id, status, amount, payment_method, cashier_name, created_at)
VALUES ('0d792eb5-4214-4c43-b612-ed4a95515883', 'ORD-00157', 'Void (Consumed)', 360, 'Maya', 'System Seed', '2026-03-31T07:51:53.990Z');

INSERT INTO public.order_items (order_id, product_id, name, quantity, unit_price, subtotal)
VALUES ('0d792eb5-4214-4c43-b612-ed4a95515883', '48233f0a-6e57-4a45-b033-627d13f1be78', 'Cappuccino', 3, 120, 360);

INSERT INTO public.orders (id, order_id, status, amount, payment_method, cashier_name, created_at)
VALUES ('4438b51a-a30c-47a3-8259-7c76cd6944c0', 'ORD-00158', 'Completed', 580, 'Credit Card', 'System Seed', '2026-03-31T08:28:00.990Z');

INSERT INTO public.order_items (order_id, product_id, name, quantity, unit_price, subtotal)
VALUES ('4438b51a-a30c-47a3-8259-7c76cd6944c0', 'dfe22f11-84a3-41d2-a268-149f012eae60', 'Sparkling Lemonade', 2, 110, 220);

INSERT INTO public.order_items (order_id, product_id, name, quantity, unit_price, subtotal)
VALUES ('4438b51a-a30c-47a3-8259-7c76cd6944c0', '65f0b94f-ccbe-4b50-a175-66810ae10f44', 'Croissant', 1, 80, 80);

INSERT INTO public.order_items (order_id, product_id, name, quantity, unit_price, subtotal)
VALUES ('4438b51a-a30c-47a3-8259-7c76cd6944c0', '1b5c6269-ce45-4413-acb8-21813cd7f9cf', 'Mocha', 2, 140, 280);

INSERT INTO public.orders (id, order_id, status, amount, payment_method, cashier_name, created_at)
VALUES ('eb72486b-39fd-40a2-aee3-0c12f644d80b', 'ORD-00159', 'Completed', 80, 'Maya', 'System Seed', '2026-03-31T06:48:06.990Z');

INSERT INTO public.order_items (order_id, product_id, name, quantity, unit_price, subtotal)
VALUES ('eb72486b-39fd-40a2-aee3-0c12f644d80b', '65f0b94f-ccbe-4b50-a175-66810ae10f44', 'Croissant', 1, 80, 80);

INSERT INTO public.orders (id, order_id, status, amount, payment_method, cashier_name, created_at)
VALUES ('6c72399b-f3c6-43de-9da8-4bc493a9cb47', 'ORD-00160', 'Completed', 300, 'Maya', 'System Seed', '2026-03-31T01:57:41.990Z');

INSERT INTO public.order_items (order_id, product_id, name, quantity, unit_price, subtotal)
VALUES ('6c72399b-f3c6-43de-9da8-4bc493a9cb47', '83a6812d-2665-4ce5-871a-78a4eab3ce80', 'Americano', 3, 100, 300);

INSERT INTO public.orders (id, order_id, status, amount, payment_method, cashier_name, created_at)
VALUES ('26f648a6-9ff0-415c-bc0f-a3aec4d15220', 'ORD-00161', 'Completed', 1160, 'Credit Card', 'System Seed', '2026-03-30T23:01:07.990Z');

INSERT INTO public.order_items (order_id, product_id, name, quantity, unit_price, subtotal)
VALUES ('26f648a6-9ff0-415c-bc0f-a3aec4d15220', '48233f0a-6e57-4a45-b033-627d13f1be78', 'Cappuccino', 3, 120, 360);

INSERT INTO public.order_items (order_id, product_id, name, quantity, unit_price, subtotal)
VALUES ('26f648a6-9ff0-415c-bc0f-a3aec4d15220', '1b5c6269-ce45-4413-acb8-21813cd7f9cf', 'Mocha', 3, 140, 420);

INSERT INTO public.order_items (order_id, product_id, name, quantity, unit_price, subtotal)
VALUES ('26f648a6-9ff0-415c-bc0f-a3aec4d15220', '1b5c6269-ce45-4413-acb8-21813cd7f9cf', 'Mocha', 1, 140, 140);

INSERT INTO public.order_items (order_id, product_id, name, quantity, unit_price, subtotal)
VALUES ('26f648a6-9ff0-415c-bc0f-a3aec4d15220', '3a6a55c0-70f3-4417-a252-db77d9e511c0', 'Latte', 2, 120, 240);

INSERT INTO public.orders (id, order_id, status, amount, payment_method, cashier_name, created_at)
VALUES ('282d6ff6-9e23-4771-84ef-c0ab2dce35a5', 'ORD-00162', 'Completed', 820, 'Credit Card', 'System Seed', '2026-03-31T10:50:07.990Z');

INSERT INTO public.order_items (order_id, product_id, name, quantity, unit_price, subtotal)
VALUES ('282d6ff6-9e23-4771-84ef-c0ab2dce35a5', '65f0b94f-ccbe-4b50-a175-66810ae10f44', 'Croissant', 2, 80, 160);

INSERT INTO public.order_items (order_id, product_id, name, quantity, unit_price, subtotal)
VALUES ('282d6ff6-9e23-4771-84ef-c0ab2dce35a5', '3a6a55c0-70f3-4417-a252-db77d9e511c0', 'Latte', 3, 120, 360);

INSERT INTO public.order_items (order_id, product_id, name, quantity, unit_price, subtotal)
VALUES ('282d6ff6-9e23-4771-84ef-c0ab2dce35a5', '83a6812d-2665-4ce5-871a-78a4eab3ce80', 'Americano', 3, 100, 300);

INSERT INTO public.orders (id, order_id, status, amount, payment_method, cashier_name, created_at)
VALUES ('40b6c65f-d8a5-4f5a-8074-4279960fa553', 'ORD-00163', 'Completed', 815, 'GCash', 'System Seed', '2026-03-31T10:27:18.990Z');

INSERT INTO public.order_items (order_id, product_id, name, quantity, unit_price, subtotal)
VALUES ('40b6c65f-d8a5-4f5a-8074-4279960fa553', 'fe6b02e6-9366-4abd-874c-fcb832e0e282', 'Green Tea', 1, 90, 90);

INSERT INTO public.order_items (order_id, product_id, name, quantity, unit_price, subtotal)
VALUES ('40b6c65f-d8a5-4f5a-8074-4279960fa553', '83a6812d-2665-4ce5-871a-78a4eab3ce80', 'Americano', 2, 100, 200);

INSERT INTO public.order_items (order_id, product_id, name, quantity, unit_price, subtotal)
VALUES ('40b6c65f-d8a5-4f5a-8074-4279960fa553', '3a6a55c0-70f3-4417-a252-db77d9e511c0', 'Latte', 2, 120, 240);

INSERT INTO public.order_items (order_id, product_id, name, quantity, unit_price, subtotal)
VALUES ('40b6c65f-d8a5-4f5a-8074-4279960fa553', '36c93748-7c86-4ddb-ba49-1bd1a164bf42', 'Blueberry Muffin', 3, 95, 285);

INSERT INTO public.orders (id, order_id, status, amount, payment_method, cashier_name, created_at)
VALUES ('f8dd3385-3094-4b71-9ec3-78a841d02907', 'ORD-00164', 'Completed', 410, 'GCash', 'System Seed', '2026-03-31T03:13:19.990Z');

INSERT INTO public.order_items (order_id, product_id, name, quantity, unit_price, subtotal)
VALUES ('f8dd3385-3094-4b71-9ec3-78a841d02907', 'fe6b02e6-9366-4abd-874c-fcb832e0e282', 'Green Tea', 1, 90, 90);

INSERT INTO public.order_items (order_id, product_id, name, quantity, unit_price, subtotal)
VALUES ('f8dd3385-3094-4b71-9ec3-78a841d02907', '65f0b94f-ccbe-4b50-a175-66810ae10f44', 'Croissant', 3, 80, 240);

INSERT INTO public.order_items (order_id, product_id, name, quantity, unit_price, subtotal)
VALUES ('f8dd3385-3094-4b71-9ec3-78a841d02907', '65f0b94f-ccbe-4b50-a175-66810ae10f44', 'Croissant', 1, 80, 80);

INSERT INTO public.orders (id, order_id, status, amount, payment_method, cashier_name, created_at)
VALUES ('d0ffe415-cf72-41e5-ae81-e80fb0d8032b', 'ORD-00165', 'Completed', 485, 'Cash', 'System Seed', '2026-03-31T06:02:02.990Z');

INSERT INTO public.order_items (order_id, product_id, name, quantity, unit_price, subtotal)
VALUES ('d0ffe415-cf72-41e5-ae81-e80fb0d8032b', '83a6812d-2665-4ce5-871a-78a4eab3ce80', 'Americano', 2, 100, 200);

INSERT INTO public.order_items (order_id, product_id, name, quantity, unit_price, subtotal)
VALUES ('d0ffe415-cf72-41e5-ae81-e80fb0d8032b', '36c93748-7c86-4ddb-ba49-1bd1a164bf42', 'Blueberry Muffin', 3, 95, 285);

INSERT INTO public.orders (id, order_id, status, amount, payment_method, cashier_name, created_at)
VALUES ('c14a5a58-01aa-423d-81a8-4eb634eb956e', 'ORD-00166', 'Completed', 480, 'Cash', 'System Seed', '2026-03-30T23:04:43.990Z');

INSERT INTO public.order_items (order_id, product_id, name, quantity, unit_price, subtotal)
VALUES ('c14a5a58-01aa-423d-81a8-4eb634eb956e', '36c93748-7c86-4ddb-ba49-1bd1a164bf42', 'Blueberry Muffin', 3, 95, 285);

INSERT INTO public.order_items (order_id, product_id, name, quantity, unit_price, subtotal)
VALUES ('c14a5a58-01aa-423d-81a8-4eb634eb956e', '36c93748-7c86-4ddb-ba49-1bd1a164bf42', 'Blueberry Muffin', 1, 95, 95);

INSERT INTO public.order_items (order_id, product_id, name, quantity, unit_price, subtotal)
VALUES ('c14a5a58-01aa-423d-81a8-4eb634eb956e', '83a6812d-2665-4ce5-871a-78a4eab3ce80', 'Americano', 1, 100, 100);

INSERT INTO public.orders (id, order_id, status, amount, payment_method, cashier_name, created_at)
VALUES ('a4bfc022-78a6-49c7-afa8-5b2645a01ca2', 'ORD-00167', 'Completed', 985, 'GCash', 'System Seed', '2026-03-31T06:01:51.990Z');

INSERT INTO public.order_items (order_id, product_id, name, quantity, unit_price, subtotal)
VALUES ('a4bfc022-78a6-49c7-afa8-5b2645a01ca2', '36c93748-7c86-4ddb-ba49-1bd1a164bf42', 'Blueberry Muffin', 2, 95, 190);

INSERT INTO public.order_items (order_id, product_id, name, quantity, unit_price, subtotal)
VALUES ('a4bfc022-78a6-49c7-afa8-5b2645a01ca2', '1b5c6269-ce45-4413-acb8-21813cd7f9cf', 'Mocha', 3, 140, 420);

INSERT INTO public.order_items (order_id, product_id, name, quantity, unit_price, subtotal)
VALUES ('a4bfc022-78a6-49c7-afa8-5b2645a01ca2', 'fe6b02e6-9366-4abd-874c-fcb832e0e282', 'Green Tea', 1, 90, 90);

INSERT INTO public.order_items (order_id, product_id, name, quantity, unit_price, subtotal)
VALUES ('a4bfc022-78a6-49c7-afa8-5b2645a01ca2', '36c93748-7c86-4ddb-ba49-1bd1a164bf42', 'Blueberry Muffin', 3, 95, 285);

INSERT INTO public.orders (id, order_id, status, amount, payment_method, cashier_name, created_at)
VALUES ('4448bb2f-cce8-430b-80e2-10dc8154fd24', 'ORD-00168', 'Completed', 960, 'Credit Card', 'System Seed', '2026-03-31T07:33:42.990Z');

INSERT INTO public.order_items (order_id, product_id, name, quantity, unit_price, subtotal)
VALUES ('4448bb2f-cce8-430b-80e2-10dc8154fd24', '48233f0a-6e57-4a45-b033-627d13f1be78', 'Cappuccino', 2, 120, 240);

INSERT INTO public.order_items (order_id, product_id, name, quantity, unit_price, subtotal)
VALUES ('4448bb2f-cce8-430b-80e2-10dc8154fd24', '48233f0a-6e57-4a45-b033-627d13f1be78', 'Cappuccino', 3, 120, 360);

INSERT INTO public.order_items (order_id, product_id, name, quantity, unit_price, subtotal)
VALUES ('4448bb2f-cce8-430b-80e2-10dc8154fd24', '48233f0a-6e57-4a45-b033-627d13f1be78', 'Cappuccino', 3, 120, 360);

INSERT INTO public.orders (id, order_id, status, amount, payment_method, cashier_name, created_at)
VALUES ('643ea609-361b-4197-aa44-b207780a5a9d', 'ORD-00169', 'Completed', 680, 'GCash', 'System Seed', '2026-03-31T02:21:33.990Z');

INSERT INTO public.order_items (order_id, product_id, name, quantity, unit_price, subtotal)
VALUES ('643ea609-361b-4197-aa44-b207780a5a9d', '1b5c6269-ce45-4413-acb8-21813cd7f9cf', 'Mocha', 3, 140, 420);

INSERT INTO public.order_items (order_id, product_id, name, quantity, unit_price, subtotal)
VALUES ('643ea609-361b-4197-aa44-b207780a5a9d', '65f0b94f-ccbe-4b50-a175-66810ae10f44', 'Croissant', 2, 80, 160);

INSERT INTO public.order_items (order_id, product_id, name, quantity, unit_price, subtotal)
VALUES ('643ea609-361b-4197-aa44-b207780a5a9d', '83a6812d-2665-4ce5-871a-78a4eab3ce80', 'Americano', 1, 100, 100);

INSERT INTO public.orders (id, order_id, status, amount, payment_method, cashier_name, created_at)
VALUES ('6427e819-3bac-4f3c-8405-4589ae1370b6', 'ORD-00170', 'Completed', 870, 'GCash', 'System Seed', '2026-03-31T23:05:51.990Z');

INSERT INTO public.order_items (order_id, product_id, name, quantity, unit_price, subtotal)
VALUES ('6427e819-3bac-4f3c-8405-4589ae1370b6', '65f0b94f-ccbe-4b50-a175-66810ae10f44', 'Croissant', 3, 80, 240);

INSERT INTO public.order_items (order_id, product_id, name, quantity, unit_price, subtotal)
VALUES ('6427e819-3bac-4f3c-8405-4589ae1370b6', 'fe6b02e6-9366-4abd-874c-fcb832e0e282', 'Green Tea', 1, 90, 90);

INSERT INTO public.order_items (order_id, product_id, name, quantity, unit_price, subtotal)
VALUES ('6427e819-3bac-4f3c-8405-4589ae1370b6', 'fe6b02e6-9366-4abd-874c-fcb832e0e282', 'Green Tea', 2, 90, 180);

INSERT INTO public.order_items (order_id, product_id, name, quantity, unit_price, subtotal)
VALUES ('6427e819-3bac-4f3c-8405-4589ae1370b6', '3a6a55c0-70f3-4417-a252-db77d9e511c0', 'Latte', 3, 120, 360);

INSERT INTO public.orders (id, order_id, status, amount, payment_method, cashier_name, created_at)
VALUES ('fb511e6b-de64-4fea-9f83-695177c15b5a', 'ORD-00171', 'Completed', 1110, 'Maya', 'System Seed', '2026-04-01T09:20:12.990Z');

INSERT INTO public.order_items (order_id, product_id, name, quantity, unit_price, subtotal)
VALUES ('fb511e6b-de64-4fea-9f83-695177c15b5a', '1b5c6269-ce45-4413-acb8-21813cd7f9cf', 'Mocha', 3, 140, 420);

INSERT INTO public.order_items (order_id, product_id, name, quantity, unit_price, subtotal)
VALUES ('fb511e6b-de64-4fea-9f83-695177c15b5a', 'fe6b02e6-9366-4abd-874c-fcb832e0e282', 'Green Tea', 1, 90, 90);

INSERT INTO public.order_items (order_id, product_id, name, quantity, unit_price, subtotal)
VALUES ('fb511e6b-de64-4fea-9f83-695177c15b5a', '3a6a55c0-70f3-4417-a252-db77d9e511c0', 'Latte', 3, 120, 360);

INSERT INTO public.order_items (order_id, product_id, name, quantity, unit_price, subtotal)
VALUES ('fb511e6b-de64-4fea-9f83-695177c15b5a', '3a6a55c0-70f3-4417-a252-db77d9e511c0', 'Latte', 2, 120, 240);

INSERT INTO public.orders (id, order_id, status, amount, payment_method, cashier_name, created_at)
VALUES ('ad53b7b9-b8af-486c-9c57-c35be9b990d1', 'ORD-00172', 'Completed', 750, 'GCash', 'System Seed', '2026-04-01T08:03:20.990Z');

INSERT INTO public.order_items (order_id, product_id, name, quantity, unit_price, subtotal)
VALUES ('ad53b7b9-b8af-486c-9c57-c35be9b990d1', 'dfe22f11-84a3-41d2-a268-149f012eae60', 'Sparkling Lemonade', 3, 110, 330);

INSERT INTO public.order_items (order_id, product_id, name, quantity, unit_price, subtotal)
VALUES ('ad53b7b9-b8af-486c-9c57-c35be9b990d1', '1b5c6269-ce45-4413-acb8-21813cd7f9cf', 'Mocha', 3, 140, 420);

INSERT INTO public.orders (id, order_id, status, amount, payment_method, cashier_name, created_at)
VALUES ('03eeab8f-934d-4355-8183-b367795b3d54', 'ORD-00173', 'Void (Consumed)', 540, 'Credit Card', 'System Seed', '2026-03-31T23:12:41.990Z');

INSERT INTO public.order_items (order_id, product_id, name, quantity, unit_price, subtotal)
VALUES ('03eeab8f-934d-4355-8183-b367795b3d54', '1b5c6269-ce45-4413-acb8-21813cd7f9cf', 'Mocha', 3, 140, 420);

INSERT INTO public.order_items (order_id, product_id, name, quantity, unit_price, subtotal)
VALUES ('03eeab8f-934d-4355-8183-b367795b3d54', '3a6a55c0-70f3-4417-a252-db77d9e511c0', 'Latte', 1, 120, 120);

INSERT INTO public.orders (id, order_id, status, amount, payment_method, cashier_name, created_at)
VALUES ('9b9fe112-a6f0-4e49-8734-d8f2eabee9a4', 'ORD-00174', 'Completed', 575, 'Credit Card', 'System Seed', '2026-04-01T03:17:47.990Z');

INSERT INTO public.order_items (order_id, product_id, name, quantity, unit_price, subtotal)
VALUES ('9b9fe112-a6f0-4e49-8734-d8f2eabee9a4', '3a6a55c0-70f3-4417-a252-db77d9e511c0', 'Latte', 1, 120, 120);

INSERT INTO public.order_items (order_id, product_id, name, quantity, unit_price, subtotal)
VALUES ('9b9fe112-a6f0-4e49-8734-d8f2eabee9a4', '36c93748-7c86-4ddb-ba49-1bd1a164bf42', 'Blueberry Muffin', 1, 95, 95);

INSERT INTO public.order_items (order_id, product_id, name, quantity, unit_price, subtotal)
VALUES ('9b9fe112-a6f0-4e49-8734-d8f2eabee9a4', '3a6a55c0-70f3-4417-a252-db77d9e511c0', 'Latte', 3, 120, 360);

INSERT INTO public.orders (id, order_id, status, amount, payment_method, cashier_name, created_at)
VALUES ('be1cff4a-d583-4b2c-b4a7-0f083e66656f', 'ORD-00175', 'Void (Not Made)', 540, 'Maya', 'System Seed', '2026-04-01T11:15:17.990Z');

INSERT INTO public.order_items (order_id, product_id, name, quantity, unit_price, subtotal)
VALUES ('be1cff4a-d583-4b2c-b4a7-0f083e66656f', '83a6812d-2665-4ce5-871a-78a4eab3ce80', 'Americano', 3, 100, 300);

INSERT INTO public.order_items (order_id, product_id, name, quantity, unit_price, subtotal)
VALUES ('be1cff4a-d583-4b2c-b4a7-0f083e66656f', '48233f0a-6e57-4a45-b033-627d13f1be78', 'Cappuccino', 2, 120, 240);

INSERT INTO public.orders (id, order_id, status, amount, payment_method, cashier_name, created_at)
VALUES ('380dd01d-1f54-4af2-a9a9-e2df795e2e1f', 'ORD-00176', 'Completed', 335, 'Credit Card', 'System Seed', '2026-04-01T06:25:00.990Z');

INSERT INTO public.order_items (order_id, product_id, name, quantity, unit_price, subtotal)
VALUES ('380dd01d-1f54-4af2-a9a9-e2df795e2e1f', '36c93748-7c86-4ddb-ba49-1bd1a164bf42', 'Blueberry Muffin', 1, 95, 95);

INSERT INTO public.order_items (order_id, product_id, name, quantity, unit_price, subtotal)
VALUES ('380dd01d-1f54-4af2-a9a9-e2df795e2e1f', '48233f0a-6e57-4a45-b033-627d13f1be78', 'Cappuccino', 2, 120, 240);

INSERT INTO public.orders (id, order_id, status, amount, payment_method, cashier_name, created_at)
VALUES ('2a487923-52ea-4146-b92d-3014f128ac5d', 'ORD-00177', 'Completed', 500, 'GCash', 'System Seed', '2026-04-01T04:13:33.990Z');

INSERT INTO public.order_items (order_id, product_id, name, quantity, unit_price, subtotal)
VALUES ('2a487923-52ea-4146-b92d-3014f128ac5d', '48233f0a-6e57-4a45-b033-627d13f1be78', 'Cappuccino', 3, 120, 360);

INSERT INTO public.order_items (order_id, product_id, name, quantity, unit_price, subtotal)
VALUES ('2a487923-52ea-4146-b92d-3014f128ac5d', '1b5c6269-ce45-4413-acb8-21813cd7f9cf', 'Mocha', 1, 140, 140);

INSERT INTO public.orders (id, order_id, status, amount, payment_method, cashier_name, created_at)
VALUES ('d1664086-9f37-40d8-8268-55f0de192aa7', 'ORD-00178', 'Completed', 680, 'Maya', 'System Seed', '2026-04-01T03:33:18.990Z');

INSERT INTO public.order_items (order_id, product_id, name, quantity, unit_price, subtotal)
VALUES ('d1664086-9f37-40d8-8268-55f0de192aa7', '48233f0a-6e57-4a45-b033-627d13f1be78', 'Cappuccino', 3, 120, 360);

INSERT INTO public.order_items (order_id, product_id, name, quantity, unit_price, subtotal)
VALUES ('d1664086-9f37-40d8-8268-55f0de192aa7', '83a6812d-2665-4ce5-871a-78a4eab3ce80', 'Americano', 1, 100, 100);

INSERT INTO public.order_items (order_id, product_id, name, quantity, unit_price, subtotal)
VALUES ('d1664086-9f37-40d8-8268-55f0de192aa7', 'dfe22f11-84a3-41d2-a268-149f012eae60', 'Sparkling Lemonade', 2, 110, 220);

INSERT INTO public.orders (id, order_id, status, amount, payment_method, cashier_name, created_at)
VALUES ('120021ff-74bb-4f43-83a4-b8a32c98f743', 'ORD-00179', 'Completed', 555, 'Maya', 'System Seed', '2026-04-01T06:50:10.990Z');

INSERT INTO public.order_items (order_id, product_id, name, quantity, unit_price, subtotal)
VALUES ('120021ff-74bb-4f43-83a4-b8a32c98f743', 'dfe22f11-84a3-41d2-a268-149f012eae60', 'Sparkling Lemonade', 1, 110, 110);

INSERT INTO public.order_items (order_id, product_id, name, quantity, unit_price, subtotal)
VALUES ('120021ff-74bb-4f43-83a4-b8a32c98f743', '36c93748-7c86-4ddb-ba49-1bd1a164bf42', 'Blueberry Muffin', 3, 95, 285);

INSERT INTO public.order_items (order_id, product_id, name, quantity, unit_price, subtotal)
VALUES ('120021ff-74bb-4f43-83a4-b8a32c98f743', '65f0b94f-ccbe-4b50-a175-66810ae10f44', 'Croissant', 2, 80, 160);

INSERT INTO public.orders (id, order_id, status, amount, payment_method, cashier_name, created_at)
VALUES ('f7b7d760-d457-4842-a591-c20b4cbd8c0d', 'ORD-00180', 'Void (Not Made)', 765, 'Cash', 'System Seed', '2026-04-01T02:54:44.990Z');

INSERT INTO public.order_items (order_id, product_id, name, quantity, unit_price, subtotal)
VALUES ('f7b7d760-d457-4842-a591-c20b4cbd8c0d', '3a6a55c0-70f3-4417-a252-db77d9e511c0', 'Latte', 3, 120, 360);

INSERT INTO public.order_items (order_id, product_id, name, quantity, unit_price, subtotal)
VALUES ('f7b7d760-d457-4842-a591-c20b4cbd8c0d', '3a6a55c0-70f3-4417-a252-db77d9e511c0', 'Latte', 1, 120, 120);

INSERT INTO public.order_items (order_id, product_id, name, quantity, unit_price, subtotal)
VALUES ('f7b7d760-d457-4842-a591-c20b4cbd8c0d', '36c93748-7c86-4ddb-ba49-1bd1a164bf42', 'Blueberry Muffin', 3, 95, 285);

INSERT INTO public.orders (id, order_id, status, amount, payment_method, cashier_name, created_at)
VALUES ('b6c510b6-f909-495e-93dc-7cc5178d1d16', 'ORD-00181', 'Completed', 220, 'Credit Card', 'System Seed', '2026-03-31T23:02:37.990Z');

INSERT INTO public.order_items (order_id, product_id, name, quantity, unit_price, subtotal)
VALUES ('b6c510b6-f909-495e-93dc-7cc5178d1d16', 'dfe22f11-84a3-41d2-a268-149f012eae60', 'Sparkling Lemonade', 2, 110, 220);

INSERT INTO public.orders (id, order_id, status, amount, payment_method, cashier_name, created_at)
VALUES ('7875c496-9dd9-4993-b722-46ff87965c5f', 'ORD-00182', 'Void (Not Made)', 240, 'Credit Card', 'System Seed', '2026-04-01T03:06:27.990Z');

INSERT INTO public.order_items (order_id, product_id, name, quantity, unit_price, subtotal)
VALUES ('7875c496-9dd9-4993-b722-46ff87965c5f', '65f0b94f-ccbe-4b50-a175-66810ae10f44', 'Croissant', 3, 80, 240);

INSERT INTO public.orders (id, order_id, status, amount, payment_method, cashier_name, created_at)
VALUES ('e4d8dddb-40df-4593-8168-bb0a76a89cad', 'ORD-00183', 'Completed', 400, 'Maya', 'System Seed', '2026-04-01T12:51:54.990Z');

INSERT INTO public.order_items (order_id, product_id, name, quantity, unit_price, subtotal)
VALUES ('e4d8dddb-40df-4593-8168-bb0a76a89cad', '65f0b94f-ccbe-4b50-a175-66810ae10f44', 'Croissant', 1, 80, 80);

INSERT INTO public.order_items (order_id, product_id, name, quantity, unit_price, subtotal)
VALUES ('e4d8dddb-40df-4593-8168-bb0a76a89cad', 'dfe22f11-84a3-41d2-a268-149f012eae60', 'Sparkling Lemonade', 2, 110, 220);

INSERT INTO public.order_items (order_id, product_id, name, quantity, unit_price, subtotal)
VALUES ('e4d8dddb-40df-4593-8168-bb0a76a89cad', '83a6812d-2665-4ce5-871a-78a4eab3ce80', 'Americano', 1, 100, 100);

INSERT INTO public.orders (id, order_id, status, amount, payment_method, cashier_name, created_at)
VALUES ('86040cea-e106-42a9-b5da-46536aee5536', 'ORD-00184', 'Completed', 200, 'Credit Card', 'System Seed', '2026-04-01T11:22:42.990Z');

INSERT INTO public.order_items (order_id, product_id, name, quantity, unit_price, subtotal)
VALUES ('86040cea-e106-42a9-b5da-46536aee5536', '83a6812d-2665-4ce5-871a-78a4eab3ce80', 'Americano', 2, 100, 200);

INSERT INTO public.orders (id, order_id, status, amount, payment_method, cashier_name, created_at)
VALUES ('23bcec51-bc84-4ca4-a003-168b80cee940', 'ORD-00185', 'Completed', 200, 'Cash', 'System Seed', '2026-04-01T08:02:47.990Z');

INSERT INTO public.order_items (order_id, product_id, name, quantity, unit_price, subtotal)
VALUES ('23bcec51-bc84-4ca4-a003-168b80cee940', '83a6812d-2665-4ce5-871a-78a4eab3ce80', 'Americano', 1, 100, 100);

INSERT INTO public.order_items (order_id, product_id, name, quantity, unit_price, subtotal)
VALUES ('23bcec51-bc84-4ca4-a003-168b80cee940', '83a6812d-2665-4ce5-871a-78a4eab3ce80', 'Americano', 1, 100, 100);

INSERT INTO public.orders (id, order_id, status, amount, payment_method, cashier_name, created_at)
VALUES ('1af6f349-5b50-4f47-9e19-ce3e9312513d', 'ORD-00186', 'Completed', 850, 'GCash', 'System Seed', '2026-03-31T23:59:38.990Z');

INSERT INTO public.order_items (order_id, product_id, name, quantity, unit_price, subtotal)
VALUES ('1af6f349-5b50-4f47-9e19-ce3e9312513d', 'fe6b02e6-9366-4abd-874c-fcb832e0e282', 'Green Tea', 3, 90, 270);

INSERT INTO public.order_items (order_id, product_id, name, quantity, unit_price, subtotal)
VALUES ('1af6f349-5b50-4f47-9e19-ce3e9312513d', '1b5c6269-ce45-4413-acb8-21813cd7f9cf', 'Mocha', 1, 140, 140);

INSERT INTO public.order_items (order_id, product_id, name, quantity, unit_price, subtotal)
VALUES ('1af6f349-5b50-4f47-9e19-ce3e9312513d', '1b5c6269-ce45-4413-acb8-21813cd7f9cf', 'Mocha', 2, 140, 280);

INSERT INTO public.order_items (order_id, product_id, name, quantity, unit_price, subtotal)
VALUES ('1af6f349-5b50-4f47-9e19-ce3e9312513d', '65f0b94f-ccbe-4b50-a175-66810ae10f44', 'Croissant', 2, 80, 160);

INSERT INTO public.orders (id, order_id, status, amount, payment_method, cashier_name, created_at)
VALUES ('f4ad5eab-aecd-4ee1-8ea7-ab7af54467f4', 'ORD-00187', 'Completed', 200, 'Credit Card', 'System Seed', '2026-04-01T02:28:11.990Z');

INSERT INTO public.order_items (order_id, product_id, name, quantity, unit_price, subtotal)
VALUES ('f4ad5eab-aecd-4ee1-8ea7-ab7af54467f4', '83a6812d-2665-4ce5-871a-78a4eab3ce80', 'Americano', 2, 100, 200);

INSERT INTO public.orders (id, order_id, status, amount, payment_method, cashier_name, created_at)
VALUES ('09d2e7e0-9220-46b4-908f-cd7e7794984a', 'ORD-00188', 'Completed', 330, 'Cash', 'System Seed', '2026-04-01T04:39:13.990Z');

INSERT INTO public.order_items (order_id, product_id, name, quantity, unit_price, subtotal)
VALUES ('09d2e7e0-9220-46b4-908f-cd7e7794984a', 'dfe22f11-84a3-41d2-a268-149f012eae60', 'Sparkling Lemonade', 3, 110, 330);

INSERT INTO public.orders (id, order_id, status, amount, payment_method, cashier_name, created_at)
VALUES ('eab78aed-d954-45cc-8603-6fe8c90aa888', 'ORD-00189', 'Completed', 470, 'GCash', 'System Seed', '2026-04-01T00:30:22.990Z');

INSERT INTO public.order_items (order_id, product_id, name, quantity, unit_price, subtotal)
VALUES ('eab78aed-d954-45cc-8603-6fe8c90aa888', '83a6812d-2665-4ce5-871a-78a4eab3ce80', 'Americano', 2, 100, 200);

INSERT INTO public.order_items (order_id, product_id, name, quantity, unit_price, subtotal)
VALUES ('eab78aed-d954-45cc-8603-6fe8c90aa888', 'fe6b02e6-9366-4abd-874c-fcb832e0e282', 'Green Tea', 3, 90, 270);

INSERT INTO public.orders (id, order_id, status, amount, payment_method, cashier_name, created_at)
VALUES ('9b8d2419-0a3b-4b50-900c-1811551285a2', 'ORD-00190', 'Completed', 980, 'Credit Card', 'System Seed', '2026-04-01T03:18:00.990Z');

INSERT INTO public.order_items (order_id, product_id, name, quantity, unit_price, subtotal)
VALUES ('9b8d2419-0a3b-4b50-900c-1811551285a2', '48233f0a-6e57-4a45-b033-627d13f1be78', 'Cappuccino', 1, 120, 120);

INSERT INTO public.order_items (order_id, product_id, name, quantity, unit_price, subtotal)
VALUES ('9b8d2419-0a3b-4b50-900c-1811551285a2', '83a6812d-2665-4ce5-871a-78a4eab3ce80', 'Americano', 3, 100, 300);

INSERT INTO public.order_items (order_id, product_id, name, quantity, unit_price, subtotal)
VALUES ('9b8d2419-0a3b-4b50-900c-1811551285a2', '1b5c6269-ce45-4413-acb8-21813cd7f9cf', 'Mocha', 1, 140, 140);

INSERT INTO public.order_items (order_id, product_id, name, quantity, unit_price, subtotal)
VALUES ('9b8d2419-0a3b-4b50-900c-1811551285a2', '1b5c6269-ce45-4413-acb8-21813cd7f9cf', 'Mocha', 3, 140, 420);

INSERT INTO public.orders (id, order_id, status, amount, payment_method, cashier_name, created_at)
VALUES ('cf99e3a7-ef03-4354-9a4a-90b808429a69', 'ORD-00191', 'Completed', 360, 'Maya', 'System Seed', '2026-04-01T12:55:42.990Z');

INSERT INTO public.order_items (order_id, product_id, name, quantity, unit_price, subtotal)
VALUES ('cf99e3a7-ef03-4354-9a4a-90b808429a69', '65f0b94f-ccbe-4b50-a175-66810ae10f44', 'Croissant', 3, 80, 240);

INSERT INTO public.order_items (order_id, product_id, name, quantity, unit_price, subtotal)
VALUES ('cf99e3a7-ef03-4354-9a4a-90b808429a69', '3a6a55c0-70f3-4417-a252-db77d9e511c0', 'Latte', 1, 120, 120);

INSERT INTO public.orders (id, order_id, status, amount, payment_method, cashier_name, created_at)
VALUES ('8c41fe77-e196-42f6-b7a1-fcd512aaf3fc', 'ORD-00192', 'Completed', 470, 'GCash', 'System Seed', '2026-04-01T03:24:56.990Z');

INSERT INTO public.order_items (order_id, product_id, name, quantity, unit_price, subtotal)
VALUES ('8c41fe77-e196-42f6-b7a1-fcd512aaf3fc', '1b5c6269-ce45-4413-acb8-21813cd7f9cf', 'Mocha', 1, 140, 140);

INSERT INTO public.order_items (order_id, product_id, name, quantity, unit_price, subtotal)
VALUES ('8c41fe77-e196-42f6-b7a1-fcd512aaf3fc', 'dfe22f11-84a3-41d2-a268-149f012eae60', 'Sparkling Lemonade', 3, 110, 330);

INSERT INTO public.orders (id, order_id, status, amount, payment_method, cashier_name, created_at)
VALUES ('fac685e2-8028-42d9-b3a3-0d8850285dab', 'ORD-00193', 'Void (Not Made)', 100, 'Cash', 'System Seed', '2026-04-01T02:30:39.990Z');

INSERT INTO public.order_items (order_id, product_id, name, quantity, unit_price, subtotal)
VALUES ('fac685e2-8028-42d9-b3a3-0d8850285dab', '83a6812d-2665-4ce5-871a-78a4eab3ce80', 'Americano', 1, 100, 100);

INSERT INTO public.orders (id, order_id, status, amount, payment_method, cashier_name, created_at)
VALUES ('6d46e6f2-c101-4cdc-9139-8b6375e8e695', 'ORD-00194', 'Void (Consumed)', 445, 'GCash', 'System Seed', '2026-04-01T01:14:15.990Z');

INSERT INTO public.order_items (order_id, product_id, name, quantity, unit_price, subtotal)
VALUES ('6d46e6f2-c101-4cdc-9139-8b6375e8e695', '36c93748-7c86-4ddb-ba49-1bd1a164bf42', 'Blueberry Muffin', 1, 95, 95);

INSERT INTO public.order_items (order_id, product_id, name, quantity, unit_price, subtotal)
VALUES ('6d46e6f2-c101-4cdc-9139-8b6375e8e695', '48233f0a-6e57-4a45-b033-627d13f1be78', 'Cappuccino', 2, 120, 240);

INSERT INTO public.order_items (order_id, product_id, name, quantity, unit_price, subtotal)
VALUES ('6d46e6f2-c101-4cdc-9139-8b6375e8e695', 'dfe22f11-84a3-41d2-a268-149f012eae60', 'Sparkling Lemonade', 1, 110, 110);

INSERT INTO public.orders (id, order_id, status, amount, payment_method, cashier_name, created_at)
VALUES ('69b7cecd-c5a2-4f76-918f-4c1dc9da39cc', 'ORD-00195', 'Completed', 240, 'GCash', 'System Seed', '2026-04-01T00:45:14.990Z');

INSERT INTO public.order_items (order_id, product_id, name, quantity, unit_price, subtotal)
VALUES ('69b7cecd-c5a2-4f76-918f-4c1dc9da39cc', '65f0b94f-ccbe-4b50-a175-66810ae10f44', 'Croissant', 3, 80, 240);

INSERT INTO public.orders (id, order_id, status, amount, payment_method, cashier_name, created_at)
VALUES ('3cc28b9a-543a-4027-acf2-220c756ee1ac', 'ORD-00196', 'Void (Consumed)', 910, 'Credit Card', 'System Seed', '2026-04-01T08:36:20.990Z');

INSERT INTO public.order_items (order_id, product_id, name, quantity, unit_price, subtotal)
VALUES ('3cc28b9a-543a-4027-acf2-220c756ee1ac', '48233f0a-6e57-4a45-b033-627d13f1be78', 'Cappuccino', 3, 120, 360);

INSERT INTO public.order_items (order_id, product_id, name, quantity, unit_price, subtotal)
VALUES ('3cc28b9a-543a-4027-acf2-220c756ee1ac', '48233f0a-6e57-4a45-b033-627d13f1be78', 'Cappuccino', 1, 120, 120);

INSERT INTO public.order_items (order_id, product_id, name, quantity, unit_price, subtotal)
VALUES ('3cc28b9a-543a-4027-acf2-220c756ee1ac', '83a6812d-2665-4ce5-871a-78a4eab3ce80', 'Americano', 1, 100, 100);

INSERT INTO public.order_items (order_id, product_id, name, quantity, unit_price, subtotal)
VALUES ('3cc28b9a-543a-4027-acf2-220c756ee1ac', 'dfe22f11-84a3-41d2-a268-149f012eae60', 'Sparkling Lemonade', 3, 110, 330);

INSERT INTO public.orders (id, order_id, status, amount, payment_method, cashier_name, created_at)
VALUES ('128a9fe5-58ab-429b-a7d8-4046062713b5', 'ORD-00197', 'Void (Not Made)', 315, 'Credit Card', 'System Seed', '2026-04-01T06:00:20.990Z');

INSERT INTO public.order_items (order_id, product_id, name, quantity, unit_price, subtotal)
VALUES ('128a9fe5-58ab-429b-a7d8-4046062713b5', '36c93748-7c86-4ddb-ba49-1bd1a164bf42', 'Blueberry Muffin', 1, 95, 95);

INSERT INTO public.order_items (order_id, product_id, name, quantity, unit_price, subtotal)
VALUES ('128a9fe5-58ab-429b-a7d8-4046062713b5', 'dfe22f11-84a3-41d2-a268-149f012eae60', 'Sparkling Lemonade', 2, 110, 220);

INSERT INTO public.orders (id, order_id, status, amount, payment_method, cashier_name, created_at)
VALUES ('d2ae8522-9f80-4f1a-a5ae-f1bcbd3841b1', 'ORD-00198', 'Completed', 640, 'Maya', 'System Seed', '2026-04-01T10:51:57.990Z');

INSERT INTO public.order_items (order_id, product_id, name, quantity, unit_price, subtotal)
VALUES ('d2ae8522-9f80-4f1a-a5ae-f1bcbd3841b1', '1b5c6269-ce45-4413-acb8-21813cd7f9cf', 'Mocha', 1, 140, 140);

INSERT INTO public.order_items (order_id, product_id, name, quantity, unit_price, subtotal)
VALUES ('d2ae8522-9f80-4f1a-a5ae-f1bcbd3841b1', '83a6812d-2665-4ce5-871a-78a4eab3ce80', 'Americano', 2, 100, 200);

INSERT INTO public.order_items (order_id, product_id, name, quantity, unit_price, subtotal)
VALUES ('d2ae8522-9f80-4f1a-a5ae-f1bcbd3841b1', '83a6812d-2665-4ce5-871a-78a4eab3ce80', 'Americano', 3, 100, 300);

INSERT INTO public.orders (id, order_id, status, amount, payment_method, cashier_name, created_at)
VALUES ('1165951e-518d-41ba-b8d8-b8579bd927ca', 'ORD-00199', 'Completed', 525, 'Credit Card', 'System Seed', '2026-04-01T08:57:23.990Z');

INSERT INTO public.order_items (order_id, product_id, name, quantity, unit_price, subtotal)
VALUES ('1165951e-518d-41ba-b8d8-b8579bd927ca', '36c93748-7c86-4ddb-ba49-1bd1a164bf42', 'Blueberry Muffin', 3, 95, 285);

INSERT INTO public.order_items (order_id, product_id, name, quantity, unit_price, subtotal)
VALUES ('1165951e-518d-41ba-b8d8-b8579bd927ca', '3a6a55c0-70f3-4417-a252-db77d9e511c0', 'Latte', 2, 120, 240);

INSERT INTO public.orders (id, order_id, status, amount, payment_method, cashier_name, created_at)
VALUES ('e850ed31-9fca-4241-84b8-660d281a12b7', 'ORD-00200', 'Void (Consumed)', 240, 'GCash', 'System Seed', '2026-04-01T09:06:23.990Z');

INSERT INTO public.order_items (order_id, product_id, name, quantity, unit_price, subtotal)
VALUES ('e850ed31-9fca-4241-84b8-660d281a12b7', '48233f0a-6e57-4a45-b033-627d13f1be78', 'Cappuccino', 2, 120, 240);

INSERT INTO public.orders (id, order_id, status, amount, payment_method, cashier_name, created_at)
VALUES ('7c64d2f9-c0cc-454c-b7b0-c13f19ccf407', 'ORD-00201', 'Completed', 510, 'GCash', 'System Seed', '2026-04-01T08:49:34.990Z');

INSERT INTO public.order_items (order_id, product_id, name, quantity, unit_price, subtotal)
VALUES ('7c64d2f9-c0cc-454c-b7b0-c13f19ccf407', 'dfe22f11-84a3-41d2-a268-149f012eae60', 'Sparkling Lemonade', 3, 110, 330);

INSERT INTO public.order_items (order_id, product_id, name, quantity, unit_price, subtotal)
VALUES ('7c64d2f9-c0cc-454c-b7b0-c13f19ccf407', 'fe6b02e6-9366-4abd-874c-fcb832e0e282', 'Green Tea', 2, 90, 180);

INSERT INTO public.orders (id, order_id, status, amount, payment_method, cashier_name, created_at)
VALUES ('8bd5e355-b014-49b2-a90d-cfcff4495e7a', 'ORD-00202', 'Completed', 185, 'Maya', 'System Seed', '2026-04-02T04:50:03.990Z');

INSERT INTO public.order_items (order_id, product_id, name, quantity, unit_price, subtotal)
VALUES ('8bd5e355-b014-49b2-a90d-cfcff4495e7a', '36c93748-7c86-4ddb-ba49-1bd1a164bf42', 'Blueberry Muffin', 1, 95, 95);

INSERT INTO public.order_items (order_id, product_id, name, quantity, unit_price, subtotal)
VALUES ('8bd5e355-b014-49b2-a90d-cfcff4495e7a', 'fe6b02e6-9366-4abd-874c-fcb832e0e282', 'Green Tea', 1, 90, 90);

INSERT INTO public.orders (id, order_id, status, amount, payment_method, cashier_name, created_at)
VALUES ('b2f5c3e9-19ee-49f3-9338-45434c1b10dd', 'ORD-00203', 'Completed', 615, 'Cash', 'System Seed', '2026-04-02T01:27:35.990Z');

INSERT INTO public.order_items (order_id, product_id, name, quantity, unit_price, subtotal)
VALUES ('b2f5c3e9-19ee-49f3-9338-45434c1b10dd', '65f0b94f-ccbe-4b50-a175-66810ae10f44', 'Croissant', 3, 80, 240);

INSERT INTO public.order_items (order_id, product_id, name, quantity, unit_price, subtotal)
VALUES ('b2f5c3e9-19ee-49f3-9338-45434c1b10dd', '83a6812d-2665-4ce5-871a-78a4eab3ce80', 'Americano', 1, 100, 100);

INSERT INTO public.order_items (order_id, product_id, name, quantity, unit_price, subtotal)
VALUES ('b2f5c3e9-19ee-49f3-9338-45434c1b10dd', '36c93748-7c86-4ddb-ba49-1bd1a164bf42', 'Blueberry Muffin', 1, 95, 95);

INSERT INTO public.order_items (order_id, product_id, name, quantity, unit_price, subtotal)
VALUES ('b2f5c3e9-19ee-49f3-9338-45434c1b10dd', 'fe6b02e6-9366-4abd-874c-fcb832e0e282', 'Green Tea', 2, 90, 180);

INSERT INTO public.orders (id, order_id, status, amount, payment_method, cashier_name, created_at)
VALUES ('f08536cc-5363-41de-b682-714cb6820ac7', 'ORD-00204', 'Completed', 670, 'GCash', 'System Seed', '2026-04-02T02:01:24.990Z');

INSERT INTO public.order_items (order_id, product_id, name, quantity, unit_price, subtotal)
VALUES ('f08536cc-5363-41de-b682-714cb6820ac7', '3a6a55c0-70f3-4417-a252-db77d9e511c0', 'Latte', 3, 120, 360);

INSERT INTO public.order_items (order_id, product_id, name, quantity, unit_price, subtotal)
VALUES ('f08536cc-5363-41de-b682-714cb6820ac7', '36c93748-7c86-4ddb-ba49-1bd1a164bf42', 'Blueberry Muffin', 2, 95, 190);

INSERT INTO public.order_items (order_id, product_id, name, quantity, unit_price, subtotal)
VALUES ('f08536cc-5363-41de-b682-714cb6820ac7', '3a6a55c0-70f3-4417-a252-db77d9e511c0', 'Latte', 1, 120, 120);

INSERT INTO public.orders (id, order_id, status, amount, payment_method, cashier_name, created_at)
VALUES ('129880bd-beef-47d8-af79-f24adf5fab4d', 'ORD-00205', 'Void (Consumed)', 825, 'Cash', 'System Seed', '2026-04-02T09:32:04.990Z');

INSERT INTO public.order_items (order_id, product_id, name, quantity, unit_price, subtotal)
VALUES ('129880bd-beef-47d8-af79-f24adf5fab4d', '83a6812d-2665-4ce5-871a-78a4eab3ce80', 'Americano', 3, 100, 300);

INSERT INTO public.order_items (order_id, product_id, name, quantity, unit_price, subtotal)
VALUES ('129880bd-beef-47d8-af79-f24adf5fab4d', '48233f0a-6e57-4a45-b033-627d13f1be78', 'Cappuccino', 2, 120, 240);

INSERT INTO public.order_items (order_id, product_id, name, quantity, unit_price, subtotal)
VALUES ('129880bd-beef-47d8-af79-f24adf5fab4d', '36c93748-7c86-4ddb-ba49-1bd1a164bf42', 'Blueberry Muffin', 3, 95, 285);

INSERT INTO public.orders (id, order_id, status, amount, payment_method, cashier_name, created_at)
VALUES ('8078445b-830d-4723-ad96-2c7f201201ac', 'ORD-00206', 'Void (Not Made)', 180, 'Maya', 'System Seed', '2026-04-02T09:34:07.990Z');

INSERT INTO public.order_items (order_id, product_id, name, quantity, unit_price, subtotal)
VALUES ('8078445b-830d-4723-ad96-2c7f201201ac', 'fe6b02e6-9366-4abd-874c-fcb832e0e282', 'Green Tea', 1, 90, 90);

INSERT INTO public.order_items (order_id, product_id, name, quantity, unit_price, subtotal)
VALUES ('8078445b-830d-4723-ad96-2c7f201201ac', 'fe6b02e6-9366-4abd-874c-fcb832e0e282', 'Green Tea', 1, 90, 90);

INSERT INTO public.orders (id, order_id, status, amount, payment_method, cashier_name, created_at)
VALUES ('fa8af831-aaf1-44c3-af4f-01d6879f3bda', 'ORD-00207', 'Completed', 710, 'Maya', 'System Seed', '2026-04-02T03:19:20.990Z');

INSERT INTO public.order_items (order_id, product_id, name, quantity, unit_price, subtotal)
VALUES ('fa8af831-aaf1-44c3-af4f-01d6879f3bda', '36c93748-7c86-4ddb-ba49-1bd1a164bf42', 'Blueberry Muffin', 2, 95, 190);

INSERT INTO public.order_items (order_id, product_id, name, quantity, unit_price, subtotal)
VALUES ('fa8af831-aaf1-44c3-af4f-01d6879f3bda', '48233f0a-6e57-4a45-b033-627d13f1be78', 'Cappuccino', 2, 120, 240);

INSERT INTO public.order_items (order_id, product_id, name, quantity, unit_price, subtotal)
VALUES ('fa8af831-aaf1-44c3-af4f-01d6879f3bda', '1b5c6269-ce45-4413-acb8-21813cd7f9cf', 'Mocha', 2, 140, 280);

INSERT INTO public.orders (id, order_id, status, amount, payment_method, cashier_name, created_at)
VALUES ('f16f9555-3d12-4eaa-9b50-49b8779a2268', 'ORD-00208', 'Completed', 380, 'GCash', 'System Seed', '2026-04-01T23:23:47.990Z');

INSERT INTO public.order_items (order_id, product_id, name, quantity, unit_price, subtotal)
VALUES ('f16f9555-3d12-4eaa-9b50-49b8779a2268', '3a6a55c0-70f3-4417-a252-db77d9e511c0', 'Latte', 2, 120, 240);

INSERT INTO public.order_items (order_id, product_id, name, quantity, unit_price, subtotal)
VALUES ('f16f9555-3d12-4eaa-9b50-49b8779a2268', '1b5c6269-ce45-4413-acb8-21813cd7f9cf', 'Mocha', 1, 140, 140);

INSERT INTO public.orders (id, order_id, status, amount, payment_method, cashier_name, created_at)
VALUES ('bae6878e-e378-404b-98d4-0c00cf10bec8', 'ORD-00209', 'Void (Consumed)', 730, 'GCash', 'System Seed', '2026-04-02T09:02:32.990Z');

INSERT INTO public.order_items (order_id, product_id, name, quantity, unit_price, subtotal)
VALUES ('bae6878e-e378-404b-98d4-0c00cf10bec8', 'fe6b02e6-9366-4abd-874c-fcb832e0e282', 'Green Tea', 2, 90, 180);

INSERT INTO public.order_items (order_id, product_id, name, quantity, unit_price, subtotal)
VALUES ('bae6878e-e378-404b-98d4-0c00cf10bec8', '36c93748-7c86-4ddb-ba49-1bd1a164bf42', 'Blueberry Muffin', 2, 95, 190);

INSERT INTO public.order_items (order_id, product_id, name, quantity, unit_price, subtotal)
VALUES ('bae6878e-e378-404b-98d4-0c00cf10bec8', '48233f0a-6e57-4a45-b033-627d13f1be78', 'Cappuccino', 3, 120, 360);

INSERT INTO public.orders (id, order_id, status, amount, payment_method, cashier_name, created_at)
VALUES ('4ad8e741-f673-4f51-a93a-3f8518a7fa94', 'ORD-00210', 'Void (Not Made)', 935, 'Credit Card', 'System Seed', '2026-04-02T03:30:52.990Z');

INSERT INTO public.order_items (order_id, product_id, name, quantity, unit_price, subtotal)
VALUES ('4ad8e741-f673-4f51-a93a-3f8518a7fa94', 'fe6b02e6-9366-4abd-874c-fcb832e0e282', 'Green Tea', 3, 90, 270);

INSERT INTO public.order_items (order_id, product_id, name, quantity, unit_price, subtotal)
VALUES ('4ad8e741-f673-4f51-a93a-3f8518a7fa94', '36c93748-7c86-4ddb-ba49-1bd1a164bf42', 'Blueberry Muffin', 3, 95, 285);

INSERT INTO public.order_items (order_id, product_id, name, quantity, unit_price, subtotal)
VALUES ('4ad8e741-f673-4f51-a93a-3f8518a7fa94', 'fe6b02e6-9366-4abd-874c-fcb832e0e282', 'Green Tea', 2, 90, 180);

INSERT INTO public.order_items (order_id, product_id, name, quantity, unit_price, subtotal)
VALUES ('4ad8e741-f673-4f51-a93a-3f8518a7fa94', '83a6812d-2665-4ce5-871a-78a4eab3ce80', 'Americano', 2, 100, 200);

INSERT INTO public.orders (id, order_id, status, amount, payment_method, cashier_name, created_at)
VALUES ('ea460eac-5485-40a6-8854-695aa9319946', 'ORD-00211', 'Completed', 750, 'Cash', 'System Seed', '2026-04-02T12:08:36.990Z');

INSERT INTO public.order_items (order_id, product_id, name, quantity, unit_price, subtotal)
VALUES ('ea460eac-5485-40a6-8854-695aa9319946', 'dfe22f11-84a3-41d2-a268-149f012eae60', 'Sparkling Lemonade', 2, 110, 220);

INSERT INTO public.order_items (order_id, product_id, name, quantity, unit_price, subtotal)
VALUES ('ea460eac-5485-40a6-8854-695aa9319946', '65f0b94f-ccbe-4b50-a175-66810ae10f44', 'Croissant', 1, 80, 80);

INSERT INTO public.order_items (order_id, product_id, name, quantity, unit_price, subtotal)
VALUES ('ea460eac-5485-40a6-8854-695aa9319946', '48233f0a-6e57-4a45-b033-627d13f1be78', 'Cappuccino', 3, 120, 360);

INSERT INTO public.order_items (order_id, product_id, name, quantity, unit_price, subtotal)
VALUES ('ea460eac-5485-40a6-8854-695aa9319946', 'fe6b02e6-9366-4abd-874c-fcb832e0e282', 'Green Tea', 1, 90, 90);

INSERT INTO public.orders (id, order_id, status, amount, payment_method, cashier_name, created_at)
VALUES ('51864f45-8f29-4908-b434-c892a7ecb8e8', 'ORD-00212', 'Completed', 700, 'Maya', 'System Seed', '2026-04-02T10:08:30.990Z');

INSERT INTO public.order_items (order_id, product_id, name, quantity, unit_price, subtotal)
VALUES ('51864f45-8f29-4908-b434-c892a7ecb8e8', '83a6812d-2665-4ce5-871a-78a4eab3ce80', 'Americano', 1, 100, 100);

INSERT INTO public.order_items (order_id, product_id, name, quantity, unit_price, subtotal)
VALUES ('51864f45-8f29-4908-b434-c892a7ecb8e8', '3a6a55c0-70f3-4417-a252-db77d9e511c0', 'Latte', 1, 120, 120);

INSERT INTO public.order_items (order_id, product_id, name, quantity, unit_price, subtotal)
VALUES ('51864f45-8f29-4908-b434-c892a7ecb8e8', '48233f0a-6e57-4a45-b033-627d13f1be78', 'Cappuccino', 3, 120, 360);

INSERT INTO public.order_items (order_id, product_id, name, quantity, unit_price, subtotal)
VALUES ('51864f45-8f29-4908-b434-c892a7ecb8e8', '48233f0a-6e57-4a45-b033-627d13f1be78', 'Cappuccino', 1, 120, 120);

INSERT INTO public.orders (id, order_id, status, amount, payment_method, cashier_name, created_at)
VALUES ('f951712b-fe03-4a82-ab6b-5f4d08612103', 'ORD-00213', 'Completed', 660, 'Cash', 'System Seed', '2026-04-02T01:55:47.990Z');

INSERT INTO public.order_items (order_id, product_id, name, quantity, unit_price, subtotal)
VALUES ('f951712b-fe03-4a82-ab6b-5f4d08612103', '1b5c6269-ce45-4413-acb8-21813cd7f9cf', 'Mocha', 2, 140, 280);

INSERT INTO public.order_items (order_id, product_id, name, quantity, unit_price, subtotal)
VALUES ('f951712b-fe03-4a82-ab6b-5f4d08612103', '1b5c6269-ce45-4413-acb8-21813cd7f9cf', 'Mocha', 1, 140, 140);

INSERT INTO public.order_items (order_id, product_id, name, quantity, unit_price, subtotal)
VALUES ('f951712b-fe03-4a82-ab6b-5f4d08612103', '3a6a55c0-70f3-4417-a252-db77d9e511c0', 'Latte', 2, 120, 240);

INSERT INTO public.orders (id, order_id, status, amount, payment_method, cashier_name, created_at)
VALUES ('ea6ea0e3-fc63-4fa1-a075-0a61ffba930b', 'ORD-00214', 'Completed', 610, 'Credit Card', 'System Seed', '2026-04-02T08:27:06.990Z');

INSERT INTO public.order_items (order_id, product_id, name, quantity, unit_price, subtotal)
VALUES ('ea6ea0e3-fc63-4fa1-a075-0a61ffba930b', '65f0b94f-ccbe-4b50-a175-66810ae10f44', 'Croissant', 1, 80, 80);

INSERT INTO public.order_items (order_id, product_id, name, quantity, unit_price, subtotal)
VALUES ('ea6ea0e3-fc63-4fa1-a075-0a61ffba930b', '1b5c6269-ce45-4413-acb8-21813cd7f9cf', 'Mocha', 3, 140, 420);

INSERT INTO public.order_items (order_id, product_id, name, quantity, unit_price, subtotal)
VALUES ('ea6ea0e3-fc63-4fa1-a075-0a61ffba930b', 'dfe22f11-84a3-41d2-a268-149f012eae60', 'Sparkling Lemonade', 1, 110, 110);

INSERT INTO public.orders (id, order_id, status, amount, payment_method, cashier_name, created_at)
VALUES ('43b4e154-2a7c-4a8a-9d8e-e1049f1e85b3', 'ORD-00215', 'Void (Consumed)', 820, 'Maya', 'System Seed', '2026-04-02T09:37:28.990Z');

INSERT INTO public.order_items (order_id, product_id, name, quantity, unit_price, subtotal)
VALUES ('43b4e154-2a7c-4a8a-9d8e-e1049f1e85b3', 'fe6b02e6-9366-4abd-874c-fcb832e0e282', 'Green Tea', 3, 90, 270);

INSERT INTO public.order_items (order_id, product_id, name, quantity, unit_price, subtotal)
VALUES ('43b4e154-2a7c-4a8a-9d8e-e1049f1e85b3', 'dfe22f11-84a3-41d2-a268-149f012eae60', 'Sparkling Lemonade', 3, 110, 330);

INSERT INTO public.order_items (order_id, product_id, name, quantity, unit_price, subtotal)
VALUES ('43b4e154-2a7c-4a8a-9d8e-e1049f1e85b3', 'dfe22f11-84a3-41d2-a268-149f012eae60', 'Sparkling Lemonade', 2, 110, 220);

INSERT INTO public.orders (id, order_id, status, amount, payment_method, cashier_name, created_at)
VALUES ('2eb2446d-a74d-44a1-8a6b-6af9abfbdf92', 'ORD-00216', 'Void (Not Made)', 600, 'GCash', 'System Seed', '2026-04-02T10:39:19.990Z');

INSERT INTO public.order_items (order_id, product_id, name, quantity, unit_price, subtotal)
VALUES ('2eb2446d-a74d-44a1-8a6b-6af9abfbdf92', '3a6a55c0-70f3-4417-a252-db77d9e511c0', 'Latte', 3, 120, 360);

INSERT INTO public.order_items (order_id, product_id, name, quantity, unit_price, subtotal)
VALUES ('2eb2446d-a74d-44a1-8a6b-6af9abfbdf92', '3a6a55c0-70f3-4417-a252-db77d9e511c0', 'Latte', 2, 120, 240);

INSERT INTO public.orders (id, order_id, status, amount, payment_method, cashier_name, created_at)
VALUES ('3cb732ab-351a-4a53-8014-2d0b0bc1d57b', 'ORD-00217', 'Void (Consumed)', 480, 'Maya', 'System Seed', '2026-04-02T06:54:21.990Z');

INSERT INTO public.order_items (order_id, product_id, name, quantity, unit_price, subtotal)
VALUES ('3cb732ab-351a-4a53-8014-2d0b0bc1d57b', '48233f0a-6e57-4a45-b033-627d13f1be78', 'Cappuccino', 1, 120, 120);

INSERT INTO public.order_items (order_id, product_id, name, quantity, unit_price, subtotal)
VALUES ('3cb732ab-351a-4a53-8014-2d0b0bc1d57b', '65f0b94f-ccbe-4b50-a175-66810ae10f44', 'Croissant', 3, 80, 240);

INSERT INTO public.order_items (order_id, product_id, name, quantity, unit_price, subtotal)
VALUES ('3cb732ab-351a-4a53-8014-2d0b0bc1d57b', '48233f0a-6e57-4a45-b033-627d13f1be78', 'Cappuccino', 1, 120, 120);

INSERT INTO public.orders (id, order_id, status, amount, payment_method, cashier_name, created_at)
VALUES ('2fdd8294-e1f3-484b-9adb-00abc24298ba', 'ORD-00218', 'Completed', 370, 'Credit Card', 'System Seed', '2026-04-02T01:33:10.990Z');

INSERT INTO public.order_items (order_id, product_id, name, quantity, unit_price, subtotal)
VALUES ('2fdd8294-e1f3-484b-9adb-00abc24298ba', 'fe6b02e6-9366-4abd-874c-fcb832e0e282', 'Green Tea', 1, 90, 90);

INSERT INTO public.order_items (order_id, product_id, name, quantity, unit_price, subtotal)
VALUES ('2fdd8294-e1f3-484b-9adb-00abc24298ba', '48233f0a-6e57-4a45-b033-627d13f1be78', 'Cappuccino', 1, 120, 120);

INSERT INTO public.order_items (order_id, product_id, name, quantity, unit_price, subtotal)
VALUES ('2fdd8294-e1f3-484b-9adb-00abc24298ba', '65f0b94f-ccbe-4b50-a175-66810ae10f44', 'Croissant', 2, 80, 160);

INSERT INTO public.orders (id, order_id, status, amount, payment_method, cashier_name, created_at)
VALUES ('63f76343-51c1-4ab6-b987-b31da814a0b1', 'ORD-00219', 'Completed', 900, 'Maya', 'System Seed', '2026-04-02T06:55:54.990Z');

INSERT INTO public.order_items (order_id, product_id, name, quantity, unit_price, subtotal)
VALUES ('63f76343-51c1-4ab6-b987-b31da814a0b1', 'dfe22f11-84a3-41d2-a268-149f012eae60', 'Sparkling Lemonade', 2, 110, 220);

INSERT INTO public.order_items (order_id, product_id, name, quantity, unit_price, subtotal)
VALUES ('63f76343-51c1-4ab6-b987-b31da814a0b1', '83a6812d-2665-4ce5-871a-78a4eab3ce80', 'Americano', 2, 100, 200);

INSERT INTO public.order_items (order_id, product_id, name, quantity, unit_price, subtotal)
VALUES ('63f76343-51c1-4ab6-b987-b31da814a0b1', '48233f0a-6e57-4a45-b033-627d13f1be78', 'Cappuccino', 2, 120, 240);

INSERT INTO public.order_items (order_id, product_id, name, quantity, unit_price, subtotal)
VALUES ('63f76343-51c1-4ab6-b987-b31da814a0b1', '65f0b94f-ccbe-4b50-a175-66810ae10f44', 'Croissant', 3, 80, 240);

INSERT INTO public.orders (id, order_id, status, amount, payment_method, cashier_name, created_at)
VALUES ('9b0e2ad8-fd60-4aaa-9b9e-6206235709da', 'ORD-00220', 'Completed', 700, 'GCash', 'System Seed', '2026-04-02T02:41:44.990Z');

INSERT INTO public.order_items (order_id, product_id, name, quantity, unit_price, subtotal)
VALUES ('9b0e2ad8-fd60-4aaa-9b9e-6206235709da', '48233f0a-6e57-4a45-b033-627d13f1be78', 'Cappuccino', 2, 120, 240);

INSERT INTO public.order_items (order_id, product_id, name, quantity, unit_price, subtotal)
VALUES ('9b0e2ad8-fd60-4aaa-9b9e-6206235709da', '3a6a55c0-70f3-4417-a252-db77d9e511c0', 'Latte', 2, 120, 240);

INSERT INTO public.order_items (order_id, product_id, name, quantity, unit_price, subtotal)
VALUES ('9b0e2ad8-fd60-4aaa-9b9e-6206235709da', 'dfe22f11-84a3-41d2-a268-149f012eae60', 'Sparkling Lemonade', 2, 110, 220);

INSERT INTO public.orders (id, order_id, status, amount, payment_method, cashier_name, created_at)
VALUES ('cadaaa07-1388-4f98-b2e9-f9c666b677ba', 'ORD-00221', 'Completed', 260, 'Cash', 'System Seed', '2026-04-02T09:17:47.990Z');

INSERT INTO public.order_items (order_id, product_id, name, quantity, unit_price, subtotal)
VALUES ('cadaaa07-1388-4f98-b2e9-f9c666b677ba', '1b5c6269-ce45-4413-acb8-21813cd7f9cf', 'Mocha', 1, 140, 140);

INSERT INTO public.order_items (order_id, product_id, name, quantity, unit_price, subtotal)
VALUES ('cadaaa07-1388-4f98-b2e9-f9c666b677ba', '3a6a55c0-70f3-4417-a252-db77d9e511c0', 'Latte', 1, 120, 120);

INSERT INTO public.orders (id, order_id, status, amount, payment_method, cashier_name, created_at)
VALUES ('fdc72aba-c8f8-43a7-9882-6035c4d5fd44', 'ORD-00222', 'Void (Consumed)', 200, 'GCash', 'System Seed', '2026-04-02T11:31:38.990Z');

INSERT INTO public.order_items (order_id, product_id, name, quantity, unit_price, subtotal)
VALUES ('fdc72aba-c8f8-43a7-9882-6035c4d5fd44', '83a6812d-2665-4ce5-871a-78a4eab3ce80', 'Americano', 2, 100, 200);

INSERT INTO public.orders (id, order_id, status, amount, payment_method, cashier_name, created_at)
VALUES ('b6836bdd-d9fa-4009-8b24-6f967d31e70b', 'ORD-00223', 'Void (Not Made)', 110, 'Credit Card', 'System Seed', '2026-04-02T05:53:18.990Z');

INSERT INTO public.order_items (order_id, product_id, name, quantity, unit_price, subtotal)
VALUES ('b6836bdd-d9fa-4009-8b24-6f967d31e70b', 'dfe22f11-84a3-41d2-a268-149f012eae60', 'Sparkling Lemonade', 1, 110, 110);

INSERT INTO public.orders (id, order_id, status, amount, payment_method, cashier_name, created_at)
VALUES ('4ed926fb-95c1-4d88-9d17-2f5574d92473', 'ORD-00224', 'Completed', 500, 'Credit Card', 'System Seed', '2026-04-02T05:31:45.990Z');

INSERT INTO public.order_items (order_id, product_id, name, quantity, unit_price, subtotal)
VALUES ('4ed926fb-95c1-4d88-9d17-2f5574d92473', '65f0b94f-ccbe-4b50-a175-66810ae10f44', 'Croissant', 1, 80, 80);

INSERT INTO public.order_items (order_id, product_id, name, quantity, unit_price, subtotal)
VALUES ('4ed926fb-95c1-4d88-9d17-2f5574d92473', 'dfe22f11-84a3-41d2-a268-149f012eae60', 'Sparkling Lemonade', 1, 110, 110);

INSERT INTO public.order_items (order_id, product_id, name, quantity, unit_price, subtotal)
VALUES ('4ed926fb-95c1-4d88-9d17-2f5574d92473', '48233f0a-6e57-4a45-b033-627d13f1be78', 'Cappuccino', 1, 120, 120);

INSERT INTO public.order_items (order_id, product_id, name, quantity, unit_price, subtotal)
VALUES ('4ed926fb-95c1-4d88-9d17-2f5574d92473', '36c93748-7c86-4ddb-ba49-1bd1a164bf42', 'Blueberry Muffin', 2, 95, 190);

INSERT INTO public.orders (id, order_id, status, amount, payment_method, cashier_name, created_at)
VALUES ('7b66baf4-0676-4873-a7cf-46935921f279', 'ORD-00225', 'Completed', 810, 'GCash', 'System Seed', '2026-04-02T08:48:09.990Z');

INSERT INTO public.order_items (order_id, product_id, name, quantity, unit_price, subtotal)
VALUES ('7b66baf4-0676-4873-a7cf-46935921f279', 'dfe22f11-84a3-41d2-a268-149f012eae60', 'Sparkling Lemonade', 3, 110, 330);

INSERT INTO public.order_items (order_id, product_id, name, quantity, unit_price, subtotal)
VALUES ('7b66baf4-0676-4873-a7cf-46935921f279', '3a6a55c0-70f3-4417-a252-db77d9e511c0', 'Latte', 1, 120, 120);

INSERT INTO public.order_items (order_id, product_id, name, quantity, unit_price, subtotal)
VALUES ('7b66baf4-0676-4873-a7cf-46935921f279', '48233f0a-6e57-4a45-b033-627d13f1be78', 'Cappuccino', 3, 120, 360);

INSERT INTO public.orders (id, order_id, status, amount, payment_method, cashier_name, created_at)
VALUES ('12ae82d5-de3b-4848-8d62-5ed7136b0017', 'ORD-00226', 'Completed', 910, 'GCash', 'System Seed', '2026-04-02T06:13:38.990Z');

INSERT INTO public.order_items (order_id, product_id, name, quantity, unit_price, subtotal)
VALUES ('12ae82d5-de3b-4848-8d62-5ed7136b0017', 'dfe22f11-84a3-41d2-a268-149f012eae60', 'Sparkling Lemonade', 3, 110, 330);

INSERT INTO public.order_items (order_id, product_id, name, quantity, unit_price, subtotal)
VALUES ('12ae82d5-de3b-4848-8d62-5ed7136b0017', '1b5c6269-ce45-4413-acb8-21813cd7f9cf', 'Mocha', 2, 140, 280);

INSERT INTO public.order_items (order_id, product_id, name, quantity, unit_price, subtotal)
VALUES ('12ae82d5-de3b-4848-8d62-5ed7136b0017', '83a6812d-2665-4ce5-871a-78a4eab3ce80', 'Americano', 3, 100, 300);

INSERT INTO public.orders (id, order_id, status, amount, payment_method, cashier_name, created_at)
VALUES ('afa6a663-099d-4562-89de-0bc0c928f956', 'ORD-00227', 'Completed', 580, 'Credit Card', 'System Seed', '2026-04-02T03:05:17.990Z');

INSERT INTO public.order_items (order_id, product_id, name, quantity, unit_price, subtotal)
VALUES ('afa6a663-099d-4562-89de-0bc0c928f956', '1b5c6269-ce45-4413-acb8-21813cd7f9cf', 'Mocha', 1, 140, 140);

INSERT INTO public.order_items (order_id, product_id, name, quantity, unit_price, subtotal)
VALUES ('afa6a663-099d-4562-89de-0bc0c928f956', '65f0b94f-ccbe-4b50-a175-66810ae10f44', 'Croissant', 1, 80, 80);

INSERT INTO public.order_items (order_id, product_id, name, quantity, unit_price, subtotal)
VALUES ('afa6a663-099d-4562-89de-0bc0c928f956', 'fe6b02e6-9366-4abd-874c-fcb832e0e282', 'Green Tea', 3, 90, 270);

INSERT INTO public.order_items (order_id, product_id, name, quantity, unit_price, subtotal)
VALUES ('afa6a663-099d-4562-89de-0bc0c928f956', 'fe6b02e6-9366-4abd-874c-fcb832e0e282', 'Green Tea', 1, 90, 90);

INSERT INTO public.orders (id, order_id, status, amount, payment_method, cashier_name, created_at)
VALUES ('957f96b2-06ae-48cc-b681-3b0925646ac4', 'ORD-00228', 'Completed', 400, 'Credit Card', 'System Seed', '2026-04-02T03:20:13.990Z');

INSERT INTO public.order_items (order_id, product_id, name, quantity, unit_price, subtotal)
VALUES ('957f96b2-06ae-48cc-b681-3b0925646ac4', '65f0b94f-ccbe-4b50-a175-66810ae10f44', 'Croissant', 2, 80, 160);

INSERT INTO public.order_items (order_id, product_id, name, quantity, unit_price, subtotal)
VALUES ('957f96b2-06ae-48cc-b681-3b0925646ac4', '65f0b94f-ccbe-4b50-a175-66810ae10f44', 'Croissant', 3, 80, 240);

INSERT INTO public.orders (id, order_id, status, amount, payment_method, cashier_name, created_at)
VALUES ('56c1f871-f9c9-4a40-abaa-9b0fb35eedc0', 'ORD-00229', 'Completed', 770, 'GCash', 'System Seed', '2026-04-02T04:28:50.990Z');

INSERT INTO public.order_items (order_id, product_id, name, quantity, unit_price, subtotal)
VALUES ('56c1f871-f9c9-4a40-abaa-9b0fb35eedc0', 'dfe22f11-84a3-41d2-a268-149f012eae60', 'Sparkling Lemonade', 1, 110, 110);

INSERT INTO public.order_items (order_id, product_id, name, quantity, unit_price, subtotal)
VALUES ('56c1f871-f9c9-4a40-abaa-9b0fb35eedc0', '65f0b94f-ccbe-4b50-a175-66810ae10f44', 'Croissant', 3, 80, 240);

INSERT INTO public.order_items (order_id, product_id, name, quantity, unit_price, subtotal)
VALUES ('56c1f871-f9c9-4a40-abaa-9b0fb35eedc0', '1b5c6269-ce45-4413-acb8-21813cd7f9cf', 'Mocha', 3, 140, 420);

INSERT INTO public.orders (id, order_id, status, amount, payment_method, cashier_name, created_at)
VALUES ('74ca7b66-42f2-4936-ab6c-d997bdb2e291', 'ORD-00230', 'Void (Consumed)', 685, 'Cash', 'System Seed', '2026-04-02T02:34:33.990Z');

INSERT INTO public.order_items (order_id, product_id, name, quantity, unit_price, subtotal)
VALUES ('74ca7b66-42f2-4936-ab6c-d997bdb2e291', 'fe6b02e6-9366-4abd-874c-fcb832e0e282', 'Green Tea', 3, 90, 270);

INSERT INTO public.order_items (order_id, product_id, name, quantity, unit_price, subtotal)
VALUES ('74ca7b66-42f2-4936-ab6c-d997bdb2e291', '83a6812d-2665-4ce5-871a-78a4eab3ce80', 'Americano', 1, 100, 100);

INSERT INTO public.order_items (order_id, product_id, name, quantity, unit_price, subtotal)
VALUES ('74ca7b66-42f2-4936-ab6c-d997bdb2e291', '36c93748-7c86-4ddb-ba49-1bd1a164bf42', 'Blueberry Muffin', 1, 95, 95);

INSERT INTO public.order_items (order_id, product_id, name, quantity, unit_price, subtotal)
VALUES ('74ca7b66-42f2-4936-ab6c-d997bdb2e291', 'dfe22f11-84a3-41d2-a268-149f012eae60', 'Sparkling Lemonade', 2, 110, 220);

INSERT INTO public.orders (id, order_id, status, amount, payment_method, cashier_name, created_at)
VALUES ('1c471ad0-d98d-4b92-b5c3-8f97b2a3432e', 'ORD-00231', 'Completed', 1060, 'Cash', 'System Seed', '2026-04-02T11:21:41.990Z');

INSERT INTO public.order_items (order_id, product_id, name, quantity, unit_price, subtotal)
VALUES ('1c471ad0-d98d-4b92-b5c3-8f97b2a3432e', '1b5c6269-ce45-4413-acb8-21813cd7f9cf', 'Mocha', 3, 140, 420);

INSERT INTO public.order_items (order_id, product_id, name, quantity, unit_price, subtotal)
VALUES ('1c471ad0-d98d-4b92-b5c3-8f97b2a3432e', '3a6a55c0-70f3-4417-a252-db77d9e511c0', 'Latte', 3, 120, 360);

INSERT INTO public.order_items (order_id, product_id, name, quantity, unit_price, subtotal)
VALUES ('1c471ad0-d98d-4b92-b5c3-8f97b2a3432e', '65f0b94f-ccbe-4b50-a175-66810ae10f44', 'Croissant', 1, 80, 80);

INSERT INTO public.order_items (order_id, product_id, name, quantity, unit_price, subtotal)
VALUES ('1c471ad0-d98d-4b92-b5c3-8f97b2a3432e', '83a6812d-2665-4ce5-871a-78a4eab3ce80', 'Americano', 2, 100, 200);

INSERT INTO public.orders (id, order_id, status, amount, payment_method, cashier_name, created_at)
VALUES ('75fcf12c-52e6-4650-b7db-aaf6371b4922', 'ORD-00232', 'Completed', 980, 'Maya', 'System Seed', '2026-04-02T00:01:27.990Z');

INSERT INTO public.order_items (order_id, product_id, name, quantity, unit_price, subtotal)
VALUES ('75fcf12c-52e6-4650-b7db-aaf6371b4922', 'dfe22f11-84a3-41d2-a268-149f012eae60', 'Sparkling Lemonade', 2, 110, 220);

INSERT INTO public.order_items (order_id, product_id, name, quantity, unit_price, subtotal)
VALUES ('75fcf12c-52e6-4650-b7db-aaf6371b4922', '65f0b94f-ccbe-4b50-a175-66810ae10f44', 'Croissant', 2, 80, 160);

INSERT INTO public.order_items (order_id, product_id, name, quantity, unit_price, subtotal)
VALUES ('75fcf12c-52e6-4650-b7db-aaf6371b4922', 'fe6b02e6-9366-4abd-874c-fcb832e0e282', 'Green Tea', 3, 90, 270);

INSERT INTO public.order_items (order_id, product_id, name, quantity, unit_price, subtotal)
VALUES ('75fcf12c-52e6-4650-b7db-aaf6371b4922', 'dfe22f11-84a3-41d2-a268-149f012eae60', 'Sparkling Lemonade', 3, 110, 330);

INSERT INTO public.orders (id, order_id, status, amount, payment_method, cashier_name, created_at)
VALUES ('03e5f07b-77c7-4f79-98ba-4f5e6598c214', 'ORD-00233', 'Completed', 620, 'Credit Card', 'System Seed', '2026-04-02T04:52:08.990Z');

INSERT INTO public.order_items (order_id, product_id, name, quantity, unit_price, subtotal)
VALUES ('03e5f07b-77c7-4f79-98ba-4f5e6598c214', '83a6812d-2665-4ce5-871a-78a4eab3ce80', 'Americano', 2, 100, 200);

INSERT INTO public.order_items (order_id, product_id, name, quantity, unit_price, subtotal)
VALUES ('03e5f07b-77c7-4f79-98ba-4f5e6598c214', '1b5c6269-ce45-4413-acb8-21813cd7f9cf', 'Mocha', 3, 140, 420);

INSERT INTO public.orders (id, order_id, status, amount, payment_method, cashier_name, created_at)
VALUES ('cbd8c035-089d-496f-af84-52f0989d4d4f', 'ORD-00234', 'Completed', 190, 'Maya', 'System Seed', '2026-04-01T23:45:23.990Z');

INSERT INTO public.order_items (order_id, product_id, name, quantity, unit_price, subtotal)
VALUES ('cbd8c035-089d-496f-af84-52f0989d4d4f', '36c93748-7c86-4ddb-ba49-1bd1a164bf42', 'Blueberry Muffin', 2, 95, 190);

INSERT INTO public.orders (id, order_id, status, amount, payment_method, cashier_name, created_at)
VALUES ('31688126-ca1a-422f-81fc-a6ea1e8bf027', 'ORD-00235', 'Completed', 580, 'Credit Card', 'System Seed', '2026-04-02T04:42:13.990Z');

INSERT INTO public.order_items (order_id, product_id, name, quantity, unit_price, subtotal)
VALUES ('31688126-ca1a-422f-81fc-a6ea1e8bf027', '48233f0a-6e57-4a45-b033-627d13f1be78', 'Cappuccino', 3, 120, 360);

INSERT INTO public.order_items (order_id, product_id, name, quantity, unit_price, subtotal)
VALUES ('31688126-ca1a-422f-81fc-a6ea1e8bf027', 'dfe22f11-84a3-41d2-a268-149f012eae60', 'Sparkling Lemonade', 2, 110, 220);

INSERT INTO public.orders (id, order_id, status, amount, payment_method, cashier_name, created_at)
VALUES ('97d82c0c-81d5-4c83-906e-a3d4106ccd52', 'ORD-00236', 'Completed', 410, 'Cash', 'System Seed', '2026-04-02T12:53:20.990Z');

INSERT INTO public.order_items (order_id, product_id, name, quantity, unit_price, subtotal)
VALUES ('97d82c0c-81d5-4c83-906e-a3d4106ccd52', 'dfe22f11-84a3-41d2-a268-149f012eae60', 'Sparkling Lemonade', 3, 110, 330);

INSERT INTO public.order_items (order_id, product_id, name, quantity, unit_price, subtotal)
VALUES ('97d82c0c-81d5-4c83-906e-a3d4106ccd52', '65f0b94f-ccbe-4b50-a175-66810ae10f44', 'Croissant', 1, 80, 80);

INSERT INTO public.orders (id, order_id, status, amount, payment_method, cashier_name, created_at)
VALUES ('4a5427df-7aac-47df-bbcc-5d720782ada2', 'ORD-00237', 'Void (Consumed)', 240, 'Credit Card', 'System Seed', '2026-04-02T00:39:41.990Z');

INSERT INTO public.order_items (order_id, product_id, name, quantity, unit_price, subtotal)
VALUES ('4a5427df-7aac-47df-bbcc-5d720782ada2', '65f0b94f-ccbe-4b50-a175-66810ae10f44', 'Croissant', 3, 80, 240);

INSERT INTO public.orders (id, order_id, status, amount, payment_method, cashier_name, created_at)
VALUES ('7bcc5b97-fc43-4f39-b1bf-38369d1ecc66', 'ORD-00238', 'Completed', 810, 'GCash', 'System Seed', '2026-04-02T03:27:34.990Z');

INSERT INTO public.order_items (order_id, product_id, name, quantity, unit_price, subtotal)
VALUES ('7bcc5b97-fc43-4f39-b1bf-38369d1ecc66', '1b5c6269-ce45-4413-acb8-21813cd7f9cf', 'Mocha', 3, 140, 420);

INSERT INTO public.order_items (order_id, product_id, name, quantity, unit_price, subtotal)
VALUES ('7bcc5b97-fc43-4f39-b1bf-38369d1ecc66', '48233f0a-6e57-4a45-b033-627d13f1be78', 'Cappuccino', 1, 120, 120);

INSERT INTO public.order_items (order_id, product_id, name, quantity, unit_price, subtotal)
VALUES ('7bcc5b97-fc43-4f39-b1bf-38369d1ecc66', 'fe6b02e6-9366-4abd-874c-fcb832e0e282', 'Green Tea', 3, 90, 270);

INSERT INTO public.orders (id, order_id, status, amount, payment_method, cashier_name, created_at)
VALUES ('03678399-3837-48d9-8596-9ca7742768a0', 'ORD-00239', 'Completed', 140, 'Credit Card', 'System Seed', '2026-04-02T11:37:18.990Z');

INSERT INTO public.order_items (order_id, product_id, name, quantity, unit_price, subtotal)
VALUES ('03678399-3837-48d9-8596-9ca7742768a0', '1b5c6269-ce45-4413-acb8-21813cd7f9cf', 'Mocha', 1, 140, 140);

INSERT INTO public.orders (id, order_id, status, amount, payment_method, cashier_name, created_at)
VALUES ('e5e81636-ec65-4191-b6c0-96635efccd14', 'ORD-00240', 'Completed', 420, 'GCash', 'System Seed', '2026-04-02T01:28:09.990Z');

INSERT INTO public.order_items (order_id, product_id, name, quantity, unit_price, subtotal)
VALUES ('e5e81636-ec65-4191-b6c0-96635efccd14', '1b5c6269-ce45-4413-acb8-21813cd7f9cf', 'Mocha', 3, 140, 420);

INSERT INTO public.orders (id, order_id, status, amount, payment_method, cashier_name, created_at)
VALUES ('c4546e0a-6f49-489d-bc04-d8dfc7e95a2b', 'ORD-00241', 'Completed', 780, 'Maya', 'System Seed', '2026-04-03T04:25:56.990Z');

INSERT INTO public.order_items (order_id, product_id, name, quantity, unit_price, subtotal)
VALUES ('c4546e0a-6f49-489d-bc04-d8dfc7e95a2b', '83a6812d-2665-4ce5-871a-78a4eab3ce80', 'Americano', 2, 100, 200);

INSERT INTO public.order_items (order_id, product_id, name, quantity, unit_price, subtotal)
VALUES ('c4546e0a-6f49-489d-bc04-d8dfc7e95a2b', '83a6812d-2665-4ce5-871a-78a4eab3ce80', 'Americano', 3, 100, 300);

INSERT INTO public.order_items (order_id, product_id, name, quantity, unit_price, subtotal)
VALUES ('c4546e0a-6f49-489d-bc04-d8dfc7e95a2b', '1b5c6269-ce45-4413-acb8-21813cd7f9cf', 'Mocha', 2, 140, 280);

INSERT INTO public.orders (id, order_id, status, amount, payment_method, cashier_name, created_at)
VALUES ('ffb7233f-59f8-48ad-b051-1640a070520c', 'ORD-00242', 'Completed', 490, 'Credit Card', 'System Seed', '2026-04-03T00:40:57.990Z');

INSERT INTO public.order_items (order_id, product_id, name, quantity, unit_price, subtotal)
VALUES ('ffb7233f-59f8-48ad-b051-1640a070520c', 'fe6b02e6-9366-4abd-874c-fcb832e0e282', 'Green Tea', 1, 90, 90);

INSERT INTO public.order_items (order_id, product_id, name, quantity, unit_price, subtotal)
VALUES ('ffb7233f-59f8-48ad-b051-1640a070520c', 'fe6b02e6-9366-4abd-874c-fcb832e0e282', 'Green Tea', 2, 90, 180);

INSERT INTO public.order_items (order_id, product_id, name, quantity, unit_price, subtotal)
VALUES ('ffb7233f-59f8-48ad-b051-1640a070520c', '48233f0a-6e57-4a45-b033-627d13f1be78', 'Cappuccino', 1, 120, 120);

INSERT INTO public.order_items (order_id, product_id, name, quantity, unit_price, subtotal)
VALUES ('ffb7233f-59f8-48ad-b051-1640a070520c', '83a6812d-2665-4ce5-871a-78a4eab3ce80', 'Americano', 1, 100, 100);

INSERT INTO public.orders (id, order_id, status, amount, payment_method, cashier_name, created_at)
VALUES ('2098d2f3-4a35-45b7-bb97-d4bc76a74966', 'ORD-00243', 'Completed', 1245, 'Cash', 'System Seed', '2026-04-03T10:01:19.990Z');

INSERT INTO public.order_items (order_id, product_id, name, quantity, unit_price, subtotal)
VALUES ('2098d2f3-4a35-45b7-bb97-d4bc76a74966', '3a6a55c0-70f3-4417-a252-db77d9e511c0', 'Latte', 1, 120, 120);

INSERT INTO public.order_items (order_id, product_id, name, quantity, unit_price, subtotal)
VALUES ('2098d2f3-4a35-45b7-bb97-d4bc76a74966', '1b5c6269-ce45-4413-acb8-21813cd7f9cf', 'Mocha', 3, 140, 420);

INSERT INTO public.order_items (order_id, product_id, name, quantity, unit_price, subtotal)
VALUES ('2098d2f3-4a35-45b7-bb97-d4bc76a74966', '36c93748-7c86-4ddb-ba49-1bd1a164bf42', 'Blueberry Muffin', 3, 95, 285);

INSERT INTO public.order_items (order_id, product_id, name, quantity, unit_price, subtotal)
VALUES ('2098d2f3-4a35-45b7-bb97-d4bc76a74966', '1b5c6269-ce45-4413-acb8-21813cd7f9cf', 'Mocha', 3, 140, 420);

INSERT INTO public.orders (id, order_id, status, amount, payment_method, cashier_name, created_at)
VALUES ('ecedf9d4-9e87-4151-831e-2176181a5a3f', 'ORD-00244', 'Completed', 830, 'Credit Card', 'System Seed', '2026-04-03T01:20:48.990Z');

INSERT INTO public.order_items (order_id, product_id, name, quantity, unit_price, subtotal)
VALUES ('ecedf9d4-9e87-4151-831e-2176181a5a3f', '48233f0a-6e57-4a45-b033-627d13f1be78', 'Cappuccino', 1, 120, 120);

INSERT INTO public.order_items (order_id, product_id, name, quantity, unit_price, subtotal)
VALUES ('ecedf9d4-9e87-4151-831e-2176181a5a3f', '48233f0a-6e57-4a45-b033-627d13f1be78', 'Cappuccino', 3, 120, 360);

INSERT INTO public.order_items (order_id, product_id, name, quantity, unit_price, subtotal)
VALUES ('ecedf9d4-9e87-4151-831e-2176181a5a3f', '65f0b94f-ccbe-4b50-a175-66810ae10f44', 'Croissant', 2, 80, 160);

INSERT INTO public.order_items (order_id, product_id, name, quantity, unit_price, subtotal)
VALUES ('ecedf9d4-9e87-4151-831e-2176181a5a3f', '36c93748-7c86-4ddb-ba49-1bd1a164bf42', 'Blueberry Muffin', 2, 95, 190);

INSERT INTO public.orders (id, order_id, status, amount, payment_method, cashier_name, created_at)
VALUES ('6cd90aab-bf99-4778-b2c4-a158c8892e25', 'ORD-00245', 'Completed', 530, 'Cash', 'System Seed', '2026-04-03T11:11:13.990Z');

INSERT INTO public.order_items (order_id, product_id, name, quantity, unit_price, subtotal)
VALUES ('6cd90aab-bf99-4778-b2c4-a158c8892e25', '36c93748-7c86-4ddb-ba49-1bd1a164bf42', 'Blueberry Muffin', 2, 95, 190);

INSERT INTO public.order_items (order_id, product_id, name, quantity, unit_price, subtotal)
VALUES ('6cd90aab-bf99-4778-b2c4-a158c8892e25', '3a6a55c0-70f3-4417-a252-db77d9e511c0', 'Latte', 1, 120, 120);

INSERT INTO public.order_items (order_id, product_id, name, quantity, unit_price, subtotal)
VALUES ('6cd90aab-bf99-4778-b2c4-a158c8892e25', '83a6812d-2665-4ce5-871a-78a4eab3ce80', 'Americano', 1, 100, 100);

INSERT INTO public.order_items (order_id, product_id, name, quantity, unit_price, subtotal)
VALUES ('6cd90aab-bf99-4778-b2c4-a158c8892e25', '48233f0a-6e57-4a45-b033-627d13f1be78', 'Cappuccino', 1, 120, 120);

INSERT INTO public.orders (id, order_id, status, amount, payment_method, cashier_name, created_at)
VALUES ('666a7484-7561-4773-b9fa-e8d69d0b3aa9', 'ORD-00246', 'Void (Consumed)', 240, 'Cash', 'System Seed', '2026-04-03T11:10:04.990Z');

INSERT INTO public.order_items (order_id, product_id, name, quantity, unit_price, subtotal)
VALUES ('666a7484-7561-4773-b9fa-e8d69d0b3aa9', '48233f0a-6e57-4a45-b033-627d13f1be78', 'Cappuccino', 2, 120, 240);

INSERT INTO public.orders (id, order_id, status, amount, payment_method, cashier_name, created_at)
VALUES ('70bb0024-a96b-41fd-9145-504bb69b099c', 'ORD-00247', 'Completed', 450, 'Maya', 'System Seed', '2026-04-03T12:36:46.990Z');

INSERT INTO public.order_items (order_id, product_id, name, quantity, unit_price, subtotal)
VALUES ('70bb0024-a96b-41fd-9145-504bb69b099c', '1b5c6269-ce45-4413-acb8-21813cd7f9cf', 'Mocha', 1, 140, 140);

INSERT INTO public.order_items (order_id, product_id, name, quantity, unit_price, subtotal)
VALUES ('70bb0024-a96b-41fd-9145-504bb69b099c', '65f0b94f-ccbe-4b50-a175-66810ae10f44', 'Croissant', 1, 80, 80);

INSERT INTO public.order_items (order_id, product_id, name, quantity, unit_price, subtotal)
VALUES ('70bb0024-a96b-41fd-9145-504bb69b099c', 'fe6b02e6-9366-4abd-874c-fcb832e0e282', 'Green Tea', 1, 90, 90);

INSERT INTO public.order_items (order_id, product_id, name, quantity, unit_price, subtotal)
VALUES ('70bb0024-a96b-41fd-9145-504bb69b099c', '1b5c6269-ce45-4413-acb8-21813cd7f9cf', 'Mocha', 1, 140, 140);

INSERT INTO public.orders (id, order_id, status, amount, payment_method, cashier_name, created_at)
VALUES ('3f1c8c18-7536-49a6-830f-bc4c673164dc', 'ORD-00248', 'Completed', 500, 'GCash', 'System Seed', '2026-04-03T00:47:11.990Z');

INSERT INTO public.order_items (order_id, product_id, name, quantity, unit_price, subtotal)
VALUES ('3f1c8c18-7536-49a6-830f-bc4c673164dc', '48233f0a-6e57-4a45-b033-627d13f1be78', 'Cappuccino', 1, 120, 120);

INSERT INTO public.order_items (order_id, product_id, name, quantity, unit_price, subtotal)
VALUES ('3f1c8c18-7536-49a6-830f-bc4c673164dc', '3a6a55c0-70f3-4417-a252-db77d9e511c0', 'Latte', 2, 120, 240);

INSERT INTO public.order_items (order_id, product_id, name, quantity, unit_price, subtotal)
VALUES ('3f1c8c18-7536-49a6-830f-bc4c673164dc', '1b5c6269-ce45-4413-acb8-21813cd7f9cf', 'Mocha', 1, 140, 140);

INSERT INTO public.orders (id, order_id, status, amount, payment_method, cashier_name, created_at)
VALUES ('0fe57f92-739c-4784-94da-fedeee0c15ce', 'ORD-00249', 'Completed', 770, 'Cash', 'System Seed', '2026-04-03T11:23:09.990Z');

INSERT INTO public.order_items (order_id, product_id, name, quantity, unit_price, subtotal)
VALUES ('0fe57f92-739c-4784-94da-fedeee0c15ce', 'dfe22f11-84a3-41d2-a268-149f012eae60', 'Sparkling Lemonade', 2, 110, 220);

INSERT INTO public.order_items (order_id, product_id, name, quantity, unit_price, subtotal)
VALUES ('0fe57f92-739c-4784-94da-fedeee0c15ce', '65f0b94f-ccbe-4b50-a175-66810ae10f44', 'Croissant', 1, 80, 80);

INSERT INTO public.order_items (order_id, product_id, name, quantity, unit_price, subtotal)
VALUES ('0fe57f92-739c-4784-94da-fedeee0c15ce', 'fe6b02e6-9366-4abd-874c-fcb832e0e282', 'Green Tea', 3, 90, 270);

INSERT INTO public.order_items (order_id, product_id, name, quantity, unit_price, subtotal)
VALUES ('0fe57f92-739c-4784-94da-fedeee0c15ce', '83a6812d-2665-4ce5-871a-78a4eab3ce80', 'Americano', 2, 100, 200);

INSERT INTO public.orders (id, order_id, status, amount, payment_method, cashier_name, created_at)
VALUES ('499347a0-6290-418d-adf1-b763ce5dca45', 'ORD-00250', 'Completed', 720, 'Cash', 'System Seed', '2026-04-03T00:15:27.990Z');

INSERT INTO public.order_items (order_id, product_id, name, quantity, unit_price, subtotal)
VALUES ('499347a0-6290-418d-adf1-b763ce5dca45', '1b5c6269-ce45-4413-acb8-21813cd7f9cf', 'Mocha', 3, 140, 420);

INSERT INTO public.order_items (order_id, product_id, name, quantity, unit_price, subtotal)
VALUES ('499347a0-6290-418d-adf1-b763ce5dca45', '3a6a55c0-70f3-4417-a252-db77d9e511c0', 'Latte', 1, 120, 120);

INSERT INTO public.order_items (order_id, product_id, name, quantity, unit_price, subtotal)
VALUES ('499347a0-6290-418d-adf1-b763ce5dca45', 'fe6b02e6-9366-4abd-874c-fcb832e0e282', 'Green Tea', 2, 90, 180);

INSERT INTO public.orders (id, order_id, status, amount, payment_method, cashier_name, created_at)
VALUES ('08735309-69c9-446e-9826-d2461b51c063', 'ORD-00251', 'Completed', 250, 'Cash', 'System Seed', '2026-04-03T02:03:13.990Z');

INSERT INTO public.order_items (order_id, product_id, name, quantity, unit_price, subtotal)
VALUES ('08735309-69c9-446e-9826-d2461b51c063', '1b5c6269-ce45-4413-acb8-21813cd7f9cf', 'Mocha', 1, 140, 140);

INSERT INTO public.order_items (order_id, product_id, name, quantity, unit_price, subtotal)
VALUES ('08735309-69c9-446e-9826-d2461b51c063', 'dfe22f11-84a3-41d2-a268-149f012eae60', 'Sparkling Lemonade', 1, 110, 110);

INSERT INTO public.orders (id, order_id, status, amount, payment_method, cashier_name, created_at)
VALUES ('24ffa208-fe38-4d90-9075-3c05c8b82050', 'ORD-00252', 'Completed', 950, 'GCash', 'System Seed', '2026-04-03T03:37:08.990Z');

INSERT INTO public.order_items (order_id, product_id, name, quantity, unit_price, subtotal)
VALUES ('24ffa208-fe38-4d90-9075-3c05c8b82050', '1b5c6269-ce45-4413-acb8-21813cd7f9cf', 'Mocha', 3, 140, 420);

INSERT INTO public.order_items (order_id, product_id, name, quantity, unit_price, subtotal)
VALUES ('24ffa208-fe38-4d90-9075-3c05c8b82050', '3a6a55c0-70f3-4417-a252-db77d9e511c0', 'Latte', 2, 120, 240);

INSERT INTO public.order_items (order_id, product_id, name, quantity, unit_price, subtotal)
VALUES ('24ffa208-fe38-4d90-9075-3c05c8b82050', 'dfe22f11-84a3-41d2-a268-149f012eae60', 'Sparkling Lemonade', 1, 110, 110);

INSERT INTO public.order_items (order_id, product_id, name, quantity, unit_price, subtotal)
VALUES ('24ffa208-fe38-4d90-9075-3c05c8b82050', 'fe6b02e6-9366-4abd-874c-fcb832e0e282', 'Green Tea', 2, 90, 180);

INSERT INTO public.orders (id, order_id, status, amount, payment_method, cashier_name, created_at)
VALUES ('e93f95eb-e0e0-4549-93b5-646046039916', 'ORD-00253', 'Completed', 680, 'Cash', 'System Seed', '2026-04-03T08:28:16.990Z');

INSERT INTO public.order_items (order_id, product_id, name, quantity, unit_price, subtotal)
VALUES ('e93f95eb-e0e0-4549-93b5-646046039916', 'dfe22f11-84a3-41d2-a268-149f012eae60', 'Sparkling Lemonade', 1, 110, 110);

INSERT INTO public.order_items (order_id, product_id, name, quantity, unit_price, subtotal)
VALUES ('e93f95eb-e0e0-4549-93b5-646046039916', '65f0b94f-ccbe-4b50-a175-66810ae10f44', 'Croissant', 3, 80, 240);

INSERT INTO public.order_items (order_id, product_id, name, quantity, unit_price, subtotal)
VALUES ('e93f95eb-e0e0-4549-93b5-646046039916', 'dfe22f11-84a3-41d2-a268-149f012eae60', 'Sparkling Lemonade', 3, 110, 330);

INSERT INTO public.orders (id, order_id, status, amount, payment_method, cashier_name, created_at)
VALUES ('4d28b4e1-8e68-46bc-b699-563586df60ee', 'ORD-00254', 'Completed', 490, 'Credit Card', 'System Seed', '2026-04-03T03:16:21.990Z');

INSERT INTO public.order_items (order_id, product_id, name, quantity, unit_price, subtotal)
VALUES ('4d28b4e1-8e68-46bc-b699-563586df60ee', '36c93748-7c86-4ddb-ba49-1bd1a164bf42', 'Blueberry Muffin', 2, 95, 190);

INSERT INTO public.order_items (order_id, product_id, name, quantity, unit_price, subtotal)
VALUES ('4d28b4e1-8e68-46bc-b699-563586df60ee', '83a6812d-2665-4ce5-871a-78a4eab3ce80', 'Americano', 3, 100, 300);

INSERT INTO public.orders (id, order_id, status, amount, payment_method, cashier_name, created_at)
VALUES ('0b9ae4b3-7775-490a-b438-1c20256a0582', 'ORD-00255', 'Completed', 1060, 'GCash', 'System Seed', '2026-04-03T02:45:30.990Z');

INSERT INTO public.order_items (order_id, product_id, name, quantity, unit_price, subtotal)
VALUES ('0b9ae4b3-7775-490a-b438-1c20256a0582', '83a6812d-2665-4ce5-871a-78a4eab3ce80', 'Americano', 3, 100, 300);

INSERT INTO public.order_items (order_id, product_id, name, quantity, unit_price, subtotal)
VALUES ('0b9ae4b3-7775-490a-b438-1c20256a0582', '36c93748-7c86-4ddb-ba49-1bd1a164bf42', 'Blueberry Muffin', 2, 95, 190);

INSERT INTO public.order_items (order_id, product_id, name, quantity, unit_price, subtotal)
VALUES ('0b9ae4b3-7775-490a-b438-1c20256a0582', '83a6812d-2665-4ce5-871a-78a4eab3ce80', 'Americano', 3, 100, 300);

INSERT INTO public.order_items (order_id, product_id, name, quantity, unit_price, subtotal)
VALUES ('0b9ae4b3-7775-490a-b438-1c20256a0582', 'fe6b02e6-9366-4abd-874c-fcb832e0e282', 'Green Tea', 3, 90, 270);

INSERT INTO public.orders (id, order_id, status, amount, payment_method, cashier_name, created_at)
VALUES ('bae3cf64-c5be-4e10-8b34-f26c4e82be3d', 'ORD-00256', 'Void (Not Made)', 1170, 'GCash', 'System Seed', '2026-04-03T02:41:08.990Z');

INSERT INTO public.order_items (order_id, product_id, name, quantity, unit_price, subtotal)
VALUES ('bae3cf64-c5be-4e10-8b34-f26c4e82be3d', '65f0b94f-ccbe-4b50-a175-66810ae10f44', 'Croissant', 3, 80, 240);

INSERT INTO public.order_items (order_id, product_id, name, quantity, unit_price, subtotal)
VALUES ('bae3cf64-c5be-4e10-8b34-f26c4e82be3d', '3a6a55c0-70f3-4417-a252-db77d9e511c0', 'Latte', 2, 120, 240);

INSERT INTO public.order_items (order_id, product_id, name, quantity, unit_price, subtotal)
VALUES ('bae3cf64-c5be-4e10-8b34-f26c4e82be3d', '3a6a55c0-70f3-4417-a252-db77d9e511c0', 'Latte', 3, 120, 360);

INSERT INTO public.order_items (order_id, product_id, name, quantity, unit_price, subtotal)
VALUES ('bae3cf64-c5be-4e10-8b34-f26c4e82be3d', 'dfe22f11-84a3-41d2-a268-149f012eae60', 'Sparkling Lemonade', 3, 110, 330);

INSERT INTO public.orders (id, order_id, status, amount, payment_method, cashier_name, created_at)
VALUES ('302bca50-94f3-488a-83ea-8b8bcc26c9f1', 'ORD-00257', 'Void (Consumed)', 700, 'GCash', 'System Seed', '2026-04-03T09:33:44.990Z');

INSERT INTO public.order_items (order_id, product_id, name, quantity, unit_price, subtotal)
VALUES ('302bca50-94f3-488a-83ea-8b8bcc26c9f1', '65f0b94f-ccbe-4b50-a175-66810ae10f44', 'Croissant', 3, 80, 240);

INSERT INTO public.order_items (order_id, product_id, name, quantity, unit_price, subtotal)
VALUES ('302bca50-94f3-488a-83ea-8b8bcc26c9f1', '48233f0a-6e57-4a45-b033-627d13f1be78', 'Cappuccino', 3, 120, 360);

INSERT INTO public.order_items (order_id, product_id, name, quantity, unit_price, subtotal)
VALUES ('302bca50-94f3-488a-83ea-8b8bcc26c9f1', '83a6812d-2665-4ce5-871a-78a4eab3ce80', 'Americano', 1, 100, 100);

INSERT INTO public.orders (id, order_id, status, amount, payment_method, cashier_name, created_at)
VALUES ('84a45c47-3b3a-4b76-a778-bf58d45c47d5', 'ORD-00258', 'Completed', 480, 'Cash', 'System Seed', '2026-04-03T00:47:31.990Z');

INSERT INTO public.order_items (order_id, product_id, name, quantity, unit_price, subtotal)
VALUES ('84a45c47-3b3a-4b76-a778-bf58d45c47d5', '3a6a55c0-70f3-4417-a252-db77d9e511c0', 'Latte', 2, 120, 240);

INSERT INTO public.order_items (order_id, product_id, name, quantity, unit_price, subtotal)
VALUES ('84a45c47-3b3a-4b76-a778-bf58d45c47d5', '48233f0a-6e57-4a45-b033-627d13f1be78', 'Cappuccino', 2, 120, 240);

INSERT INTO public.orders (id, order_id, status, amount, payment_method, cashier_name, created_at)
VALUES ('72331a73-5c87-4b45-b3ba-078b6d0a9030', 'ORD-00259', 'Completed', 440, 'GCash', 'System Seed', '2026-04-03T07:14:25.990Z');

INSERT INTO public.order_items (order_id, product_id, name, quantity, unit_price, subtotal)
VALUES ('72331a73-5c87-4b45-b3ba-078b6d0a9030', '83a6812d-2665-4ce5-871a-78a4eab3ce80', 'Americano', 3, 100, 300);

INSERT INTO public.order_items (order_id, product_id, name, quantity, unit_price, subtotal)
VALUES ('72331a73-5c87-4b45-b3ba-078b6d0a9030', '1b5c6269-ce45-4413-acb8-21813cd7f9cf', 'Mocha', 1, 140, 140);

INSERT INTO public.orders (id, order_id, status, amount, payment_method, cashier_name, created_at)
VALUES ('76a49b89-417d-4821-8e33-aeb5a1762a67', 'ORD-00260', 'Completed', 120, 'Credit Card', 'System Seed', '2026-04-03T04:06:10.990Z');

INSERT INTO public.order_items (order_id, product_id, name, quantity, unit_price, subtotal)
VALUES ('76a49b89-417d-4821-8e33-aeb5a1762a67', '3a6a55c0-70f3-4417-a252-db77d9e511c0', 'Latte', 1, 120, 120);

INSERT INTO public.orders (id, order_id, status, amount, payment_method, cashier_name, created_at)
VALUES ('a581ad4b-e8e7-4f21-9705-b5e45985039e', 'ORD-00261', 'Completed', 340, 'Credit Card', 'System Seed', '2026-04-03T02:25:48.990Z');

INSERT INTO public.order_items (order_id, product_id, name, quantity, unit_price, subtotal)
VALUES ('a581ad4b-e8e7-4f21-9705-b5e45985039e', '65f0b94f-ccbe-4b50-a175-66810ae10f44', 'Croissant', 3, 80, 240);

INSERT INTO public.order_items (order_id, product_id, name, quantity, unit_price, subtotal)
VALUES ('a581ad4b-e8e7-4f21-9705-b5e45985039e', '83a6812d-2665-4ce5-871a-78a4eab3ce80', 'Americano', 1, 100, 100);

INSERT INTO public.orders (id, order_id, status, amount, payment_method, cashier_name, created_at)
VALUES ('8bb134c2-e030-451b-a096-3645e43148fd', 'ORD-00262', 'Completed', 515, 'Maya', 'System Seed', '2026-04-03T04:32:23.990Z');

INSERT INTO public.order_items (order_id, product_id, name, quantity, unit_price, subtotal)
VALUES ('8bb134c2-e030-451b-a096-3645e43148fd', '36c93748-7c86-4ddb-ba49-1bd1a164bf42', 'Blueberry Muffin', 1, 95, 95);

INSERT INTO public.order_items (order_id, product_id, name, quantity, unit_price, subtotal)
VALUES ('8bb134c2-e030-451b-a096-3645e43148fd', '1b5c6269-ce45-4413-acb8-21813cd7f9cf', 'Mocha', 3, 140, 420);

INSERT INTO public.orders (id, order_id, status, amount, payment_method, cashier_name, created_at)
VALUES ('ee33ad22-dc36-41dc-9463-6d8028da8695', 'ORD-00263', 'Completed', 620, 'Cash', 'System Seed', '2026-04-03T06:19:57.990Z');

INSERT INTO public.order_items (order_id, product_id, name, quantity, unit_price, subtotal)
VALUES ('ee33ad22-dc36-41dc-9463-6d8028da8695', '1b5c6269-ce45-4413-acb8-21813cd7f9cf', 'Mocha', 3, 140, 420);

INSERT INTO public.order_items (order_id, product_id, name, quantity, unit_price, subtotal)
VALUES ('ee33ad22-dc36-41dc-9463-6d8028da8695', '48233f0a-6e57-4a45-b033-627d13f1be78', 'Cappuccino', 1, 120, 120);

INSERT INTO public.order_items (order_id, product_id, name, quantity, unit_price, subtotal)
VALUES ('ee33ad22-dc36-41dc-9463-6d8028da8695', '65f0b94f-ccbe-4b50-a175-66810ae10f44', 'Croissant', 1, 80, 80);

INSERT INTO public.orders (id, order_id, status, amount, payment_method, cashier_name, created_at)
VALUES ('13dd6a42-13f9-4d69-9ba2-cd33c75d95b4', 'ORD-00264', 'Completed', 880, 'Cash', 'System Seed', '2026-04-03T11:40:14.990Z');

INSERT INTO public.order_items (order_id, product_id, name, quantity, unit_price, subtotal)
VALUES ('13dd6a42-13f9-4d69-9ba2-cd33c75d95b4', '83a6812d-2665-4ce5-871a-78a4eab3ce80', 'Americano', 3, 100, 300);

INSERT INTO public.order_items (order_id, product_id, name, quantity, unit_price, subtotal)
VALUES ('13dd6a42-13f9-4d69-9ba2-cd33c75d95b4', '3a6a55c0-70f3-4417-a252-db77d9e511c0', 'Latte', 2, 120, 240);

INSERT INTO public.order_items (order_id, product_id, name, quantity, unit_price, subtotal)
VALUES ('13dd6a42-13f9-4d69-9ba2-cd33c75d95b4', '48233f0a-6e57-4a45-b033-627d13f1be78', 'Cappuccino', 2, 120, 240);

INSERT INTO public.order_items (order_id, product_id, name, quantity, unit_price, subtotal)
VALUES ('13dd6a42-13f9-4d69-9ba2-cd33c75d95b4', '83a6812d-2665-4ce5-871a-78a4eab3ce80', 'Americano', 1, 100, 100);

INSERT INTO public.orders (id, order_id, status, amount, payment_method, cashier_name, created_at)
VALUES ('9d0e2e3b-b389-4e34-8069-32f04942452a', 'ORD-00265', 'Void (Not Made)', 670, 'Credit Card', 'System Seed', '2026-04-04T11:03:05.990Z');

INSERT INTO public.order_items (order_id, product_id, name, quantity, unit_price, subtotal)
VALUES ('9d0e2e3b-b389-4e34-8069-32f04942452a', '48233f0a-6e57-4a45-b033-627d13f1be78', 'Cappuccino', 1, 120, 120);

INSERT INTO public.order_items (order_id, product_id, name, quantity, unit_price, subtotal)
VALUES ('9d0e2e3b-b389-4e34-8069-32f04942452a', '48233f0a-6e57-4a45-b033-627d13f1be78', 'Cappuccino', 3, 120, 360);

INSERT INTO public.order_items (order_id, product_id, name, quantity, unit_price, subtotal)
VALUES ('9d0e2e3b-b389-4e34-8069-32f04942452a', '36c93748-7c86-4ddb-ba49-1bd1a164bf42', 'Blueberry Muffin', 2, 95, 190);

INSERT INTO public.orders (id, order_id, status, amount, payment_method, cashier_name, created_at)
VALUES ('01b92c93-d833-4c88-a4d9-e03d84246907', 'ORD-00266', 'Completed', 420, 'Maya', 'System Seed', '2026-04-04T00:25:41.990Z');

INSERT INTO public.order_items (order_id, product_id, name, quantity, unit_price, subtotal)
VALUES ('01b92c93-d833-4c88-a4d9-e03d84246907', '1b5c6269-ce45-4413-acb8-21813cd7f9cf', 'Mocha', 3, 140, 420);

INSERT INTO public.orders (id, order_id, status, amount, payment_method, cashier_name, created_at)
VALUES ('a1053d85-01f7-48f7-992a-291131611593', 'ORD-00267', 'Completed', 1360, 'Cash', 'System Seed', '2026-04-04T10:38:55.990Z');

INSERT INTO public.order_items (order_id, product_id, name, quantity, unit_price, subtotal)
VALUES ('a1053d85-01f7-48f7-992a-291131611593', '48233f0a-6e57-4a45-b033-627d13f1be78', 'Cappuccino', 3, 120, 360);

INSERT INTO public.order_items (order_id, product_id, name, quantity, unit_price, subtotal)
VALUES ('a1053d85-01f7-48f7-992a-291131611593', '48233f0a-6e57-4a45-b033-627d13f1be78', 'Cappuccino', 3, 120, 360);

INSERT INTO public.order_items (order_id, product_id, name, quantity, unit_price, subtotal)
VALUES ('a1053d85-01f7-48f7-992a-291131611593', '3a6a55c0-70f3-4417-a252-db77d9e511c0', 'Latte', 3, 120, 360);

INSERT INTO public.order_items (order_id, product_id, name, quantity, unit_price, subtotal)
VALUES ('a1053d85-01f7-48f7-992a-291131611593', '1b5c6269-ce45-4413-acb8-21813cd7f9cf', 'Mocha', 2, 140, 280);

INSERT INTO public.orders (id, order_id, status, amount, payment_method, cashier_name, created_at)
VALUES ('cb4c86ac-12c9-4a47-9279-007ca2592a67', 'ORD-00268', 'Void (Consumed)', 660, 'Cash', 'System Seed', '2026-04-04T05:33:32.990Z');

INSERT INTO public.order_items (order_id, product_id, name, quantity, unit_price, subtotal)
VALUES ('cb4c86ac-12c9-4a47-9279-007ca2592a67', '1b5c6269-ce45-4413-acb8-21813cd7f9cf', 'Mocha', 1, 140, 140);

INSERT INTO public.order_items (order_id, product_id, name, quantity, unit_price, subtotal)
VALUES ('cb4c86ac-12c9-4a47-9279-007ca2592a67', '1b5c6269-ce45-4413-acb8-21813cd7f9cf', 'Mocha', 3, 140, 420);

INSERT INTO public.order_items (order_id, product_id, name, quantity, unit_price, subtotal)
VALUES ('cb4c86ac-12c9-4a47-9279-007ca2592a67', '83a6812d-2665-4ce5-871a-78a4eab3ce80', 'Americano', 1, 100, 100);

INSERT INTO public.orders (id, order_id, status, amount, payment_method, cashier_name, created_at)
VALUES ('3bd2c7be-d138-4cd3-a247-c9974d96325e', 'ORD-00269', 'Void (Consumed)', 860, 'Cash', 'System Seed', '2026-04-04T07:17:38.990Z');

INSERT INTO public.order_items (order_id, product_id, name, quantity, unit_price, subtotal)
VALUES ('3bd2c7be-d138-4cd3-a247-c9974d96325e', '83a6812d-2665-4ce5-871a-78a4eab3ce80', 'Americano', 2, 100, 200);

INSERT INTO public.order_items (order_id, product_id, name, quantity, unit_price, subtotal)
VALUES ('3bd2c7be-d138-4cd3-a247-c9974d96325e', '3a6a55c0-70f3-4417-a252-db77d9e511c0', 'Latte', 1, 120, 120);

INSERT INTO public.order_items (order_id, product_id, name, quantity, unit_price, subtotal)
VALUES ('3bd2c7be-d138-4cd3-a247-c9974d96325e', '48233f0a-6e57-4a45-b033-627d13f1be78', 'Cappuccino', 3, 120, 360);

INSERT INTO public.order_items (order_id, product_id, name, quantity, unit_price, subtotal)
VALUES ('3bd2c7be-d138-4cd3-a247-c9974d96325e', 'fe6b02e6-9366-4abd-874c-fcb832e0e282', 'Green Tea', 2, 90, 180);

INSERT INTO public.orders (id, order_id, status, amount, payment_method, cashier_name, created_at)
VALUES ('cdbd5a3f-e885-4e52-9c11-50e7adb3b861', 'ORD-00270', 'Completed', 480, 'GCash', 'System Seed', '2026-04-04T05:42:49.990Z');

INSERT INTO public.order_items (order_id, product_id, name, quantity, unit_price, subtotal)
VALUES ('cdbd5a3f-e885-4e52-9c11-50e7adb3b861', '65f0b94f-ccbe-4b50-a175-66810ae10f44', 'Croissant', 3, 80, 240);

INSERT INTO public.order_items (order_id, product_id, name, quantity, unit_price, subtotal)
VALUES ('cdbd5a3f-e885-4e52-9c11-50e7adb3b861', '3a6a55c0-70f3-4417-a252-db77d9e511c0', 'Latte', 2, 120, 240);

INSERT INTO public.orders (id, order_id, status, amount, payment_method, cashier_name, created_at)
VALUES ('cfa32c68-a793-4a13-bd82-a2434273c9e6', 'ORD-00271', 'Completed', 400, 'Cash', 'System Seed', '2026-04-04T02:11:03.990Z');

INSERT INTO public.order_items (order_id, product_id, name, quantity, unit_price, subtotal)
VALUES ('cfa32c68-a793-4a13-bd82-a2434273c9e6', '48233f0a-6e57-4a45-b033-627d13f1be78', 'Cappuccino', 2, 120, 240);

INSERT INTO public.order_items (order_id, product_id, name, quantity, unit_price, subtotal)
VALUES ('cfa32c68-a793-4a13-bd82-a2434273c9e6', '65f0b94f-ccbe-4b50-a175-66810ae10f44', 'Croissant', 2, 80, 160);

INSERT INTO public.orders (id, order_id, status, amount, payment_method, cashier_name, created_at)
VALUES ('a99a2fd4-b8a7-43c4-a378-d6ebe00a829c', 'ORD-00272', 'Completed', 770, 'Maya', 'System Seed', '2026-04-04T05:37:05.990Z');

INSERT INTO public.order_items (order_id, product_id, name, quantity, unit_price, subtotal)
VALUES ('a99a2fd4-b8a7-43c4-a378-d6ebe00a829c', '36c93748-7c86-4ddb-ba49-1bd1a164bf42', 'Blueberry Muffin', 1, 95, 95);

INSERT INTO public.order_items (order_id, product_id, name, quantity, unit_price, subtotal)
VALUES ('a99a2fd4-b8a7-43c4-a378-d6ebe00a829c', '36c93748-7c86-4ddb-ba49-1bd1a164bf42', 'Blueberry Muffin', 1, 95, 95);

INSERT INTO public.order_items (order_id, product_id, name, quantity, unit_price, subtotal)
VALUES ('a99a2fd4-b8a7-43c4-a378-d6ebe00a829c', 'dfe22f11-84a3-41d2-a268-149f012eae60', 'Sparkling Lemonade', 2, 110, 220);

INSERT INTO public.order_items (order_id, product_id, name, quantity, unit_price, subtotal)
VALUES ('a99a2fd4-b8a7-43c4-a378-d6ebe00a829c', '48233f0a-6e57-4a45-b033-627d13f1be78', 'Cappuccino', 3, 120, 360);

INSERT INTO public.orders (id, order_id, status, amount, payment_method, cashier_name, created_at)
VALUES ('7b1e8129-22cd-4fc4-a330-5fbe2a827d39', 'ORD-00273', 'Completed', 120, 'Cash', 'System Seed', '2026-04-04T02:19:32.990Z');

INSERT INTO public.order_items (order_id, product_id, name, quantity, unit_price, subtotal)
VALUES ('7b1e8129-22cd-4fc4-a330-5fbe2a827d39', '3a6a55c0-70f3-4417-a252-db77d9e511c0', 'Latte', 1, 120, 120);

INSERT INTO public.orders (id, order_id, status, amount, payment_method, cashier_name, created_at)
VALUES ('71725345-50a7-40ba-a45d-8ac927a41754', 'ORD-00274', 'Void (Not Made)', 180, 'Cash', 'System Seed', '2026-04-04T09:03:04.990Z');

INSERT INTO public.order_items (order_id, product_id, name, quantity, unit_price, subtotal)
VALUES ('71725345-50a7-40ba-a45d-8ac927a41754', 'fe6b02e6-9366-4abd-874c-fcb832e0e282', 'Green Tea', 2, 90, 180);

INSERT INTO public.orders (id, order_id, status, amount, payment_method, cashier_name, created_at)
VALUES ('0582f06a-f287-48c2-90f2-be0256c60842', 'ORD-00275', 'Completed', 710, 'Credit Card', 'System Seed', '2026-04-04T00:12:47.990Z');

INSERT INTO public.order_items (order_id, product_id, name, quantity, unit_price, subtotal)
VALUES ('0582f06a-f287-48c2-90f2-be0256c60842', '1b5c6269-ce45-4413-acb8-21813cd7f9cf', 'Mocha', 1, 140, 140);

INSERT INTO public.order_items (order_id, product_id, name, quantity, unit_price, subtotal)
VALUES ('0582f06a-f287-48c2-90f2-be0256c60842', '65f0b94f-ccbe-4b50-a175-66810ae10f44', 'Croissant', 3, 80, 240);

INSERT INTO public.order_items (order_id, product_id, name, quantity, unit_price, subtotal)
VALUES ('0582f06a-f287-48c2-90f2-be0256c60842', 'dfe22f11-84a3-41d2-a268-149f012eae60', 'Sparkling Lemonade', 1, 110, 110);

INSERT INTO public.order_items (order_id, product_id, name, quantity, unit_price, subtotal)
VALUES ('0582f06a-f287-48c2-90f2-be0256c60842', 'dfe22f11-84a3-41d2-a268-149f012eae60', 'Sparkling Lemonade', 2, 110, 220);

INSERT INTO public.orders (id, order_id, status, amount, payment_method, cashier_name, created_at)
VALUES ('768e7e47-e436-4a7d-b3a8-c0cf72f460b7', 'ORD-00276', 'Void (Consumed)', 80, 'Cash', 'System Seed', '2026-04-03T23:38:08.990Z');

INSERT INTO public.order_items (order_id, product_id, name, quantity, unit_price, subtotal)
VALUES ('768e7e47-e436-4a7d-b3a8-c0cf72f460b7', '65f0b94f-ccbe-4b50-a175-66810ae10f44', 'Croissant', 1, 80, 80);

INSERT INTO public.orders (id, order_id, status, amount, payment_method, cashier_name, created_at)
VALUES ('7d26fc03-5d13-49c8-9bc5-d1f5e010a5bc', 'ORD-00277', 'Void (Not Made)', 220, 'GCash', 'System Seed', '2026-04-04T10:07:49.990Z');

INSERT INTO public.order_items (order_id, product_id, name, quantity, unit_price, subtotal)
VALUES ('7d26fc03-5d13-49c8-9bc5-d1f5e010a5bc', 'dfe22f11-84a3-41d2-a268-149f012eae60', 'Sparkling Lemonade', 2, 110, 220);

INSERT INTO public.orders (id, order_id, status, amount, payment_method, cashier_name, created_at)
VALUES ('7c78993d-4fcd-4346-bdbd-afd0d20ceafa', 'ORD-00278', 'Void (Not Made)', 740, 'Credit Card', 'System Seed', '2026-04-04T01:54:46.990Z');

INSERT INTO public.order_items (order_id, product_id, name, quantity, unit_price, subtotal)
VALUES ('7c78993d-4fcd-4346-bdbd-afd0d20ceafa', '83a6812d-2665-4ce5-871a-78a4eab3ce80', 'Americano', 1, 100, 100);

INSERT INTO public.order_items (order_id, product_id, name, quantity, unit_price, subtotal)
VALUES ('7c78993d-4fcd-4346-bdbd-afd0d20ceafa', '1b5c6269-ce45-4413-acb8-21813cd7f9cf', 'Mocha', 2, 140, 280);

INSERT INTO public.order_items (order_id, product_id, name, quantity, unit_price, subtotal)
VALUES ('7c78993d-4fcd-4346-bdbd-afd0d20ceafa', '48233f0a-6e57-4a45-b033-627d13f1be78', 'Cappuccino', 1, 120, 120);

INSERT INTO public.order_items (order_id, product_id, name, quantity, unit_price, subtotal)
VALUES ('7c78993d-4fcd-4346-bdbd-afd0d20ceafa', '65f0b94f-ccbe-4b50-a175-66810ae10f44', 'Croissant', 3, 80, 240);

INSERT INTO public.orders (id, order_id, status, amount, payment_method, cashier_name, created_at)
VALUES ('f1998976-dae1-48a4-ae4e-13c82b4eaffc', 'ORD-00279', 'Completed', 1250, 'Cash', 'System Seed', '2026-04-04T04:52:49.990Z');

INSERT INTO public.order_items (order_id, product_id, name, quantity, unit_price, subtotal)
VALUES ('f1998976-dae1-48a4-ae4e-13c82b4eaffc', 'dfe22f11-84a3-41d2-a268-149f012eae60', 'Sparkling Lemonade', 3, 110, 330);

INSERT INTO public.order_items (order_id, product_id, name, quantity, unit_price, subtotal)
VALUES ('f1998976-dae1-48a4-ae4e-13c82b4eaffc', '48233f0a-6e57-4a45-b033-627d13f1be78', 'Cappuccino', 3, 120, 360);

INSERT INTO public.order_items (order_id, product_id, name, quantity, unit_price, subtotal)
VALUES ('f1998976-dae1-48a4-ae4e-13c82b4eaffc', '1b5c6269-ce45-4413-acb8-21813cd7f9cf', 'Mocha', 2, 140, 280);

INSERT INTO public.order_items (order_id, product_id, name, quantity, unit_price, subtotal)
VALUES ('f1998976-dae1-48a4-ae4e-13c82b4eaffc', '1b5c6269-ce45-4413-acb8-21813cd7f9cf', 'Mocha', 2, 140, 280);

INSERT INTO public.orders (id, order_id, status, amount, payment_method, cashier_name, created_at)
VALUES ('5f67d9f8-d711-48ee-acd1-e0b0d4972c30', 'ORD-00280', 'Completed', 720, 'GCash', 'System Seed', '2026-04-04T09:38:27.990Z');

INSERT INTO public.order_items (order_id, product_id, name, quantity, unit_price, subtotal)
VALUES ('5f67d9f8-d711-48ee-acd1-e0b0d4972c30', '48233f0a-6e57-4a45-b033-627d13f1be78', 'Cappuccino', 3, 120, 360);

INSERT INTO public.order_items (order_id, product_id, name, quantity, unit_price, subtotal)
VALUES ('5f67d9f8-d711-48ee-acd1-e0b0d4972c30', '48233f0a-6e57-4a45-b033-627d13f1be78', 'Cappuccino', 3, 120, 360);

INSERT INTO public.orders (id, order_id, status, amount, payment_method, cashier_name, created_at)
VALUES ('f12c9b0c-1c0d-4e4a-a845-d93deda57162', 'ORD-00281', 'Void (Consumed)', 600, 'GCash', 'System Seed', '2026-04-04T09:29:32.990Z');

INSERT INTO public.order_items (order_id, product_id, name, quantity, unit_price, subtotal)
VALUES ('f12c9b0c-1c0d-4e4a-a845-d93deda57162', '48233f0a-6e57-4a45-b033-627d13f1be78', 'Cappuccino', 2, 120, 240);

INSERT INTO public.order_items (order_id, product_id, name, quantity, unit_price, subtotal)
VALUES ('f12c9b0c-1c0d-4e4a-a845-d93deda57162', 'dfe22f11-84a3-41d2-a268-149f012eae60', 'Sparkling Lemonade', 2, 110, 220);

INSERT INTO public.order_items (order_id, product_id, name, quantity, unit_price, subtotal)
VALUES ('f12c9b0c-1c0d-4e4a-a845-d93deda57162', '1b5c6269-ce45-4413-acb8-21813cd7f9cf', 'Mocha', 1, 140, 140);

INSERT INTO public.orders (id, order_id, status, amount, payment_method, cashier_name, created_at)
VALUES ('023bdb33-cae8-4b76-b736-04c06261a65e', 'ORD-00282', 'Completed', 330, 'Cash', 'System Seed', '2026-04-04T00:24:33.990Z');

INSERT INTO public.order_items (order_id, product_id, name, quantity, unit_price, subtotal)
VALUES ('023bdb33-cae8-4b76-b736-04c06261a65e', 'dfe22f11-84a3-41d2-a268-149f012eae60', 'Sparkling Lemonade', 3, 110, 330);

INSERT INTO public.orders (id, order_id, status, amount, payment_method, cashier_name, created_at)
VALUES ('e23d1ca4-36ac-4575-917f-109bcab31f15', 'ORD-00283', 'Completed', 1020, 'GCash', 'System Seed', '2026-04-04T09:21:18.990Z');

INSERT INTO public.order_items (order_id, product_id, name, quantity, unit_price, subtotal)
VALUES ('e23d1ca4-36ac-4575-917f-109bcab31f15', 'dfe22f11-84a3-41d2-a268-149f012eae60', 'Sparkling Lemonade', 3, 110, 330);

INSERT INTO public.order_items (order_id, product_id, name, quantity, unit_price, subtotal)
VALUES ('e23d1ca4-36ac-4575-917f-109bcab31f15', 'dfe22f11-84a3-41d2-a268-149f012eae60', 'Sparkling Lemonade', 3, 110, 330);

INSERT INTO public.order_items (order_id, product_id, name, quantity, unit_price, subtotal)
VALUES ('e23d1ca4-36ac-4575-917f-109bcab31f15', '48233f0a-6e57-4a45-b033-627d13f1be78', 'Cappuccino', 3, 120, 360);

INSERT INTO public.orders (id, order_id, status, amount, payment_method, cashier_name, created_at)
VALUES ('220e9c33-8f3a-488a-9a83-692b9817088e', 'ORD-00284', 'Void (Consumed)', 985, 'Credit Card', 'System Seed', '2026-04-04T11:26:44.990Z');

INSERT INTO public.order_items (order_id, product_id, name, quantity, unit_price, subtotal)
VALUES ('220e9c33-8f3a-488a-9a83-692b9817088e', 'fe6b02e6-9366-4abd-874c-fcb832e0e282', 'Green Tea', 2, 90, 180);

INSERT INTO public.order_items (order_id, product_id, name, quantity, unit_price, subtotal)
VALUES ('220e9c33-8f3a-488a-9a83-692b9817088e', '65f0b94f-ccbe-4b50-a175-66810ae10f44', 'Croissant', 3, 80, 240);

INSERT INTO public.order_items (order_id, product_id, name, quantity, unit_price, subtotal)
VALUES ('220e9c33-8f3a-488a-9a83-692b9817088e', '1b5c6269-ce45-4413-acb8-21813cd7f9cf', 'Mocha', 2, 140, 280);

INSERT INTO public.order_items (order_id, product_id, name, quantity, unit_price, subtotal)
VALUES ('220e9c33-8f3a-488a-9a83-692b9817088e', '36c93748-7c86-4ddb-ba49-1bd1a164bf42', 'Blueberry Muffin', 3, 95, 285);

INSERT INTO public.orders (id, order_id, status, amount, payment_method, cashier_name, created_at)
VALUES ('3d238cae-9b11-4897-bdb4-d6aa9295505b', 'ORD-00285', 'Completed', 1010, 'Cash', 'System Seed', '2026-04-04T09:30:47.990Z');

INSERT INTO public.order_items (order_id, product_id, name, quantity, unit_price, subtotal)
VALUES ('3d238cae-9b11-4897-bdb4-d6aa9295505b', '83a6812d-2665-4ce5-871a-78a4eab3ce80', 'Americano', 2, 100, 200);

INSERT INTO public.order_items (order_id, product_id, name, quantity, unit_price, subtotal)
VALUES ('3d238cae-9b11-4897-bdb4-d6aa9295505b', '65f0b94f-ccbe-4b50-a175-66810ae10f44', 'Croissant', 3, 80, 240);

INSERT INTO public.order_items (order_id, product_id, name, quantity, unit_price, subtotal)
VALUES ('3d238cae-9b11-4897-bdb4-d6aa9295505b', '65f0b94f-ccbe-4b50-a175-66810ae10f44', 'Croissant', 3, 80, 240);

INSERT INTO public.order_items (order_id, product_id, name, quantity, unit_price, subtotal)
VALUES ('3d238cae-9b11-4897-bdb4-d6aa9295505b', 'dfe22f11-84a3-41d2-a268-149f012eae60', 'Sparkling Lemonade', 3, 110, 330);

INSERT INTO public.orders (id, order_id, status, amount, payment_method, cashier_name, created_at)
VALUES ('0d00603b-7561-4d24-9b44-a32a742785dc', 'ORD-00286', 'Completed', 435, 'Cash', 'System Seed', '2026-04-04T00:31:39.990Z');

INSERT INTO public.order_items (order_id, product_id, name, quantity, unit_price, subtotal)
VALUES ('0d00603b-7561-4d24-9b44-a32a742785dc', 'dfe22f11-84a3-41d2-a268-149f012eae60', 'Sparkling Lemonade', 1, 110, 110);

INSERT INTO public.order_items (order_id, product_id, name, quantity, unit_price, subtotal)
VALUES ('0d00603b-7561-4d24-9b44-a32a742785dc', 'dfe22f11-84a3-41d2-a268-149f012eae60', 'Sparkling Lemonade', 1, 110, 110);

INSERT INTO public.order_items (order_id, product_id, name, quantity, unit_price, subtotal)
VALUES ('0d00603b-7561-4d24-9b44-a32a742785dc', '48233f0a-6e57-4a45-b033-627d13f1be78', 'Cappuccino', 1, 120, 120);

INSERT INTO public.order_items (order_id, product_id, name, quantity, unit_price, subtotal)
VALUES ('0d00603b-7561-4d24-9b44-a32a742785dc', '36c93748-7c86-4ddb-ba49-1bd1a164bf42', 'Blueberry Muffin', 1, 95, 95);

INSERT INTO public.orders (id, order_id, status, amount, payment_method, cashier_name, created_at)
VALUES ('0851f2a4-fd7c-4003-a36f-31a993bc38f5', 'ORD-00287', 'Completed', 460, 'Credit Card', 'System Seed', '2026-04-04T10:30:21.990Z');

INSERT INTO public.order_items (order_id, product_id, name, quantity, unit_price, subtotal)
VALUES ('0851f2a4-fd7c-4003-a36f-31a993bc38f5', '83a6812d-2665-4ce5-871a-78a4eab3ce80', 'Americano', 3, 100, 300);

INSERT INTO public.order_items (order_id, product_id, name, quantity, unit_price, subtotal)
VALUES ('0851f2a4-fd7c-4003-a36f-31a993bc38f5', '65f0b94f-ccbe-4b50-a175-66810ae10f44', 'Croissant', 2, 80, 160);

INSERT INTO public.orders (id, order_id, status, amount, payment_method, cashier_name, created_at)
VALUES ('ec907e68-d9dc-4020-923f-824e9f43ae2c', 'ORD-00288', 'Completed', 540, 'Maya', 'System Seed', '2026-04-04T12:02:16.990Z');

INSERT INTO public.order_items (order_id, product_id, name, quantity, unit_price, subtotal)
VALUES ('ec907e68-d9dc-4020-923f-824e9f43ae2c', '3a6a55c0-70f3-4417-a252-db77d9e511c0', 'Latte', 3, 120, 360);

INSERT INTO public.order_items (order_id, product_id, name, quantity, unit_price, subtotal)
VALUES ('ec907e68-d9dc-4020-923f-824e9f43ae2c', 'fe6b02e6-9366-4abd-874c-fcb832e0e282', 'Green Tea', 2, 90, 180);

INSERT INTO public.orders (id, order_id, status, amount, payment_method, cashier_name, created_at)
VALUES ('4eec8195-28ce-436d-9e56-6d135fe91443', 'ORD-00289', 'Completed', 835, 'Maya', 'System Seed', '2026-04-04T01:43:51.990Z');

INSERT INTO public.order_items (order_id, product_id, name, quantity, unit_price, subtotal)
VALUES ('4eec8195-28ce-436d-9e56-6d135fe91443', '36c93748-7c86-4ddb-ba49-1bd1a164bf42', 'Blueberry Muffin', 1, 95, 95);

INSERT INTO public.order_items (order_id, product_id, name, quantity, unit_price, subtotal)
VALUES ('4eec8195-28ce-436d-9e56-6d135fe91443', '3a6a55c0-70f3-4417-a252-db77d9e511c0', 'Latte', 2, 120, 240);

INSERT INTO public.order_items (order_id, product_id, name, quantity, unit_price, subtotal)
VALUES ('4eec8195-28ce-436d-9e56-6d135fe91443', '83a6812d-2665-4ce5-871a-78a4eab3ce80', 'Americano', 2, 100, 200);

INSERT INTO public.order_items (order_id, product_id, name, quantity, unit_price, subtotal)
VALUES ('4eec8195-28ce-436d-9e56-6d135fe91443', '83a6812d-2665-4ce5-871a-78a4eab3ce80', 'Americano', 3, 100, 300);

INSERT INTO public.orders (id, order_id, status, amount, payment_method, cashier_name, created_at)
VALUES ('68807c8d-8650-4482-accd-00fc1c6b656f', 'ORD-00290', 'Void (Not Made)', 710, 'Maya', 'System Seed', '2026-04-04T11:10:36.990Z');

INSERT INTO public.order_items (order_id, product_id, name, quantity, unit_price, subtotal)
VALUES ('68807c8d-8650-4482-accd-00fc1c6b656f', 'dfe22f11-84a3-41d2-a268-149f012eae60', 'Sparkling Lemonade', 3, 110, 330);

INSERT INTO public.order_items (order_id, product_id, name, quantity, unit_price, subtotal)
VALUES ('68807c8d-8650-4482-accd-00fc1c6b656f', '48233f0a-6e57-4a45-b033-627d13f1be78', 'Cappuccino', 2, 120, 240);

INSERT INTO public.order_items (order_id, product_id, name, quantity, unit_price, subtotal)
VALUES ('68807c8d-8650-4482-accd-00fc1c6b656f', '1b5c6269-ce45-4413-acb8-21813cd7f9cf', 'Mocha', 1, 140, 140);

INSERT INTO public.orders (id, order_id, status, amount, payment_method, cashier_name, created_at)
VALUES ('b68c9956-fd7e-4a73-a6b8-a2913889a953', 'ORD-00291', 'Completed', 690, 'GCash', 'System Seed', '2026-04-04T01:43:23.990Z');

INSERT INTO public.order_items (order_id, product_id, name, quantity, unit_price, subtotal)
VALUES ('b68c9956-fd7e-4a73-a6b8-a2913889a953', '36c93748-7c86-4ddb-ba49-1bd1a164bf42', 'Blueberry Muffin', 2, 95, 190);

INSERT INTO public.order_items (order_id, product_id, name, quantity, unit_price, subtotal)
VALUES ('b68c9956-fd7e-4a73-a6b8-a2913889a953', '65f0b94f-ccbe-4b50-a175-66810ae10f44', 'Croissant', 3, 80, 240);

INSERT INTO public.order_items (order_id, product_id, name, quantity, unit_price, subtotal)
VALUES ('b68c9956-fd7e-4a73-a6b8-a2913889a953', '3a6a55c0-70f3-4417-a252-db77d9e511c0', 'Latte', 1, 120, 120);

INSERT INTO public.order_items (order_id, product_id, name, quantity, unit_price, subtotal)
VALUES ('b68c9956-fd7e-4a73-a6b8-a2913889a953', '1b5c6269-ce45-4413-acb8-21813cd7f9cf', 'Mocha', 1, 140, 140);

INSERT INTO public.orders (id, order_id, status, amount, payment_method, cashier_name, created_at)
VALUES ('2e88ab65-c96d-4bd0-b150-0c20ce41f4d5', 'ORD-00292', 'Void (Not Made)', 560, 'Credit Card', 'System Seed', '2026-04-04T02:48:26.990Z');

INSERT INTO public.order_items (order_id, product_id, name, quantity, unit_price, subtotal)
VALUES ('2e88ab65-c96d-4bd0-b150-0c20ce41f4d5', 'fe6b02e6-9366-4abd-874c-fcb832e0e282', 'Green Tea', 1, 90, 90);

INSERT INTO public.order_items (order_id, product_id, name, quantity, unit_price, subtotal)
VALUES ('2e88ab65-c96d-4bd0-b150-0c20ce41f4d5', 'fe6b02e6-9366-4abd-874c-fcb832e0e282', 'Green Tea', 1, 90, 90);

INSERT INTO public.order_items (order_id, product_id, name, quantity, unit_price, subtotal)
VALUES ('2e88ab65-c96d-4bd0-b150-0c20ce41f4d5', 'dfe22f11-84a3-41d2-a268-149f012eae60', 'Sparkling Lemonade', 2, 110, 220);

INSERT INTO public.order_items (order_id, product_id, name, quantity, unit_price, subtotal)
VALUES ('2e88ab65-c96d-4bd0-b150-0c20ce41f4d5', '65f0b94f-ccbe-4b50-a175-66810ae10f44', 'Croissant', 2, 80, 160);

INSERT INTO public.orders (id, order_id, status, amount, payment_method, cashier_name, created_at)
VALUES ('e304859e-e8c7-4a99-b19a-92a57cab4610', 'ORD-00293', 'Void (Not Made)', 380, 'GCash', 'System Seed', '2026-04-04T06:23:01.990Z');

INSERT INTO public.order_items (order_id, product_id, name, quantity, unit_price, subtotal)
VALUES ('e304859e-e8c7-4a99-b19a-92a57cab4610', 'dfe22f11-84a3-41d2-a268-149f012eae60', 'Sparkling Lemonade', 1, 110, 110);

INSERT INTO public.order_items (order_id, product_id, name, quantity, unit_price, subtotal)
VALUES ('e304859e-e8c7-4a99-b19a-92a57cab4610', 'fe6b02e6-9366-4abd-874c-fcb832e0e282', 'Green Tea', 3, 90, 270);

INSERT INTO public.orders (id, order_id, status, amount, payment_method, cashier_name, created_at)
VALUES ('788a1a83-cdff-41e2-b4dd-c690eec5a607', 'ORD-00294', 'Completed', 900, 'Maya', 'System Seed', '2026-04-04T12:26:57.990Z');

INSERT INTO public.order_items (order_id, product_id, name, quantity, unit_price, subtotal)
VALUES ('788a1a83-cdff-41e2-b4dd-c690eec5a607', '65f0b94f-ccbe-4b50-a175-66810ae10f44', 'Croissant', 2, 80, 160);

INSERT INTO public.order_items (order_id, product_id, name, quantity, unit_price, subtotal)
VALUES ('788a1a83-cdff-41e2-b4dd-c690eec5a607', 'dfe22f11-84a3-41d2-a268-149f012eae60', 'Sparkling Lemonade', 2, 110, 220);

INSERT INTO public.order_items (order_id, product_id, name, quantity, unit_price, subtotal)
VALUES ('788a1a83-cdff-41e2-b4dd-c690eec5a607', '1b5c6269-ce45-4413-acb8-21813cd7f9cf', 'Mocha', 2, 140, 280);

INSERT INTO public.order_items (order_id, product_id, name, quantity, unit_price, subtotal)
VALUES ('788a1a83-cdff-41e2-b4dd-c690eec5a607', '65f0b94f-ccbe-4b50-a175-66810ae10f44', 'Croissant', 3, 80, 240);

INSERT INTO public.orders (id, order_id, status, amount, payment_method, cashier_name, created_at)
VALUES ('96e2d345-135e-4273-bb20-abaf922095e1', 'ORD-00295', 'Void (Consumed)', 695, 'Maya', 'System Seed', '2026-04-04T02:49:20.990Z');

INSERT INTO public.order_items (order_id, product_id, name, quantity, unit_price, subtotal)
VALUES ('96e2d345-135e-4273-bb20-abaf922095e1', '1b5c6269-ce45-4413-acb8-21813cd7f9cf', 'Mocha', 1, 140, 140);

INSERT INTO public.order_items (order_id, product_id, name, quantity, unit_price, subtotal)
VALUES ('96e2d345-135e-4273-bb20-abaf922095e1', '83a6812d-2665-4ce5-871a-78a4eab3ce80', 'Americano', 1, 100, 100);

INSERT INTO public.order_items (order_id, product_id, name, quantity, unit_price, subtotal)
VALUES ('96e2d345-135e-4273-bb20-abaf922095e1', '36c93748-7c86-4ddb-ba49-1bd1a164bf42', 'Blueberry Muffin', 1, 95, 95);

INSERT INTO public.order_items (order_id, product_id, name, quantity, unit_price, subtotal)
VALUES ('96e2d345-135e-4273-bb20-abaf922095e1', '48233f0a-6e57-4a45-b033-627d13f1be78', 'Cappuccino', 3, 120, 360);

INSERT INTO public.orders (id, order_id, status, amount, payment_method, cashier_name, created_at)
VALUES ('3b1cd6c6-be13-439b-9e47-1856b96acbea', 'ORD-00296', 'Completed', 480, 'Maya', 'System Seed', '2026-04-04T05:43:21.990Z');

INSERT INTO public.order_items (order_id, product_id, name, quantity, unit_price, subtotal)
VALUES ('3b1cd6c6-be13-439b-9e47-1856b96acbea', '36c93748-7c86-4ddb-ba49-1bd1a164bf42', 'Blueberry Muffin', 3, 95, 285);

INSERT INTO public.order_items (order_id, product_id, name, quantity, unit_price, subtotal)
VALUES ('3b1cd6c6-be13-439b-9e47-1856b96acbea', '83a6812d-2665-4ce5-871a-78a4eab3ce80', 'Americano', 1, 100, 100);

INSERT INTO public.order_items (order_id, product_id, name, quantity, unit_price, subtotal)
VALUES ('3b1cd6c6-be13-439b-9e47-1856b96acbea', '36c93748-7c86-4ddb-ba49-1bd1a164bf42', 'Blueberry Muffin', 1, 95, 95);

INSERT INTO public.orders (id, order_id, status, amount, payment_method, cashier_name, created_at)
VALUES ('a9551e59-ad19-49ea-a558-33673a446b97', 'ORD-00297', 'Completed', 640, 'Maya', 'System Seed', '2026-04-04T08:00:41.990Z');

INSERT INTO public.order_items (order_id, product_id, name, quantity, unit_price, subtotal)
VALUES ('a9551e59-ad19-49ea-a558-33673a446b97', 'fe6b02e6-9366-4abd-874c-fcb832e0e282', 'Green Tea', 1, 90, 90);

INSERT INTO public.order_items (order_id, product_id, name, quantity, unit_price, subtotal)
VALUES ('a9551e59-ad19-49ea-a558-33673a446b97', '1b5c6269-ce45-4413-acb8-21813cd7f9cf', 'Mocha', 2, 140, 280);

INSERT INTO public.order_items (order_id, product_id, name, quantity, unit_price, subtotal)
VALUES ('a9551e59-ad19-49ea-a558-33673a446b97', '65f0b94f-ccbe-4b50-a175-66810ae10f44', 'Croissant', 2, 80, 160);

INSERT INTO public.order_items (order_id, product_id, name, quantity, unit_price, subtotal)
VALUES ('a9551e59-ad19-49ea-a558-33673a446b97', 'dfe22f11-84a3-41d2-a268-149f012eae60', 'Sparkling Lemonade', 1, 110, 110);

INSERT INTO public.orders (id, order_id, status, amount, payment_method, cashier_name, created_at)
VALUES ('0afeb1ff-2bd7-458e-9d59-b6490a46bd17', 'ORD-00298', 'Completed', 200, 'GCash', 'System Seed', '2026-04-04T10:39:59.990Z');

INSERT INTO public.order_items (order_id, product_id, name, quantity, unit_price, subtotal)
VALUES ('0afeb1ff-2bd7-458e-9d59-b6490a46bd17', '83a6812d-2665-4ce5-871a-78a4eab3ce80', 'Americano', 1, 100, 100);

INSERT INTO public.order_items (order_id, product_id, name, quantity, unit_price, subtotal)
VALUES ('0afeb1ff-2bd7-458e-9d59-b6490a46bd17', '83a6812d-2665-4ce5-871a-78a4eab3ce80', 'Americano', 1, 100, 100);

INSERT INTO public.orders (id, order_id, status, amount, payment_method, cashier_name, created_at)
VALUES ('cacf0ac5-a4f2-4bcd-b38c-caf38b5303a2', 'ORD-00299', 'Void (Consumed)', 410, 'Cash', 'System Seed', '2026-04-04T08:52:11.990Z');

INSERT INTO public.order_items (order_id, product_id, name, quantity, unit_price, subtotal)
VALUES ('cacf0ac5-a4f2-4bcd-b38c-caf38b5303a2', '65f0b94f-ccbe-4b50-a175-66810ae10f44', 'Croissant', 1, 80, 80);

INSERT INTO public.order_items (order_id, product_id, name, quantity, unit_price, subtotal)
VALUES ('cacf0ac5-a4f2-4bcd-b38c-caf38b5303a2', '1b5c6269-ce45-4413-acb8-21813cd7f9cf', 'Mocha', 1, 140, 140);

INSERT INTO public.order_items (order_id, product_id, name, quantity, unit_price, subtotal)
VALUES ('cacf0ac5-a4f2-4bcd-b38c-caf38b5303a2', '36c93748-7c86-4ddb-ba49-1bd1a164bf42', 'Blueberry Muffin', 2, 95, 190);

INSERT INTO public.orders (id, order_id, status, amount, payment_method, cashier_name, created_at)
VALUES ('0786ab3b-e3f0-4b2e-92cf-2caa0cc1a0c9', 'ORD-00300', 'Completed', 920, 'Credit Card', 'System Seed', '2026-04-04T01:52:58.990Z');

INSERT INTO public.order_items (order_id, product_id, name, quantity, unit_price, subtotal)
VALUES ('0786ab3b-e3f0-4b2e-92cf-2caa0cc1a0c9', '1b5c6269-ce45-4413-acb8-21813cd7f9cf', 'Mocha', 2, 140, 280);

INSERT INTO public.order_items (order_id, product_id, name, quantity, unit_price, subtotal)
VALUES ('0786ab3b-e3f0-4b2e-92cf-2caa0cc1a0c9', '1b5c6269-ce45-4413-acb8-21813cd7f9cf', 'Mocha', 2, 140, 280);

INSERT INTO public.order_items (order_id, product_id, name, quantity, unit_price, subtotal)
VALUES ('0786ab3b-e3f0-4b2e-92cf-2caa0cc1a0c9', '48233f0a-6e57-4a45-b033-627d13f1be78', 'Cappuccino', 3, 120, 360);

INSERT INTO public.orders (id, order_id, status, amount, payment_method, cashier_name, created_at)
VALUES ('4a7d79af-95c6-4cab-91c4-b156a2451b7f', 'ORD-00301', 'Completed', 385, 'Maya', 'System Seed', '2026-04-04T07:35:17.990Z');

INSERT INTO public.order_items (order_id, product_id, name, quantity, unit_price, subtotal)
VALUES ('4a7d79af-95c6-4cab-91c4-b156a2451b7f', '36c93748-7c86-4ddb-ba49-1bd1a164bf42', 'Blueberry Muffin', 1, 95, 95);

INSERT INTO public.order_items (order_id, product_id, name, quantity, unit_price, subtotal)
VALUES ('4a7d79af-95c6-4cab-91c4-b156a2451b7f', 'fe6b02e6-9366-4abd-874c-fcb832e0e282', 'Green Tea', 1, 90, 90);

INSERT INTO public.order_items (order_id, product_id, name, quantity, unit_price, subtotal)
VALUES ('4a7d79af-95c6-4cab-91c4-b156a2451b7f', '65f0b94f-ccbe-4b50-a175-66810ae10f44', 'Croissant', 1, 80, 80);

INSERT INTO public.order_items (order_id, product_id, name, quantity, unit_price, subtotal)
VALUES ('4a7d79af-95c6-4cab-91c4-b156a2451b7f', '3a6a55c0-70f3-4417-a252-db77d9e511c0', 'Latte', 1, 120, 120);

INSERT INTO public.orders (id, order_id, status, amount, payment_method, cashier_name, created_at)
VALUES ('6f17ccf1-3ea2-417a-964a-22f2cb7d7341', 'ORD-00302', 'Completed', 770, 'GCash', 'System Seed', '2026-04-05T10:17:37.990Z');

INSERT INTO public.order_items (order_id, product_id, name, quantity, unit_price, subtotal)
VALUES ('6f17ccf1-3ea2-417a-964a-22f2cb7d7341', '83a6812d-2665-4ce5-871a-78a4eab3ce80', 'Americano', 1, 100, 100);

INSERT INTO public.order_items (order_id, product_id, name, quantity, unit_price, subtotal)
VALUES ('6f17ccf1-3ea2-417a-964a-22f2cb7d7341', '1b5c6269-ce45-4413-acb8-21813cd7f9cf', 'Mocha', 2, 140, 280);

INSERT INTO public.order_items (order_id, product_id, name, quantity, unit_price, subtotal)
VALUES ('6f17ccf1-3ea2-417a-964a-22f2cb7d7341', '36c93748-7c86-4ddb-ba49-1bd1a164bf42', 'Blueberry Muffin', 2, 95, 190);

INSERT INTO public.order_items (order_id, product_id, name, quantity, unit_price, subtotal)
VALUES ('6f17ccf1-3ea2-417a-964a-22f2cb7d7341', '83a6812d-2665-4ce5-871a-78a4eab3ce80', 'Americano', 2, 100, 200);

INSERT INTO public.orders (id, order_id, status, amount, payment_method, cashier_name, created_at)
VALUES ('2ae84bf2-fdb2-469c-8acf-6fe12685177f', 'ORD-00303', 'Completed', 330, 'Maya', 'System Seed', '2026-04-05T00:50:34.990Z');

INSERT INTO public.order_items (order_id, product_id, name, quantity, unit_price, subtotal)
VALUES ('2ae84bf2-fdb2-469c-8acf-6fe12685177f', 'dfe22f11-84a3-41d2-a268-149f012eae60', 'Sparkling Lemonade', 3, 110, 330);

INSERT INTO public.orders (id, order_id, status, amount, payment_method, cashier_name, created_at)
VALUES ('486877d7-b299-487d-970c-284e7a18c66b', 'ORD-00304', 'Void (Consumed)', 240, 'Credit Card', 'System Seed', '2026-04-05T04:19:15.990Z');

INSERT INTO public.order_items (order_id, product_id, name, quantity, unit_price, subtotal)
VALUES ('486877d7-b299-487d-970c-284e7a18c66b', '65f0b94f-ccbe-4b50-a175-66810ae10f44', 'Croissant', 3, 80, 240);

INSERT INTO public.orders (id, order_id, status, amount, payment_method, cashier_name, created_at)
VALUES ('bf5e5ae4-f80f-4c51-accf-ecc5c707caca', 'ORD-00305', 'Completed', 110, 'GCash', 'System Seed', '2026-04-05T06:00:33.990Z');

INSERT INTO public.order_items (order_id, product_id, name, quantity, unit_price, subtotal)
VALUES ('bf5e5ae4-f80f-4c51-accf-ecc5c707caca', 'dfe22f11-84a3-41d2-a268-149f012eae60', 'Sparkling Lemonade', 1, 110, 110);

INSERT INTO public.orders (id, order_id, status, amount, payment_method, cashier_name, created_at)
VALUES ('f22a18b7-c045-43a7-ba16-8bd7ac020de8', 'ORD-00306', 'Completed', 720, 'Maya', 'System Seed', '2026-04-05T05:56:18.990Z');

INSERT INTO public.order_items (order_id, product_id, name, quantity, unit_price, subtotal)
VALUES ('f22a18b7-c045-43a7-ba16-8bd7ac020de8', 'dfe22f11-84a3-41d2-a268-149f012eae60', 'Sparkling Lemonade', 1, 110, 110);

INSERT INTO public.order_items (order_id, product_id, name, quantity, unit_price, subtotal)
VALUES ('f22a18b7-c045-43a7-ba16-8bd7ac020de8', '36c93748-7c86-4ddb-ba49-1bd1a164bf42', 'Blueberry Muffin', 2, 95, 190);

INSERT INTO public.order_items (order_id, product_id, name, quantity, unit_price, subtotal)
VALUES ('f22a18b7-c045-43a7-ba16-8bd7ac020de8', 'dfe22f11-84a3-41d2-a268-149f012eae60', 'Sparkling Lemonade', 2, 110, 220);

INSERT INTO public.order_items (order_id, product_id, name, quantity, unit_price, subtotal)
VALUES ('f22a18b7-c045-43a7-ba16-8bd7ac020de8', '83a6812d-2665-4ce5-871a-78a4eab3ce80', 'Americano', 2, 100, 200);

INSERT INTO public.orders (id, order_id, status, amount, payment_method, cashier_name, created_at)
VALUES ('eaf1279d-38d5-4f18-b2f9-2849f214560a', 'ORD-00307', 'Completed', 890, 'GCash', 'System Seed', '2026-04-05T09:26:31.990Z');

INSERT INTO public.order_items (order_id, product_id, name, quantity, unit_price, subtotal)
VALUES ('eaf1279d-38d5-4f18-b2f9-2849f214560a', 'fe6b02e6-9366-4abd-874c-fcb832e0e282', 'Green Tea', 1, 90, 90);

INSERT INTO public.order_items (order_id, product_id, name, quantity, unit_price, subtotal)
VALUES ('eaf1279d-38d5-4f18-b2f9-2849f214560a', '48233f0a-6e57-4a45-b033-627d13f1be78', 'Cappuccino', 3, 120, 360);

INSERT INTO public.order_items (order_id, product_id, name, quantity, unit_price, subtotal)
VALUES ('eaf1279d-38d5-4f18-b2f9-2849f214560a', 'dfe22f11-84a3-41d2-a268-149f012eae60', 'Sparkling Lemonade', 1, 110, 110);

INSERT INTO public.order_items (order_id, product_id, name, quantity, unit_price, subtotal)
VALUES ('eaf1279d-38d5-4f18-b2f9-2849f214560a', 'dfe22f11-84a3-41d2-a268-149f012eae60', 'Sparkling Lemonade', 3, 110, 330);

INSERT INTO public.orders (id, order_id, status, amount, payment_method, cashier_name, created_at)
VALUES ('5f5f4282-d12a-45fb-b112-a7d36526b4f2', 'ORD-00308', 'Completed', 520, 'GCash', 'System Seed', '2026-04-05T12:21:07.990Z');

INSERT INTO public.order_items (order_id, product_id, name, quantity, unit_price, subtotal)
VALUES ('5f5f4282-d12a-45fb-b112-a7d36526b4f2', 'dfe22f11-84a3-41d2-a268-149f012eae60', 'Sparkling Lemonade', 3, 110, 330);

INSERT INTO public.order_items (order_id, product_id, name, quantity, unit_price, subtotal)
VALUES ('5f5f4282-d12a-45fb-b112-a7d36526b4f2', '36c93748-7c86-4ddb-ba49-1bd1a164bf42', 'Blueberry Muffin', 2, 95, 190);

INSERT INTO public.orders (id, order_id, status, amount, payment_method, cashier_name, created_at)
VALUES ('29b0f887-ad2c-49c6-b52f-24a24ad95fd8', 'ORD-00309', 'Completed', 290, 'Maya', 'System Seed', '2026-04-05T10:40:16.990Z');

INSERT INTO public.order_items (order_id, product_id, name, quantity, unit_price, subtotal)
VALUES ('29b0f887-ad2c-49c6-b52f-24a24ad95fd8', '83a6812d-2665-4ce5-871a-78a4eab3ce80', 'Americano', 2, 100, 200);

INSERT INTO public.order_items (order_id, product_id, name, quantity, unit_price, subtotal)
VALUES ('29b0f887-ad2c-49c6-b52f-24a24ad95fd8', 'fe6b02e6-9366-4abd-874c-fcb832e0e282', 'Green Tea', 1, 90, 90);

INSERT INTO public.orders (id, order_id, status, amount, payment_method, cashier_name, created_at)
VALUES ('b76f77bd-790b-4f62-b3e3-4d059fceab3e', 'ORD-00310', 'Completed', 495, 'Maya', 'System Seed', '2026-04-05T01:00:42.990Z');

INSERT INTO public.order_items (order_id, product_id, name, quantity, unit_price, subtotal)
VALUES ('b76f77bd-790b-4f62-b3e3-4d059fceab3e', '36c93748-7c86-4ddb-ba49-1bd1a164bf42', 'Blueberry Muffin', 1, 95, 95);

INSERT INTO public.order_items (order_id, product_id, name, quantity, unit_price, subtotal)
VALUES ('b76f77bd-790b-4f62-b3e3-4d059fceab3e', '83a6812d-2665-4ce5-871a-78a4eab3ce80', 'Americano', 2, 100, 200);

INSERT INTO public.order_items (order_id, product_id, name, quantity, unit_price, subtotal)
VALUES ('b76f77bd-790b-4f62-b3e3-4d059fceab3e', '83a6812d-2665-4ce5-871a-78a4eab3ce80', 'Americano', 2, 100, 200);

INSERT INTO public.orders (id, order_id, status, amount, payment_method, cashier_name, created_at)
VALUES ('40dce2ff-572b-44a9-8aa3-9c9458b5dc76', 'ORD-00311', 'Completed', 790, 'GCash', 'System Seed', '2026-04-05T09:21:28.990Z');

INSERT INTO public.order_items (order_id, product_id, name, quantity, unit_price, subtotal)
VALUES ('40dce2ff-572b-44a9-8aa3-9c9458b5dc76', '48233f0a-6e57-4a45-b033-627d13f1be78', 'Cappuccino', 2, 120, 240);

INSERT INTO public.order_items (order_id, product_id, name, quantity, unit_price, subtotal)
VALUES ('40dce2ff-572b-44a9-8aa3-9c9458b5dc76', 'dfe22f11-84a3-41d2-a268-149f012eae60', 'Sparkling Lemonade', 3, 110, 330);

INSERT INTO public.order_items (order_id, product_id, name, quantity, unit_price, subtotal)
VALUES ('40dce2ff-572b-44a9-8aa3-9c9458b5dc76', 'dfe22f11-84a3-41d2-a268-149f012eae60', 'Sparkling Lemonade', 2, 110, 220);

INSERT INTO public.orders (id, order_id, status, amount, payment_method, cashier_name, created_at)
VALUES ('c9e81d05-520b-4698-9e36-d5395d8d138c', 'ORD-00312', 'Completed', 775, 'Maya', 'System Seed', '2026-04-05T09:38:38.990Z');

INSERT INTO public.order_items (order_id, product_id, name, quantity, unit_price, subtotal)
VALUES ('c9e81d05-520b-4698-9e36-d5395d8d138c', 'fe6b02e6-9366-4abd-874c-fcb832e0e282', 'Green Tea', 2, 90, 180);

INSERT INTO public.order_items (order_id, product_id, name, quantity, unit_price, subtotal)
VALUES ('c9e81d05-520b-4698-9e36-d5395d8d138c', 'fe6b02e6-9366-4abd-874c-fcb832e0e282', 'Green Tea', 1, 90, 90);

INSERT INTO public.order_items (order_id, product_id, name, quantity, unit_price, subtotal)
VALUES ('c9e81d05-520b-4698-9e36-d5395d8d138c', 'dfe22f11-84a3-41d2-a268-149f012eae60', 'Sparkling Lemonade', 2, 110, 220);

INSERT INTO public.order_items (order_id, product_id, name, quantity, unit_price, subtotal)
VALUES ('c9e81d05-520b-4698-9e36-d5395d8d138c', '36c93748-7c86-4ddb-ba49-1bd1a164bf42', 'Blueberry Muffin', 3, 95, 285);

INSERT INTO public.orders (id, order_id, status, amount, payment_method, cashier_name, created_at)
VALUES ('257397fd-ec3f-4469-82a5-314240a9c3f6', 'ORD-00313', 'Completed', 775, 'Cash', 'System Seed', '2026-04-05T10:36:01.990Z');

INSERT INTO public.order_items (order_id, product_id, name, quantity, unit_price, subtotal)
VALUES ('257397fd-ec3f-4469-82a5-314240a9c3f6', 'fe6b02e6-9366-4abd-874c-fcb832e0e282', 'Green Tea', 3, 90, 270);

INSERT INTO public.order_items (order_id, product_id, name, quantity, unit_price, subtotal)
VALUES ('257397fd-ec3f-4469-82a5-314240a9c3f6', '36c93748-7c86-4ddb-ba49-1bd1a164bf42', 'Blueberry Muffin', 3, 95, 285);

INSERT INTO public.order_items (order_id, product_id, name, quantity, unit_price, subtotal)
VALUES ('257397fd-ec3f-4469-82a5-314240a9c3f6', 'dfe22f11-84a3-41d2-a268-149f012eae60', 'Sparkling Lemonade', 2, 110, 220);

INSERT INTO public.orders (id, order_id, status, amount, payment_method, cashier_name, created_at)
VALUES ('cddbc989-c15e-4aa1-adee-194964a972ab', 'ORD-00314', 'Completed', 100, 'Maya', 'System Seed', '2026-04-05T02:34:49.990Z');

INSERT INTO public.order_items (order_id, product_id, name, quantity, unit_price, subtotal)
VALUES ('cddbc989-c15e-4aa1-adee-194964a972ab', '83a6812d-2665-4ce5-871a-78a4eab3ce80', 'Americano', 1, 100, 100);

INSERT INTO public.orders (id, order_id, status, amount, payment_method, cashier_name, created_at)
VALUES ('6245106e-7787-4920-b159-7a73f5502e0c', 'ORD-00315', 'Completed', 770, 'Maya', 'System Seed', '2026-04-04T23:47:20.990Z');

INSERT INTO public.order_items (order_id, product_id, name, quantity, unit_price, subtotal)
VALUES ('6245106e-7787-4920-b159-7a73f5502e0c', 'fe6b02e6-9366-4abd-874c-fcb832e0e282', 'Green Tea', 3, 90, 270);

INSERT INTO public.order_items (order_id, product_id, name, quantity, unit_price, subtotal)
VALUES ('6245106e-7787-4920-b159-7a73f5502e0c', '83a6812d-2665-4ce5-871a-78a4eab3ce80', 'Americano', 2, 100, 200);

INSERT INTO public.order_items (order_id, product_id, name, quantity, unit_price, subtotal)
VALUES ('6245106e-7787-4920-b159-7a73f5502e0c', '83a6812d-2665-4ce5-871a-78a4eab3ce80', 'Americano', 3, 100, 300);

INSERT INTO public.orders (id, order_id, status, amount, payment_method, cashier_name, created_at)
VALUES ('3083b10d-136e-4d83-9d87-1191b5ac7fc9', 'ORD-00316', 'Void (Consumed)', 490, 'Cash', 'System Seed', '2026-04-05T11:50:49.990Z');

INSERT INTO public.order_items (order_id, product_id, name, quantity, unit_price, subtotal)
VALUES ('3083b10d-136e-4d83-9d87-1191b5ac7fc9', '48233f0a-6e57-4a45-b033-627d13f1be78', 'Cappuccino', 1, 120, 120);

INSERT INTO public.order_items (order_id, product_id, name, quantity, unit_price, subtotal)
VALUES ('3083b10d-136e-4d83-9d87-1191b5ac7fc9', 'fe6b02e6-9366-4abd-874c-fcb832e0e282', 'Green Tea', 2, 90, 180);

INSERT INTO public.order_items (order_id, product_id, name, quantity, unit_price, subtotal)
VALUES ('3083b10d-136e-4d83-9d87-1191b5ac7fc9', '36c93748-7c86-4ddb-ba49-1bd1a164bf42', 'Blueberry Muffin', 2, 95, 190);

INSERT INTO public.orders (id, order_id, status, amount, payment_method, cashier_name, created_at)
VALUES ('f910b1fb-9942-48d3-83a3-62ecb6319679', 'ORD-00317', 'Completed', 1050, 'Credit Card', 'System Seed', '2026-04-05T06:10:08.990Z');

INSERT INTO public.order_items (order_id, product_id, name, quantity, unit_price, subtotal)
VALUES ('f910b1fb-9942-48d3-83a3-62ecb6319679', 'fe6b02e6-9366-4abd-874c-fcb832e0e282', 'Green Tea', 2, 90, 180);

INSERT INTO public.order_items (order_id, product_id, name, quantity, unit_price, subtotal)
VALUES ('f910b1fb-9942-48d3-83a3-62ecb6319679', 'fe6b02e6-9366-4abd-874c-fcb832e0e282', 'Green Tea', 3, 90, 270);

INSERT INTO public.order_items (order_id, product_id, name, quantity, unit_price, subtotal)
VALUES ('f910b1fb-9942-48d3-83a3-62ecb6319679', '3a6a55c0-70f3-4417-a252-db77d9e511c0', 'Latte', 3, 120, 360);

INSERT INTO public.order_items (order_id, product_id, name, quantity, unit_price, subtotal)
VALUES ('f910b1fb-9942-48d3-83a3-62ecb6319679', '65f0b94f-ccbe-4b50-a175-66810ae10f44', 'Croissant', 3, 80, 240);

INSERT INTO public.orders (id, order_id, status, amount, payment_method, cashier_name, created_at)
VALUES ('4fbb59d3-9ed8-446e-8d83-c87e453fd515', 'ORD-00318', 'Completed', 620, 'Cash', 'System Seed', '2026-04-05T12:19:30.990Z');

INSERT INTO public.order_items (order_id, product_id, name, quantity, unit_price, subtotal)
VALUES ('4fbb59d3-9ed8-446e-8d83-c87e453fd515', '3a6a55c0-70f3-4417-a252-db77d9e511c0', 'Latte', 1, 120, 120);

INSERT INTO public.order_items (order_id, product_id, name, quantity, unit_price, subtotal)
VALUES ('4fbb59d3-9ed8-446e-8d83-c87e453fd515', '1b5c6269-ce45-4413-acb8-21813cd7f9cf', 'Mocha', 2, 140, 280);

INSERT INTO public.order_items (order_id, product_id, name, quantity, unit_price, subtotal)
VALUES ('4fbb59d3-9ed8-446e-8d83-c87e453fd515', 'dfe22f11-84a3-41d2-a268-149f012eae60', 'Sparkling Lemonade', 2, 110, 220);

INSERT INTO public.orders (id, order_id, status, amount, payment_method, cashier_name, created_at)
VALUES ('7838371b-fdd8-440b-976d-0cad69a3ff19', 'ORD-00319', 'Completed', 890, 'Maya', 'System Seed', '2026-04-05T02:43:19.990Z');

INSERT INTO public.order_items (order_id, product_id, name, quantity, unit_price, subtotal)
VALUES ('7838371b-fdd8-440b-976d-0cad69a3ff19', '65f0b94f-ccbe-4b50-a175-66810ae10f44', 'Croissant', 1, 80, 80);

INSERT INTO public.order_items (order_id, product_id, name, quantity, unit_price, subtotal)
VALUES ('7838371b-fdd8-440b-976d-0cad69a3ff19', 'dfe22f11-84a3-41d2-a268-149f012eae60', 'Sparkling Lemonade', 3, 110, 330);

INSERT INTO public.order_items (order_id, product_id, name, quantity, unit_price, subtotal)
VALUES ('7838371b-fdd8-440b-976d-0cad69a3ff19', '3a6a55c0-70f3-4417-a252-db77d9e511c0', 'Latte', 2, 120, 240);

INSERT INTO public.order_items (order_id, product_id, name, quantity, unit_price, subtotal)
VALUES ('7838371b-fdd8-440b-976d-0cad69a3ff19', '65f0b94f-ccbe-4b50-a175-66810ae10f44', 'Croissant', 3, 80, 240);

INSERT INTO public.orders (id, order_id, status, amount, payment_method, cashier_name, created_at)
VALUES ('4523dfb4-4dd1-4035-8a36-5b8d731ed54a', 'ORD-00320', 'Void (Not Made)', 420, 'Credit Card', 'System Seed', '2026-04-05T00:22:23.990Z');

INSERT INTO public.order_items (order_id, product_id, name, quantity, unit_price, subtotal)
VALUES ('4523dfb4-4dd1-4035-8a36-5b8d731ed54a', '1b5c6269-ce45-4413-acb8-21813cd7f9cf', 'Mocha', 3, 140, 420);

INSERT INTO public.orders (id, order_id, status, amount, payment_method, cashier_name, created_at)
VALUES ('a0f7d3c0-4446-4d6a-abcd-80efa643cc4e', 'ORD-00321', 'Void (Not Made)', 360, 'Maya', 'System Seed', '2026-04-05T10:33:25.990Z');

INSERT INTO public.order_items (order_id, product_id, name, quantity, unit_price, subtotal)
VALUES ('a0f7d3c0-4446-4d6a-abcd-80efa643cc4e', '65f0b94f-ccbe-4b50-a175-66810ae10f44', 'Croissant', 2, 80, 160);

INSERT INTO public.order_items (order_id, product_id, name, quantity, unit_price, subtotal)
VALUES ('a0f7d3c0-4446-4d6a-abcd-80efa643cc4e', '83a6812d-2665-4ce5-871a-78a4eab3ce80', 'Americano', 2, 100, 200);

INSERT INTO public.orders (id, order_id, status, amount, payment_method, cashier_name, created_at)
VALUES ('e3bc1a08-4798-485d-a598-f6a47e5a30be', 'ORD-00322', 'Completed', 920, 'Maya', 'System Seed', '2026-04-04T23:18:27.990Z');

INSERT INTO public.order_items (order_id, product_id, name, quantity, unit_price, subtotal)
VALUES ('e3bc1a08-4798-485d-a598-f6a47e5a30be', '65f0b94f-ccbe-4b50-a175-66810ae10f44', 'Croissant', 3, 80, 240);

INSERT INTO public.order_items (order_id, product_id, name, quantity, unit_price, subtotal)
VALUES ('e3bc1a08-4798-485d-a598-f6a47e5a30be', '48233f0a-6e57-4a45-b033-627d13f1be78', 'Cappuccino', 2, 120, 240);

INSERT INTO public.order_items (order_id, product_id, name, quantity, unit_price, subtotal)
VALUES ('e3bc1a08-4798-485d-a598-f6a47e5a30be', '65f0b94f-ccbe-4b50-a175-66810ae10f44', 'Croissant', 2, 80, 160);

INSERT INTO public.order_items (order_id, product_id, name, quantity, unit_price, subtotal)
VALUES ('e3bc1a08-4798-485d-a598-f6a47e5a30be', '1b5c6269-ce45-4413-acb8-21813cd7f9cf', 'Mocha', 2, 140, 280);

INSERT INTO public.orders (id, order_id, status, amount, payment_method, cashier_name, created_at)
VALUES ('d90d7270-ffbf-4121-ac71-6a3316f1a5b6', 'ORD-00323', 'Completed', 190, 'Cash', 'System Seed', '2026-04-06T08:26:25.990Z');

INSERT INTO public.order_items (order_id, product_id, name, quantity, unit_price, subtotal)
VALUES ('d90d7270-ffbf-4121-ac71-6a3316f1a5b6', '36c93748-7c86-4ddb-ba49-1bd1a164bf42', 'Blueberry Muffin', 2, 95, 190);

INSERT INTO public.orders (id, order_id, status, amount, payment_method, cashier_name, created_at)
VALUES ('26d2b0d1-7d91-449d-8898-ea6675518440', 'ORD-00324', 'Completed', 550, 'Credit Card', 'System Seed', '2026-04-06T10:48:18.990Z');

INSERT INTO public.order_items (order_id, product_id, name, quantity, unit_price, subtotal)
VALUES ('26d2b0d1-7d91-449d-8898-ea6675518440', '3a6a55c0-70f3-4417-a252-db77d9e511c0', 'Latte', 3, 120, 360);

INSERT INTO public.order_items (order_id, product_id, name, quantity, unit_price, subtotal)
VALUES ('26d2b0d1-7d91-449d-8898-ea6675518440', '36c93748-7c86-4ddb-ba49-1bd1a164bf42', 'Blueberry Muffin', 2, 95, 190);

INSERT INTO public.orders (id, order_id, status, amount, payment_method, cashier_name, created_at)
VALUES ('e7fda74f-3d9c-42c2-9551-e7565d6e5bd4', 'ORD-00325', 'Completed', 190, 'Credit Card', 'System Seed', '2026-04-06T03:12:16.990Z');

INSERT INTO public.order_items (order_id, product_id, name, quantity, unit_price, subtotal)
VALUES ('e7fda74f-3d9c-42c2-9551-e7565d6e5bd4', '36c93748-7c86-4ddb-ba49-1bd1a164bf42', 'Blueberry Muffin', 2, 95, 190);

INSERT INTO public.orders (id, order_id, status, amount, payment_method, cashier_name, created_at)
VALUES ('6035e1df-ce8c-405f-9545-58391e0f00eb', 'ORD-00326', 'Void (Not Made)', 520, 'Cash', 'System Seed', '2026-04-06T03:56:06.990Z');

INSERT INTO public.order_items (order_id, product_id, name, quantity, unit_price, subtotal)
VALUES ('6035e1df-ce8c-405f-9545-58391e0f00eb', '65f0b94f-ccbe-4b50-a175-66810ae10f44', 'Croissant', 2, 80, 160);

INSERT INTO public.order_items (order_id, product_id, name, quantity, unit_price, subtotal)
VALUES ('6035e1df-ce8c-405f-9545-58391e0f00eb', '48233f0a-6e57-4a45-b033-627d13f1be78', 'Cappuccino', 3, 120, 360);

INSERT INTO public.orders (id, order_id, status, amount, payment_method, cashier_name, created_at)
VALUES ('70310b75-a9ee-4b1a-8a63-26615dee6f62', 'ORD-00327', 'Completed', 550, 'Cash', 'System Seed', '2026-04-06T09:46:30.990Z');

INSERT INTO public.order_items (order_id, product_id, name, quantity, unit_price, subtotal)
VALUES ('70310b75-a9ee-4b1a-8a63-26615dee6f62', 'fe6b02e6-9366-4abd-874c-fcb832e0e282', 'Green Tea', 2, 90, 180);

INSERT INTO public.order_items (order_id, product_id, name, quantity, unit_price, subtotal)
VALUES ('70310b75-a9ee-4b1a-8a63-26615dee6f62', '83a6812d-2665-4ce5-871a-78a4eab3ce80', 'Americano', 1, 100, 100);

INSERT INTO public.order_items (order_id, product_id, name, quantity, unit_price, subtotal)
VALUES ('70310b75-a9ee-4b1a-8a63-26615dee6f62', 'fe6b02e6-9366-4abd-874c-fcb832e0e282', 'Green Tea', 3, 90, 270);

INSERT INTO public.orders (id, order_id, status, amount, payment_method, cashier_name, created_at)
VALUES ('046f1da1-ebcd-4804-8d60-bc236b459f10', 'ORD-00328', 'Completed', 320, 'Maya', 'System Seed', '2026-04-06T01:41:15.990Z');

INSERT INTO public.order_items (order_id, product_id, name, quantity, unit_price, subtotal)
VALUES ('046f1da1-ebcd-4804-8d60-bc236b459f10', '83a6812d-2665-4ce5-871a-78a4eab3ce80', 'Americano', 2, 100, 200);

INSERT INTO public.order_items (order_id, product_id, name, quantity, unit_price, subtotal)
VALUES ('046f1da1-ebcd-4804-8d60-bc236b459f10', '3a6a55c0-70f3-4417-a252-db77d9e511c0', 'Latte', 1, 120, 120);

INSERT INTO public.orders (id, order_id, status, amount, payment_method, cashier_name, created_at)
VALUES ('6b58a7ff-a64d-4c3b-a901-8ba6244aef2e', 'ORD-00329', 'Completed', 550, 'Maya', 'System Seed', '2026-04-06T11:57:35.990Z');

INSERT INTO public.order_items (order_id, product_id, name, quantity, unit_price, subtotal)
VALUES ('6b58a7ff-a64d-4c3b-a901-8ba6244aef2e', '48233f0a-6e57-4a45-b033-627d13f1be78', 'Cappuccino', 3, 120, 360);

INSERT INTO public.order_items (order_id, product_id, name, quantity, unit_price, subtotal)
VALUES ('6b58a7ff-a64d-4c3b-a901-8ba6244aef2e', '36c93748-7c86-4ddb-ba49-1bd1a164bf42', 'Blueberry Muffin', 2, 95, 190);

INSERT INTO public.orders (id, order_id, status, amount, payment_method, cashier_name, created_at)
VALUES ('4083ed07-1581-4679-8e34-27671658c8d7', 'ORD-00330', 'Completed', 720, 'Cash', 'System Seed', '2026-04-06T09:24:14.990Z');

INSERT INTO public.order_items (order_id, product_id, name, quantity, unit_price, subtotal)
VALUES ('4083ed07-1581-4679-8e34-27671658c8d7', '48233f0a-6e57-4a45-b033-627d13f1be78', 'Cappuccino', 2, 120, 240);

INSERT INTO public.order_items (order_id, product_id, name, quantity, unit_price, subtotal)
VALUES ('4083ed07-1581-4679-8e34-27671658c8d7', '48233f0a-6e57-4a45-b033-627d13f1be78', 'Cappuccino', 1, 120, 120);

INSERT INTO public.order_items (order_id, product_id, name, quantity, unit_price, subtotal)
VALUES ('4083ed07-1581-4679-8e34-27671658c8d7', 'fe6b02e6-9366-4abd-874c-fcb832e0e282', 'Green Tea', 2, 90, 180);

INSERT INTO public.order_items (order_id, product_id, name, quantity, unit_price, subtotal)
VALUES ('4083ed07-1581-4679-8e34-27671658c8d7', 'fe6b02e6-9366-4abd-874c-fcb832e0e282', 'Green Tea', 2, 90, 180);

INSERT INTO public.orders (id, order_id, status, amount, payment_method, cashier_name, created_at)
VALUES ('40957a26-549d-46ae-bb5b-3d29a7715cd9', 'ORD-00331', 'Void (Not Made)', 720, 'Maya', 'System Seed', '2026-04-06T07:48:35.990Z');

INSERT INTO public.order_items (order_id, product_id, name, quantity, unit_price, subtotal)
VALUES ('40957a26-549d-46ae-bb5b-3d29a7715cd9', '48233f0a-6e57-4a45-b033-627d13f1be78', 'Cappuccino', 3, 120, 360);

INSERT INTO public.order_items (order_id, product_id, name, quantity, unit_price, subtotal)
VALUES ('40957a26-549d-46ae-bb5b-3d29a7715cd9', 'fe6b02e6-9366-4abd-874c-fcb832e0e282', 'Green Tea', 2, 90, 180);

INSERT INTO public.order_items (order_id, product_id, name, quantity, unit_price, subtotal)
VALUES ('40957a26-549d-46ae-bb5b-3d29a7715cd9', 'fe6b02e6-9366-4abd-874c-fcb832e0e282', 'Green Tea', 2, 90, 180);

INSERT INTO public.orders (id, order_id, status, amount, payment_method, cashier_name, created_at)
VALUES ('1cc902e2-552c-45c7-b7d9-3faea0a9ea17', 'ORD-00332', 'Completed', 1240, 'GCash', 'System Seed', '2026-04-06T08:20:15.990Z');

INSERT INTO public.order_items (order_id, product_id, name, quantity, unit_price, subtotal)
VALUES ('1cc902e2-552c-45c7-b7d9-3faea0a9ea17', '3a6a55c0-70f3-4417-a252-db77d9e511c0', 'Latte', 3, 120, 360);

INSERT INTO public.order_items (order_id, product_id, name, quantity, unit_price, subtotal)
VALUES ('1cc902e2-552c-45c7-b7d9-3faea0a9ea17', '3a6a55c0-70f3-4417-a252-db77d9e511c0', 'Latte', 2, 120, 240);

INSERT INTO public.order_items (order_id, product_id, name, quantity, unit_price, subtotal)
VALUES ('1cc902e2-552c-45c7-b7d9-3faea0a9ea17', '1b5c6269-ce45-4413-acb8-21813cd7f9cf', 'Mocha', 2, 140, 280);

INSERT INTO public.order_items (order_id, product_id, name, quantity, unit_price, subtotal)
VALUES ('1cc902e2-552c-45c7-b7d9-3faea0a9ea17', '48233f0a-6e57-4a45-b033-627d13f1be78', 'Cappuccino', 3, 120, 360);

INSERT INTO public.orders (id, order_id, status, amount, payment_method, cashier_name, created_at)
VALUES ('c5f048ce-7e9e-44b5-ae2c-a4534cf1ce06', 'ORD-00333', 'Completed', 1030, 'GCash', 'System Seed', '2026-04-06T01:03:59.990Z');

INSERT INTO public.order_items (order_id, product_id, name, quantity, unit_price, subtotal)
VALUES ('c5f048ce-7e9e-44b5-ae2c-a4534cf1ce06', '48233f0a-6e57-4a45-b033-627d13f1be78', 'Cappuccino', 2, 120, 240);

INSERT INTO public.order_items (order_id, product_id, name, quantity, unit_price, subtotal)
VALUES ('c5f048ce-7e9e-44b5-ae2c-a4534cf1ce06', '36c93748-7c86-4ddb-ba49-1bd1a164bf42', 'Blueberry Muffin', 3, 95, 285);

INSERT INTO public.order_items (order_id, product_id, name, quantity, unit_price, subtotal)
VALUES ('c5f048ce-7e9e-44b5-ae2c-a4534cf1ce06', 'dfe22f11-84a3-41d2-a268-149f012eae60', 'Sparkling Lemonade', 2, 110, 220);

INSERT INTO public.order_items (order_id, product_id, name, quantity, unit_price, subtotal)
VALUES ('c5f048ce-7e9e-44b5-ae2c-a4534cf1ce06', '36c93748-7c86-4ddb-ba49-1bd1a164bf42', 'Blueberry Muffin', 3, 95, 285);

INSERT INTO public.orders (id, order_id, status, amount, payment_method, cashier_name, created_at)
VALUES ('6436f390-dae3-4f2d-abb4-b48e32d1199a', 'ORD-00334', 'Void (Consumed)', 240, 'Maya', 'System Seed', '2026-04-06T00:02:57.990Z');

INSERT INTO public.order_items (order_id, product_id, name, quantity, unit_price, subtotal)
VALUES ('6436f390-dae3-4f2d-abb4-b48e32d1199a', '65f0b94f-ccbe-4b50-a175-66810ae10f44', 'Croissant', 3, 80, 240);

INSERT INTO public.orders (id, order_id, status, amount, payment_method, cashier_name, created_at)
VALUES ('50fc5f0a-8be9-4ad7-922a-ae88e489671e', 'ORD-00335', 'Completed', 720, 'Credit Card', 'System Seed', '2026-04-06T07:16:34.990Z');

INSERT INTO public.order_items (order_id, product_id, name, quantity, unit_price, subtotal)
VALUES ('50fc5f0a-8be9-4ad7-922a-ae88e489671e', '1b5c6269-ce45-4413-acb8-21813cd7f9cf', 'Mocha', 2, 140, 280);

INSERT INTO public.order_items (order_id, product_id, name, quantity, unit_price, subtotal)
VALUES ('50fc5f0a-8be9-4ad7-922a-ae88e489671e', 'dfe22f11-84a3-41d2-a268-149f012eae60', 'Sparkling Lemonade', 3, 110, 330);

INSERT INTO public.order_items (order_id, product_id, name, quantity, unit_price, subtotal)
VALUES ('50fc5f0a-8be9-4ad7-922a-ae88e489671e', 'dfe22f11-84a3-41d2-a268-149f012eae60', 'Sparkling Lemonade', 1, 110, 110);

INSERT INTO public.orders (id, order_id, status, amount, payment_method, cashier_name, created_at)
VALUES ('418777ff-74ac-4866-91b5-e6620fef7bdc', 'ORD-00336', 'Completed', 120, 'Maya', 'System Seed', '2026-04-06T00:51:42.990Z');

INSERT INTO public.order_items (order_id, product_id, name, quantity, unit_price, subtotal)
VALUES ('418777ff-74ac-4866-91b5-e6620fef7bdc', '3a6a55c0-70f3-4417-a252-db77d9e511c0', 'Latte', 1, 120, 120);

INSERT INTO public.orders (id, order_id, status, amount, payment_method, cashier_name, created_at)
VALUES ('375e87f8-20e5-4e24-976c-402eb50902d0', 'ORD-00337', 'Completed', 240, 'Credit Card', 'System Seed', '2026-04-06T10:55:38.990Z');

INSERT INTO public.order_items (order_id, product_id, name, quantity, unit_price, subtotal)
VALUES ('375e87f8-20e5-4e24-976c-402eb50902d0', '3a6a55c0-70f3-4417-a252-db77d9e511c0', 'Latte', 2, 120, 240);

INSERT INTO public.orders (id, order_id, status, amount, payment_method, cashier_name, created_at)
VALUES ('2259614a-074b-4634-8d6e-af0f6f7ce68d', 'ORD-00338', 'Void (Consumed)', 440, 'Maya', 'System Seed', '2026-04-06T03:15:35.990Z');

INSERT INTO public.order_items (order_id, product_id, name, quantity, unit_price, subtotal)
VALUES ('2259614a-074b-4634-8d6e-af0f6f7ce68d', '65f0b94f-ccbe-4b50-a175-66810ae10f44', 'Croissant', 2, 80, 160);

INSERT INTO public.order_items (order_id, product_id, name, quantity, unit_price, subtotal)
VALUES ('2259614a-074b-4634-8d6e-af0f6f7ce68d', '1b5c6269-ce45-4413-acb8-21813cd7f9cf', 'Mocha', 2, 140, 280);

INSERT INTO public.orders (id, order_id, status, amount, payment_method, cashier_name, created_at)
VALUES ('a1b9c45e-36c4-440e-a560-d42a3325b4e6', 'ORD-00339', 'Completed', 770, 'Credit Card', 'System Seed', '2026-04-06T09:56:16.990Z');

INSERT INTO public.order_items (order_id, product_id, name, quantity, unit_price, subtotal)
VALUES ('a1b9c45e-36c4-440e-a560-d42a3325b4e6', '65f0b94f-ccbe-4b50-a175-66810ae10f44', 'Croissant', 3, 80, 240);

INSERT INTO public.order_items (order_id, product_id, name, quantity, unit_price, subtotal)
VALUES ('a1b9c45e-36c4-440e-a560-d42a3325b4e6', '3a6a55c0-70f3-4417-a252-db77d9e511c0', 'Latte', 1, 120, 120);

INSERT INTO public.order_items (order_id, product_id, name, quantity, unit_price, subtotal)
VALUES ('a1b9c45e-36c4-440e-a560-d42a3325b4e6', '65f0b94f-ccbe-4b50-a175-66810ae10f44', 'Croissant', 1, 80, 80);

INSERT INTO public.order_items (order_id, product_id, name, quantity, unit_price, subtotal)
VALUES ('a1b9c45e-36c4-440e-a560-d42a3325b4e6', 'dfe22f11-84a3-41d2-a268-149f012eae60', 'Sparkling Lemonade', 3, 110, 330);

INSERT INTO public.orders (id, order_id, status, amount, payment_method, cashier_name, created_at)
VALUES ('b1fb6eba-3a44-4727-9af9-5139c8cdef37', 'ORD-00340', 'Void (Not Made)', 210, 'Credit Card', 'System Seed', '2026-04-06T08:38:02.990Z');

INSERT INTO public.order_items (order_id, product_id, name, quantity, unit_price, subtotal)
VALUES ('b1fb6eba-3a44-4727-9af9-5139c8cdef37', 'dfe22f11-84a3-41d2-a268-149f012eae60', 'Sparkling Lemonade', 1, 110, 110);

INSERT INTO public.order_items (order_id, product_id, name, quantity, unit_price, subtotal)
VALUES ('b1fb6eba-3a44-4727-9af9-5139c8cdef37', '83a6812d-2665-4ce5-871a-78a4eab3ce80', 'Americano', 1, 100, 100);

INSERT INTO public.orders (id, order_id, status, amount, payment_method, cashier_name, created_at)
VALUES ('c1a6c17c-76c7-4330-91cc-eec6af623534', 'ORD-00341', 'Completed', 220, 'Cash', 'System Seed', '2026-04-06T00:55:24.990Z');

INSERT INTO public.order_items (order_id, product_id, name, quantity, unit_price, subtotal)
VALUES ('c1a6c17c-76c7-4330-91cc-eec6af623534', '83a6812d-2665-4ce5-871a-78a4eab3ce80', 'Americano', 1, 100, 100);

INSERT INTO public.order_items (order_id, product_id, name, quantity, unit_price, subtotal)
VALUES ('c1a6c17c-76c7-4330-91cc-eec6af623534', '3a6a55c0-70f3-4417-a252-db77d9e511c0', 'Latte', 1, 120, 120);

INSERT INTO public.orders (id, order_id, status, amount, payment_method, cashier_name, created_at)
VALUES ('1c64d02b-a4a6-4dac-bd6a-093df0073e07', 'ORD-00342', 'Void (Consumed)', 395, 'GCash', 'System Seed', '2026-04-06T01:50:06.990Z');

INSERT INTO public.order_items (order_id, product_id, name, quantity, unit_price, subtotal)
VALUES ('1c64d02b-a4a6-4dac-bd6a-093df0073e07', '83a6812d-2665-4ce5-871a-78a4eab3ce80', 'Americano', 3, 100, 300);

INSERT INTO public.order_items (order_id, product_id, name, quantity, unit_price, subtotal)
VALUES ('1c64d02b-a4a6-4dac-bd6a-093df0073e07', '36c93748-7c86-4ddb-ba49-1bd1a164bf42', 'Blueberry Muffin', 1, 95, 95);

INSERT INTO public.orders (id, order_id, status, amount, payment_method, cashier_name, created_at)
VALUES ('392faa0f-e156-4102-a194-26c8e8e96a8c', 'ORD-00343', 'Completed', 1030, 'Credit Card', 'System Seed', '2026-04-06T04:56:38.990Z');

INSERT INTO public.order_items (order_id, product_id, name, quantity, unit_price, subtotal)
VALUES ('392faa0f-e156-4102-a194-26c8e8e96a8c', 'dfe22f11-84a3-41d2-a268-149f012eae60', 'Sparkling Lemonade', 1, 110, 110);

INSERT INTO public.order_items (order_id, product_id, name, quantity, unit_price, subtotal)
VALUES ('392faa0f-e156-4102-a194-26c8e8e96a8c', '1b5c6269-ce45-4413-acb8-21813cd7f9cf', 'Mocha', 3, 140, 420);

INSERT INTO public.order_items (order_id, product_id, name, quantity, unit_price, subtotal)
VALUES ('392faa0f-e156-4102-a194-26c8e8e96a8c', '1b5c6269-ce45-4413-acb8-21813cd7f9cf', 'Mocha', 3, 140, 420);

INSERT INTO public.order_items (order_id, product_id, name, quantity, unit_price, subtotal)
VALUES ('392faa0f-e156-4102-a194-26c8e8e96a8c', '65f0b94f-ccbe-4b50-a175-66810ae10f44', 'Croissant', 1, 80, 80);

INSERT INTO public.orders (id, order_id, status, amount, payment_method, cashier_name, created_at)
VALUES ('782ac93f-4c6c-42ff-8a6d-90fb80e96469', 'ORD-00344', 'Completed', 340, 'GCash', 'System Seed', '2026-04-06T11:28:18.990Z');

INSERT INTO public.order_items (order_id, product_id, name, quantity, unit_price, subtotal)
VALUES ('782ac93f-4c6c-42ff-8a6d-90fb80e96469', '83a6812d-2665-4ce5-871a-78a4eab3ce80', 'Americano', 1, 100, 100);

INSERT INTO public.order_items (order_id, product_id, name, quantity, unit_price, subtotal)
VALUES ('782ac93f-4c6c-42ff-8a6d-90fb80e96469', '3a6a55c0-70f3-4417-a252-db77d9e511c0', 'Latte', 2, 120, 240);

INSERT INTO public.orders (id, order_id, status, amount, payment_method, cashier_name, created_at)
VALUES ('e18d3633-ec57-4df9-83bf-b20fbf38e8d3', 'ORD-00345', 'Void (Not Made)', 240, 'Maya', 'System Seed', '2026-04-06T07:33:12.990Z');

INSERT INTO public.order_items (order_id, product_id, name, quantity, unit_price, subtotal)
VALUES ('e18d3633-ec57-4df9-83bf-b20fbf38e8d3', '3a6a55c0-70f3-4417-a252-db77d9e511c0', 'Latte', 2, 120, 240);

INSERT INTO public.orders (id, order_id, status, amount, payment_method, cashier_name, created_at)
VALUES ('be3c7c25-a8c0-4744-a743-cf44d2ebc2f1', 'ORD-00346', 'Completed', 1260, 'GCash', 'System Seed', '2026-04-05T23:36:24.990Z');

INSERT INTO public.order_items (order_id, product_id, name, quantity, unit_price, subtotal)
VALUES ('be3c7c25-a8c0-4744-a743-cf44d2ebc2f1', '1b5c6269-ce45-4413-acb8-21813cd7f9cf', 'Mocha', 3, 140, 420);

INSERT INTO public.order_items (order_id, product_id, name, quantity, unit_price, subtotal)
VALUES ('be3c7c25-a8c0-4744-a743-cf44d2ebc2f1', '3a6a55c0-70f3-4417-a252-db77d9e511c0', 'Latte', 3, 120, 360);

INSERT INTO public.order_items (order_id, product_id, name, quantity, unit_price, subtotal)
VALUES ('be3c7c25-a8c0-4744-a743-cf44d2ebc2f1', '48233f0a-6e57-4a45-b033-627d13f1be78', 'Cappuccino', 2, 120, 240);

INSERT INTO public.order_items (order_id, product_id, name, quantity, unit_price, subtotal)
VALUES ('be3c7c25-a8c0-4744-a743-cf44d2ebc2f1', '3a6a55c0-70f3-4417-a252-db77d9e511c0', 'Latte', 2, 120, 240);

INSERT INTO public.orders (id, order_id, status, amount, payment_method, cashier_name, created_at)
VALUES ('d3f79c25-fd47-42f8-9c96-c5f462b58d08', 'ORD-00347', 'Completed', 820, 'GCash', 'System Seed', '2026-04-06T07:48:12.990Z');

INSERT INTO public.order_items (order_id, product_id, name, quantity, unit_price, subtotal)
VALUES ('d3f79c25-fd47-42f8-9c96-c5f462b58d08', '36c93748-7c86-4ddb-ba49-1bd1a164bf42', 'Blueberry Muffin', 2, 95, 190);

INSERT INTO public.order_items (order_id, product_id, name, quantity, unit_price, subtotal)
VALUES ('d3f79c25-fd47-42f8-9c96-c5f462b58d08', '65f0b94f-ccbe-4b50-a175-66810ae10f44', 'Croissant', 2, 80, 160);

INSERT INTO public.order_items (order_id, product_id, name, quantity, unit_price, subtotal)
VALUES ('d3f79c25-fd47-42f8-9c96-c5f462b58d08', '1b5c6269-ce45-4413-acb8-21813cd7f9cf', 'Mocha', 1, 140, 140);

INSERT INTO public.order_items (order_id, product_id, name, quantity, unit_price, subtotal)
VALUES ('d3f79c25-fd47-42f8-9c96-c5f462b58d08', 'dfe22f11-84a3-41d2-a268-149f012eae60', 'Sparkling Lemonade', 3, 110, 330);

INSERT INTO public.orders (id, order_id, status, amount, payment_method, cashier_name, created_at)
VALUES ('068c7feb-6fe8-41ed-aace-2d0942874791', 'ORD-00348', 'Completed', 460, 'Cash', 'System Seed', '2026-04-07T07:15:53.990Z');

INSERT INTO public.order_items (order_id, product_id, name, quantity, unit_price, subtotal)
VALUES ('068c7feb-6fe8-41ed-aace-2d0942874791', '1b5c6269-ce45-4413-acb8-21813cd7f9cf', 'Mocha', 1, 140, 140);

INSERT INTO public.order_items (order_id, product_id, name, quantity, unit_price, subtotal)
VALUES ('068c7feb-6fe8-41ed-aace-2d0942874791', '83a6812d-2665-4ce5-871a-78a4eab3ce80', 'Americano', 2, 100, 200);

INSERT INTO public.order_items (order_id, product_id, name, quantity, unit_price, subtotal)
VALUES ('068c7feb-6fe8-41ed-aace-2d0942874791', '48233f0a-6e57-4a45-b033-627d13f1be78', 'Cappuccino', 1, 120, 120);

INSERT INTO public.orders (id, order_id, status, amount, payment_method, cashier_name, created_at)
VALUES ('0ea4422c-1e1d-4146-85df-0a1c6904032d', 'ORD-00349', 'Completed', 240, 'Credit Card', 'System Seed', '2026-04-07T04:48:03.990Z');

INSERT INTO public.order_items (order_id, product_id, name, quantity, unit_price, subtotal)
VALUES ('0ea4422c-1e1d-4146-85df-0a1c6904032d', '1b5c6269-ce45-4413-acb8-21813cd7f9cf', 'Mocha', 1, 140, 140);

INSERT INTO public.order_items (order_id, product_id, name, quantity, unit_price, subtotal)
VALUES ('0ea4422c-1e1d-4146-85df-0a1c6904032d', '83a6812d-2665-4ce5-871a-78a4eab3ce80', 'Americano', 1, 100, 100);

INSERT INTO public.orders (id, order_id, status, amount, payment_method, cashier_name, created_at)
VALUES ('7a7e75e5-7cfe-47d0-a566-003c878e19d9', 'ORD-00350', 'Void (Consumed)', 560, 'Cash', 'System Seed', '2026-04-07T02:02:02.990Z');

INSERT INTO public.order_items (order_id, product_id, name, quantity, unit_price, subtotal)
VALUES ('7a7e75e5-7cfe-47d0-a566-003c878e19d9', '65f0b94f-ccbe-4b50-a175-66810ae10f44', 'Croissant', 2, 80, 160);

INSERT INTO public.order_items (order_id, product_id, name, quantity, unit_price, subtotal)
VALUES ('7a7e75e5-7cfe-47d0-a566-003c878e19d9', '83a6812d-2665-4ce5-871a-78a4eab3ce80', 'Americano', 2, 100, 200);

INSERT INTO public.order_items (order_id, product_id, name, quantity, unit_price, subtotal)
VALUES ('7a7e75e5-7cfe-47d0-a566-003c878e19d9', '83a6812d-2665-4ce5-871a-78a4eab3ce80', 'Americano', 2, 100, 200);

INSERT INTO public.orders (id, order_id, status, amount, payment_method, cashier_name, created_at)
VALUES ('39f21eb5-c6a5-46c8-8ea0-e449d0bc69e1', 'ORD-00351', 'Completed', 585, 'GCash', 'System Seed', '2026-04-07T06:00:05.990Z');

INSERT INTO public.order_items (order_id, product_id, name, quantity, unit_price, subtotal)
VALUES ('39f21eb5-c6a5-46c8-8ea0-e449d0bc69e1', '83a6812d-2665-4ce5-871a-78a4eab3ce80', 'Americano', 3, 100, 300);

INSERT INTO public.order_items (order_id, product_id, name, quantity, unit_price, subtotal)
VALUES ('39f21eb5-c6a5-46c8-8ea0-e449d0bc69e1', '36c93748-7c86-4ddb-ba49-1bd1a164bf42', 'Blueberry Muffin', 3, 95, 285);

INSERT INTO public.orders (id, order_id, status, amount, payment_method, cashier_name, created_at)
VALUES ('4b70a3db-8a29-464f-9d99-e39811be724b', 'ORD-00352', 'Completed', 560, 'Cash', 'System Seed', '2026-04-07T04:27:54.990Z');

INSERT INTO public.order_items (order_id, product_id, name, quantity, unit_price, subtotal)
VALUES ('4b70a3db-8a29-464f-9d99-e39811be724b', 'fe6b02e6-9366-4abd-874c-fcb832e0e282', 'Green Tea', 2, 90, 180);

INSERT INTO public.order_items (order_id, product_id, name, quantity, unit_price, subtotal)
VALUES ('4b70a3db-8a29-464f-9d99-e39811be724b', 'dfe22f11-84a3-41d2-a268-149f012eae60', 'Sparkling Lemonade', 1, 110, 110);

INSERT INTO public.order_items (order_id, product_id, name, quantity, unit_price, subtotal)
VALUES ('4b70a3db-8a29-464f-9d99-e39811be724b', 'fe6b02e6-9366-4abd-874c-fcb832e0e282', 'Green Tea', 3, 90, 270);

INSERT INTO public.orders (id, order_id, status, amount, payment_method, cashier_name, created_at)
VALUES ('fdd373d4-bd68-44b5-96d9-ceb4dc96ec5e', 'ORD-00353', 'Completed', 660, 'Credit Card', 'System Seed', '2026-04-07T00:38:47.990Z');

INSERT INTO public.order_items (order_id, product_id, name, quantity, unit_price, subtotal)
VALUES ('fdd373d4-bd68-44b5-96d9-ceb4dc96ec5e', '65f0b94f-ccbe-4b50-a175-66810ae10f44', 'Croissant', 1, 80, 80);

INSERT INTO public.order_items (order_id, product_id, name, quantity, unit_price, subtotal)
VALUES ('fdd373d4-bd68-44b5-96d9-ceb4dc96ec5e', 'fe6b02e6-9366-4abd-874c-fcb832e0e282', 'Green Tea', 3, 90, 270);

INSERT INTO public.order_items (order_id, product_id, name, quantity, unit_price, subtotal)
VALUES ('fdd373d4-bd68-44b5-96d9-ceb4dc96ec5e', 'dfe22f11-84a3-41d2-a268-149f012eae60', 'Sparkling Lemonade', 2, 110, 220);

INSERT INTO public.order_items (order_id, product_id, name, quantity, unit_price, subtotal)
VALUES ('fdd373d4-bd68-44b5-96d9-ceb4dc96ec5e', 'fe6b02e6-9366-4abd-874c-fcb832e0e282', 'Green Tea', 1, 90, 90);

INSERT INTO public.orders (id, order_id, status, amount, payment_method, cashier_name, created_at)
VALUES ('c041285f-c46c-40a7-8260-fce8cee29b05', 'ORD-00354', 'Completed', 1160, 'Cash', 'System Seed', '2026-04-07T04:34:41.990Z');

INSERT INTO public.order_items (order_id, product_id, name, quantity, unit_price, subtotal)
VALUES ('c041285f-c46c-40a7-8260-fce8cee29b05', '1b5c6269-ce45-4413-acb8-21813cd7f9cf', 'Mocha', 3, 140, 420);

INSERT INTO public.order_items (order_id, product_id, name, quantity, unit_price, subtotal)
VALUES ('c041285f-c46c-40a7-8260-fce8cee29b05', 'fe6b02e6-9366-4abd-874c-fcb832e0e282', 'Green Tea', 2, 90, 180);

INSERT INTO public.order_items (order_id, product_id, name, quantity, unit_price, subtotal)
VALUES ('c041285f-c46c-40a7-8260-fce8cee29b05', '3a6a55c0-70f3-4417-a252-db77d9e511c0', 'Latte', 3, 120, 360);

INSERT INTO public.order_items (order_id, product_id, name, quantity, unit_price, subtotal)
VALUES ('c041285f-c46c-40a7-8260-fce8cee29b05', '83a6812d-2665-4ce5-871a-78a4eab3ce80', 'Americano', 2, 100, 200);

INSERT INTO public.orders (id, order_id, status, amount, payment_method, cashier_name, created_at)
VALUES ('fc89434c-a308-422c-9457-40cfe6f6578f', 'ORD-00355', 'Void (Consumed)', 220, 'Cash', 'System Seed', '2026-04-07T08:18:37.990Z');

INSERT INTO public.order_items (order_id, product_id, name, quantity, unit_price, subtotal)
VALUES ('fc89434c-a308-422c-9457-40cfe6f6578f', 'dfe22f11-84a3-41d2-a268-149f012eae60', 'Sparkling Lemonade', 2, 110, 220);

INSERT INTO public.orders (id, order_id, status, amount, payment_method, cashier_name, created_at)
VALUES ('6fd6aaf4-47fc-4711-b562-042dc71ddb79', 'ORD-00356', 'Void (Not Made)', 690, 'Credit Card', 'System Seed', '2026-04-07T09:07:07.990Z');

INSERT INTO public.order_items (order_id, product_id, name, quantity, unit_price, subtotal)
VALUES ('6fd6aaf4-47fc-4711-b562-042dc71ddb79', '36c93748-7c86-4ddb-ba49-1bd1a164bf42', 'Blueberry Muffin', 2, 95, 190);

INSERT INTO public.order_items (order_id, product_id, name, quantity, unit_price, subtotal)
VALUES ('6fd6aaf4-47fc-4711-b562-042dc71ddb79', '83a6812d-2665-4ce5-871a-78a4eab3ce80', 'Americano', 2, 100, 200);

INSERT INTO public.order_items (order_id, product_id, name, quantity, unit_price, subtotal)
VALUES ('6fd6aaf4-47fc-4711-b562-042dc71ddb79', '65f0b94f-ccbe-4b50-a175-66810ae10f44', 'Croissant', 2, 80, 160);

INSERT INTO public.order_items (order_id, product_id, name, quantity, unit_price, subtotal)
VALUES ('6fd6aaf4-47fc-4711-b562-042dc71ddb79', '1b5c6269-ce45-4413-acb8-21813cd7f9cf', 'Mocha', 1, 140, 140);

INSERT INTO public.orders (id, order_id, status, amount, payment_method, cashier_name, created_at)
VALUES ('f226118b-7406-4843-a9cf-b8dbfa99ae48', 'ORD-00357', 'Completed', 580, 'Credit Card', 'System Seed', '2026-04-07T12:57:50.990Z');

INSERT INTO public.order_items (order_id, product_id, name, quantity, unit_price, subtotal)
VALUES ('f226118b-7406-4843-a9cf-b8dbfa99ae48', 'dfe22f11-84a3-41d2-a268-149f012eae60', 'Sparkling Lemonade', 2, 110, 220);

INSERT INTO public.order_items (order_id, product_id, name, quantity, unit_price, subtotal)
VALUES ('f226118b-7406-4843-a9cf-b8dbfa99ae48', '48233f0a-6e57-4a45-b033-627d13f1be78', 'Cappuccino', 3, 120, 360);

INSERT INTO public.orders (id, order_id, status, amount, payment_method, cashier_name, created_at)
VALUES ('22f9d18c-6871-4700-a427-ae9dd69e8fef', 'ORD-00358', 'Void (Not Made)', 980, 'GCash', 'System Seed', '2026-04-07T00:47:09.990Z');

INSERT INTO public.order_items (order_id, product_id, name, quantity, unit_price, subtotal)
VALUES ('22f9d18c-6871-4700-a427-ae9dd69e8fef', '1b5c6269-ce45-4413-acb8-21813cd7f9cf', 'Mocha', 2, 140, 280);

INSERT INTO public.order_items (order_id, product_id, name, quantity, unit_price, subtotal)
VALUES ('22f9d18c-6871-4700-a427-ae9dd69e8fef', '1b5c6269-ce45-4413-acb8-21813cd7f9cf', 'Mocha', 2, 140, 280);

INSERT INTO public.order_items (order_id, product_id, name, quantity, unit_price, subtotal)
VALUES ('22f9d18c-6871-4700-a427-ae9dd69e8fef', '1b5c6269-ce45-4413-acb8-21813cd7f9cf', 'Mocha', 3, 140, 420);

INSERT INTO public.orders (id, order_id, status, amount, payment_method, cashier_name, created_at)
VALUES ('e5416213-5f30-407e-abad-2de8d50a6d18', 'ORD-00359', 'Void (Not Made)', 570, 'Cash', 'System Seed', '2026-04-07T11:27:41.990Z');

INSERT INTO public.order_items (order_id, product_id, name, quantity, unit_price, subtotal)
VALUES ('e5416213-5f30-407e-abad-2de8d50a6d18', '3a6a55c0-70f3-4417-a252-db77d9e511c0', 'Latte', 2, 120, 240);

INSERT INTO public.order_items (order_id, product_id, name, quantity, unit_price, subtotal)
VALUES ('e5416213-5f30-407e-abad-2de8d50a6d18', 'dfe22f11-84a3-41d2-a268-149f012eae60', 'Sparkling Lemonade', 3, 110, 330);

INSERT INTO public.orders (id, order_id, status, amount, payment_method, cashier_name, created_at)
VALUES ('e80f81ce-1b64-4a0b-8d1e-c1b3e94c4211', 'ORD-00360', 'Completed', 360, 'Credit Card', 'System Seed', '2026-04-07T09:06:03.990Z');

INSERT INTO public.order_items (order_id, product_id, name, quantity, unit_price, subtotal)
VALUES ('e80f81ce-1b64-4a0b-8d1e-c1b3e94c4211', '48233f0a-6e57-4a45-b033-627d13f1be78', 'Cappuccino', 3, 120, 360);

INSERT INTO public.orders (id, order_id, status, amount, payment_method, cashier_name, created_at)
VALUES ('d3fbff9e-c8fb-4a2c-a5d4-5f70dacdc25b', 'ORD-00361', 'Completed', 520, 'Cash', 'System Seed', '2026-04-07T09:19:22.990Z');

INSERT INTO public.order_items (order_id, product_id, name, quantity, unit_price, subtotal)
VALUES ('d3fbff9e-c8fb-4a2c-a5d4-5f70dacdc25b', '65f0b94f-ccbe-4b50-a175-66810ae10f44', 'Croissant', 2, 80, 160);

INSERT INTO public.order_items (order_id, product_id, name, quantity, unit_price, subtotal)
VALUES ('d3fbff9e-c8fb-4a2c-a5d4-5f70dacdc25b', '3a6a55c0-70f3-4417-a252-db77d9e511c0', 'Latte', 3, 120, 360);

INSERT INTO public.orders (id, order_id, status, amount, payment_method, cashier_name, created_at)
VALUES ('18759868-6260-4d96-a547-11e8e90e0077', 'ORD-00362', 'Completed', 990, 'Credit Card', 'System Seed', '2026-04-06T23:42:22.990Z');

INSERT INTO public.order_items (order_id, product_id, name, quantity, unit_price, subtotal)
VALUES ('18759868-6260-4d96-a547-11e8e90e0077', '1b5c6269-ce45-4413-acb8-21813cd7f9cf', 'Mocha', 1, 140, 140);

INSERT INTO public.order_items (order_id, product_id, name, quantity, unit_price, subtotal)
VALUES ('18759868-6260-4d96-a547-11e8e90e0077', '48233f0a-6e57-4a45-b033-627d13f1be78', 'Cappuccino', 3, 120, 360);

INSERT INTO public.order_items (order_id, product_id, name, quantity, unit_price, subtotal)
VALUES ('18759868-6260-4d96-a547-11e8e90e0077', '83a6812d-2665-4ce5-871a-78a4eab3ce80', 'Americano', 3, 100, 300);

INSERT INTO public.order_items (order_id, product_id, name, quantity, unit_price, subtotal)
VALUES ('18759868-6260-4d96-a547-11e8e90e0077', '36c93748-7c86-4ddb-ba49-1bd1a164bf42', 'Blueberry Muffin', 2, 95, 190);

INSERT INTO public.orders (id, order_id, status, amount, payment_method, cashier_name, created_at)
VALUES ('7f01a208-186c-422d-afa3-318f7f7c7cc1', 'ORD-00363', 'Completed', 330, 'Credit Card', 'System Seed', '2026-04-07T05:49:24.990Z');

INSERT INTO public.order_items (order_id, product_id, name, quantity, unit_price, subtotal)
VALUES ('7f01a208-186c-422d-afa3-318f7f7c7cc1', 'fe6b02e6-9366-4abd-874c-fcb832e0e282', 'Green Tea', 1, 90, 90);

INSERT INTO public.order_items (order_id, product_id, name, quantity, unit_price, subtotal)
VALUES ('7f01a208-186c-422d-afa3-318f7f7c7cc1', '48233f0a-6e57-4a45-b033-627d13f1be78', 'Cappuccino', 2, 120, 240);

INSERT INTO public.orders (id, order_id, status, amount, payment_method, cashier_name, created_at)
VALUES ('8ecf5fcc-b9bd-47b8-9059-249867adceb8', 'ORD-00364', 'Completed', 600, 'GCash', 'System Seed', '2026-04-07T03:08:36.990Z');

INSERT INTO public.order_items (order_id, product_id, name, quantity, unit_price, subtotal)
VALUES ('8ecf5fcc-b9bd-47b8-9059-249867adceb8', '3a6a55c0-70f3-4417-a252-db77d9e511c0', 'Latte', 3, 120, 360);

INSERT INTO public.order_items (order_id, product_id, name, quantity, unit_price, subtotal)
VALUES ('8ecf5fcc-b9bd-47b8-9059-249867adceb8', '65f0b94f-ccbe-4b50-a175-66810ae10f44', 'Croissant', 3, 80, 240);

INSERT INTO public.orders (id, order_id, status, amount, payment_method, cashier_name, created_at)
VALUES ('91885fb8-0c92-45e4-a833-aaf716734980', 'ORD-00365', 'Completed', 720, 'Cash', 'System Seed', '2026-04-07T12:03:24.990Z');

INSERT INTO public.order_items (order_id, product_id, name, quantity, unit_price, subtotal)
VALUES ('91885fb8-0c92-45e4-a833-aaf716734980', '48233f0a-6e57-4a45-b033-627d13f1be78', 'Cappuccino', 1, 120, 120);

INSERT INTO public.order_items (order_id, product_id, name, quantity, unit_price, subtotal)
VALUES ('91885fb8-0c92-45e4-a833-aaf716734980', 'fe6b02e6-9366-4abd-874c-fcb832e0e282', 'Green Tea', 3, 90, 270);

INSERT INTO public.order_items (order_id, product_id, name, quantity, unit_price, subtotal)
VALUES ('91885fb8-0c92-45e4-a833-aaf716734980', 'dfe22f11-84a3-41d2-a268-149f012eae60', 'Sparkling Lemonade', 3, 110, 330);

INSERT INTO public.orders (id, order_id, status, amount, payment_method, cashier_name, created_at)
VALUES ('87fb88e3-5176-4aec-9632-2afb2a3903ff', 'ORD-00366', 'Void (Consumed)', 920, 'Maya', 'System Seed', '2026-04-07T06:36:30.990Z');

INSERT INTO public.order_items (order_id, product_id, name, quantity, unit_price, subtotal)
VALUES ('87fb88e3-5176-4aec-9632-2afb2a3903ff', 'dfe22f11-84a3-41d2-a268-149f012eae60', 'Sparkling Lemonade', 1, 110, 110);

INSERT INTO public.order_items (order_id, product_id, name, quantity, unit_price, subtotal)
VALUES ('87fb88e3-5176-4aec-9632-2afb2a3903ff', '3a6a55c0-70f3-4417-a252-db77d9e511c0', 'Latte', 1, 120, 120);

INSERT INTO public.order_items (order_id, product_id, name, quantity, unit_price, subtotal)
VALUES ('87fb88e3-5176-4aec-9632-2afb2a3903ff', '3a6a55c0-70f3-4417-a252-db77d9e511c0', 'Latte', 3, 120, 360);

INSERT INTO public.order_items (order_id, product_id, name, quantity, unit_price, subtotal)
VALUES ('87fb88e3-5176-4aec-9632-2afb2a3903ff', 'dfe22f11-84a3-41d2-a268-149f012eae60', 'Sparkling Lemonade', 3, 110, 330);

INSERT INTO public.orders (id, order_id, status, amount, payment_method, cashier_name, created_at)
VALUES ('d75df1e1-0c1b-4b36-9dec-8ac673f3387a', 'ORD-00367', 'Completed', 790, 'Credit Card', 'System Seed', '2026-04-07T04:06:40.990Z');

INSERT INTO public.order_items (order_id, product_id, name, quantity, unit_price, subtotal)
VALUES ('d75df1e1-0c1b-4b36-9dec-8ac673f3387a', '3a6a55c0-70f3-4417-a252-db77d9e511c0', 'Latte', 1, 120, 120);

INSERT INTO public.order_items (order_id, product_id, name, quantity, unit_price, subtotal)
VALUES ('d75df1e1-0c1b-4b36-9dec-8ac673f3387a', '83a6812d-2665-4ce5-871a-78a4eab3ce80', 'Americano', 3, 100, 300);

INSERT INTO public.order_items (order_id, product_id, name, quantity, unit_price, subtotal)
VALUES ('d75df1e1-0c1b-4b36-9dec-8ac673f3387a', '36c93748-7c86-4ddb-ba49-1bd1a164bf42', 'Blueberry Muffin', 2, 95, 190);

INSERT INTO public.order_items (order_id, product_id, name, quantity, unit_price, subtotal)
VALUES ('d75df1e1-0c1b-4b36-9dec-8ac673f3387a', 'fe6b02e6-9366-4abd-874c-fcb832e0e282', 'Green Tea', 2, 90, 180);

INSERT INTO public.orders (id, order_id, status, amount, payment_method, cashier_name, created_at)
VALUES ('f2fdba3c-df93-4ffd-814d-3f8e1fa9957e', 'ORD-00368', 'Completed', 190, 'Maya', 'System Seed', '2026-04-07T00:31:36.990Z');

INSERT INTO public.order_items (order_id, product_id, name, quantity, unit_price, subtotal)
VALUES ('f2fdba3c-df93-4ffd-814d-3f8e1fa9957e', '36c93748-7c86-4ddb-ba49-1bd1a164bf42', 'Blueberry Muffin', 2, 95, 190);

INSERT INTO public.orders (id, order_id, status, amount, payment_method, cashier_name, created_at)
VALUES ('5a3b5a55-caba-4da2-ad89-8182b73fa45b', 'ORD-00369', 'Void (Not Made)', 990, 'Maya', 'System Seed', '2026-04-07T06:37:31.990Z');

INSERT INTO public.order_items (order_id, product_id, name, quantity, unit_price, subtotal)
VALUES ('5a3b5a55-caba-4da2-ad89-8182b73fa45b', '1b5c6269-ce45-4413-acb8-21813cd7f9cf', 'Mocha', 1, 140, 140);

INSERT INTO public.order_items (order_id, product_id, name, quantity, unit_price, subtotal)
VALUES ('5a3b5a55-caba-4da2-ad89-8182b73fa45b', '48233f0a-6e57-4a45-b033-627d13f1be78', 'Cappuccino', 3, 120, 360);

INSERT INTO public.order_items (order_id, product_id, name, quantity, unit_price, subtotal)
VALUES ('5a3b5a55-caba-4da2-ad89-8182b73fa45b', 'dfe22f11-84a3-41d2-a268-149f012eae60', 'Sparkling Lemonade', 2, 110, 220);

INSERT INTO public.order_items (order_id, product_id, name, quantity, unit_price, subtotal)
VALUES ('5a3b5a55-caba-4da2-ad89-8182b73fa45b', 'fe6b02e6-9366-4abd-874c-fcb832e0e282', 'Green Tea', 3, 90, 270);

INSERT INTO public.orders (id, order_id, status, amount, payment_method, cashier_name, created_at)
VALUES ('f1b7457f-ab3f-4419-8ac4-d2d43118686e', 'ORD-00370', 'Void (Not Made)', 550, 'GCash', 'System Seed', '2026-04-07T04:20:16.990Z');

INSERT INTO public.order_items (order_id, product_id, name, quantity, unit_price, subtotal)
VALUES ('f1b7457f-ab3f-4419-8ac4-d2d43118686e', '83a6812d-2665-4ce5-871a-78a4eab3ce80', 'Americano', 2, 100, 200);

INSERT INTO public.order_items (order_id, product_id, name, quantity, unit_price, subtotal)
VALUES ('f1b7457f-ab3f-4419-8ac4-d2d43118686e', '48233f0a-6e57-4a45-b033-627d13f1be78', 'Cappuccino', 2, 120, 240);

INSERT INTO public.order_items (order_id, product_id, name, quantity, unit_price, subtotal)
VALUES ('f1b7457f-ab3f-4419-8ac4-d2d43118686e', 'dfe22f11-84a3-41d2-a268-149f012eae60', 'Sparkling Lemonade', 1, 110, 110);

INSERT INTO public.orders (id, order_id, status, amount, payment_method, cashier_name, created_at)
VALUES ('ba8d7b23-3112-4ac8-a367-9639b672a12c', 'ORD-00371', 'Completed', 1070, 'GCash', 'System Seed', '2026-04-07T03:48:52.990Z');

INSERT INTO public.order_items (order_id, product_id, name, quantity, unit_price, subtotal)
VALUES ('ba8d7b23-3112-4ac8-a367-9639b672a12c', '65f0b94f-ccbe-4b50-a175-66810ae10f44', 'Croissant', 3, 80, 240);

INSERT INTO public.order_items (order_id, product_id, name, quantity, unit_price, subtotal)
VALUES ('ba8d7b23-3112-4ac8-a367-9639b672a12c', 'fe6b02e6-9366-4abd-874c-fcb832e0e282', 'Green Tea', 3, 90, 270);

INSERT INTO public.order_items (order_id, product_id, name, quantity, unit_price, subtotal)
VALUES ('ba8d7b23-3112-4ac8-a367-9639b672a12c', '83a6812d-2665-4ce5-871a-78a4eab3ce80', 'Americano', 2, 100, 200);

INSERT INTO public.order_items (order_id, product_id, name, quantity, unit_price, subtotal)
VALUES ('ba8d7b23-3112-4ac8-a367-9639b672a12c', '48233f0a-6e57-4a45-b033-627d13f1be78', 'Cappuccino', 3, 120, 360);

INSERT INTO public.orders (id, order_id, status, amount, payment_method, cashier_name, created_at)
VALUES ('9680396d-08be-4e04-9b41-69ac59e1e182', 'ORD-00372', 'Completed', 820, 'GCash', 'System Seed', '2026-04-07T00:26:59.990Z');

INSERT INTO public.order_items (order_id, product_id, name, quantity, unit_price, subtotal)
VALUES ('9680396d-08be-4e04-9b41-69ac59e1e182', '65f0b94f-ccbe-4b50-a175-66810ae10f44', 'Croissant', 2, 80, 160);

INSERT INTO public.order_items (order_id, product_id, name, quantity, unit_price, subtotal)
VALUES ('9680396d-08be-4e04-9b41-69ac59e1e182', '48233f0a-6e57-4a45-b033-627d13f1be78', 'Cappuccino', 2, 120, 240);

INSERT INTO public.order_items (order_id, product_id, name, quantity, unit_price, subtotal)
VALUES ('9680396d-08be-4e04-9b41-69ac59e1e182', '1b5c6269-ce45-4413-acb8-21813cd7f9cf', 'Mocha', 3, 140, 420);

INSERT INTO public.orders (id, order_id, status, amount, payment_method, cashier_name, created_at)
VALUES ('6221fb06-f104-4930-8167-d03374825c11', 'ORD-00373', 'Completed', 870, 'Maya', 'System Seed', '2026-04-07T09:17:56.990Z');

INSERT INTO public.order_items (order_id, product_id, name, quantity, unit_price, subtotal)
VALUES ('6221fb06-f104-4930-8167-d03374825c11', '3a6a55c0-70f3-4417-a252-db77d9e511c0', 'Latte', 1, 120, 120);

INSERT INTO public.order_items (order_id, product_id, name, quantity, unit_price, subtotal)
VALUES ('6221fb06-f104-4930-8167-d03374825c11', '1b5c6269-ce45-4413-acb8-21813cd7f9cf', 'Mocha', 2, 140, 280);

INSERT INTO public.order_items (order_id, product_id, name, quantity, unit_price, subtotal)
VALUES ('6221fb06-f104-4930-8167-d03374825c11', '1b5c6269-ce45-4413-acb8-21813cd7f9cf', 'Mocha', 1, 140, 140);

INSERT INTO public.order_items (order_id, product_id, name, quantity, unit_price, subtotal)
VALUES ('6221fb06-f104-4930-8167-d03374825c11', 'dfe22f11-84a3-41d2-a268-149f012eae60', 'Sparkling Lemonade', 3, 110, 330);

INSERT INTO public.orders (id, order_id, status, amount, payment_method, cashier_name, created_at)
VALUES ('0aefb6e5-7c28-4b66-9980-f635f76913ba', 'ORD-00374', 'Completed', 900, 'Maya', 'System Seed', '2026-04-07T07:28:59.990Z');

INSERT INTO public.order_items (order_id, product_id, name, quantity, unit_price, subtotal)
VALUES ('0aefb6e5-7c28-4b66-9980-f635f76913ba', '1b5c6269-ce45-4413-acb8-21813cd7f9cf', 'Mocha', 3, 140, 420);

INSERT INTO public.order_items (order_id, product_id, name, quantity, unit_price, subtotal)
VALUES ('0aefb6e5-7c28-4b66-9980-f635f76913ba', '1b5c6269-ce45-4413-acb8-21813cd7f9cf', 'Mocha', 2, 140, 280);

INSERT INTO public.order_items (order_id, product_id, name, quantity, unit_price, subtotal)
VALUES ('0aefb6e5-7c28-4b66-9980-f635f76913ba', '83a6812d-2665-4ce5-871a-78a4eab3ce80', 'Americano', 2, 100, 200);

INSERT INTO public.orders (id, order_id, status, amount, payment_method, cashier_name, created_at)
VALUES ('ec6b4001-c8dc-4e6b-95b9-57ead8f2aa7a', 'ORD-00375', 'Completed', 200, 'GCash', 'System Seed', '2026-04-07T12:40:24.990Z');

INSERT INTO public.order_items (order_id, product_id, name, quantity, unit_price, subtotal)
VALUES ('ec6b4001-c8dc-4e6b-95b9-57ead8f2aa7a', '83a6812d-2665-4ce5-871a-78a4eab3ce80', 'Americano', 2, 100, 200);

INSERT INTO public.orders (id, order_id, status, amount, payment_method, cashier_name, created_at)
VALUES ('8844b581-fc83-45dd-9f8c-1449b996db20', 'ORD-00376', 'Completed', 1260, 'GCash', 'System Seed', '2026-04-07T03:36:52.990Z');

INSERT INTO public.order_items (order_id, product_id, name, quantity, unit_price, subtotal)
VALUES ('8844b581-fc83-45dd-9f8c-1449b996db20', '3a6a55c0-70f3-4417-a252-db77d9e511c0', 'Latte', 3, 120, 360);

INSERT INTO public.order_items (order_id, product_id, name, quantity, unit_price, subtotal)
VALUES ('8844b581-fc83-45dd-9f8c-1449b996db20', '83a6812d-2665-4ce5-871a-78a4eab3ce80', 'Americano', 3, 100, 300);

INSERT INTO public.order_items (order_id, product_id, name, quantity, unit_price, subtotal)
VALUES ('8844b581-fc83-45dd-9f8c-1449b996db20', 'fe6b02e6-9366-4abd-874c-fcb832e0e282', 'Green Tea', 2, 90, 180);

INSERT INTO public.order_items (order_id, product_id, name, quantity, unit_price, subtotal)
VALUES ('8844b581-fc83-45dd-9f8c-1449b996db20', '1b5c6269-ce45-4413-acb8-21813cd7f9cf', 'Mocha', 3, 140, 420);

INSERT INTO public.orders (id, order_id, status, amount, payment_method, cashier_name, created_at)
VALUES ('305c59da-400b-4ac7-bd87-bba10d4015bf', 'ORD-00377', 'Void (Consumed)', 160, 'Maya', 'System Seed', '2026-04-07T03:50:43.990Z');

INSERT INTO public.order_items (order_id, product_id, name, quantity, unit_price, subtotal)
VALUES ('305c59da-400b-4ac7-bd87-bba10d4015bf', '65f0b94f-ccbe-4b50-a175-66810ae10f44', 'Croissant', 2, 80, 160);

INSERT INTO public.orders (id, order_id, status, amount, payment_method, cashier_name, created_at)
VALUES ('c9431f03-7dd3-461f-b3fb-9776a1d6b3a1', 'ORD-00378', 'Completed', 1065, 'Credit Card', 'System Seed', '2026-04-07T03:50:34.990Z');

INSERT INTO public.order_items (order_id, product_id, name, quantity, unit_price, subtotal)
VALUES ('c9431f03-7dd3-461f-b3fb-9776a1d6b3a1', '36c93748-7c86-4ddb-ba49-1bd1a164bf42', 'Blueberry Muffin', 3, 95, 285);

INSERT INTO public.order_items (order_id, product_id, name, quantity, unit_price, subtotal)
VALUES ('c9431f03-7dd3-461f-b3fb-9776a1d6b3a1', '3a6a55c0-70f3-4417-a252-db77d9e511c0', 'Latte', 1, 120, 120);

INSERT INTO public.order_items (order_id, product_id, name, quantity, unit_price, subtotal)
VALUES ('c9431f03-7dd3-461f-b3fb-9776a1d6b3a1', '83a6812d-2665-4ce5-871a-78a4eab3ce80', 'Americano', 3, 100, 300);

INSERT INTO public.order_items (order_id, product_id, name, quantity, unit_price, subtotal)
VALUES ('c9431f03-7dd3-461f-b3fb-9776a1d6b3a1', '48233f0a-6e57-4a45-b033-627d13f1be78', 'Cappuccino', 3, 120, 360);

INSERT INTO public.orders (id, order_id, status, amount, payment_method, cashier_name, created_at)
VALUES ('570c9e8b-6fa9-4005-a382-155a6766246b', 'ORD-00379', 'Completed', 1180, 'Credit Card', 'System Seed', '2026-04-07T11:27:58.990Z');

INSERT INTO public.order_items (order_id, product_id, name, quantity, unit_price, subtotal)
VALUES ('570c9e8b-6fa9-4005-a382-155a6766246b', '3a6a55c0-70f3-4417-a252-db77d9e511c0', 'Latte', 3, 120, 360);

INSERT INTO public.order_items (order_id, product_id, name, quantity, unit_price, subtotal)
VALUES ('570c9e8b-6fa9-4005-a382-155a6766246b', '83a6812d-2665-4ce5-871a-78a4eab3ce80', 'Americano', 3, 100, 300);

INSERT INTO public.order_items (order_id, product_id, name, quantity, unit_price, subtotal)
VALUES ('570c9e8b-6fa9-4005-a382-155a6766246b', '65f0b94f-ccbe-4b50-a175-66810ae10f44', 'Croissant', 2, 80, 160);

INSERT INTO public.order_items (order_id, product_id, name, quantity, unit_price, subtotal)
VALUES ('570c9e8b-6fa9-4005-a382-155a6766246b', '3a6a55c0-70f3-4417-a252-db77d9e511c0', 'Latte', 3, 120, 360);

INSERT INTO public.orders (id, order_id, status, amount, payment_method, cashier_name, created_at)
VALUES ('0d4c9887-faa9-44f8-b1a4-8acaf0548e66', 'ORD-00380', 'Completed', 335, 'GCash', 'System Seed', '2026-04-07T03:35:14.990Z');

INSERT INTO public.order_items (order_id, product_id, name, quantity, unit_price, subtotal)
VALUES ('0d4c9887-faa9-44f8-b1a4-8acaf0548e66', '65f0b94f-ccbe-4b50-a175-66810ae10f44', 'Croissant', 3, 80, 240);

INSERT INTO public.order_items (order_id, product_id, name, quantity, unit_price, subtotal)
VALUES ('0d4c9887-faa9-44f8-b1a4-8acaf0548e66', '36c93748-7c86-4ddb-ba49-1bd1a164bf42', 'Blueberry Muffin', 1, 95, 95);

INSERT INTO public.orders (id, order_id, status, amount, payment_method, cashier_name, created_at)
VALUES ('85fcbaff-2c28-4036-ac70-6f62dc7e0512', 'ORD-00381', 'Completed', 720, 'Credit Card', 'System Seed', '2026-04-07T03:46:22.990Z');

INSERT INTO public.order_items (order_id, product_id, name, quantity, unit_price, subtotal)
VALUES ('85fcbaff-2c28-4036-ac70-6f62dc7e0512', 'dfe22f11-84a3-41d2-a268-149f012eae60', 'Sparkling Lemonade', 1, 110, 110);

INSERT INTO public.order_items (order_id, product_id, name, quantity, unit_price, subtotal)
VALUES ('85fcbaff-2c28-4036-ac70-6f62dc7e0512', 'dfe22f11-84a3-41d2-a268-149f012eae60', 'Sparkling Lemonade', 3, 110, 330);

INSERT INTO public.order_items (order_id, product_id, name, quantity, unit_price, subtotal)
VALUES ('85fcbaff-2c28-4036-ac70-6f62dc7e0512', '1b5c6269-ce45-4413-acb8-21813cd7f9cf', 'Mocha', 2, 140, 280);

INSERT INTO public.orders (id, order_id, status, amount, payment_method, cashier_name, created_at)
VALUES ('72b5230c-eed6-4f8c-90e7-64ae3a1ce4f2', 'ORD-00382', 'Completed', 240, 'GCash', 'System Seed', '2026-04-07T09:49:20.990Z');

INSERT INTO public.order_items (order_id, product_id, name, quantity, unit_price, subtotal)
VALUES ('72b5230c-eed6-4f8c-90e7-64ae3a1ce4f2', '65f0b94f-ccbe-4b50-a175-66810ae10f44', 'Croissant', 3, 80, 240);

INSERT INTO public.orders (id, order_id, status, amount, payment_method, cashier_name, created_at)
VALUES ('390af07b-fef6-4866-811b-dc1fb943a400', 'ORD-00383', 'Completed', 870, 'Credit Card', 'System Seed', '2026-04-07T03:44:24.990Z');

INSERT INTO public.order_items (order_id, product_id, name, quantity, unit_price, subtotal)
VALUES ('390af07b-fef6-4866-811b-dc1fb943a400', '3a6a55c0-70f3-4417-a252-db77d9e511c0', 'Latte', 3, 120, 360);

INSERT INTO public.order_items (order_id, product_id, name, quantity, unit_price, subtotal)
VALUES ('390af07b-fef6-4866-811b-dc1fb943a400', '1b5c6269-ce45-4413-acb8-21813cd7f9cf', 'Mocha', 3, 140, 420);

INSERT INTO public.order_items (order_id, product_id, name, quantity, unit_price, subtotal)
VALUES ('390af07b-fef6-4866-811b-dc1fb943a400', 'fe6b02e6-9366-4abd-874c-fcb832e0e282', 'Green Tea', 1, 90, 90);

INSERT INTO public.orders (id, order_id, status, amount, payment_method, cashier_name, created_at)
VALUES ('a8691c10-2308-4362-a777-7a0f36f5ef8c', 'ORD-00384', 'Void (Not Made)', 120, 'Credit Card', 'System Seed', '2026-04-06T23:19:48.990Z');

INSERT INTO public.order_items (order_id, product_id, name, quantity, unit_price, subtotal)
VALUES ('a8691c10-2308-4362-a777-7a0f36f5ef8c', '3a6a55c0-70f3-4417-a252-db77d9e511c0', 'Latte', 1, 120, 120);

INSERT INTO public.orders (id, order_id, status, amount, payment_method, cashier_name, created_at)
VALUES ('116a59a5-c5d4-42b5-9afe-b76a91c2c8ee', 'ORD-00385', 'Void (Consumed)', 940, 'GCash', 'System Seed', '2026-04-07T00:22:13.990Z');

INSERT INTO public.order_items (order_id, product_id, name, quantity, unit_price, subtotal)
VALUES ('116a59a5-c5d4-42b5-9afe-b76a91c2c8ee', 'dfe22f11-84a3-41d2-a268-149f012eae60', 'Sparkling Lemonade', 2, 110, 220);

INSERT INTO public.order_items (order_id, product_id, name, quantity, unit_price, subtotal)
VALUES ('116a59a5-c5d4-42b5-9afe-b76a91c2c8ee', '1b5c6269-ce45-4413-acb8-21813cd7f9cf', 'Mocha', 2, 140, 280);

INSERT INTO public.order_items (order_id, product_id, name, quantity, unit_price, subtotal)
VALUES ('116a59a5-c5d4-42b5-9afe-b76a91c2c8ee', '83a6812d-2665-4ce5-871a-78a4eab3ce80', 'Americano', 3, 100, 300);

INSERT INTO public.order_items (order_id, product_id, name, quantity, unit_price, subtotal)
VALUES ('116a59a5-c5d4-42b5-9afe-b76a91c2c8ee', '1b5c6269-ce45-4413-acb8-21813cd7f9cf', 'Mocha', 1, 140, 140);

INSERT INTO public.orders (id, order_id, status, amount, payment_method, cashier_name, created_at)
VALUES ('a6ffbc6f-da8d-4b8d-80ee-a8126adf6485', 'ORD-00386', 'Completed', 180, 'Cash', 'System Seed', '2026-04-08T08:38:21.990Z');

INSERT INTO public.order_items (order_id, product_id, name, quantity, unit_price, subtotal)
VALUES ('a6ffbc6f-da8d-4b8d-80ee-a8126adf6485', 'fe6b02e6-9366-4abd-874c-fcb832e0e282', 'Green Tea', 2, 90, 180);

INSERT INTO public.orders (id, order_id, status, amount, payment_method, cashier_name, created_at)
VALUES ('7d1f2019-b09b-4eea-870d-b5af2770d2f4', 'ORD-00387', 'Completed', 875, 'Maya', 'System Seed', '2026-04-08T04:34:10.990Z');

INSERT INTO public.order_items (order_id, product_id, name, quantity, unit_price, subtotal)
VALUES ('7d1f2019-b09b-4eea-870d-b5af2770d2f4', '1b5c6269-ce45-4413-acb8-21813cd7f9cf', 'Mocha', 2, 140, 280);

INSERT INTO public.order_items (order_id, product_id, name, quantity, unit_price, subtotal)
VALUES ('7d1f2019-b09b-4eea-870d-b5af2770d2f4', '48233f0a-6e57-4a45-b033-627d13f1be78', 'Cappuccino', 3, 120, 360);

INSERT INTO public.order_items (order_id, product_id, name, quantity, unit_price, subtotal)
VALUES ('7d1f2019-b09b-4eea-870d-b5af2770d2f4', '36c93748-7c86-4ddb-ba49-1bd1a164bf42', 'Blueberry Muffin', 1, 95, 95);

INSERT INTO public.order_items (order_id, product_id, name, quantity, unit_price, subtotal)
VALUES ('7d1f2019-b09b-4eea-870d-b5af2770d2f4', '1b5c6269-ce45-4413-acb8-21813cd7f9cf', 'Mocha', 1, 140, 140);

INSERT INTO public.orders (id, order_id, status, amount, payment_method, cashier_name, created_at)
VALUES ('4682d99d-b34f-48c1-8761-d4c1708d8b84', 'ORD-00388', 'Completed', 575, 'GCash', 'System Seed', '2026-04-08T00:14:20.990Z');

INSERT INTO public.order_items (order_id, product_id, name, quantity, unit_price, subtotal)
VALUES ('4682d99d-b34f-48c1-8761-d4c1708d8b84', 'fe6b02e6-9366-4abd-874c-fcb832e0e282', 'Green Tea', 1, 90, 90);

INSERT INTO public.order_items (order_id, product_id, name, quantity, unit_price, subtotal)
VALUES ('4682d99d-b34f-48c1-8761-d4c1708d8b84', '36c93748-7c86-4ddb-ba49-1bd1a164bf42', 'Blueberry Muffin', 3, 95, 285);

INSERT INTO public.order_items (order_id, product_id, name, quantity, unit_price, subtotal)
VALUES ('4682d99d-b34f-48c1-8761-d4c1708d8b84', '83a6812d-2665-4ce5-871a-78a4eab3ce80', 'Americano', 2, 100, 200);

INSERT INTO public.orders (id, order_id, status, amount, payment_method, cashier_name, created_at)
VALUES ('f2f2ea0f-aeb8-46a1-83d7-c5423a6e2135', 'ORD-00389', 'Completed', 140, 'Cash', 'System Seed', '2026-04-08T09:18:38.990Z');

INSERT INTO public.order_items (order_id, product_id, name, quantity, unit_price, subtotal)
VALUES ('f2f2ea0f-aeb8-46a1-83d7-c5423a6e2135', '1b5c6269-ce45-4413-acb8-21813cd7f9cf', 'Mocha', 1, 140, 140);

INSERT INTO public.orders (id, order_id, status, amount, payment_method, cashier_name, created_at)
VALUES ('09b1ce4b-3f38-4e28-ada4-f0689a405da9', 'ORD-00390', 'Completed', 840, 'Cash', 'System Seed', '2026-04-08T01:23:52.990Z');

INSERT INTO public.order_items (order_id, product_id, name, quantity, unit_price, subtotal)
VALUES ('09b1ce4b-3f38-4e28-ada4-f0689a405da9', '1b5c6269-ce45-4413-acb8-21813cd7f9cf', 'Mocha', 2, 140, 280);

INSERT INTO public.order_items (order_id, product_id, name, quantity, unit_price, subtotal)
VALUES ('09b1ce4b-3f38-4e28-ada4-f0689a405da9', '1b5c6269-ce45-4413-acb8-21813cd7f9cf', 'Mocha', 1, 140, 140);

INSERT INTO public.order_items (order_id, product_id, name, quantity, unit_price, subtotal)
VALUES ('09b1ce4b-3f38-4e28-ada4-f0689a405da9', '1b5c6269-ce45-4413-acb8-21813cd7f9cf', 'Mocha', 3, 140, 420);

INSERT INTO public.orders (id, order_id, status, amount, payment_method, cashier_name, created_at)
VALUES ('17ccd7e2-3bcf-49e9-9d1a-13bc57f4a790', 'ORD-00391', 'Completed', 120, 'Maya', 'System Seed', '2026-04-08T05:05:25.990Z');

INSERT INTO public.order_items (order_id, product_id, name, quantity, unit_price, subtotal)
VALUES ('17ccd7e2-3bcf-49e9-9d1a-13bc57f4a790', '3a6a55c0-70f3-4417-a252-db77d9e511c0', 'Latte', 1, 120, 120);

INSERT INTO public.orders (id, order_id, status, amount, payment_method, cashier_name, created_at)
VALUES ('803b42c7-516f-4488-89c5-a3e5243b8aa5', 'ORD-00392', 'Completed', 200, 'Maya', 'System Seed', '2026-04-07T23:02:25.990Z');

INSERT INTO public.order_items (order_id, product_id, name, quantity, unit_price, subtotal)
VALUES ('803b42c7-516f-4488-89c5-a3e5243b8aa5', '83a6812d-2665-4ce5-871a-78a4eab3ce80', 'Americano', 2, 100, 200);

INSERT INTO public.orders (id, order_id, status, amount, payment_method, cashier_name, created_at)
VALUES ('71061e23-4abb-4573-bd75-7d1a6a558070', 'ORD-00393', 'Completed', 465, 'Maya', 'System Seed', '2026-04-08T01:39:04.990Z');

INSERT INTO public.order_items (order_id, product_id, name, quantity, unit_price, subtotal)
VALUES ('71061e23-4abb-4573-bd75-7d1a6a558070', '36c93748-7c86-4ddb-ba49-1bd1a164bf42', 'Blueberry Muffin', 3, 95, 285);

INSERT INTO public.order_items (order_id, product_id, name, quantity, unit_price, subtotal)
VALUES ('71061e23-4abb-4573-bd75-7d1a6a558070', 'fe6b02e6-9366-4abd-874c-fcb832e0e282', 'Green Tea', 2, 90, 180);

INSERT INTO public.orders (id, order_id, status, amount, payment_method, cashier_name, created_at)
VALUES ('4636ce08-27b9-4326-b119-c08ccad0f8c8', 'ORD-00394', 'Completed', 275, 'Cash', 'System Seed', '2026-04-08T12:15:59.990Z');

INSERT INTO public.order_items (order_id, product_id, name, quantity, unit_price, subtotal)
VALUES ('4636ce08-27b9-4326-b119-c08ccad0f8c8', 'fe6b02e6-9366-4abd-874c-fcb832e0e282', 'Green Tea', 2, 90, 180);

INSERT INTO public.order_items (order_id, product_id, name, quantity, unit_price, subtotal)
VALUES ('4636ce08-27b9-4326-b119-c08ccad0f8c8', '36c93748-7c86-4ddb-ba49-1bd1a164bf42', 'Blueberry Muffin', 1, 95, 95);

INSERT INTO public.orders (id, order_id, status, amount, payment_method, cashier_name, created_at)
VALUES ('3e5a6ce0-d229-4b50-af33-651239292b14', 'ORD-00395', 'Completed', 90, 'Maya', 'System Seed', '2026-04-07T23:48:50.990Z');

INSERT INTO public.order_items (order_id, product_id, name, quantity, unit_price, subtotal)
VALUES ('3e5a6ce0-d229-4b50-af33-651239292b14', 'fe6b02e6-9366-4abd-874c-fcb832e0e282', 'Green Tea', 1, 90, 90);

INSERT INTO public.orders (id, order_id, status, amount, payment_method, cashier_name, created_at)
VALUES ('309c0786-ddfd-4f15-9229-daca8789de86', 'ORD-00396', 'Completed', 640, 'Credit Card', 'System Seed', '2026-04-08T10:33:12.990Z');

INSERT INTO public.order_items (order_id, product_id, name, quantity, unit_price, subtotal)
VALUES ('309c0786-ddfd-4f15-9229-daca8789de86', '1b5c6269-ce45-4413-acb8-21813cd7f9cf', 'Mocha', 2, 140, 280);

INSERT INTO public.order_items (order_id, product_id, name, quantity, unit_price, subtotal)
VALUES ('309c0786-ddfd-4f15-9229-daca8789de86', '48233f0a-6e57-4a45-b033-627d13f1be78', 'Cappuccino', 3, 120, 360);

INSERT INTO public.orders (id, order_id, status, amount, payment_method, cashier_name, created_at)
VALUES ('fda5f852-45a7-4a5e-b4a9-afe4660775f6', 'ORD-00397', 'Completed', 600, 'Cash', 'System Seed', '2026-04-08T08:40:56.990Z');

INSERT INTO public.order_items (order_id, product_id, name, quantity, unit_price, subtotal)
VALUES ('fda5f852-45a7-4a5e-b4a9-afe4660775f6', '48233f0a-6e57-4a45-b033-627d13f1be78', 'Cappuccino', 3, 120, 360);

INSERT INTO public.order_items (order_id, product_id, name, quantity, unit_price, subtotal)
VALUES ('fda5f852-45a7-4a5e-b4a9-afe4660775f6', '65f0b94f-ccbe-4b50-a175-66810ae10f44', 'Croissant', 3, 80, 240);

INSERT INTO public.orders (id, order_id, status, amount, payment_method, cashier_name, created_at)
VALUES ('77aea489-b20f-4751-bdce-9c2e901bb8d8', 'ORD-00398', 'Completed', 240, 'GCash', 'System Seed', '2026-04-08T04:47:05.990Z');

INSERT INTO public.order_items (order_id, product_id, name, quantity, unit_price, subtotal)
VALUES ('77aea489-b20f-4751-bdce-9c2e901bb8d8', '48233f0a-6e57-4a45-b033-627d13f1be78', 'Cappuccino', 2, 120, 240);

INSERT INTO public.orders (id, order_id, status, amount, payment_method, cashier_name, created_at)
VALUES ('38dde974-cd80-4302-ac37-4da6b01158f2', 'ORD-00399', 'Completed', 500, 'Maya', 'System Seed', '2026-04-08T11:55:22.990Z');

INSERT INTO public.order_items (order_id, product_id, name, quantity, unit_price, subtotal)
VALUES ('38dde974-cd80-4302-ac37-4da6b01158f2', '65f0b94f-ccbe-4b50-a175-66810ae10f44', 'Croissant', 1, 80, 80);

INSERT INTO public.order_items (order_id, product_id, name, quantity, unit_price, subtotal)
VALUES ('38dde974-cd80-4302-ac37-4da6b01158f2', '1b5c6269-ce45-4413-acb8-21813cd7f9cf', 'Mocha', 3, 140, 420);

INSERT INTO public.orders (id, order_id, status, amount, payment_method, cashier_name, created_at)
VALUES ('6bb1804b-e1a1-42ef-b2e4-84aa089b8e64', 'ORD-00400', 'Completed', 120, 'Maya', 'System Seed', '2026-04-08T05:52:16.990Z');

INSERT INTO public.order_items (order_id, product_id, name, quantity, unit_price, subtotal)
VALUES ('6bb1804b-e1a1-42ef-b2e4-84aa089b8e64', '3a6a55c0-70f3-4417-a252-db77d9e511c0', 'Latte', 1, 120, 120);

INSERT INTO public.orders (id, order_id, status, amount, payment_method, cashier_name, created_at)
VALUES ('218fb98c-101b-4634-a162-81153b8152c4', 'ORD-00401', 'Completed', 300, 'GCash', 'System Seed', '2026-04-08T07:40:32.990Z');

INSERT INTO public.order_items (order_id, product_id, name, quantity, unit_price, subtotal)
VALUES ('218fb98c-101b-4634-a162-81153b8152c4', '83a6812d-2665-4ce5-871a-78a4eab3ce80', 'Americano', 3, 100, 300);

INSERT INTO public.orders (id, order_id, status, amount, payment_method, cashier_name, created_at)
VALUES ('2521a07d-dbc8-43f4-b4be-1d2793e08feb', 'ORD-00402', 'Completed', 560, 'GCash', 'System Seed', '2026-04-08T12:51:12.990Z');

INSERT INTO public.order_items (order_id, product_id, name, quantity, unit_price, subtotal)
VALUES ('2521a07d-dbc8-43f4-b4be-1d2793e08feb', '48233f0a-6e57-4a45-b033-627d13f1be78', 'Cappuccino', 1, 120, 120);

INSERT INTO public.order_items (order_id, product_id, name, quantity, unit_price, subtotal)
VALUES ('2521a07d-dbc8-43f4-b4be-1d2793e08feb', '65f0b94f-ccbe-4b50-a175-66810ae10f44', 'Croissant', 2, 80, 160);

INSERT INTO public.order_items (order_id, product_id, name, quantity, unit_price, subtotal)
VALUES ('2521a07d-dbc8-43f4-b4be-1d2793e08feb', '1b5c6269-ce45-4413-acb8-21813cd7f9cf', 'Mocha', 2, 140, 280);

INSERT INTO public.orders (id, order_id, status, amount, payment_method, cashier_name, created_at)
VALUES ('7f6b0017-81ea-43df-8bd0-abce4f65c937', 'ORD-00403', 'Void (Not Made)', 1080, 'Credit Card', 'System Seed', '2026-04-08T10:51:23.990Z');

INSERT INTO public.order_items (order_id, product_id, name, quantity, unit_price, subtotal)
VALUES ('7f6b0017-81ea-43df-8bd0-abce4f65c937', '1b5c6269-ce45-4413-acb8-21813cd7f9cf', 'Mocha', 3, 140, 420);

INSERT INTO public.order_items (order_id, product_id, name, quantity, unit_price, subtotal)
VALUES ('7f6b0017-81ea-43df-8bd0-abce4f65c937', '48233f0a-6e57-4a45-b033-627d13f1be78', 'Cappuccino', 1, 120, 120);

INSERT INTO public.order_items (order_id, product_id, name, quantity, unit_price, subtotal)
VALUES ('7f6b0017-81ea-43df-8bd0-abce4f65c937', '83a6812d-2665-4ce5-871a-78a4eab3ce80', 'Americano', 3, 100, 300);

INSERT INTO public.order_items (order_id, product_id, name, quantity, unit_price, subtotal)
VALUES ('7f6b0017-81ea-43df-8bd0-abce4f65c937', '3a6a55c0-70f3-4417-a252-db77d9e511c0', 'Latte', 2, 120, 240);

INSERT INTO public.orders (id, order_id, status, amount, payment_method, cashier_name, created_at)
VALUES ('d72f25bd-12bf-4fdf-8dc1-0e937dce6c46', 'ORD-00404', 'Completed', 950, 'Maya', 'System Seed', '2026-04-08T03:48:49.990Z');

INSERT INTO public.order_items (order_id, product_id, name, quantity, unit_price, subtotal)
VALUES ('d72f25bd-12bf-4fdf-8dc1-0e937dce6c46', '65f0b94f-ccbe-4b50-a175-66810ae10f44', 'Croissant', 2, 80, 160);

INSERT INTO public.order_items (order_id, product_id, name, quantity, unit_price, subtotal)
VALUES ('d72f25bd-12bf-4fdf-8dc1-0e937dce6c46', 'fe6b02e6-9366-4abd-874c-fcb832e0e282', 'Green Tea', 1, 90, 90);

INSERT INTO public.order_items (order_id, product_id, name, quantity, unit_price, subtotal)
VALUES ('d72f25bd-12bf-4fdf-8dc1-0e937dce6c46', '1b5c6269-ce45-4413-acb8-21813cd7f9cf', 'Mocha', 3, 140, 420);

INSERT INTO public.order_items (order_id, product_id, name, quantity, unit_price, subtotal)
VALUES ('d72f25bd-12bf-4fdf-8dc1-0e937dce6c46', '1b5c6269-ce45-4413-acb8-21813cd7f9cf', 'Mocha', 2, 140, 280);

INSERT INTO public.orders (id, order_id, status, amount, payment_method, cashier_name, created_at)
VALUES ('ea04838b-93df-45c4-a4ed-c08ea180a53e', 'ORD-00405', 'Void (Not Made)', 140, 'Cash', 'System Seed', '2026-04-09T10:12:09.990Z');

INSERT INTO public.order_items (order_id, product_id, name, quantity, unit_price, subtotal)
VALUES ('ea04838b-93df-45c4-a4ed-c08ea180a53e', '1b5c6269-ce45-4413-acb8-21813cd7f9cf', 'Mocha', 1, 140, 140);

INSERT INTO public.orders (id, order_id, status, amount, payment_method, cashier_name, created_at)
VALUES ('750b283b-db49-4aa6-8ef7-fdc72af55bf7', 'ORD-00406', 'Completed', 825, 'GCash', 'System Seed', '2026-04-09T12:15:43.990Z');

INSERT INTO public.order_items (order_id, product_id, name, quantity, unit_price, subtotal)
VALUES ('750b283b-db49-4aa6-8ef7-fdc72af55bf7', 'fe6b02e6-9366-4abd-874c-fcb832e0e282', 'Green Tea', 2, 90, 180);

INSERT INTO public.order_items (order_id, product_id, name, quantity, unit_price, subtotal)
VALUES ('750b283b-db49-4aa6-8ef7-fdc72af55bf7', '36c93748-7c86-4ddb-ba49-1bd1a164bf42', 'Blueberry Muffin', 3, 95, 285);

INSERT INTO public.order_items (order_id, product_id, name, quantity, unit_price, subtotal)
VALUES ('750b283b-db49-4aa6-8ef7-fdc72af55bf7', '48233f0a-6e57-4a45-b033-627d13f1be78', 'Cappuccino', 3, 120, 360);

INSERT INTO public.orders (id, order_id, status, amount, payment_method, cashier_name, created_at)
VALUES ('f9029198-fea4-40b9-8c55-afab46d114da', 'ORD-00407', 'Completed', 600, 'Cash', 'System Seed', '2026-04-09T06:06:32.990Z');

INSERT INTO public.order_items (order_id, product_id, name, quantity, unit_price, subtotal)
VALUES ('f9029198-fea4-40b9-8c55-afab46d114da', 'fe6b02e6-9366-4abd-874c-fcb832e0e282', 'Green Tea', 2, 90, 180);

INSERT INTO public.order_items (order_id, product_id, name, quantity, unit_price, subtotal)
VALUES ('f9029198-fea4-40b9-8c55-afab46d114da', '1b5c6269-ce45-4413-acb8-21813cd7f9cf', 'Mocha', 3, 140, 420);

INSERT INTO public.orders (id, order_id, status, amount, payment_method, cashier_name, created_at)
VALUES ('b7e32dc1-af6b-4d0a-9535-ce7d108e3e2a', 'ORD-00408', 'Completed', 610, 'Maya', 'System Seed', '2026-04-09T08:19:11.990Z');

INSERT INTO public.order_items (order_id, product_id, name, quantity, unit_price, subtotal)
VALUES ('b7e32dc1-af6b-4d0a-9535-ce7d108e3e2a', '1b5c6269-ce45-4413-acb8-21813cd7f9cf', 'Mocha', 3, 140, 420);

INSERT INTO public.order_items (order_id, product_id, name, quantity, unit_price, subtotal)
VALUES ('b7e32dc1-af6b-4d0a-9535-ce7d108e3e2a', '36c93748-7c86-4ddb-ba49-1bd1a164bf42', 'Blueberry Muffin', 2, 95, 190);

INSERT INTO public.orders (id, order_id, status, amount, payment_method, cashier_name, created_at)
VALUES ('71dacb6a-a769-4bee-886d-0b57dd2f2a55', 'ORD-00409', 'Completed', 1030, 'Maya', 'System Seed', '2026-04-09T05:45:57.990Z');

INSERT INTO public.order_items (order_id, product_id, name, quantity, unit_price, subtotal)
VALUES ('71dacb6a-a769-4bee-886d-0b57dd2f2a55', 'fe6b02e6-9366-4abd-874c-fcb832e0e282', 'Green Tea', 2, 90, 180);

INSERT INTO public.order_items (order_id, product_id, name, quantity, unit_price, subtotal)
VALUES ('71dacb6a-a769-4bee-886d-0b57dd2f2a55', '1b5c6269-ce45-4413-acb8-21813cd7f9cf', 'Mocha', 2, 140, 280);

INSERT INTO public.order_items (order_id, product_id, name, quantity, unit_price, subtotal)
VALUES ('71dacb6a-a769-4bee-886d-0b57dd2f2a55', '83a6812d-2665-4ce5-871a-78a4eab3ce80', 'Americano', 3, 100, 300);

INSERT INTO public.order_items (order_id, product_id, name, quantity, unit_price, subtotal)
VALUES ('71dacb6a-a769-4bee-886d-0b57dd2f2a55', 'fe6b02e6-9366-4abd-874c-fcb832e0e282', 'Green Tea', 3, 90, 270);

INSERT INTO public.orders (id, order_id, status, amount, payment_method, cashier_name, created_at)
VALUES ('e25a500d-19e6-42b0-99bf-1fb751fde081', 'ORD-00410', 'Completed', 1020, 'Cash', 'System Seed', '2026-04-09T07:46:35.990Z');

INSERT INTO public.order_items (order_id, product_id, name, quantity, unit_price, subtotal)
VALUES ('e25a500d-19e6-42b0-99bf-1fb751fde081', '1b5c6269-ce45-4413-acb8-21813cd7f9cf', 'Mocha', 3, 140, 420);

INSERT INTO public.order_items (order_id, product_id, name, quantity, unit_price, subtotal)
VALUES ('e25a500d-19e6-42b0-99bf-1fb751fde081', '65f0b94f-ccbe-4b50-a175-66810ae10f44', 'Croissant', 3, 80, 240);

INSERT INTO public.order_items (order_id, product_id, name, quantity, unit_price, subtotal)
VALUES ('e25a500d-19e6-42b0-99bf-1fb751fde081', '48233f0a-6e57-4a45-b033-627d13f1be78', 'Cappuccino', 1, 120, 120);

INSERT INTO public.order_items (order_id, product_id, name, quantity, unit_price, subtotal)
VALUES ('e25a500d-19e6-42b0-99bf-1fb751fde081', '3a6a55c0-70f3-4417-a252-db77d9e511c0', 'Latte', 2, 120, 240);

INSERT INTO public.orders (id, order_id, status, amount, payment_method, cashier_name, created_at)
VALUES ('acf1d526-1187-4f35-b35b-5d4ae5cace4c', 'ORD-00411', 'Completed', 360, 'Credit Card', 'System Seed', '2026-04-09T08:10:56.990Z');

INSERT INTO public.order_items (order_id, product_id, name, quantity, unit_price, subtotal)
VALUES ('acf1d526-1187-4f35-b35b-5d4ae5cace4c', '3a6a55c0-70f3-4417-a252-db77d9e511c0', 'Latte', 3, 120, 360);

INSERT INTO public.orders (id, order_id, status, amount, payment_method, cashier_name, created_at)
VALUES ('4a5216d8-bccc-4670-ab03-db3a37c7d5a7', 'ORD-00412', 'Completed', 860, 'Credit Card', 'System Seed', '2026-04-09T04:20:25.990Z');

INSERT INTO public.order_items (order_id, product_id, name, quantity, unit_price, subtotal)
VALUES ('4a5216d8-bccc-4670-ab03-db3a37c7d5a7', 'fe6b02e6-9366-4abd-874c-fcb832e0e282', 'Green Tea', 3, 90, 270);

INSERT INTO public.order_items (order_id, product_id, name, quantity, unit_price, subtotal)
VALUES ('4a5216d8-bccc-4670-ab03-db3a37c7d5a7', '3a6a55c0-70f3-4417-a252-db77d9e511c0', 'Latte', 2, 120, 240);

INSERT INTO public.order_items (order_id, product_id, name, quantity, unit_price, subtotal)
VALUES ('4a5216d8-bccc-4670-ab03-db3a37c7d5a7', 'dfe22f11-84a3-41d2-a268-149f012eae60', 'Sparkling Lemonade', 1, 110, 110);

INSERT INTO public.order_items (order_id, product_id, name, quantity, unit_price, subtotal)
VALUES ('4a5216d8-bccc-4670-ab03-db3a37c7d5a7', '65f0b94f-ccbe-4b50-a175-66810ae10f44', 'Croissant', 3, 80, 240);

INSERT INTO public.orders (id, order_id, status, amount, payment_method, cashier_name, created_at)
VALUES ('f606bd5c-a019-4658-a2ee-770452bd0f13', 'ORD-00413', 'Void (Not Made)', 860, 'Cash', 'System Seed', '2026-04-09T06:16:17.990Z');

INSERT INTO public.order_items (order_id, product_id, name, quantity, unit_price, subtotal)
VALUES ('f606bd5c-a019-4658-a2ee-770452bd0f13', '65f0b94f-ccbe-4b50-a175-66810ae10f44', 'Croissant', 2, 80, 160);

INSERT INTO public.order_items (order_id, product_id, name, quantity, unit_price, subtotal)
VALUES ('f606bd5c-a019-4658-a2ee-770452bd0f13', '1b5c6269-ce45-4413-acb8-21813cd7f9cf', 'Mocha', 2, 140, 280);

INSERT INTO public.order_items (order_id, product_id, name, quantity, unit_price, subtotal)
VALUES ('f606bd5c-a019-4658-a2ee-770452bd0f13', 'dfe22f11-84a3-41d2-a268-149f012eae60', 'Sparkling Lemonade', 2, 110, 220);

INSERT INTO public.order_items (order_id, product_id, name, quantity, unit_price, subtotal)
VALUES ('f606bd5c-a019-4658-a2ee-770452bd0f13', '83a6812d-2665-4ce5-871a-78a4eab3ce80', 'Americano', 2, 100, 200);

INSERT INTO public.orders (id, order_id, status, amount, payment_method, cashier_name, created_at)
VALUES ('27863a90-c4ff-429f-86fd-8f718f5a3522', 'ORD-00414', 'Void (Consumed)', 110, 'Cash', 'System Seed', '2026-04-09T01:35:49.990Z');

INSERT INTO public.order_items (order_id, product_id, name, quantity, unit_price, subtotal)
VALUES ('27863a90-c4ff-429f-86fd-8f718f5a3522', 'dfe22f11-84a3-41d2-a268-149f012eae60', 'Sparkling Lemonade', 1, 110, 110);

INSERT INTO public.orders (id, order_id, status, amount, payment_method, cashier_name, created_at)
VALUES ('fdbcf223-56c4-44ac-a741-70c0476880c5', 'ORD-00415', 'Void (Consumed)', 300, 'Cash', 'System Seed', '2026-04-09T05:56:02.990Z');

INSERT INTO public.order_items (order_id, product_id, name, quantity, unit_price, subtotal)
VALUES ('fdbcf223-56c4-44ac-a741-70c0476880c5', '83a6812d-2665-4ce5-871a-78a4eab3ce80', 'Americano', 3, 100, 300);

INSERT INTO public.orders (id, order_id, status, amount, payment_method, cashier_name, created_at)
VALUES ('1abca252-4eb0-4adc-8f42-93818d05d669', 'ORD-00416', 'Void (Consumed)', 200, 'GCash', 'System Seed', '2026-04-09T11:06:41.990Z');

INSERT INTO public.order_items (order_id, product_id, name, quantity, unit_price, subtotal)
VALUES ('1abca252-4eb0-4adc-8f42-93818d05d669', '83a6812d-2665-4ce5-871a-78a4eab3ce80', 'Americano', 1, 100, 100);

INSERT INTO public.order_items (order_id, product_id, name, quantity, unit_price, subtotal)
VALUES ('1abca252-4eb0-4adc-8f42-93818d05d669', '83a6812d-2665-4ce5-871a-78a4eab3ce80', 'Americano', 1, 100, 100);

INSERT INTO public.orders (id, order_id, status, amount, payment_method, cashier_name, created_at)
VALUES ('1760e6be-e905-4a6c-91d4-0f11c6637480', 'ORD-00417', 'Void (Consumed)', 630, 'Cash', 'System Seed', '2026-04-09T05:30:39.990Z');

INSERT INTO public.order_items (order_id, product_id, name, quantity, unit_price, subtotal)
VALUES ('1760e6be-e905-4a6c-91d4-0f11c6637480', '48233f0a-6e57-4a45-b033-627d13f1be78', 'Cappuccino', 3, 120, 360);

INSERT INTO public.order_items (order_id, product_id, name, quantity, unit_price, subtotal)
VALUES ('1760e6be-e905-4a6c-91d4-0f11c6637480', '36c93748-7c86-4ddb-ba49-1bd1a164bf42', 'Blueberry Muffin', 2, 95, 190);

INSERT INTO public.order_items (order_id, product_id, name, quantity, unit_price, subtotal)
VALUES ('1760e6be-e905-4a6c-91d4-0f11c6637480', '65f0b94f-ccbe-4b50-a175-66810ae10f44', 'Croissant', 1, 80, 80);

INSERT INTO public.orders (id, order_id, status, amount, payment_method, cashier_name, created_at)
VALUES ('5d4e9260-1022-41d0-8511-7a0fb27bd618', 'ORD-00418', 'Completed', 190, 'Maya', 'System Seed', '2026-04-09T05:36:14.990Z');

INSERT INTO public.order_items (order_id, product_id, name, quantity, unit_price, subtotal)
VALUES ('5d4e9260-1022-41d0-8511-7a0fb27bd618', '36c93748-7c86-4ddb-ba49-1bd1a164bf42', 'Blueberry Muffin', 2, 95, 190);

INSERT INTO public.orders (id, order_id, status, amount, payment_method, cashier_name, created_at)
VALUES ('73df8738-5c07-4c90-8cc7-9a5ca914f3f7', 'ORD-00419', 'Completed', 520, 'GCash', 'System Seed', '2026-04-09T07:27:12.990Z');

INSERT INTO public.order_items (order_id, product_id, name, quantity, unit_price, subtotal)
VALUES ('73df8738-5c07-4c90-8cc7-9a5ca914f3f7', '1b5c6269-ce45-4413-acb8-21813cd7f9cf', 'Mocha', 1, 140, 140);

INSERT INTO public.order_items (order_id, product_id, name, quantity, unit_price, subtotal)
VALUES ('73df8738-5c07-4c90-8cc7-9a5ca914f3f7', 'fe6b02e6-9366-4abd-874c-fcb832e0e282', 'Green Tea', 2, 90, 180);

INSERT INTO public.order_items (order_id, product_id, name, quantity, unit_price, subtotal)
VALUES ('73df8738-5c07-4c90-8cc7-9a5ca914f3f7', '83a6812d-2665-4ce5-871a-78a4eab3ce80', 'Americano', 2, 100, 200);

INSERT INTO public.orders (id, order_id, status, amount, payment_method, cashier_name, created_at)
VALUES ('8cd99126-ec4d-4a3e-bf4c-4b39d5e795a9', 'ORD-00420', 'Completed', 875, 'Maya', 'System Seed', '2026-04-09T11:45:05.990Z');

INSERT INTO public.order_items (order_id, product_id, name, quantity, unit_price, subtotal)
VALUES ('8cd99126-ec4d-4a3e-bf4c-4b39d5e795a9', '1b5c6269-ce45-4413-acb8-21813cd7f9cf', 'Mocha', 1, 140, 140);

INSERT INTO public.order_items (order_id, product_id, name, quantity, unit_price, subtotal)
VALUES ('8cd99126-ec4d-4a3e-bf4c-4b39d5e795a9', '3a6a55c0-70f3-4417-a252-db77d9e511c0', 'Latte', 3, 120, 360);

INSERT INTO public.order_items (order_id, product_id, name, quantity, unit_price, subtotal)
VALUES ('8cd99126-ec4d-4a3e-bf4c-4b39d5e795a9', '36c93748-7c86-4ddb-ba49-1bd1a164bf42', 'Blueberry Muffin', 1, 95, 95);

INSERT INTO public.order_items (order_id, product_id, name, quantity, unit_price, subtotal)
VALUES ('8cd99126-ec4d-4a3e-bf4c-4b39d5e795a9', '1b5c6269-ce45-4413-acb8-21813cd7f9cf', 'Mocha', 2, 140, 280);

INSERT INTO public.orders (id, order_id, status, amount, payment_method, cashier_name, created_at)
VALUES ('db6ebac2-29bc-48a1-b7e7-c77e0106be68', 'ORD-00421', 'Completed', 320, 'Maya', 'System Seed', '2026-04-09T04:18:59.990Z');

INSERT INTO public.order_items (order_id, product_id, name, quantity, unit_price, subtotal)
VALUES ('db6ebac2-29bc-48a1-b7e7-c77e0106be68', '65f0b94f-ccbe-4b50-a175-66810ae10f44', 'Croissant', 1, 80, 80);

INSERT INTO public.order_items (order_id, product_id, name, quantity, unit_price, subtotal)
VALUES ('db6ebac2-29bc-48a1-b7e7-c77e0106be68', '65f0b94f-ccbe-4b50-a175-66810ae10f44', 'Croissant', 3, 80, 240);

INSERT INTO public.orders (id, order_id, status, amount, payment_method, cashier_name, created_at)
VALUES ('aeaa3868-544e-43e0-9a68-8c2c35970ae1', 'ORD-00422', 'Completed', 300, 'Maya', 'System Seed', '2026-04-09T02:18:32.990Z');

INSERT INTO public.order_items (order_id, product_id, name, quantity, unit_price, subtotal)
VALUES ('aeaa3868-544e-43e0-9a68-8c2c35970ae1', '83a6812d-2665-4ce5-871a-78a4eab3ce80', 'Americano', 3, 100, 300);

INSERT INTO public.orders (id, order_id, status, amount, payment_method, cashier_name, created_at)
VALUES ('42924963-6691-4d6b-9521-4ab481732332', 'ORD-00423', 'Void (Consumed)', 570, 'Cash', 'System Seed', '2026-04-09T01:51:28.990Z');

INSERT INTO public.order_items (order_id, product_id, name, quantity, unit_price, subtotal)
VALUES ('42924963-6691-4d6b-9521-4ab481732332', '36c93748-7c86-4ddb-ba49-1bd1a164bf42', 'Blueberry Muffin', 2, 95, 190);

INSERT INTO public.order_items (order_id, product_id, name, quantity, unit_price, subtotal)
VALUES ('42924963-6691-4d6b-9521-4ab481732332', 'fe6b02e6-9366-4abd-874c-fcb832e0e282', 'Green Tea', 2, 90, 180);

INSERT INTO public.order_items (order_id, product_id, name, quantity, unit_price, subtotal)
VALUES ('42924963-6691-4d6b-9521-4ab481732332', '83a6812d-2665-4ce5-871a-78a4eab3ce80', 'Americano', 1, 100, 100);

INSERT INTO public.order_items (order_id, product_id, name, quantity, unit_price, subtotal)
VALUES ('42924963-6691-4d6b-9521-4ab481732332', '83a6812d-2665-4ce5-871a-78a4eab3ce80', 'Americano', 1, 100, 100);

INSERT INTO public.orders (id, order_id, status, amount, payment_method, cashier_name, created_at)
VALUES ('98af5f07-ca73-49cd-b563-9c089dc2de6c', 'ORD-00424', 'Completed', 100, 'Credit Card', 'System Seed', '2026-04-09T09:59:35.990Z');

INSERT INTO public.order_items (order_id, product_id, name, quantity, unit_price, subtotal)
VALUES ('98af5f07-ca73-49cd-b563-9c089dc2de6c', '83a6812d-2665-4ce5-871a-78a4eab3ce80', 'Americano', 1, 100, 100);

INSERT INTO public.orders (id, order_id, status, amount, payment_method, cashier_name, created_at)
VALUES ('6ecc55ec-2dfd-45bb-9bd2-d439884af3fb', 'ORD-00425', 'Void (Not Made)', 735, 'GCash', 'System Seed', '2026-04-09T07:24:18.990Z');

INSERT INTO public.order_items (order_id, product_id, name, quantity, unit_price, subtotal)
VALUES ('6ecc55ec-2dfd-45bb-9bd2-d439884af3fb', '83a6812d-2665-4ce5-871a-78a4eab3ce80', 'Americano', 1, 100, 100);

INSERT INTO public.order_items (order_id, product_id, name, quantity, unit_price, subtotal)
VALUES ('6ecc55ec-2dfd-45bb-9bd2-d439884af3fb', '36c93748-7c86-4ddb-ba49-1bd1a164bf42', 'Blueberry Muffin', 1, 95, 95);

INSERT INTO public.order_items (order_id, product_id, name, quantity, unit_price, subtotal)
VALUES ('6ecc55ec-2dfd-45bb-9bd2-d439884af3fb', 'fe6b02e6-9366-4abd-874c-fcb832e0e282', 'Green Tea', 2, 90, 180);

INSERT INTO public.order_items (order_id, product_id, name, quantity, unit_price, subtotal)
VALUES ('6ecc55ec-2dfd-45bb-9bd2-d439884af3fb', '3a6a55c0-70f3-4417-a252-db77d9e511c0', 'Latte', 3, 120, 360);

INSERT INTO public.orders (id, order_id, status, amount, payment_method, cashier_name, created_at)
VALUES ('981c9eee-ba58-432b-8214-87fae17783a9', 'ORD-00426', 'Completed', 280, 'Cash', 'System Seed', '2026-04-09T12:51:34.990Z');

INSERT INTO public.order_items (order_id, product_id, name, quantity, unit_price, subtotal)
VALUES ('981c9eee-ba58-432b-8214-87fae17783a9', '1b5c6269-ce45-4413-acb8-21813cd7f9cf', 'Mocha', 2, 140, 280);

INSERT INTO public.orders (id, order_id, status, amount, payment_method, cashier_name, created_at)
VALUES ('68f4f953-41fb-4a50-b4fa-87c984eb4983', 'ORD-00427', 'Void (Not Made)', 90, 'Credit Card', 'System Seed', '2026-04-09T01:34:54.990Z');

INSERT INTO public.order_items (order_id, product_id, name, quantity, unit_price, subtotal)
VALUES ('68f4f953-41fb-4a50-b4fa-87c984eb4983', 'fe6b02e6-9366-4abd-874c-fcb832e0e282', 'Green Tea', 1, 90, 90);

INSERT INTO public.orders (id, order_id, status, amount, payment_method, cashier_name, created_at)
VALUES ('6fcac0fb-3557-4493-97c6-5574def46178', 'ORD-00428', 'Completed', 980, 'Cash', 'System Seed', '2026-04-09T06:44:14.990Z');

INSERT INTO public.order_items (order_id, product_id, name, quantity, unit_price, subtotal)
VALUES ('6fcac0fb-3557-4493-97c6-5574def46178', '83a6812d-2665-4ce5-871a-78a4eab3ce80', 'Americano', 2, 100, 200);

INSERT INTO public.order_items (order_id, product_id, name, quantity, unit_price, subtotal)
VALUES ('6fcac0fb-3557-4493-97c6-5574def46178', '1b5c6269-ce45-4413-acb8-21813cd7f9cf', 'Mocha', 3, 140, 420);

INSERT INTO public.order_items (order_id, product_id, name, quantity, unit_price, subtotal)
VALUES ('6fcac0fb-3557-4493-97c6-5574def46178', '48233f0a-6e57-4a45-b033-627d13f1be78', 'Cappuccino', 3, 120, 360);

INSERT INTO public.orders (id, order_id, status, amount, payment_method, cashier_name, created_at)
VALUES ('323d17b7-2da9-49b0-a79f-43b6c26d3391', 'ORD-00429', 'Void (Not Made)', 585, 'Credit Card', 'System Seed', '2026-04-09T12:58:26.990Z');

INSERT INTO public.order_items (order_id, product_id, name, quantity, unit_price, subtotal)
VALUES ('323d17b7-2da9-49b0-a79f-43b6c26d3391', '83a6812d-2665-4ce5-871a-78a4eab3ce80', 'Americano', 3, 100, 300);

INSERT INTO public.order_items (order_id, product_id, name, quantity, unit_price, subtotal)
VALUES ('323d17b7-2da9-49b0-a79f-43b6c26d3391', '36c93748-7c86-4ddb-ba49-1bd1a164bf42', 'Blueberry Muffin', 3, 95, 285);

INSERT INTO public.orders (id, order_id, status, amount, payment_method, cashier_name, created_at)
VALUES ('7cf87bce-8be9-4ec2-acf7-fff2e09d365d', 'ORD-00430', 'Completed', 810, 'Cash', 'System Seed', '2026-04-09T01:11:12.990Z');

INSERT INTO public.order_items (order_id, product_id, name, quantity, unit_price, subtotal)
VALUES ('7cf87bce-8be9-4ec2-acf7-fff2e09d365d', '65f0b94f-ccbe-4b50-a175-66810ae10f44', 'Croissant', 3, 80, 240);

INSERT INTO public.order_items (order_id, product_id, name, quantity, unit_price, subtotal)
VALUES ('7cf87bce-8be9-4ec2-acf7-fff2e09d365d', 'fe6b02e6-9366-4abd-874c-fcb832e0e282', 'Green Tea', 2, 90, 180);

INSERT INTO public.order_items (order_id, product_id, name, quantity, unit_price, subtotal)
VALUES ('7cf87bce-8be9-4ec2-acf7-fff2e09d365d', '1b5c6269-ce45-4413-acb8-21813cd7f9cf', 'Mocha', 2, 140, 280);

INSERT INTO public.order_items (order_id, product_id, name, quantity, unit_price, subtotal)
VALUES ('7cf87bce-8be9-4ec2-acf7-fff2e09d365d', 'dfe22f11-84a3-41d2-a268-149f012eae60', 'Sparkling Lemonade', 1, 110, 110);

INSERT INTO public.orders (id, order_id, status, amount, payment_method, cashier_name, created_at)
VALUES ('c60816a1-4ae6-4bac-a366-3190fe1e2ee3', 'ORD-00431', 'Completed', 510, 'Maya', 'System Seed', '2026-04-09T03:11:27.990Z');

INSERT INTO public.order_items (order_id, product_id, name, quantity, unit_price, subtotal)
VALUES ('c60816a1-4ae6-4bac-a366-3190fe1e2ee3', 'fe6b02e6-9366-4abd-874c-fcb832e0e282', 'Green Tea', 3, 90, 270);

INSERT INTO public.order_items (order_id, product_id, name, quantity, unit_price, subtotal)
VALUES ('c60816a1-4ae6-4bac-a366-3190fe1e2ee3', '48233f0a-6e57-4a45-b033-627d13f1be78', 'Cappuccino', 2, 120, 240);

INSERT INTO public.orders (id, order_id, status, amount, payment_method, cashier_name, created_at)
VALUES ('a0ec4e2f-5956-4a6e-a4d3-cf5cb6876dfc', 'ORD-00432', 'Completed', 540, 'Cash', 'System Seed', '2026-04-09T07:21:02.990Z');

INSERT INTO public.order_items (order_id, product_id, name, quantity, unit_price, subtotal)
VALUES ('a0ec4e2f-5956-4a6e-a4d3-cf5cb6876dfc', '83a6812d-2665-4ce5-871a-78a4eab3ce80', 'Americano', 3, 100, 300);

INSERT INTO public.order_items (order_id, product_id, name, quantity, unit_price, subtotal)
VALUES ('a0ec4e2f-5956-4a6e-a4d3-cf5cb6876dfc', '48233f0a-6e57-4a45-b033-627d13f1be78', 'Cappuccino', 2, 120, 240);

INSERT INTO public.orders (id, order_id, status, amount, payment_method, cashier_name, created_at)
VALUES ('f8835baf-351a-4620-9d6c-db20a67efebc', 'ORD-00433', 'Completed', 240, 'GCash', 'System Seed', '2026-04-09T05:27:09.990Z');

INSERT INTO public.order_items (order_id, product_id, name, quantity, unit_price, subtotal)
VALUES ('f8835baf-351a-4620-9d6c-db20a67efebc', '3a6a55c0-70f3-4417-a252-db77d9e511c0', 'Latte', 2, 120, 240);

INSERT INTO public.orders (id, order_id, status, amount, payment_method, cashier_name, created_at)
VALUES ('96f0d49d-5c83-4862-bb77-f45907c335da', 'ORD-00434', 'Completed', 850, 'Cash', 'System Seed', '2026-04-09T05:53:43.990Z');

INSERT INTO public.order_items (order_id, product_id, name, quantity, unit_price, subtotal)
VALUES ('96f0d49d-5c83-4862-bb77-f45907c335da', '1b5c6269-ce45-4413-acb8-21813cd7f9cf', 'Mocha', 1, 140, 140);

INSERT INTO public.order_items (order_id, product_id, name, quantity, unit_price, subtotal)
VALUES ('96f0d49d-5c83-4862-bb77-f45907c335da', '1b5c6269-ce45-4413-acb8-21813cd7f9cf', 'Mocha', 2, 140, 280);

INSERT INTO public.order_items (order_id, product_id, name, quantity, unit_price, subtotal)
VALUES ('96f0d49d-5c83-4862-bb77-f45907c335da', '83a6812d-2665-4ce5-871a-78a4eab3ce80', 'Americano', 1, 100, 100);

INSERT INTO public.order_items (order_id, product_id, name, quantity, unit_price, subtotal)
VALUES ('96f0d49d-5c83-4862-bb77-f45907c335da', 'dfe22f11-84a3-41d2-a268-149f012eae60', 'Sparkling Lemonade', 3, 110, 330);

INSERT INTO public.orders (id, order_id, status, amount, payment_method, cashier_name, created_at)
VALUES ('e0f16152-6418-4ffd-872a-354f87eab24b', 'ORD-00435', 'Completed', 600, 'Maya', 'System Seed', '2026-04-09T09:42:46.990Z');

INSERT INTO public.order_items (order_id, product_id, name, quantity, unit_price, subtotal)
VALUES ('e0f16152-6418-4ffd-872a-354f87eab24b', '83a6812d-2665-4ce5-871a-78a4eab3ce80', 'Americano', 3, 100, 300);

INSERT INTO public.order_items (order_id, product_id, name, quantity, unit_price, subtotal)
VALUES ('e0f16152-6418-4ffd-872a-354f87eab24b', '48233f0a-6e57-4a45-b033-627d13f1be78', 'Cappuccino', 1, 120, 120);

INSERT INTO public.order_items (order_id, product_id, name, quantity, unit_price, subtotal)
VALUES ('e0f16152-6418-4ffd-872a-354f87eab24b', 'fe6b02e6-9366-4abd-874c-fcb832e0e282', 'Green Tea', 2, 90, 180);

INSERT INTO public.orders (id, order_id, status, amount, payment_method, cashier_name, created_at)
VALUES ('f5575598-b48e-4a64-aafa-7d734d24e3b5', 'ORD-00436', 'Completed', 780, 'Maya', 'System Seed', '2026-04-10T08:11:42.990Z');

INSERT INTO public.order_items (order_id, product_id, name, quantity, unit_price, subtotal)
VALUES ('f5575598-b48e-4a64-aafa-7d734d24e3b5', '48233f0a-6e57-4a45-b033-627d13f1be78', 'Cappuccino', 2, 120, 240);

INSERT INTO public.order_items (order_id, product_id, name, quantity, unit_price, subtotal)
VALUES ('f5575598-b48e-4a64-aafa-7d734d24e3b5', 'fe6b02e6-9366-4abd-874c-fcb832e0e282', 'Green Tea', 2, 90, 180);

INSERT INTO public.order_items (order_id, product_id, name, quantity, unit_price, subtotal)
VALUES ('f5575598-b48e-4a64-aafa-7d734d24e3b5', '48233f0a-6e57-4a45-b033-627d13f1be78', 'Cappuccino', 3, 120, 360);

INSERT INTO public.orders (id, order_id, status, amount, payment_method, cashier_name, created_at)
VALUES ('2617c256-3703-4a06-a369-1f84a255986b', 'ORD-00437', 'Completed', 480, 'Maya', 'System Seed', '2026-04-10T00:36:11.990Z');

INSERT INTO public.order_items (order_id, product_id, name, quantity, unit_price, subtotal)
VALUES ('2617c256-3703-4a06-a369-1f84a255986b', '83a6812d-2665-4ce5-871a-78a4eab3ce80', 'Americano', 3, 100, 300);

INSERT INTO public.order_items (order_id, product_id, name, quantity, unit_price, subtotal)
VALUES ('2617c256-3703-4a06-a369-1f84a255986b', 'fe6b02e6-9366-4abd-874c-fcb832e0e282', 'Green Tea', 2, 90, 180);

INSERT INTO public.orders (id, order_id, status, amount, payment_method, cashier_name, created_at)
VALUES ('b975cebe-e046-4751-9843-745ed7c64676', 'ORD-00438', 'Void (Not Made)', 860, 'Credit Card', 'System Seed', '2026-04-10T01:58:28.990Z');

INSERT INTO public.order_items (order_id, product_id, name, quantity, unit_price, subtotal)
VALUES ('b975cebe-e046-4751-9843-745ed7c64676', '48233f0a-6e57-4a45-b033-627d13f1be78', 'Cappuccino', 2, 120, 240);

INSERT INTO public.order_items (order_id, product_id, name, quantity, unit_price, subtotal)
VALUES ('b975cebe-e046-4751-9843-745ed7c64676', '83a6812d-2665-4ce5-871a-78a4eab3ce80', 'Americano', 1, 100, 100);

INSERT INTO public.order_items (order_id, product_id, name, quantity, unit_price, subtotal)
VALUES ('b975cebe-e046-4751-9843-745ed7c64676', '83a6812d-2665-4ce5-871a-78a4eab3ce80', 'Americano', 1, 100, 100);

INSERT INTO public.order_items (order_id, product_id, name, quantity, unit_price, subtotal)
VALUES ('b975cebe-e046-4751-9843-745ed7c64676', '1b5c6269-ce45-4413-acb8-21813cd7f9cf', 'Mocha', 3, 140, 420);

INSERT INTO public.orders (id, order_id, status, amount, payment_method, cashier_name, created_at)
VALUES ('7f210839-166a-4be9-95b0-c75a089d00a8', 'ORD-00439', 'Completed', 930, 'Cash', 'System Seed', '2026-04-10T07:27:27.990Z');

INSERT INTO public.order_items (order_id, product_id, name, quantity, unit_price, subtotal)
VALUES ('7f210839-166a-4be9-95b0-c75a089d00a8', '1b5c6269-ce45-4413-acb8-21813cd7f9cf', 'Mocha', 2, 140, 280);

INSERT INTO public.order_items (order_id, product_id, name, quantity, unit_price, subtotal)
VALUES ('7f210839-166a-4be9-95b0-c75a089d00a8', '83a6812d-2665-4ce5-871a-78a4eab3ce80', 'Americano', 3, 100, 300);

INSERT INTO public.order_items (order_id, product_id, name, quantity, unit_price, subtotal)
VALUES ('7f210839-166a-4be9-95b0-c75a089d00a8', '3a6a55c0-70f3-4417-a252-db77d9e511c0', 'Latte', 2, 120, 240);

INSERT INTO public.order_items (order_id, product_id, name, quantity, unit_price, subtotal)
VALUES ('7f210839-166a-4be9-95b0-c75a089d00a8', 'dfe22f11-84a3-41d2-a268-149f012eae60', 'Sparkling Lemonade', 1, 110, 110);

INSERT INTO public.orders (id, order_id, status, amount, payment_method, cashier_name, created_at)
VALUES ('45ffe66a-3be9-4aca-bc7a-602b5cd738f1', 'ORD-00440', 'Void (Not Made)', 710, 'GCash', 'System Seed', '2026-04-10T01:22:36.990Z');

INSERT INTO public.order_items (order_id, product_id, name, quantity, unit_price, subtotal)
VALUES ('45ffe66a-3be9-4aca-bc7a-602b5cd738f1', 'fe6b02e6-9366-4abd-874c-fcb832e0e282', 'Green Tea', 1, 90, 90);

INSERT INTO public.order_items (order_id, product_id, name, quantity, unit_price, subtotal)
VALUES ('45ffe66a-3be9-4aca-bc7a-602b5cd738f1', '83a6812d-2665-4ce5-871a-78a4eab3ce80', 'Americano', 2, 100, 200);

INSERT INTO public.order_items (order_id, product_id, name, quantity, unit_price, subtotal)
VALUES ('45ffe66a-3be9-4aca-bc7a-602b5cd738f1', '1b5c6269-ce45-4413-acb8-21813cd7f9cf', 'Mocha', 3, 140, 420);

INSERT INTO public.orders (id, order_id, status, amount, payment_method, cashier_name, created_at)
VALUES ('f5e9f3d9-cdb9-4f17-bdaa-1f9b5b1564dc', 'ORD-00441', 'Void (Not Made)', 820, 'Credit Card', 'System Seed', '2026-04-10T06:28:15.990Z');

INSERT INTO public.order_items (order_id, product_id, name, quantity, unit_price, subtotal)
VALUES ('f5e9f3d9-cdb9-4f17-bdaa-1f9b5b1564dc', '3a6a55c0-70f3-4417-a252-db77d9e511c0', 'Latte', 2, 120, 240);

INSERT INTO public.order_items (order_id, product_id, name, quantity, unit_price, subtotal)
VALUES ('f5e9f3d9-cdb9-4f17-bdaa-1f9b5b1564dc', 'dfe22f11-84a3-41d2-a268-149f012eae60', 'Sparkling Lemonade', 2, 110, 220);

INSERT INTO public.order_items (order_id, product_id, name, quantity, unit_price, subtotal)
VALUES ('f5e9f3d9-cdb9-4f17-bdaa-1f9b5b1564dc', '3a6a55c0-70f3-4417-a252-db77d9e511c0', 'Latte', 3, 120, 360);

INSERT INTO public.orders (id, order_id, status, amount, payment_method, cashier_name, created_at)
VALUES ('5176bc8d-a9ae-4ec2-b79d-46b024f241e0', 'ORD-00442', 'Void (Consumed)', 400, 'GCash', 'System Seed', '2026-04-10T04:31:05.990Z');

INSERT INTO public.order_items (order_id, product_id, name, quantity, unit_price, subtotal)
VALUES ('5176bc8d-a9ae-4ec2-b79d-46b024f241e0', '48233f0a-6e57-4a45-b033-627d13f1be78', 'Cappuccino', 2, 120, 240);

INSERT INTO public.order_items (order_id, product_id, name, quantity, unit_price, subtotal)
VALUES ('5176bc8d-a9ae-4ec2-b79d-46b024f241e0', '65f0b94f-ccbe-4b50-a175-66810ae10f44', 'Croissant', 1, 80, 80);

INSERT INTO public.order_items (order_id, product_id, name, quantity, unit_price, subtotal)
VALUES ('5176bc8d-a9ae-4ec2-b79d-46b024f241e0', '65f0b94f-ccbe-4b50-a175-66810ae10f44', 'Croissant', 1, 80, 80);

INSERT INTO public.orders (id, order_id, status, amount, payment_method, cashier_name, created_at)
VALUES ('f87ae6fc-d997-48bb-869c-0828a799f488', 'ORD-00443', 'Completed', 630, 'Maya', 'System Seed', '2026-04-10T12:55:07.990Z');

INSERT INTO public.order_items (order_id, product_id, name, quantity, unit_price, subtotal)
VALUES ('f87ae6fc-d997-48bb-869c-0828a799f488', 'dfe22f11-84a3-41d2-a268-149f012eae60', 'Sparkling Lemonade', 1, 110, 110);

INSERT INTO public.order_items (order_id, product_id, name, quantity, unit_price, subtotal)
VALUES ('f87ae6fc-d997-48bb-869c-0828a799f488', '1b5c6269-ce45-4413-acb8-21813cd7f9cf', 'Mocha', 2, 140, 280);

INSERT INTO public.order_items (order_id, product_id, name, quantity, unit_price, subtotal)
VALUES ('f87ae6fc-d997-48bb-869c-0828a799f488', '48233f0a-6e57-4a45-b033-627d13f1be78', 'Cappuccino', 2, 120, 240);

INSERT INTO public.orders (id, order_id, status, amount, payment_method, cashier_name, created_at)
VALUES ('8fe51c59-f8b7-4b39-886a-278d35344a11', 'ORD-00444', 'Completed', 320, 'GCash', 'System Seed', '2026-04-10T04:28:03.990Z');

INSERT INTO public.order_items (order_id, product_id, name, quantity, unit_price, subtotal)
VALUES ('8fe51c59-f8b7-4b39-886a-278d35344a11', '3a6a55c0-70f3-4417-a252-db77d9e511c0', 'Latte', 1, 120, 120);

INSERT INTO public.order_items (order_id, product_id, name, quantity, unit_price, subtotal)
VALUES ('8fe51c59-f8b7-4b39-886a-278d35344a11', '83a6812d-2665-4ce5-871a-78a4eab3ce80', 'Americano', 2, 100, 200);

INSERT INTO public.orders (id, order_id, status, amount, payment_method, cashier_name, created_at)
VALUES ('a070ccdb-93cb-4e8b-8881-b6e378c64ba8', 'ORD-00445', 'Completed', 200, 'Credit Card', 'System Seed', '2026-04-10T05:15:56.990Z');

INSERT INTO public.order_items (order_id, product_id, name, quantity, unit_price, subtotal)
VALUES ('a070ccdb-93cb-4e8b-8881-b6e378c64ba8', '83a6812d-2665-4ce5-871a-78a4eab3ce80', 'Americano', 2, 100, 200);

INSERT INTO public.orders (id, order_id, status, amount, payment_method, cashier_name, created_at)
VALUES ('2d533b5f-3fd5-4f1e-82ac-dc83cdc21dac', 'ORD-00446', 'Completed', 220, 'Cash', 'System Seed', '2026-04-10T11:36:42.990Z');

INSERT INTO public.order_items (order_id, product_id, name, quantity, unit_price, subtotal)
VALUES ('2d533b5f-3fd5-4f1e-82ac-dc83cdc21dac', 'dfe22f11-84a3-41d2-a268-149f012eae60', 'Sparkling Lemonade', 2, 110, 220);

INSERT INTO public.orders (id, order_id, status, amount, payment_method, cashier_name, created_at)
VALUES ('bb6f7bfc-c4e6-4dce-9a39-29e69f1f5649', 'ORD-00447', 'Completed', 180, 'Maya', 'System Seed', '2026-04-10T04:43:48.990Z');

INSERT INTO public.order_items (order_id, product_id, name, quantity, unit_price, subtotal)
VALUES ('bb6f7bfc-c4e6-4dce-9a39-29e69f1f5649', 'fe6b02e6-9366-4abd-874c-fcb832e0e282', 'Green Tea', 2, 90, 180);

INSERT INTO public.orders (id, order_id, status, amount, payment_method, cashier_name, created_at)
VALUES ('4a67e0b5-7ca4-43db-ba66-7ca1b114ce5d', 'ORD-00448', 'Completed', 1000, 'Maya', 'System Seed', '2026-04-10T08:42:30.990Z');

INSERT INTO public.order_items (order_id, product_id, name, quantity, unit_price, subtotal)
VALUES ('4a67e0b5-7ca4-43db-ba66-7ca1b114ce5d', '1b5c6269-ce45-4413-acb8-21813cd7f9cf', 'Mocha', 3, 140, 420);

INSERT INTO public.order_items (order_id, product_id, name, quantity, unit_price, subtotal)
VALUES ('4a67e0b5-7ca4-43db-ba66-7ca1b114ce5d', '3a6a55c0-70f3-4417-a252-db77d9e511c0', 'Latte', 3, 120, 360);

INSERT INTO public.order_items (order_id, product_id, name, quantity, unit_price, subtotal)
VALUES ('4a67e0b5-7ca4-43db-ba66-7ca1b114ce5d', 'dfe22f11-84a3-41d2-a268-149f012eae60', 'Sparkling Lemonade', 2, 110, 220);

INSERT INTO public.orders (id, order_id, status, amount, payment_method, cashier_name, created_at)
VALUES ('93bd931d-8493-4536-af7b-e09226ee6873', 'ORD-00449', 'Completed', 185, 'Credit Card', 'System Seed', '2026-04-10T10:25:44.990Z');

INSERT INTO public.order_items (order_id, product_id, name, quantity, unit_price, subtotal)
VALUES ('93bd931d-8493-4536-af7b-e09226ee6873', 'fe6b02e6-9366-4abd-874c-fcb832e0e282', 'Green Tea', 1, 90, 90);

INSERT INTO public.order_items (order_id, product_id, name, quantity, unit_price, subtotal)
VALUES ('93bd931d-8493-4536-af7b-e09226ee6873', '36c93748-7c86-4ddb-ba49-1bd1a164bf42', 'Blueberry Muffin', 1, 95, 95);

INSERT INTO public.orders (id, order_id, status, amount, payment_method, cashier_name, created_at)
VALUES ('cc8fba6c-2a79-4b8d-b3ba-c293cc28ff81', 'ORD-00450', 'Completed', 100, 'GCash', 'System Seed', '2026-04-09T23:28:44.990Z');

INSERT INTO public.order_items (order_id, product_id, name, quantity, unit_price, subtotal)
VALUES ('cc8fba6c-2a79-4b8d-b3ba-c293cc28ff81', '83a6812d-2665-4ce5-871a-78a4eab3ce80', 'Americano', 1, 100, 100);

INSERT INTO public.orders (id, order_id, status, amount, payment_method, cashier_name, created_at)
VALUES ('eeca4466-ca41-4882-8675-d33c7f10c5e7', 'ORD-00451', 'Void (Consumed)', 750, 'Credit Card', 'System Seed', '2026-04-10T10:28:30.990Z');

INSERT INTO public.order_items (order_id, product_id, name, quantity, unit_price, subtotal)
VALUES ('eeca4466-ca41-4882-8675-d33c7f10c5e7', '65f0b94f-ccbe-4b50-a175-66810ae10f44', 'Croissant', 1, 80, 80);

INSERT INTO public.order_items (order_id, product_id, name, quantity, unit_price, subtotal)
VALUES ('eeca4466-ca41-4882-8675-d33c7f10c5e7', '3a6a55c0-70f3-4417-a252-db77d9e511c0', 'Latte', 3, 120, 360);

INSERT INTO public.order_items (order_id, product_id, name, quantity, unit_price, subtotal)
VALUES ('eeca4466-ca41-4882-8675-d33c7f10c5e7', 'dfe22f11-84a3-41d2-a268-149f012eae60', 'Sparkling Lemonade', 1, 110, 110);

INSERT INTO public.order_items (order_id, product_id, name, quantity, unit_price, subtotal)
VALUES ('eeca4466-ca41-4882-8675-d33c7f10c5e7', '83a6812d-2665-4ce5-871a-78a4eab3ce80', 'Americano', 2, 100, 200);

INSERT INTO public.orders (id, order_id, status, amount, payment_method, cashier_name, created_at)
VALUES ('179b261c-475f-40e0-9ffd-a921d03cb18d', 'ORD-00452', 'Completed', 300, 'GCash', 'System Seed', '2026-04-10T04:21:45.990Z');

INSERT INTO public.order_items (order_id, product_id, name, quantity, unit_price, subtotal)
VALUES ('179b261c-475f-40e0-9ffd-a921d03cb18d', '65f0b94f-ccbe-4b50-a175-66810ae10f44', 'Croissant', 1, 80, 80);

INSERT INTO public.order_items (order_id, product_id, name, quantity, unit_price, subtotal)
VALUES ('179b261c-475f-40e0-9ffd-a921d03cb18d', 'dfe22f11-84a3-41d2-a268-149f012eae60', 'Sparkling Lemonade', 2, 110, 220);

INSERT INTO public.orders (id, order_id, status, amount, payment_method, cashier_name, created_at)
VALUES ('15761d54-9711-4d53-a2ac-2e3fda7a3644', 'ORD-00453', 'Void (Not Made)', 280, 'Credit Card', 'System Seed', '2026-04-10T11:17:05.990Z');

INSERT INTO public.order_items (order_id, product_id, name, quantity, unit_price, subtotal)
VALUES ('15761d54-9711-4d53-a2ac-2e3fda7a3644', '1b5c6269-ce45-4413-acb8-21813cd7f9cf', 'Mocha', 2, 140, 280);

INSERT INTO public.orders (id, order_id, status, amount, payment_method, cashier_name, created_at)
VALUES ('224e5f07-8fca-4cdf-8455-6207f31138cd', 'ORD-00454', 'Void (Consumed)', 815, 'GCash', 'System Seed', '2026-04-10T05:33:27.990Z');

INSERT INTO public.order_items (order_id, product_id, name, quantity, unit_price, subtotal)
VALUES ('224e5f07-8fca-4cdf-8455-6207f31138cd', '3a6a55c0-70f3-4417-a252-db77d9e511c0', 'Latte', 3, 120, 360);

INSERT INTO public.order_items (order_id, product_id, name, quantity, unit_price, subtotal)
VALUES ('224e5f07-8fca-4cdf-8455-6207f31138cd', '36c93748-7c86-4ddb-ba49-1bd1a164bf42', 'Blueberry Muffin', 1, 95, 95);

INSERT INTO public.order_items (order_id, product_id, name, quantity, unit_price, subtotal)
VALUES ('224e5f07-8fca-4cdf-8455-6207f31138cd', '3a6a55c0-70f3-4417-a252-db77d9e511c0', 'Latte', 3, 120, 360);

INSERT INTO public.orders (id, order_id, status, amount, payment_method, cashier_name, created_at)
VALUES ('fdf6b7ca-8d6d-4b6f-a045-dc21d09ba3ba', 'ORD-00455', 'Void (Consumed)', 1140, 'GCash', 'System Seed', '2026-04-10T23:18:27.990Z');

INSERT INTO public.order_items (order_id, product_id, name, quantity, unit_price, subtotal)
VALUES ('fdf6b7ca-8d6d-4b6f-a045-dc21d09ba3ba', '1b5c6269-ce45-4413-acb8-21813cd7f9cf', 'Mocha', 2, 140, 280);

INSERT INTO public.order_items (order_id, product_id, name, quantity, unit_price, subtotal)
VALUES ('fdf6b7ca-8d6d-4b6f-a045-dc21d09ba3ba', '3a6a55c0-70f3-4417-a252-db77d9e511c0', 'Latte', 3, 120, 360);

INSERT INTO public.order_items (order_id, product_id, name, quantity, unit_price, subtotal)
VALUES ('fdf6b7ca-8d6d-4b6f-a045-dc21d09ba3ba', '1b5c6269-ce45-4413-acb8-21813cd7f9cf', 'Mocha', 3, 140, 420);

INSERT INTO public.order_items (order_id, product_id, name, quantity, unit_price, subtotal)
VALUES ('fdf6b7ca-8d6d-4b6f-a045-dc21d09ba3ba', '65f0b94f-ccbe-4b50-a175-66810ae10f44', 'Croissant', 1, 80, 80);

INSERT INTO public.orders (id, order_id, status, amount, payment_method, cashier_name, created_at)
VALUES ('8b7d00ef-c98d-4293-8661-6184d9c46df7', 'ORD-00456', 'Completed', 320, 'GCash', 'System Seed', '2026-04-11T11:34:45.990Z');

INSERT INTO public.order_items (order_id, product_id, name, quantity, unit_price, subtotal)
VALUES ('8b7d00ef-c98d-4293-8661-6184d9c46df7', 'fe6b02e6-9366-4abd-874c-fcb832e0e282', 'Green Tea', 2, 90, 180);

INSERT INTO public.order_items (order_id, product_id, name, quantity, unit_price, subtotal)
VALUES ('8b7d00ef-c98d-4293-8661-6184d9c46df7', '1b5c6269-ce45-4413-acb8-21813cd7f9cf', 'Mocha', 1, 140, 140);

INSERT INTO public.orders (id, order_id, status, amount, payment_method, cashier_name, created_at)
VALUES ('996ed6db-8345-4a5e-b95e-78f0e387cb4e', 'ORD-00457', 'Completed', 1010, 'GCash', 'System Seed', '2026-04-11T10:02:21.990Z');

INSERT INTO public.order_items (order_id, product_id, name, quantity, unit_price, subtotal)
VALUES ('996ed6db-8345-4a5e-b95e-78f0e387cb4e', '83a6812d-2665-4ce5-871a-78a4eab3ce80', 'Americano', 2, 100, 200);

INSERT INTO public.order_items (order_id, product_id, name, quantity, unit_price, subtotal)
VALUES ('996ed6db-8345-4a5e-b95e-78f0e387cb4e', 'dfe22f11-84a3-41d2-a268-149f012eae60', 'Sparkling Lemonade', 3, 110, 330);

INSERT INTO public.order_items (order_id, product_id, name, quantity, unit_price, subtotal)
VALUES ('996ed6db-8345-4a5e-b95e-78f0e387cb4e', '3a6a55c0-70f3-4417-a252-db77d9e511c0', 'Latte', 1, 120, 120);

INSERT INTO public.order_items (order_id, product_id, name, quantity, unit_price, subtotal)
VALUES ('996ed6db-8345-4a5e-b95e-78f0e387cb4e', '3a6a55c0-70f3-4417-a252-db77d9e511c0', 'Latte', 3, 120, 360);

INSERT INTO public.orders (id, order_id, status, amount, payment_method, cashier_name, created_at)
VALUES ('e9cbef64-7f1b-41b4-85f3-1da37a349bd0', 'ORD-00458', 'Completed', 855, 'GCash', 'System Seed', '2026-04-11T00:37:39.990Z');

INSERT INTO public.order_items (order_id, product_id, name, quantity, unit_price, subtotal)
VALUES ('e9cbef64-7f1b-41b4-85f3-1da37a349bd0', '65f0b94f-ccbe-4b50-a175-66810ae10f44', 'Croissant', 3, 80, 240);

INSERT INTO public.order_items (order_id, product_id, name, quantity, unit_price, subtotal)
VALUES ('e9cbef64-7f1b-41b4-85f3-1da37a349bd0', 'dfe22f11-84a3-41d2-a268-149f012eae60', 'Sparkling Lemonade', 3, 110, 330);

INSERT INTO public.order_items (order_id, product_id, name, quantity, unit_price, subtotal)
VALUES ('e9cbef64-7f1b-41b4-85f3-1da37a349bd0', '36c93748-7c86-4ddb-ba49-1bd1a164bf42', 'Blueberry Muffin', 3, 95, 285);

INSERT INTO public.orders (id, order_id, status, amount, payment_method, cashier_name, created_at)
VALUES ('3348fe1c-f5dc-469b-baf7-e613af8e3dbe', 'ORD-00459', 'Void (Not Made)', 360, 'Cash', 'System Seed', '2026-04-11T06:50:01.990Z');

INSERT INTO public.order_items (order_id, product_id, name, quantity, unit_price, subtotal)
VALUES ('3348fe1c-f5dc-469b-baf7-e613af8e3dbe', '1b5c6269-ce45-4413-acb8-21813cd7f9cf', 'Mocha', 2, 140, 280);

INSERT INTO public.order_items (order_id, product_id, name, quantity, unit_price, subtotal)
VALUES ('3348fe1c-f5dc-469b-baf7-e613af8e3dbe', '65f0b94f-ccbe-4b50-a175-66810ae10f44', 'Croissant', 1, 80, 80);

INSERT INTO public.orders (id, order_id, status, amount, payment_method, cashier_name, created_at)
VALUES ('4584c038-fc98-4eed-8832-1c04f7d513ce', 'ORD-00460', 'Completed', 280, 'Maya', 'System Seed', '2026-04-10T23:48:11.990Z');

INSERT INTO public.order_items (order_id, product_id, name, quantity, unit_price, subtotal)
VALUES ('4584c038-fc98-4eed-8832-1c04f7d513ce', '1b5c6269-ce45-4413-acb8-21813cd7f9cf', 'Mocha', 2, 140, 280);

INSERT INTO public.orders (id, order_id, status, amount, payment_method, cashier_name, created_at)
VALUES ('193224c9-acfb-40db-84d4-94088c93405c', 'ORD-00461', 'Completed', 570, 'Maya', 'System Seed', '2026-04-11T11:40:32.990Z');

INSERT INTO public.order_items (order_id, product_id, name, quantity, unit_price, subtotal)
VALUES ('193224c9-acfb-40db-84d4-94088c93405c', 'dfe22f11-84a3-41d2-a268-149f012eae60', 'Sparkling Lemonade', 1, 110, 110);

INSERT INTO public.order_items (order_id, product_id, name, quantity, unit_price, subtotal)
VALUES ('193224c9-acfb-40db-84d4-94088c93405c', '3a6a55c0-70f3-4417-a252-db77d9e511c0', 'Latte', 2, 120, 240);

INSERT INTO public.order_items (order_id, product_id, name, quantity, unit_price, subtotal)
VALUES ('193224c9-acfb-40db-84d4-94088c93405c', 'dfe22f11-84a3-41d2-a268-149f012eae60', 'Sparkling Lemonade', 1, 110, 110);

INSERT INTO public.order_items (order_id, product_id, name, quantity, unit_price, subtotal)
VALUES ('193224c9-acfb-40db-84d4-94088c93405c', 'dfe22f11-84a3-41d2-a268-149f012eae60', 'Sparkling Lemonade', 1, 110, 110);

INSERT INTO public.orders (id, order_id, status, amount, payment_method, cashier_name, created_at)
VALUES ('b580c3d9-02da-4872-996e-6fbedf890ccd', 'ORD-00462', 'Completed', 590, 'Cash', 'System Seed', '2026-04-11T09:36:59.990Z');

INSERT INTO public.order_items (order_id, product_id, name, quantity, unit_price, subtotal)
VALUES ('b580c3d9-02da-4872-996e-6fbedf890ccd', '65f0b94f-ccbe-4b50-a175-66810ae10f44', 'Croissant', 3, 80, 240);

INSERT INTO public.order_items (order_id, product_id, name, quantity, unit_price, subtotal)
VALUES ('b580c3d9-02da-4872-996e-6fbedf890ccd', '65f0b94f-ccbe-4b50-a175-66810ae10f44', 'Croissant', 1, 80, 80);

INSERT INTO public.order_items (order_id, product_id, name, quantity, unit_price, subtotal)
VALUES ('b580c3d9-02da-4872-996e-6fbedf890ccd', 'fe6b02e6-9366-4abd-874c-fcb832e0e282', 'Green Tea', 3, 90, 270);

INSERT INTO public.orders (id, order_id, status, amount, payment_method, cashier_name, created_at)
VALUES ('f14d90d3-81e2-4263-a0d5-b1ee4df8f58c', 'ORD-00463', 'Completed', 620, 'Credit Card', 'System Seed', '2026-04-10T23:01:03.990Z');

INSERT INTO public.order_items (order_id, product_id, name, quantity, unit_price, subtotal)
VALUES ('f14d90d3-81e2-4263-a0d5-b1ee4df8f58c', '1b5c6269-ce45-4413-acb8-21813cd7f9cf', 'Mocha', 1, 140, 140);

INSERT INTO public.order_items (order_id, product_id, name, quantity, unit_price, subtotal)
VALUES ('f14d90d3-81e2-4263-a0d5-b1ee4df8f58c', '3a6a55c0-70f3-4417-a252-db77d9e511c0', 'Latte', 2, 120, 240);

INSERT INTO public.order_items (order_id, product_id, name, quantity, unit_price, subtotal)
VALUES ('f14d90d3-81e2-4263-a0d5-b1ee4df8f58c', '65f0b94f-ccbe-4b50-a175-66810ae10f44', 'Croissant', 3, 80, 240);

INSERT INTO public.orders (id, order_id, status, amount, payment_method, cashier_name, created_at)
VALUES ('97151d3b-7b8e-4aca-8c34-390c85c855bb', 'ORD-00464', 'Completed', 500, 'Maya', 'System Seed', '2026-04-11T12:01:47.990Z');

INSERT INTO public.order_items (order_id, product_id, name, quantity, unit_price, subtotal)
VALUES ('97151d3b-7b8e-4aca-8c34-390c85c855bb', '1b5c6269-ce45-4413-acb8-21813cd7f9cf', 'Mocha', 3, 140, 420);

INSERT INTO public.order_items (order_id, product_id, name, quantity, unit_price, subtotal)
VALUES ('97151d3b-7b8e-4aca-8c34-390c85c855bb', '65f0b94f-ccbe-4b50-a175-66810ae10f44', 'Croissant', 1, 80, 80);

INSERT INTO public.orders (id, order_id, status, amount, payment_method, cashier_name, created_at)
VALUES ('16d076d3-826e-4563-9aa4-4c84f631ae60', 'ORD-00465', 'Completed', 520, 'GCash', 'System Seed', '2026-04-11T11:55:11.990Z');

INSERT INTO public.order_items (order_id, product_id, name, quantity, unit_price, subtotal)
VALUES ('16d076d3-826e-4563-9aa4-4c84f631ae60', '1b5c6269-ce45-4413-acb8-21813cd7f9cf', 'Mocha', 3, 140, 420);

INSERT INTO public.order_items (order_id, product_id, name, quantity, unit_price, subtotal)
VALUES ('16d076d3-826e-4563-9aa4-4c84f631ae60', '83a6812d-2665-4ce5-871a-78a4eab3ce80', 'Americano', 1, 100, 100);

INSERT INTO public.orders (id, order_id, status, amount, payment_method, cashier_name, created_at)
VALUES ('3b593951-0311-4aa0-993c-60b20c2bb3d3', 'ORD-00466', 'Completed', 180, 'GCash', 'System Seed', '2026-04-11T12:48:33.990Z');

INSERT INTO public.order_items (order_id, product_id, name, quantity, unit_price, subtotal)
VALUES ('3b593951-0311-4aa0-993c-60b20c2bb3d3', 'fe6b02e6-9366-4abd-874c-fcb832e0e282', 'Green Tea', 2, 90, 180);

INSERT INTO public.orders (id, order_id, status, amount, payment_method, cashier_name, created_at)
VALUES ('a6a7076a-8307-4261-a52a-d8cc5c5f3aa1', 'ORD-00467', 'Completed', 600, 'Credit Card', 'System Seed', '2026-04-11T01:55:06.990Z');

INSERT INTO public.order_items (order_id, product_id, name, quantity, unit_price, subtotal)
VALUES ('a6a7076a-8307-4261-a52a-d8cc5c5f3aa1', '3a6a55c0-70f3-4417-a252-db77d9e511c0', 'Latte', 2, 120, 240);

INSERT INTO public.order_items (order_id, product_id, name, quantity, unit_price, subtotal)
VALUES ('a6a7076a-8307-4261-a52a-d8cc5c5f3aa1', '3a6a55c0-70f3-4417-a252-db77d9e511c0', 'Latte', 1, 120, 120);

INSERT INTO public.order_items (order_id, product_id, name, quantity, unit_price, subtotal)
VALUES ('a6a7076a-8307-4261-a52a-d8cc5c5f3aa1', '3a6a55c0-70f3-4417-a252-db77d9e511c0', 'Latte', 2, 120, 240);

INSERT INTO public.orders (id, order_id, status, amount, payment_method, cashier_name, created_at)
VALUES ('e756acd4-53c6-41ca-89cf-a6bccbb349f3', 'ORD-00468', 'Void (Not Made)', 360, 'Maya', 'System Seed', '2026-04-11T01:13:46.990Z');

INSERT INTO public.order_items (order_id, product_id, name, quantity, unit_price, subtotal)
VALUES ('e756acd4-53c6-41ca-89cf-a6bccbb349f3', '48233f0a-6e57-4a45-b033-627d13f1be78', 'Cappuccino', 1, 120, 120);

INSERT INTO public.order_items (order_id, product_id, name, quantity, unit_price, subtotal)
VALUES ('e756acd4-53c6-41ca-89cf-a6bccbb349f3', '83a6812d-2665-4ce5-871a-78a4eab3ce80', 'Americano', 1, 100, 100);

INSERT INTO public.order_items (order_id, product_id, name, quantity, unit_price, subtotal)
VALUES ('e756acd4-53c6-41ca-89cf-a6bccbb349f3', '1b5c6269-ce45-4413-acb8-21813cd7f9cf', 'Mocha', 1, 140, 140);

INSERT INTO public.orders (id, order_id, status, amount, payment_method, cashier_name, created_at)
VALUES ('6520d48c-3945-451d-a93f-16369d060a80', 'ORD-00469', 'Completed', 330, 'GCash', 'System Seed', '2026-04-11T01:47:27.990Z');

INSERT INTO public.order_items (order_id, product_id, name, quantity, unit_price, subtotal)
VALUES ('6520d48c-3945-451d-a93f-16369d060a80', 'dfe22f11-84a3-41d2-a268-149f012eae60', 'Sparkling Lemonade', 3, 110, 330);

INSERT INTO public.orders (id, order_id, status, amount, payment_method, cashier_name, created_at)
VALUES ('dd80b076-a2b7-4a5d-9feb-c72261555e04', 'ORD-00470', 'Completed', 930, 'Maya', 'System Seed', '2026-04-11T03:01:43.990Z');

INSERT INTO public.order_items (order_id, product_id, name, quantity, unit_price, subtotal)
VALUES ('dd80b076-a2b7-4a5d-9feb-c72261555e04', '36c93748-7c86-4ddb-ba49-1bd1a164bf42', 'Blueberry Muffin', 2, 95, 190);

INSERT INTO public.order_items (order_id, product_id, name, quantity, unit_price, subtotal)
VALUES ('dd80b076-a2b7-4a5d-9feb-c72261555e04', '3a6a55c0-70f3-4417-a252-db77d9e511c0', 'Latte', 1, 120, 120);

INSERT INTO public.order_items (order_id, product_id, name, quantity, unit_price, subtotal)
VALUES ('dd80b076-a2b7-4a5d-9feb-c72261555e04', '83a6812d-2665-4ce5-871a-78a4eab3ce80', 'Americano', 2, 100, 200);

INSERT INTO public.order_items (order_id, product_id, name, quantity, unit_price, subtotal)
VALUES ('dd80b076-a2b7-4a5d-9feb-c72261555e04', '1b5c6269-ce45-4413-acb8-21813cd7f9cf', 'Mocha', 3, 140, 420);

INSERT INTO public.orders (id, order_id, status, amount, payment_method, cashier_name, created_at)
VALUES ('bd03b829-03ae-4c3b-8659-56782a776bb7', 'ORD-00471', 'Completed', 630, 'Credit Card', 'System Seed', '2026-04-11T04:56:50.990Z');

INSERT INTO public.order_items (order_id, product_id, name, quantity, unit_price, subtotal)
VALUES ('bd03b829-03ae-4c3b-8659-56782a776bb7', '48233f0a-6e57-4a45-b033-627d13f1be78', 'Cappuccino', 1, 120, 120);

INSERT INTO public.order_items (order_id, product_id, name, quantity, unit_price, subtotal)
VALUES ('bd03b829-03ae-4c3b-8659-56782a776bb7', 'fe6b02e6-9366-4abd-874c-fcb832e0e282', 'Green Tea', 3, 90, 270);

INSERT INTO public.order_items (order_id, product_id, name, quantity, unit_price, subtotal)
VALUES ('bd03b829-03ae-4c3b-8659-56782a776bb7', '48233f0a-6e57-4a45-b033-627d13f1be78', 'Cappuccino', 2, 120, 240);

INSERT INTO public.orders (id, order_id, status, amount, payment_method, cashier_name, created_at)
VALUES ('42228b57-8023-4cb0-8594-a7a7f9cba0c3', 'ORD-00472', 'Completed', 700, 'GCash', 'System Seed', '2026-04-10T23:11:29.990Z');

INSERT INTO public.order_items (order_id, product_id, name, quantity, unit_price, subtotal)
VALUES ('42228b57-8023-4cb0-8594-a7a7f9cba0c3', '1b5c6269-ce45-4413-acb8-21813cd7f9cf', 'Mocha', 2, 140, 280);

INSERT INTO public.order_items (order_id, product_id, name, quantity, unit_price, subtotal)
VALUES ('42228b57-8023-4cb0-8594-a7a7f9cba0c3', '48233f0a-6e57-4a45-b033-627d13f1be78', 'Cappuccino', 2, 120, 240);

INSERT INTO public.order_items (order_id, product_id, name, quantity, unit_price, subtotal)
VALUES ('42228b57-8023-4cb0-8594-a7a7f9cba0c3', 'fe6b02e6-9366-4abd-874c-fcb832e0e282', 'Green Tea', 2, 90, 180);

INSERT INTO public.orders (id, order_id, status, amount, payment_method, cashier_name, created_at)
VALUES ('1ac03e3e-7f82-4505-a833-96a59b1ecd2e', 'ORD-00473', 'Completed', 740, 'Cash', 'System Seed', '2026-04-11T12:50:54.990Z');

INSERT INTO public.order_items (order_id, product_id, name, quantity, unit_price, subtotal)
VALUES ('1ac03e3e-7f82-4505-a833-96a59b1ecd2e', 'dfe22f11-84a3-41d2-a268-149f012eae60', 'Sparkling Lemonade', 2, 110, 220);

INSERT INTO public.order_items (order_id, product_id, name, quantity, unit_price, subtotal)
VALUES ('1ac03e3e-7f82-4505-a833-96a59b1ecd2e', 'fe6b02e6-9366-4abd-874c-fcb832e0e282', 'Green Tea', 1, 90, 90);

INSERT INTO public.order_items (order_id, product_id, name, quantity, unit_price, subtotal)
VALUES ('1ac03e3e-7f82-4505-a833-96a59b1ecd2e', '65f0b94f-ccbe-4b50-a175-66810ae10f44', 'Croissant', 2, 80, 160);

INSERT INTO public.order_items (order_id, product_id, name, quantity, unit_price, subtotal)
VALUES ('1ac03e3e-7f82-4505-a833-96a59b1ecd2e', 'fe6b02e6-9366-4abd-874c-fcb832e0e282', 'Green Tea', 3, 90, 270);

INSERT INTO public.orders (id, order_id, status, amount, payment_method, cashier_name, created_at)
VALUES ('97a9148f-8909-4bcf-b54e-71bd473fad03', 'ORD-00474', 'Void (Consumed)', 390, 'Maya', 'System Seed', '2026-04-11T06:46:09.990Z');

INSERT INTO public.order_items (order_id, product_id, name, quantity, unit_price, subtotal)
VALUES ('97a9148f-8909-4bcf-b54e-71bd473fad03', '36c93748-7c86-4ddb-ba49-1bd1a164bf42', 'Blueberry Muffin', 2, 95, 190);

INSERT INTO public.order_items (order_id, product_id, name, quantity, unit_price, subtotal)
VALUES ('97a9148f-8909-4bcf-b54e-71bd473fad03', '83a6812d-2665-4ce5-871a-78a4eab3ce80', 'Americano', 2, 100, 200);

INSERT INTO public.orders (id, order_id, status, amount, payment_method, cashier_name, created_at)
VALUES ('647eeda4-be27-4bed-b1f9-e69c030a6b15', 'ORD-00475', 'Completed', 550, 'GCash', 'System Seed', '2026-04-11T00:26:57.990Z');

INSERT INTO public.order_items (order_id, product_id, name, quantity, unit_price, subtotal)
VALUES ('647eeda4-be27-4bed-b1f9-e69c030a6b15', 'dfe22f11-84a3-41d2-a268-149f012eae60', 'Sparkling Lemonade', 2, 110, 220);

INSERT INTO public.order_items (order_id, product_id, name, quantity, unit_price, subtotal)
VALUES ('647eeda4-be27-4bed-b1f9-e69c030a6b15', 'dfe22f11-84a3-41d2-a268-149f012eae60', 'Sparkling Lemonade', 3, 110, 330);

INSERT INTO public.orders (id, order_id, status, amount, payment_method, cashier_name, created_at)
VALUES ('034f2a96-e534-4891-886e-f2f700725e62', 'ORD-00476', 'Completed', 480, 'Maya', 'System Seed', '2026-04-11T05:13:19.990Z');

INSERT INTO public.order_items (order_id, product_id, name, quantity, unit_price, subtotal)
VALUES ('034f2a96-e534-4891-886e-f2f700725e62', '65f0b94f-ccbe-4b50-a175-66810ae10f44', 'Croissant', 3, 80, 240);

INSERT INTO public.order_items (order_id, product_id, name, quantity, unit_price, subtotal)
VALUES ('034f2a96-e534-4891-886e-f2f700725e62', '65f0b94f-ccbe-4b50-a175-66810ae10f44', 'Croissant', 3, 80, 240);

INSERT INTO public.orders (id, order_id, status, amount, payment_method, cashier_name, created_at)
VALUES ('3ced46f3-d002-4272-b28b-a4f1fd4345fa', 'ORD-00477', 'Completed', 420, 'GCash', 'System Seed', '2026-04-11T07:38:08.990Z');

INSERT INTO public.order_items (order_id, product_id, name, quantity, unit_price, subtotal)
VALUES ('3ced46f3-d002-4272-b28b-a4f1fd4345fa', '1b5c6269-ce45-4413-acb8-21813cd7f9cf', 'Mocha', 3, 140, 420);

INSERT INTO public.orders (id, order_id, status, amount, payment_method, cashier_name, created_at)
VALUES ('9f29cd88-8a47-41e4-b824-a079bcf3e34b', 'ORD-00478', 'Completed', 420, 'Credit Card', 'System Seed', '2026-04-11T07:15:44.990Z');

INSERT INTO public.order_items (order_id, product_id, name, quantity, unit_price, subtotal)
VALUES ('9f29cd88-8a47-41e4-b824-a079bcf3e34b', '3a6a55c0-70f3-4417-a252-db77d9e511c0', 'Latte', 2, 120, 240);

INSERT INTO public.order_items (order_id, product_id, name, quantity, unit_price, subtotal)
VALUES ('9f29cd88-8a47-41e4-b824-a079bcf3e34b', 'fe6b02e6-9366-4abd-874c-fcb832e0e282', 'Green Tea', 2, 90, 180);

INSERT INTO public.orders (id, order_id, status, amount, payment_method, cashier_name, created_at)
VALUES ('c2a70e8f-ab86-40fc-86d3-e5676b6352d2', 'ORD-00479', 'Void (Not Made)', 420, 'Cash', 'System Seed', '2026-04-11T11:22:56.990Z');

INSERT INTO public.order_items (order_id, product_id, name, quantity, unit_price, subtotal)
VALUES ('c2a70e8f-ab86-40fc-86d3-e5676b6352d2', '83a6812d-2665-4ce5-871a-78a4eab3ce80', 'Americano', 2, 100, 200);

INSERT INTO public.order_items (order_id, product_id, name, quantity, unit_price, subtotal)
VALUES ('c2a70e8f-ab86-40fc-86d3-e5676b6352d2', 'dfe22f11-84a3-41d2-a268-149f012eae60', 'Sparkling Lemonade', 2, 110, 220);

INSERT INTO public.orders (id, order_id, status, amount, payment_method, cashier_name, created_at)
VALUES ('8da55a52-3332-43be-a5a2-83ace281fb32', 'ORD-00480', 'Completed', 900, 'GCash', 'System Seed', '2026-04-11T04:08:00.990Z');

INSERT INTO public.order_items (order_id, product_id, name, quantity, unit_price, subtotal)
VALUES ('8da55a52-3332-43be-a5a2-83ace281fb32', '1b5c6269-ce45-4413-acb8-21813cd7f9cf', 'Mocha', 3, 140, 420);

INSERT INTO public.order_items (order_id, product_id, name, quantity, unit_price, subtotal)
VALUES ('8da55a52-3332-43be-a5a2-83ace281fb32', '48233f0a-6e57-4a45-b033-627d13f1be78', 'Cappuccino', 3, 120, 360);

INSERT INTO public.order_items (order_id, product_id, name, quantity, unit_price, subtotal)
VALUES ('8da55a52-3332-43be-a5a2-83ace281fb32', '48233f0a-6e57-4a45-b033-627d13f1be78', 'Cappuccino', 1, 120, 120);

INSERT INTO public.orders (id, order_id, status, amount, payment_method, cashier_name, created_at)
VALUES ('f80851c2-cd6f-49b5-962a-da3c6fdd254b', 'ORD-00481', 'Completed', 120, 'Credit Card', 'System Seed', '2026-04-11T01:13:26.990Z');

INSERT INTO public.order_items (order_id, product_id, name, quantity, unit_price, subtotal)
VALUES ('f80851c2-cd6f-49b5-962a-da3c6fdd254b', '3a6a55c0-70f3-4417-a252-db77d9e511c0', 'Latte', 1, 120, 120);

INSERT INTO public.orders (id, order_id, status, amount, payment_method, cashier_name, created_at)
VALUES ('7ee9b208-2b29-4e2e-990f-b7c194602941', 'ORD-00482', 'Completed', 725, 'Cash', 'System Seed', '2026-04-11T12:55:27.990Z');

INSERT INTO public.order_items (order_id, product_id, name, quantity, unit_price, subtotal)
VALUES ('7ee9b208-2b29-4e2e-990f-b7c194602941', 'fe6b02e6-9366-4abd-874c-fcb832e0e282', 'Green Tea', 3, 90, 270);

INSERT INTO public.order_items (order_id, product_id, name, quantity, unit_price, subtotal)
VALUES ('7ee9b208-2b29-4e2e-990f-b7c194602941', '36c93748-7c86-4ddb-ba49-1bd1a164bf42', 'Blueberry Muffin', 1, 95, 95);

INSERT INTO public.order_items (order_id, product_id, name, quantity, unit_price, subtotal)
VALUES ('7ee9b208-2b29-4e2e-990f-b7c194602941', '48233f0a-6e57-4a45-b033-627d13f1be78', 'Cappuccino', 3, 120, 360);

INSERT INTO public.orders (id, order_id, status, amount, payment_method, cashier_name, created_at)
VALUES ('d2bb560b-e3a2-4cf1-b12f-e55b2b02b40f', 'ORD-00483', 'Void (Consumed)', 550, 'GCash', 'System Seed', '2026-04-11T06:07:58.990Z');

INSERT INTO public.order_items (order_id, product_id, name, quantity, unit_price, subtotal)
VALUES ('d2bb560b-e3a2-4cf1-b12f-e55b2b02b40f', 'dfe22f11-84a3-41d2-a268-149f012eae60', 'Sparkling Lemonade', 2, 110, 220);

INSERT INTO public.order_items (order_id, product_id, name, quantity, unit_price, subtotal)
VALUES ('d2bb560b-e3a2-4cf1-b12f-e55b2b02b40f', 'dfe22f11-84a3-41d2-a268-149f012eae60', 'Sparkling Lemonade', 3, 110, 330);

INSERT INTO public.orders (id, order_id, status, amount, payment_method, cashier_name, created_at)
VALUES ('53fa481d-575a-4a8d-98aa-0fd5013acd28', 'ORD-00484', 'Completed', 880, 'Cash', 'System Seed', '2026-04-11T02:22:08.990Z');

INSERT INTO public.order_items (order_id, product_id, name, quantity, unit_price, subtotal)
VALUES ('53fa481d-575a-4a8d-98aa-0fd5013acd28', '1b5c6269-ce45-4413-acb8-21813cd7f9cf', 'Mocha', 1, 140, 140);

INSERT INTO public.order_items (order_id, product_id, name, quantity, unit_price, subtotal)
VALUES ('53fa481d-575a-4a8d-98aa-0fd5013acd28', '3a6a55c0-70f3-4417-a252-db77d9e511c0', 'Latte', 3, 120, 360);

INSERT INTO public.order_items (order_id, product_id, name, quantity, unit_price, subtotal)
VALUES ('53fa481d-575a-4a8d-98aa-0fd5013acd28', '83a6812d-2665-4ce5-871a-78a4eab3ce80', 'Americano', 2, 100, 200);

INSERT INTO public.order_items (order_id, product_id, name, quantity, unit_price, subtotal)
VALUES ('53fa481d-575a-4a8d-98aa-0fd5013acd28', 'fe6b02e6-9366-4abd-874c-fcb832e0e282', 'Green Tea', 2, 90, 180);

INSERT INTO public.orders (id, order_id, status, amount, payment_method, cashier_name, created_at)
VALUES ('5fb7c54f-c7d5-45ea-903c-d28b3132818e', 'ORD-00485', 'Completed', 770, 'GCash', 'System Seed', '2026-04-11T10:07:19.990Z');

INSERT INTO public.order_items (order_id, product_id, name, quantity, unit_price, subtotal)
VALUES ('5fb7c54f-c7d5-45ea-903c-d28b3132818e', '83a6812d-2665-4ce5-871a-78a4eab3ce80', 'Americano', 2, 100, 200);

INSERT INTO public.order_items (order_id, product_id, name, quantity, unit_price, subtotal)
VALUES ('5fb7c54f-c7d5-45ea-903c-d28b3132818e', 'dfe22f11-84a3-41d2-a268-149f012eae60', 'Sparkling Lemonade', 1, 110, 110);

INSERT INTO public.order_items (order_id, product_id, name, quantity, unit_price, subtotal)
VALUES ('5fb7c54f-c7d5-45ea-903c-d28b3132818e', 'dfe22f11-84a3-41d2-a268-149f012eae60', 'Sparkling Lemonade', 2, 110, 220);

INSERT INTO public.order_items (order_id, product_id, name, quantity, unit_price, subtotal)
VALUES ('5fb7c54f-c7d5-45ea-903c-d28b3132818e', '65f0b94f-ccbe-4b50-a175-66810ae10f44', 'Croissant', 3, 80, 240);

INSERT INTO public.orders (id, order_id, status, amount, payment_method, cashier_name, created_at)
VALUES ('59c6ec5a-0c03-4f49-89c8-f36ff379dcb2', 'ORD-00486', 'Completed', 500, 'Maya', 'System Seed', '2026-04-11T01:50:24.990Z');

INSERT INTO public.order_items (order_id, product_id, name, quantity, unit_price, subtotal)
VALUES ('59c6ec5a-0c03-4f49-89c8-f36ff379dcb2', '65f0b94f-ccbe-4b50-a175-66810ae10f44', 'Croissant', 2, 80, 160);

INSERT INTO public.order_items (order_id, product_id, name, quantity, unit_price, subtotal)
VALUES ('59c6ec5a-0c03-4f49-89c8-f36ff379dcb2', 'dfe22f11-84a3-41d2-a268-149f012eae60', 'Sparkling Lemonade', 2, 110, 220);

INSERT INTO public.order_items (order_id, product_id, name, quantity, unit_price, subtotal)
VALUES ('59c6ec5a-0c03-4f49-89c8-f36ff379dcb2', '3a6a55c0-70f3-4417-a252-db77d9e511c0', 'Latte', 1, 120, 120);

INSERT INTO public.orders (id, order_id, status, amount, payment_method, cashier_name, created_at)
VALUES ('4b3520c4-a4d1-4f68-8814-175f218050d8', 'ORD-00487', 'Completed', 640, 'GCash', 'System Seed', '2026-04-12T00:05:27.990Z');

INSERT INTO public.order_items (order_id, product_id, name, quantity, unit_price, subtotal)
VALUES ('4b3520c4-a4d1-4f68-8814-175f218050d8', 'fe6b02e6-9366-4abd-874c-fcb832e0e282', 'Green Tea', 2, 90, 180);

INSERT INTO public.order_items (order_id, product_id, name, quantity, unit_price, subtotal)
VALUES ('4b3520c4-a4d1-4f68-8814-175f218050d8', '1b5c6269-ce45-4413-acb8-21813cd7f9cf', 'Mocha', 2, 140, 280);

INSERT INTO public.order_items (order_id, product_id, name, quantity, unit_price, subtotal)
VALUES ('4b3520c4-a4d1-4f68-8814-175f218050d8', 'fe6b02e6-9366-4abd-874c-fcb832e0e282', 'Green Tea', 2, 90, 180);

INSERT INTO public.orders (id, order_id, status, amount, payment_method, cashier_name, created_at)
VALUES ('e924b10b-407a-43bd-be2b-752e1b9b5ea6', 'ORD-00488', 'Completed', 960, 'GCash', 'System Seed', '2026-04-12T05:35:23.990Z');

INSERT INTO public.order_items (order_id, product_id, name, quantity, unit_price, subtotal)
VALUES ('e924b10b-407a-43bd-be2b-752e1b9b5ea6', '65f0b94f-ccbe-4b50-a175-66810ae10f44', 'Croissant', 1, 80, 80);

INSERT INTO public.order_items (order_id, product_id, name, quantity, unit_price, subtotal)
VALUES ('e924b10b-407a-43bd-be2b-752e1b9b5ea6', '65f0b94f-ccbe-4b50-a175-66810ae10f44', 'Croissant', 2, 80, 160);

INSERT INTO public.order_items (order_id, product_id, name, quantity, unit_price, subtotal)
VALUES ('e924b10b-407a-43bd-be2b-752e1b9b5ea6', '83a6812d-2665-4ce5-871a-78a4eab3ce80', 'Americano', 3, 100, 300);

INSERT INTO public.order_items (order_id, product_id, name, quantity, unit_price, subtotal)
VALUES ('e924b10b-407a-43bd-be2b-752e1b9b5ea6', '1b5c6269-ce45-4413-acb8-21813cd7f9cf', 'Mocha', 3, 140, 420);

INSERT INTO public.orders (id, order_id, status, amount, payment_method, cashier_name, created_at)
VALUES ('f40363ff-0b0d-41e3-be6c-dfd7ad44a565', 'ORD-00489', 'Void (Consumed)', 740, 'Cash', 'System Seed', '2026-04-12T07:13:21.990Z');

INSERT INTO public.order_items (order_id, product_id, name, quantity, unit_price, subtotal)
VALUES ('f40363ff-0b0d-41e3-be6c-dfd7ad44a565', '83a6812d-2665-4ce5-871a-78a4eab3ce80', 'Americano', 1, 100, 100);

INSERT INTO public.order_items (order_id, product_id, name, quantity, unit_price, subtotal)
VALUES ('f40363ff-0b0d-41e3-be6c-dfd7ad44a565', '83a6812d-2665-4ce5-871a-78a4eab3ce80', 'Americano', 3, 100, 300);

INSERT INTO public.order_items (order_id, product_id, name, quantity, unit_price, subtotal)
VALUES ('f40363ff-0b0d-41e3-be6c-dfd7ad44a565', '48233f0a-6e57-4a45-b033-627d13f1be78', 'Cappuccino', 1, 120, 120);

INSERT INTO public.order_items (order_id, product_id, name, quantity, unit_price, subtotal)
VALUES ('f40363ff-0b0d-41e3-be6c-dfd7ad44a565', 'dfe22f11-84a3-41d2-a268-149f012eae60', 'Sparkling Lemonade', 2, 110, 220);

INSERT INTO public.orders (id, order_id, status, amount, payment_method, cashier_name, created_at)
VALUES ('4062feaa-e02b-47da-adda-9f007ce447db', 'ORD-00490', 'Completed', 890, 'GCash', 'System Seed', '2026-04-12T09:55:50.990Z');

INSERT INTO public.order_items (order_id, product_id, name, quantity, unit_price, subtotal)
VALUES ('4062feaa-e02b-47da-adda-9f007ce447db', '1b5c6269-ce45-4413-acb8-21813cd7f9cf', 'Mocha', 1, 140, 140);

INSERT INTO public.order_items (order_id, product_id, name, quantity, unit_price, subtotal)
VALUES ('4062feaa-e02b-47da-adda-9f007ce447db', '83a6812d-2665-4ce5-871a-78a4eab3ce80', 'Americano', 3, 100, 300);

INSERT INTO public.order_items (order_id, product_id, name, quantity, unit_price, subtotal)
VALUES ('4062feaa-e02b-47da-adda-9f007ce447db', '48233f0a-6e57-4a45-b033-627d13f1be78', 'Cappuccino', 3, 120, 360);

INSERT INTO public.order_items (order_id, product_id, name, quantity, unit_price, subtotal)
VALUES ('4062feaa-e02b-47da-adda-9f007ce447db', 'fe6b02e6-9366-4abd-874c-fcb832e0e282', 'Green Tea', 1, 90, 90);

INSERT INTO public.orders (id, order_id, status, amount, payment_method, cashier_name, created_at)
VALUES ('fe0d6b3d-844e-4b22-ba16-8d21515a4a05', 'ORD-00491', 'Void (Not Made)', 360, 'Maya', 'System Seed', '2026-04-12T11:02:31.990Z');

INSERT INTO public.order_items (order_id, product_id, name, quantity, unit_price, subtotal)
VALUES ('fe0d6b3d-844e-4b22-ba16-8d21515a4a05', '3a6a55c0-70f3-4417-a252-db77d9e511c0', 'Latte', 3, 120, 360);

INSERT INTO public.orders (id, order_id, status, amount, payment_method, cashier_name, created_at)
VALUES ('21eef512-0b22-4925-bf9b-5553c63df9a8', 'ORD-00492', 'Completed', 430, 'Credit Card', 'System Seed', '2026-04-12T07:58:46.990Z');

INSERT INTO public.order_items (order_id, product_id, name, quantity, unit_price, subtotal)
VALUES ('21eef512-0b22-4925-bf9b-5553c63df9a8', '3a6a55c0-70f3-4417-a252-db77d9e511c0', 'Latte', 2, 120, 240);

INSERT INTO public.order_items (order_id, product_id, name, quantity, unit_price, subtotal)
VALUES ('21eef512-0b22-4925-bf9b-5553c63df9a8', '83a6812d-2665-4ce5-871a-78a4eab3ce80', 'Americano', 1, 100, 100);

INSERT INTO public.order_items (order_id, product_id, name, quantity, unit_price, subtotal)
VALUES ('21eef512-0b22-4925-bf9b-5553c63df9a8', 'fe6b02e6-9366-4abd-874c-fcb832e0e282', 'Green Tea', 1, 90, 90);

INSERT INTO public.orders (id, order_id, status, amount, payment_method, cashier_name, created_at)
VALUES ('09ef7b05-efb0-4c92-8a52-696979c3d7b7', 'ORD-00493', 'Completed', 1165, 'Maya', 'System Seed', '2026-04-12T12:24:49.990Z');

INSERT INTO public.order_items (order_id, product_id, name, quantity, unit_price, subtotal)
VALUES ('09ef7b05-efb0-4c92-8a52-696979c3d7b7', '36c93748-7c86-4ddb-ba49-1bd1a164bf42', 'Blueberry Muffin', 2, 95, 190);

INSERT INTO public.order_items (order_id, product_id, name, quantity, unit_price, subtotal)
VALUES ('09ef7b05-efb0-4c92-8a52-696979c3d7b7', '36c93748-7c86-4ddb-ba49-1bd1a164bf42', 'Blueberry Muffin', 3, 95, 285);

INSERT INTO public.order_items (order_id, product_id, name, quantity, unit_price, subtotal)
VALUES ('09ef7b05-efb0-4c92-8a52-696979c3d7b7', 'dfe22f11-84a3-41d2-a268-149f012eae60', 'Sparkling Lemonade', 3, 110, 330);

INSERT INTO public.order_items (order_id, product_id, name, quantity, unit_price, subtotal)
VALUES ('09ef7b05-efb0-4c92-8a52-696979c3d7b7', '48233f0a-6e57-4a45-b033-627d13f1be78', 'Cappuccino', 3, 120, 360);

INSERT INTO public.orders (id, order_id, status, amount, payment_method, cashier_name, created_at)
VALUES ('233dd1dc-07d8-4a56-af84-7bd5f1609ff6', 'ORD-00494', 'Void (Consumed)', 350, 'Credit Card', 'System Seed', '2026-04-12T02:18:22.990Z');

INSERT INTO public.order_items (order_id, product_id, name, quantity, unit_price, subtotal)
VALUES ('233dd1dc-07d8-4a56-af84-7bd5f1609ff6', 'dfe22f11-84a3-41d2-a268-149f012eae60', 'Sparkling Lemonade', 1, 110, 110);

INSERT INTO public.order_items (order_id, product_id, name, quantity, unit_price, subtotal)
VALUES ('233dd1dc-07d8-4a56-af84-7bd5f1609ff6', '48233f0a-6e57-4a45-b033-627d13f1be78', 'Cappuccino', 2, 120, 240);

INSERT INTO public.orders (id, order_id, status, amount, payment_method, cashier_name, created_at)
VALUES ('de5066a6-0407-46fb-a0f4-5d66f435147f', 'ORD-00495', 'Completed', 780, 'Cash', 'System Seed', '2026-04-12T02:34:45.990Z');

INSERT INTO public.order_items (order_id, product_id, name, quantity, unit_price, subtotal)
VALUES ('de5066a6-0407-46fb-a0f4-5d66f435147f', 'fe6b02e6-9366-4abd-874c-fcb832e0e282', 'Green Tea', 1, 90, 90);

INSERT INTO public.order_items (order_id, product_id, name, quantity, unit_price, subtotal)
VALUES ('de5066a6-0407-46fb-a0f4-5d66f435147f', '48233f0a-6e57-4a45-b033-627d13f1be78', 'Cappuccino', 3, 120, 360);

INSERT INTO public.order_items (order_id, product_id, name, quantity, unit_price, subtotal)
VALUES ('de5066a6-0407-46fb-a0f4-5d66f435147f', 'dfe22f11-84a3-41d2-a268-149f012eae60', 'Sparkling Lemonade', 3, 110, 330);

INSERT INTO public.orders (id, order_id, status, amount, payment_method, cashier_name, created_at)
VALUES ('ba450265-bda4-4b6d-aa5e-8439c13a0c77', 'ORD-00496', 'Void (Not Made)', 630, 'Credit Card', 'System Seed', '2026-04-12T07:15:45.990Z');

INSERT INTO public.order_items (order_id, product_id, name, quantity, unit_price, subtotal)
VALUES ('ba450265-bda4-4b6d-aa5e-8439c13a0c77', '1b5c6269-ce45-4413-acb8-21813cd7f9cf', 'Mocha', 1, 140, 140);

INSERT INTO public.order_items (order_id, product_id, name, quantity, unit_price, subtotal)
VALUES ('ba450265-bda4-4b6d-aa5e-8439c13a0c77', 'dfe22f11-84a3-41d2-a268-149f012eae60', 'Sparkling Lemonade', 3, 110, 330);

INSERT INTO public.order_items (order_id, product_id, name, quantity, unit_price, subtotal)
VALUES ('ba450265-bda4-4b6d-aa5e-8439c13a0c77', '65f0b94f-ccbe-4b50-a175-66810ae10f44', 'Croissant', 2, 80, 160);

INSERT INTO public.orders (id, order_id, status, amount, payment_method, cashier_name, created_at)
VALUES ('e3126d3f-14d2-4841-a293-667822c203c0', 'ORD-00497', 'Completed', 720, 'GCash', 'System Seed', '2026-04-12T08:54:04.990Z');

INSERT INTO public.order_items (order_id, product_id, name, quantity, unit_price, subtotal)
VALUES ('e3126d3f-14d2-4841-a293-667822c203c0', 'dfe22f11-84a3-41d2-a268-149f012eae60', 'Sparkling Lemonade', 1, 110, 110);

INSERT INTO public.order_items (order_id, product_id, name, quantity, unit_price, subtotal)
VALUES ('e3126d3f-14d2-4841-a293-667822c203c0', '48233f0a-6e57-4a45-b033-627d13f1be78', 'Cappuccino', 3, 120, 360);

INSERT INTO public.order_items (order_id, product_id, name, quantity, unit_price, subtotal)
VALUES ('e3126d3f-14d2-4841-a293-667822c203c0', 'fe6b02e6-9366-4abd-874c-fcb832e0e282', 'Green Tea', 1, 90, 90);

INSERT INTO public.order_items (order_id, product_id, name, quantity, unit_price, subtotal)
VALUES ('e3126d3f-14d2-4841-a293-667822c203c0', '65f0b94f-ccbe-4b50-a175-66810ae10f44', 'Croissant', 2, 80, 160);

INSERT INTO public.orders (id, order_id, status, amount, payment_method, cashier_name, created_at)
VALUES ('b601fab7-ccb0-4fd4-a6c5-a45f1c92b24e', 'ORD-00498', 'Completed', 300, 'Cash', 'System Seed', '2026-04-12T01:06:30.990Z');

INSERT INTO public.order_items (order_id, product_id, name, quantity, unit_price, subtotal)
VALUES ('b601fab7-ccb0-4fd4-a6c5-a45f1c92b24e', '83a6812d-2665-4ce5-871a-78a4eab3ce80', 'Americano', 3, 100, 300);

INSERT INTO public.orders (id, order_id, status, amount, payment_method, cashier_name, created_at)
VALUES ('762b692f-332f-4571-b17b-f27bf3ac5ce0', 'ORD-00499', 'Completed', 420, 'Credit Card', 'System Seed', '2026-04-12T03:41:03.990Z');

INSERT INTO public.order_items (order_id, product_id, name, quantity, unit_price, subtotal)
VALUES ('762b692f-332f-4571-b17b-f27bf3ac5ce0', '3a6a55c0-70f3-4417-a252-db77d9e511c0', 'Latte', 2, 120, 240);

INSERT INTO public.order_items (order_id, product_id, name, quantity, unit_price, subtotal)
VALUES ('762b692f-332f-4571-b17b-f27bf3ac5ce0', 'fe6b02e6-9366-4abd-874c-fcb832e0e282', 'Green Tea', 2, 90, 180);

INSERT INTO public.orders (id, order_id, status, amount, payment_method, cashier_name, created_at)
VALUES ('20a347c1-f587-4a9d-9c90-9ef6a1b2f2b0', 'ORD-00500', 'Completed', 1005, 'Maya', 'System Seed', '2026-04-12T04:59:24.990Z');

INSERT INTO public.order_items (order_id, product_id, name, quantity, unit_price, subtotal)
VALUES ('20a347c1-f587-4a9d-9c90-9ef6a1b2f2b0', '36c93748-7c86-4ddb-ba49-1bd1a164bf42', 'Blueberry Muffin', 3, 95, 285);

INSERT INTO public.order_items (order_id, product_id, name, quantity, unit_price, subtotal)
VALUES ('20a347c1-f587-4a9d-9c90-9ef6a1b2f2b0', '1b5c6269-ce45-4413-acb8-21813cd7f9cf', 'Mocha', 2, 140, 280);

INSERT INTO public.order_items (order_id, product_id, name, quantity, unit_price, subtotal)
VALUES ('20a347c1-f587-4a9d-9c90-9ef6a1b2f2b0', '65f0b94f-ccbe-4b50-a175-66810ae10f44', 'Croissant', 1, 80, 80);

INSERT INTO public.order_items (order_id, product_id, name, quantity, unit_price, subtotal)
VALUES ('20a347c1-f587-4a9d-9c90-9ef6a1b2f2b0', '48233f0a-6e57-4a45-b033-627d13f1be78', 'Cappuccino', 3, 120, 360);

INSERT INTO public.orders (id, order_id, status, amount, payment_method, cashier_name, created_at)
VALUES ('7f25db50-d95b-45e3-9cd7-fc8cce42c8dc', 'ORD-00501', 'Completed', 325, 'Credit Card', 'System Seed', '2026-04-12T08:10:24.990Z');

INSERT INTO public.order_items (order_id, product_id, name, quantity, unit_price, subtotal)
VALUES ('7f25db50-d95b-45e3-9cd7-fc8cce42c8dc', '3a6a55c0-70f3-4417-a252-db77d9e511c0', 'Latte', 1, 120, 120);

INSERT INTO public.order_items (order_id, product_id, name, quantity, unit_price, subtotal)
VALUES ('7f25db50-d95b-45e3-9cd7-fc8cce42c8dc', 'dfe22f11-84a3-41d2-a268-149f012eae60', 'Sparkling Lemonade', 1, 110, 110);

INSERT INTO public.order_items (order_id, product_id, name, quantity, unit_price, subtotal)
VALUES ('7f25db50-d95b-45e3-9cd7-fc8cce42c8dc', '36c93748-7c86-4ddb-ba49-1bd1a164bf42', 'Blueberry Muffin', 1, 95, 95);

INSERT INTO public.orders (id, order_id, status, amount, payment_method, cashier_name, created_at)
VALUES ('fe126c33-5aa1-4df0-a216-77d6d7d7c1d4', 'ORD-00502', 'Void (Consumed)', 525, 'Credit Card', 'System Seed', '2026-04-12T06:33:14.990Z');

INSERT INTO public.order_items (order_id, product_id, name, quantity, unit_price, subtotal)
VALUES ('fe126c33-5aa1-4df0-a216-77d6d7d7c1d4', '36c93748-7c86-4ddb-ba49-1bd1a164bf42', 'Blueberry Muffin', 3, 95, 285);

INSERT INTO public.order_items (order_id, product_id, name, quantity, unit_price, subtotal)
VALUES ('fe126c33-5aa1-4df0-a216-77d6d7d7c1d4', '3a6a55c0-70f3-4417-a252-db77d9e511c0', 'Latte', 2, 120, 240);

INSERT INTO public.orders (id, order_id, status, amount, payment_method, cashier_name, created_at)
VALUES ('5007d2f7-89ce-4232-b782-3297368b364e', 'ORD-00503', 'Void (Not Made)', 480, 'Cash', 'System Seed', '2026-04-12T10:14:22.990Z');

INSERT INTO public.order_items (order_id, product_id, name, quantity, unit_price, subtotal)
VALUES ('5007d2f7-89ce-4232-b782-3297368b364e', '48233f0a-6e57-4a45-b033-627d13f1be78', 'Cappuccino', 3, 120, 360);

INSERT INTO public.order_items (order_id, product_id, name, quantity, unit_price, subtotal)
VALUES ('5007d2f7-89ce-4232-b782-3297368b364e', '3a6a55c0-70f3-4417-a252-db77d9e511c0', 'Latte', 1, 120, 120);

INSERT INTO public.orders (id, order_id, status, amount, payment_method, cashier_name, created_at)
VALUES ('9dfe6d67-dc5c-487b-b683-1282c6a0d755', 'ORD-00504', 'Completed', 180, 'Cash', 'System Seed', '2026-04-12T08:07:11.990Z');

INSERT INTO public.order_items (order_id, product_id, name, quantity, unit_price, subtotal)
VALUES ('9dfe6d67-dc5c-487b-b683-1282c6a0d755', '65f0b94f-ccbe-4b50-a175-66810ae10f44', 'Croissant', 1, 80, 80);

INSERT INTO public.order_items (order_id, product_id, name, quantity, unit_price, subtotal)
VALUES ('9dfe6d67-dc5c-487b-b683-1282c6a0d755', '83a6812d-2665-4ce5-871a-78a4eab3ce80', 'Americano', 1, 100, 100);

INSERT INTO public.orders (id, order_id, status, amount, payment_method, cashier_name, created_at)
VALUES ('fb23bc63-7533-4cc1-911c-b675d1e33c1c', 'ORD-00505', 'Completed', 480, 'Maya', 'System Seed', '2026-04-12T09:43:01.990Z');

INSERT INTO public.order_items (order_id, product_id, name, quantity, unit_price, subtotal)
VALUES ('fb23bc63-7533-4cc1-911c-b675d1e33c1c', '83a6812d-2665-4ce5-871a-78a4eab3ce80', 'Americano', 2, 100, 200);

INSERT INTO public.order_items (order_id, product_id, name, quantity, unit_price, subtotal)
VALUES ('fb23bc63-7533-4cc1-911c-b675d1e33c1c', '1b5c6269-ce45-4413-acb8-21813cd7f9cf', 'Mocha', 2, 140, 280);

INSERT INTO public.orders (id, order_id, status, amount, payment_method, cashier_name, created_at)
VALUES ('d634e41b-57f9-4eaf-8fd8-0a82e6635763', 'ORD-00506', 'Void (Not Made)', 360, 'Cash', 'System Seed', '2026-04-13T03:52:44.990Z');

INSERT INTO public.order_items (order_id, product_id, name, quantity, unit_price, subtotal)
VALUES ('d634e41b-57f9-4eaf-8fd8-0a82e6635763', '48233f0a-6e57-4a45-b033-627d13f1be78', 'Cappuccino', 3, 120, 360);

INSERT INTO public.orders (id, order_id, status, amount, payment_method, cashier_name, created_at)
VALUES ('4911c711-7b6c-44e7-9b2d-9c13a3fc4554', 'ORD-00507', 'Void (Not Made)', 390, 'Credit Card', 'System Seed', '2026-04-13T02:47:26.990Z');

INSERT INTO public.order_items (order_id, product_id, name, quantity, unit_price, subtotal)
VALUES ('4911c711-7b6c-44e7-9b2d-9c13a3fc4554', '1b5c6269-ce45-4413-acb8-21813cd7f9cf', 'Mocha', 2, 140, 280);

INSERT INTO public.order_items (order_id, product_id, name, quantity, unit_price, subtotal)
VALUES ('4911c711-7b6c-44e7-9b2d-9c13a3fc4554', 'dfe22f11-84a3-41d2-a268-149f012eae60', 'Sparkling Lemonade', 1, 110, 110);

INSERT INTO public.orders (id, order_id, status, amount, payment_method, cashier_name, created_at)
VALUES ('00a18e5f-3442-42fd-834f-50656086e925', 'ORD-00508', 'Completed', 95, 'Credit Card', 'System Seed', '2026-04-13T07:29:03.990Z');

INSERT INTO public.order_items (order_id, product_id, name, quantity, unit_price, subtotal)
VALUES ('00a18e5f-3442-42fd-834f-50656086e925', '36c93748-7c86-4ddb-ba49-1bd1a164bf42', 'Blueberry Muffin', 1, 95, 95);

INSERT INTO public.orders (id, order_id, status, amount, payment_method, cashier_name, created_at)
VALUES ('ceb53a51-8ea0-495e-b851-082165645ca1', 'ORD-00509', 'Completed', 270, 'Maya', 'System Seed', '2026-04-13T06:04:21.990Z');

INSERT INTO public.order_items (order_id, product_id, name, quantity, unit_price, subtotal)
VALUES ('ceb53a51-8ea0-495e-b851-082165645ca1', 'fe6b02e6-9366-4abd-874c-fcb832e0e282', 'Green Tea', 2, 90, 180);

INSERT INTO public.order_items (order_id, product_id, name, quantity, unit_price, subtotal)
VALUES ('ceb53a51-8ea0-495e-b851-082165645ca1', 'fe6b02e6-9366-4abd-874c-fcb832e0e282', 'Green Tea', 1, 90, 90);

INSERT INTO public.orders (id, order_id, status, amount, payment_method, cashier_name, created_at)
VALUES ('a26916c5-4919-4f57-a307-b2e85f597e9e', 'ORD-00510', 'Void (Not Made)', 405, 'Credit Card', 'System Seed', '2026-04-13T12:59:27.990Z');

INSERT INTO public.order_items (order_id, product_id, name, quantity, unit_price, subtotal)
VALUES ('a26916c5-4919-4f57-a307-b2e85f597e9e', '3a6a55c0-70f3-4417-a252-db77d9e511c0', 'Latte', 1, 120, 120);

INSERT INTO public.order_items (order_id, product_id, name, quantity, unit_price, subtotal)
VALUES ('a26916c5-4919-4f57-a307-b2e85f597e9e', '36c93748-7c86-4ddb-ba49-1bd1a164bf42', 'Blueberry Muffin', 1, 95, 95);

INSERT INTO public.order_items (order_id, product_id, name, quantity, unit_price, subtotal)
VALUES ('a26916c5-4919-4f57-a307-b2e85f597e9e', '36c93748-7c86-4ddb-ba49-1bd1a164bf42', 'Blueberry Muffin', 2, 95, 190);

INSERT INTO public.orders (id, order_id, status, amount, payment_method, cashier_name, created_at)
VALUES ('14afbf96-9760-4005-ad5a-4111da7a0bea', 'ORD-00511', 'Completed', 620, 'GCash', 'System Seed', '2026-04-13T05:12:03.990Z');

INSERT INTO public.order_items (order_id, product_id, name, quantity, unit_price, subtotal)
VALUES ('14afbf96-9760-4005-ad5a-4111da7a0bea', '3a6a55c0-70f3-4417-a252-db77d9e511c0', 'Latte', 2, 120, 240);

INSERT INTO public.order_items (order_id, product_id, name, quantity, unit_price, subtotal)
VALUES ('14afbf96-9760-4005-ad5a-4111da7a0bea', '1b5c6269-ce45-4413-acb8-21813cd7f9cf', 'Mocha', 2, 140, 280);

INSERT INTO public.order_items (order_id, product_id, name, quantity, unit_price, subtotal)
VALUES ('14afbf96-9760-4005-ad5a-4111da7a0bea', '83a6812d-2665-4ce5-871a-78a4eab3ce80', 'Americano', 1, 100, 100);

INSERT INTO public.orders (id, order_id, status, amount, payment_method, cashier_name, created_at)
VALUES ('05e6fc78-2d3c-4151-9919-ce00ae98e3d5', 'ORD-00512', 'Completed', 285, 'GCash', 'System Seed', '2026-04-13T07:27:16.990Z');

INSERT INTO public.order_items (order_id, product_id, name, quantity, unit_price, subtotal)
VALUES ('05e6fc78-2d3c-4151-9919-ce00ae98e3d5', '36c93748-7c86-4ddb-ba49-1bd1a164bf42', 'Blueberry Muffin', 3, 95, 285);

INSERT INTO public.orders (id, order_id, status, amount, payment_method, cashier_name, created_at)
VALUES ('71633966-c194-4c79-8e81-5147244da3ad', 'ORD-00513', 'Completed', 740, 'Maya', 'System Seed', '2026-04-13T01:32:24.990Z');

INSERT INTO public.order_items (order_id, product_id, name, quantity, unit_price, subtotal)
VALUES ('71633966-c194-4c79-8e81-5147244da3ad', '48233f0a-6e57-4a45-b033-627d13f1be78', 'Cappuccino', 3, 120, 360);

INSERT INTO public.order_items (order_id, product_id, name, quantity, unit_price, subtotal)
VALUES ('71633966-c194-4c79-8e81-5147244da3ad', '36c93748-7c86-4ddb-ba49-1bd1a164bf42', 'Blueberry Muffin', 2, 95, 190);

INSERT INTO public.order_items (order_id, product_id, name, quantity, unit_price, subtotal)
VALUES ('71633966-c194-4c79-8e81-5147244da3ad', 'fe6b02e6-9366-4abd-874c-fcb832e0e282', 'Green Tea', 1, 90, 90);

INSERT INTO public.order_items (order_id, product_id, name, quantity, unit_price, subtotal)
VALUES ('71633966-c194-4c79-8e81-5147244da3ad', '83a6812d-2665-4ce5-871a-78a4eab3ce80', 'Americano', 1, 100, 100);

INSERT INTO public.orders (id, order_id, status, amount, payment_method, cashier_name, created_at)
VALUES ('3acf9479-6dd6-4558-be6b-edc9bc316d5a', 'ORD-00514', 'Completed', 580, 'Credit Card', 'System Seed', '2026-04-13T08:49:38.990Z');

INSERT INTO public.order_items (order_id, product_id, name, quantity, unit_price, subtotal)
VALUES ('3acf9479-6dd6-4558-be6b-edc9bc316d5a', '83a6812d-2665-4ce5-871a-78a4eab3ce80', 'Americano', 2, 100, 200);

INSERT INTO public.order_items (order_id, product_id, name, quantity, unit_price, subtotal)
VALUES ('3acf9479-6dd6-4558-be6b-edc9bc316d5a', '1b5c6269-ce45-4413-acb8-21813cd7f9cf', 'Mocha', 1, 140, 140);

INSERT INTO public.order_items (order_id, product_id, name, quantity, unit_price, subtotal)
VALUES ('3acf9479-6dd6-4558-be6b-edc9bc316d5a', '48233f0a-6e57-4a45-b033-627d13f1be78', 'Cappuccino', 2, 120, 240);

INSERT INTO public.orders (id, order_id, status, amount, payment_method, cashier_name, created_at)
VALUES ('ab49064d-7446-4845-9fd4-a56dfa746ca7', 'ORD-00515', 'Completed', 520, 'GCash', 'System Seed', '2026-04-13T12:09:27.990Z');

INSERT INTO public.order_items (order_id, product_id, name, quantity, unit_price, subtotal)
VALUES ('ab49064d-7446-4845-9fd4-a56dfa746ca7', '3a6a55c0-70f3-4417-a252-db77d9e511c0', 'Latte', 2, 120, 240);

INSERT INTO public.order_items (order_id, product_id, name, quantity, unit_price, subtotal)
VALUES ('ab49064d-7446-4845-9fd4-a56dfa746ca7', '1b5c6269-ce45-4413-acb8-21813cd7f9cf', 'Mocha', 2, 140, 280);

INSERT INTO public.orders (id, order_id, status, amount, payment_method, cashier_name, created_at)
VALUES ('5d4ec3ae-b6c8-46e4-a9c7-d1e4d222ebc7', 'ORD-00516', 'Completed', 1205, 'GCash', 'System Seed', '2026-04-13T11:24:49.990Z');

INSERT INTO public.order_items (order_id, product_id, name, quantity, unit_price, subtotal)
VALUES ('5d4ec3ae-b6c8-46e4-a9c7-d1e4d222ebc7', '83a6812d-2665-4ce5-871a-78a4eab3ce80', 'Americano', 2, 100, 200);

INSERT INTO public.order_items (order_id, product_id, name, quantity, unit_price, subtotal)
VALUES ('5d4ec3ae-b6c8-46e4-a9c7-d1e4d222ebc7', '48233f0a-6e57-4a45-b033-627d13f1be78', 'Cappuccino', 3, 120, 360);

INSERT INTO public.order_items (order_id, product_id, name, quantity, unit_price, subtotal)
VALUES ('5d4ec3ae-b6c8-46e4-a9c7-d1e4d222ebc7', '36c93748-7c86-4ddb-ba49-1bd1a164bf42', 'Blueberry Muffin', 3, 95, 285);

INSERT INTO public.order_items (order_id, product_id, name, quantity, unit_price, subtotal)
VALUES ('5d4ec3ae-b6c8-46e4-a9c7-d1e4d222ebc7', '3a6a55c0-70f3-4417-a252-db77d9e511c0', 'Latte', 3, 120, 360);

INSERT INTO public.orders (id, order_id, status, amount, payment_method, cashier_name, created_at)
VALUES ('1f247019-3933-4ecf-94f7-e13f019f1334', 'ORD-00517', 'Completed', 365, 'GCash', 'System Seed', '2026-04-13T09:05:49.990Z');

INSERT INTO public.order_items (order_id, product_id, name, quantity, unit_price, subtotal)
VALUES ('1f247019-3933-4ecf-94f7-e13f019f1334', 'dfe22f11-84a3-41d2-a268-149f012eae60', 'Sparkling Lemonade', 1, 110, 110);

INSERT INTO public.order_items (order_id, product_id, name, quantity, unit_price, subtotal)
VALUES ('1f247019-3933-4ecf-94f7-e13f019f1334', '65f0b94f-ccbe-4b50-a175-66810ae10f44', 'Croissant', 2, 80, 160);

INSERT INTO public.order_items (order_id, product_id, name, quantity, unit_price, subtotal)
VALUES ('1f247019-3933-4ecf-94f7-e13f019f1334', '36c93748-7c86-4ddb-ba49-1bd1a164bf42', 'Blueberry Muffin', 1, 95, 95);

INSERT INTO public.orders (id, order_id, status, amount, payment_method, cashier_name, created_at)
VALUES ('65f32cfb-71bc-4854-9368-ff4386e0aa9a', 'ORD-00518', 'Completed', 580, 'Maya', 'System Seed', '2026-04-13T11:43:11.990Z');

INSERT INTO public.order_items (order_id, product_id, name, quantity, unit_price, subtotal)
VALUES ('65f32cfb-71bc-4854-9368-ff4386e0aa9a', '48233f0a-6e57-4a45-b033-627d13f1be78', 'Cappuccino', 1, 120, 120);

INSERT INTO public.order_items (order_id, product_id, name, quantity, unit_price, subtotal)
VALUES ('65f32cfb-71bc-4854-9368-ff4386e0aa9a', 'dfe22f11-84a3-41d2-a268-149f012eae60', 'Sparkling Lemonade', 2, 110, 220);

INSERT INTO public.order_items (order_id, product_id, name, quantity, unit_price, subtotal)
VALUES ('65f32cfb-71bc-4854-9368-ff4386e0aa9a', '83a6812d-2665-4ce5-871a-78a4eab3ce80', 'Americano', 1, 100, 100);

INSERT INTO public.order_items (order_id, product_id, name, quantity, unit_price, subtotal)
VALUES ('65f32cfb-71bc-4854-9368-ff4386e0aa9a', '1b5c6269-ce45-4413-acb8-21813cd7f9cf', 'Mocha', 1, 140, 140);

INSERT INTO public.orders (id, order_id, status, amount, payment_method, cashier_name, created_at)
VALUES ('a28824cf-7454-466f-bbaa-e70d84afe31d', 'ORD-00519', 'Completed', 95, 'Maya', 'System Seed', '2026-04-13T02:41:21.990Z');

INSERT INTO public.order_items (order_id, product_id, name, quantity, unit_price, subtotal)
VALUES ('a28824cf-7454-466f-bbaa-e70d84afe31d', '36c93748-7c86-4ddb-ba49-1bd1a164bf42', 'Blueberry Muffin', 1, 95, 95);

INSERT INTO public.orders (id, order_id, status, amount, payment_method, cashier_name, created_at)
VALUES ('ab48e3a6-fd97-405b-81f0-53a0185aed71', 'ORD-00520', 'Completed', 845, 'Cash', 'System Seed', '2026-04-13T02:53:35.990Z');

INSERT INTO public.order_items (order_id, product_id, name, quantity, unit_price, subtotal)
VALUES ('ab48e3a6-fd97-405b-81f0-53a0185aed71', '48233f0a-6e57-4a45-b033-627d13f1be78', 'Cappuccino', 3, 120, 360);

INSERT INTO public.order_items (order_id, product_id, name, quantity, unit_price, subtotal)
VALUES ('ab48e3a6-fd97-405b-81f0-53a0185aed71', '83a6812d-2665-4ce5-871a-78a4eab3ce80', 'Americano', 2, 100, 200);

INSERT INTO public.order_items (order_id, product_id, name, quantity, unit_price, subtotal)
VALUES ('ab48e3a6-fd97-405b-81f0-53a0185aed71', '36c93748-7c86-4ddb-ba49-1bd1a164bf42', 'Blueberry Muffin', 3, 95, 285);

INSERT INTO public.orders (id, order_id, status, amount, payment_method, cashier_name, created_at)
VALUES ('6efd919f-6242-4d69-a63c-2bf277de64ce', 'ORD-00521', 'Completed', 310, 'Maya', 'System Seed', '2026-04-13T09:04:58.990Z');

INSERT INTO public.order_items (order_id, product_id, name, quantity, unit_price, subtotal)
VALUES ('6efd919f-6242-4d69-a63c-2bf277de64ce', '36c93748-7c86-4ddb-ba49-1bd1a164bf42', 'Blueberry Muffin', 2, 95, 190);

INSERT INTO public.order_items (order_id, product_id, name, quantity, unit_price, subtotal)
VALUES ('6efd919f-6242-4d69-a63c-2bf277de64ce', '3a6a55c0-70f3-4417-a252-db77d9e511c0', 'Latte', 1, 120, 120);

INSERT INTO public.orders (id, order_id, status, amount, payment_method, cashier_name, created_at)
VALUES ('351f76c6-408f-4bc7-9d8b-e85c17087b1f', 'ORD-00522', 'Completed', 615, 'Cash', 'System Seed', '2026-04-13T07:32:00.990Z');

INSERT INTO public.order_items (order_id, product_id, name, quantity, unit_price, subtotal)
VALUES ('351f76c6-408f-4bc7-9d8b-e85c17087b1f', '48233f0a-6e57-4a45-b033-627d13f1be78', 'Cappuccino', 2, 120, 240);

INSERT INTO public.order_items (order_id, product_id, name, quantity, unit_price, subtotal)
VALUES ('351f76c6-408f-4bc7-9d8b-e85c17087b1f', '36c93748-7c86-4ddb-ba49-1bd1a164bf42', 'Blueberry Muffin', 1, 95, 95);

INSERT INTO public.order_items (order_id, product_id, name, quantity, unit_price, subtotal)
VALUES ('351f76c6-408f-4bc7-9d8b-e85c17087b1f', '48233f0a-6e57-4a45-b033-627d13f1be78', 'Cappuccino', 1, 120, 120);

INSERT INTO public.order_items (order_id, product_id, name, quantity, unit_price, subtotal)
VALUES ('351f76c6-408f-4bc7-9d8b-e85c17087b1f', '65f0b94f-ccbe-4b50-a175-66810ae10f44', 'Croissant', 2, 80, 160);

INSERT INTO public.orders (id, order_id, status, amount, payment_method, cashier_name, created_at)
VALUES ('fdac03a6-7942-4967-9a0d-48295b0acf4d', 'ORD-00523', 'Completed', 560, 'Maya', 'System Seed', '2026-04-13T06:25:25.990Z');

INSERT INTO public.order_items (order_id, product_id, name, quantity, unit_price, subtotal)
VALUES ('fdac03a6-7942-4967-9a0d-48295b0acf4d', '83a6812d-2665-4ce5-871a-78a4eab3ce80', 'Americano', 1, 100, 100);

INSERT INTO public.order_items (order_id, product_id, name, quantity, unit_price, subtotal)
VALUES ('fdac03a6-7942-4967-9a0d-48295b0acf4d', 'fe6b02e6-9366-4abd-874c-fcb832e0e282', 'Green Tea', 2, 90, 180);

INSERT INTO public.order_items (order_id, product_id, name, quantity, unit_price, subtotal)
VALUES ('fdac03a6-7942-4967-9a0d-48295b0acf4d', '1b5c6269-ce45-4413-acb8-21813cd7f9cf', 'Mocha', 2, 140, 280);

INSERT INTO public.orders (id, order_id, status, amount, payment_method, cashier_name, created_at)
VALUES ('b29fa233-b332-49b9-b436-e4428144761f', 'ORD-00524', 'Void (Not Made)', 870, 'Credit Card', 'System Seed', '2026-04-13T05:17:05.990Z');

INSERT INTO public.order_items (order_id, product_id, name, quantity, unit_price, subtotal)
VALUES ('b29fa233-b332-49b9-b436-e4428144761f', 'dfe22f11-84a3-41d2-a268-149f012eae60', 'Sparkling Lemonade', 3, 110, 330);

INSERT INTO public.order_items (order_id, product_id, name, quantity, unit_price, subtotal)
VALUES ('b29fa233-b332-49b9-b436-e4428144761f', '65f0b94f-ccbe-4b50-a175-66810ae10f44', 'Croissant', 3, 80, 240);

INSERT INTO public.order_items (order_id, product_id, name, quantity, unit_price, subtotal)
VALUES ('b29fa233-b332-49b9-b436-e4428144761f', '83a6812d-2665-4ce5-871a-78a4eab3ce80', 'Americano', 3, 100, 300);

INSERT INTO public.orders (id, order_id, status, amount, payment_method, cashier_name, created_at)
VALUES ('9c57bf66-3895-4b7f-b503-b88788772909', 'ORD-00525', 'Completed', 475, 'GCash', 'System Seed', '2026-04-13T06:20:04.990Z');

INSERT INTO public.order_items (order_id, product_id, name, quantity, unit_price, subtotal)
VALUES ('9c57bf66-3895-4b7f-b503-b88788772909', '1b5c6269-ce45-4413-acb8-21813cd7f9cf', 'Mocha', 1, 140, 140);

INSERT INTO public.order_items (order_id, product_id, name, quantity, unit_price, subtotal)
VALUES ('9c57bf66-3895-4b7f-b503-b88788772909', '36c93748-7c86-4ddb-ba49-1bd1a164bf42', 'Blueberry Muffin', 1, 95, 95);

INSERT INTO public.order_items (order_id, product_id, name, quantity, unit_price, subtotal)
VALUES ('9c57bf66-3895-4b7f-b503-b88788772909', '48233f0a-6e57-4a45-b033-627d13f1be78', 'Cappuccino', 2, 120, 240);

INSERT INTO public.orders (id, order_id, status, amount, payment_method, cashier_name, created_at)
VALUES ('59693ff5-25db-4283-8810-4f1ee5e9a332', 'ORD-00526', 'Completed', 725, 'Credit Card', 'System Seed', '2026-04-13T00:06:19.990Z');

INSERT INTO public.order_items (order_id, product_id, name, quantity, unit_price, subtotal)
VALUES ('59693ff5-25db-4283-8810-4f1ee5e9a332', '36c93748-7c86-4ddb-ba49-1bd1a164bf42', 'Blueberry Muffin', 1, 95, 95);

INSERT INTO public.order_items (order_id, product_id, name, quantity, unit_price, subtotal)
VALUES ('59693ff5-25db-4283-8810-4f1ee5e9a332', '3a6a55c0-70f3-4417-a252-db77d9e511c0', 'Latte', 2, 120, 240);

INSERT INTO public.order_items (order_id, product_id, name, quantity, unit_price, subtotal)
VALUES ('59693ff5-25db-4283-8810-4f1ee5e9a332', '36c93748-7c86-4ddb-ba49-1bd1a164bf42', 'Blueberry Muffin', 2, 95, 190);

INSERT INTO public.order_items (order_id, product_id, name, quantity, unit_price, subtotal)
VALUES ('59693ff5-25db-4283-8810-4f1ee5e9a332', '83a6812d-2665-4ce5-871a-78a4eab3ce80', 'Americano', 2, 100, 200);

INSERT INTO public.orders (id, order_id, status, amount, payment_method, cashier_name, created_at)
VALUES ('31688747-43de-41d0-89ab-8a6a3409979b', 'ORD-00527', 'Void (Consumed)', 740, 'Maya', 'System Seed', '2026-04-13T01:36:02.990Z');

INSERT INTO public.order_items (order_id, product_id, name, quantity, unit_price, subtotal)
VALUES ('31688747-43de-41d0-89ab-8a6a3409979b', 'dfe22f11-84a3-41d2-a268-149f012eae60', 'Sparkling Lemonade', 1, 110, 110);

INSERT INTO public.order_items (order_id, product_id, name, quantity, unit_price, subtotal)
VALUES ('31688747-43de-41d0-89ab-8a6a3409979b', 'dfe22f11-84a3-41d2-a268-149f012eae60', 'Sparkling Lemonade', 1, 110, 110);

INSERT INTO public.order_items (order_id, product_id, name, quantity, unit_price, subtotal)
VALUES ('31688747-43de-41d0-89ab-8a6a3409979b', '36c93748-7c86-4ddb-ba49-1bd1a164bf42', 'Blueberry Muffin', 2, 95, 190);

INSERT INTO public.order_items (order_id, product_id, name, quantity, unit_price, subtotal)
VALUES ('31688747-43de-41d0-89ab-8a6a3409979b', 'dfe22f11-84a3-41d2-a268-149f012eae60', 'Sparkling Lemonade', 3, 110, 330);

INSERT INTO public.orders (id, order_id, status, amount, payment_method, cashier_name, created_at)
VALUES ('30bcfb1e-51da-4acd-bad7-4e07c2983a97', 'ORD-00528', 'Completed', 630, 'GCash', 'System Seed', '2026-04-13T08:27:05.990Z');

INSERT INTO public.order_items (order_id, product_id, name, quantity, unit_price, subtotal)
VALUES ('30bcfb1e-51da-4acd-bad7-4e07c2983a97', '83a6812d-2665-4ce5-871a-78a4eab3ce80', 'Americano', 3, 100, 300);

INSERT INTO public.order_items (order_id, product_id, name, quantity, unit_price, subtotal)
VALUES ('30bcfb1e-51da-4acd-bad7-4e07c2983a97', 'fe6b02e6-9366-4abd-874c-fcb832e0e282', 'Green Tea', 1, 90, 90);

INSERT INTO public.order_items (order_id, product_id, name, quantity, unit_price, subtotal)
VALUES ('30bcfb1e-51da-4acd-bad7-4e07c2983a97', '3a6a55c0-70f3-4417-a252-db77d9e511c0', 'Latte', 2, 120, 240);

INSERT INTO public.orders (id, order_id, status, amount, payment_method, cashier_name, created_at)
VALUES ('4ea91864-e819-4df3-b994-395d599de5ab', 'ORD-00529', 'Completed', 630, 'GCash', 'System Seed', '2026-04-13T10:02:11.990Z');

INSERT INTO public.order_items (order_id, product_id, name, quantity, unit_price, subtotal)
VALUES ('4ea91864-e819-4df3-b994-395d599de5ab', 'fe6b02e6-9366-4abd-874c-fcb832e0e282', 'Green Tea', 3, 90, 270);

INSERT INTO public.order_items (order_id, product_id, name, quantity, unit_price, subtotal)
VALUES ('4ea91864-e819-4df3-b994-395d599de5ab', '48233f0a-6e57-4a45-b033-627d13f1be78', 'Cappuccino', 3, 120, 360);

INSERT INTO public.orders (id, order_id, status, amount, payment_method, cashier_name, created_at)
VALUES ('ff64fb1a-d15a-4e60-ace4-654451fd0a33', 'ORD-00530', 'Completed', 890, 'Maya', 'System Seed', '2026-04-13T09:08:25.990Z');

INSERT INTO public.order_items (order_id, product_id, name, quantity, unit_price, subtotal)
VALUES ('ff64fb1a-d15a-4e60-ace4-654451fd0a33', '83a6812d-2665-4ce5-871a-78a4eab3ce80', 'Americano', 2, 100, 200);

INSERT INTO public.order_items (order_id, product_id, name, quantity, unit_price, subtotal)
VALUES ('ff64fb1a-d15a-4e60-ace4-654451fd0a33', 'dfe22f11-84a3-41d2-a268-149f012eae60', 'Sparkling Lemonade', 3, 110, 330);

INSERT INTO public.order_items (order_id, product_id, name, quantity, unit_price, subtotal)
VALUES ('ff64fb1a-d15a-4e60-ace4-654451fd0a33', '3a6a55c0-70f3-4417-a252-db77d9e511c0', 'Latte', 3, 120, 360);

INSERT INTO public.orders (id, order_id, status, amount, payment_method, cashier_name, created_at)
VALUES ('55960350-7bea-481f-9c59-812c44caf985', 'ORD-00531', 'Completed', 855, 'GCash', 'System Seed', '2026-04-13T07:11:40.990Z');

INSERT INTO public.order_items (order_id, product_id, name, quantity, unit_price, subtotal)
VALUES ('55960350-7bea-481f-9c59-812c44caf985', '36c93748-7c86-4ddb-ba49-1bd1a164bf42', 'Blueberry Muffin', 1, 95, 95);

INSERT INTO public.order_items (order_id, product_id, name, quantity, unit_price, subtotal)
VALUES ('55960350-7bea-481f-9c59-812c44caf985', '48233f0a-6e57-4a45-b033-627d13f1be78', 'Cappuccino', 3, 120, 360);

INSERT INTO public.order_items (order_id, product_id, name, quantity, unit_price, subtotal)
VALUES ('55960350-7bea-481f-9c59-812c44caf985', '48233f0a-6e57-4a45-b033-627d13f1be78', 'Cappuccino', 1, 120, 120);

INSERT INTO public.order_items (order_id, product_id, name, quantity, unit_price, subtotal)
VALUES ('55960350-7bea-481f-9c59-812c44caf985', '1b5c6269-ce45-4413-acb8-21813cd7f9cf', 'Mocha', 2, 140, 280);

INSERT INTO public.orders (id, order_id, status, amount, payment_method, cashier_name, created_at)
VALUES ('2360f5b4-52c9-4ce8-85b9-a58351b04af3', 'ORD-00532', 'Completed', 140, 'GCash', 'System Seed', '2026-04-13T06:27:12.990Z');

INSERT INTO public.order_items (order_id, product_id, name, quantity, unit_price, subtotal)
VALUES ('2360f5b4-52c9-4ce8-85b9-a58351b04af3', '1b5c6269-ce45-4413-acb8-21813cd7f9cf', 'Mocha', 1, 140, 140);

INSERT INTO public.orders (id, order_id, status, amount, payment_method, cashier_name, created_at)
VALUES ('b8b41622-184d-4d14-8ab0-3b1b4901af18', 'ORD-00533', 'Completed', 510, 'Maya', 'System Seed', '2026-04-13T12:57:43.990Z');

INSERT INTO public.order_items (order_id, product_id, name, quantity, unit_price, subtotal)
VALUES ('b8b41622-184d-4d14-8ab0-3b1b4901af18', 'fe6b02e6-9366-4abd-874c-fcb832e0e282', 'Green Tea', 2, 90, 180);

INSERT INTO public.order_items (order_id, product_id, name, quantity, unit_price, subtotal)
VALUES ('b8b41622-184d-4d14-8ab0-3b1b4901af18', 'fe6b02e6-9366-4abd-874c-fcb832e0e282', 'Green Tea', 1, 90, 90);

INSERT INTO public.order_items (order_id, product_id, name, quantity, unit_price, subtotal)
VALUES ('b8b41622-184d-4d14-8ab0-3b1b4901af18', '3a6a55c0-70f3-4417-a252-db77d9e511c0', 'Latte', 2, 120, 240);

INSERT INTO public.orders (id, order_id, status, amount, payment_method, cashier_name, created_at)
VALUES ('4d104dad-216d-41a2-acd0-857ba6316a43', 'ORD-00534', 'Completed', 340, 'Maya', 'System Seed', '2026-04-13T10:35:42.990Z');

INSERT INTO public.order_items (order_id, product_id, name, quantity, unit_price, subtotal)
VALUES ('4d104dad-216d-41a2-acd0-857ba6316a43', '48233f0a-6e57-4a45-b033-627d13f1be78', 'Cappuccino', 1, 120, 120);

INSERT INTO public.order_items (order_id, product_id, name, quantity, unit_price, subtotal)
VALUES ('4d104dad-216d-41a2-acd0-857ba6316a43', 'dfe22f11-84a3-41d2-a268-149f012eae60', 'Sparkling Lemonade', 2, 110, 220);

INSERT INTO public.orders (id, order_id, status, amount, payment_method, cashier_name, created_at)
VALUES ('2e75be8a-23fc-4145-be26-16e495010ad2', 'ORD-00535', 'Void (Not Made)', 685, 'Credit Card', 'System Seed', '2026-04-13T09:50:21.990Z');

INSERT INTO public.order_items (order_id, product_id, name, quantity, unit_price, subtotal)
VALUES ('2e75be8a-23fc-4145-be26-16e495010ad2', 'fe6b02e6-9366-4abd-874c-fcb832e0e282', 'Green Tea', 2, 90, 180);

INSERT INTO public.order_items (order_id, product_id, name, quantity, unit_price, subtotal)
VALUES ('2e75be8a-23fc-4145-be26-16e495010ad2', '36c93748-7c86-4ddb-ba49-1bd1a164bf42', 'Blueberry Muffin', 3, 95, 285);

INSERT INTO public.order_items (order_id, product_id, name, quantity, unit_price, subtotal)
VALUES ('2e75be8a-23fc-4145-be26-16e495010ad2', '48233f0a-6e57-4a45-b033-627d13f1be78', 'Cappuccino', 1, 120, 120);

INSERT INTO public.order_items (order_id, product_id, name, quantity, unit_price, subtotal)
VALUES ('2e75be8a-23fc-4145-be26-16e495010ad2', '83a6812d-2665-4ce5-871a-78a4eab3ce80', 'Americano', 1, 100, 100);

INSERT INTO public.orders (id, order_id, status, amount, payment_method, cashier_name, created_at)
VALUES ('d02bec0f-0a67-4999-8ca8-fff9c22e8d89', 'ORD-00536', 'Completed', 510, 'Credit Card', 'System Seed', '2026-04-13T04:06:45.990Z');

INSERT INTO public.order_items (order_id, product_id, name, quantity, unit_price, subtotal)
VALUES ('d02bec0f-0a67-4999-8ca8-fff9c22e8d89', '65f0b94f-ccbe-4b50-a175-66810ae10f44', 'Croissant', 3, 80, 240);

INSERT INTO public.order_items (order_id, product_id, name, quantity, unit_price, subtotal)
VALUES ('d02bec0f-0a67-4999-8ca8-fff9c22e8d89', 'fe6b02e6-9366-4abd-874c-fcb832e0e282', 'Green Tea', 3, 90, 270);

INSERT INTO public.orders (id, order_id, status, amount, payment_method, cashier_name, created_at)
VALUES ('afa7f28e-7d82-45b5-a8e4-42a154477993', 'ORD-00537', 'Completed', 780, 'GCash', 'System Seed', '2026-04-13T07:25:17.990Z');

INSERT INTO public.order_items (order_id, product_id, name, quantity, unit_price, subtotal)
VALUES ('afa7f28e-7d82-45b5-a8e4-42a154477993', '1b5c6269-ce45-4413-acb8-21813cd7f9cf', 'Mocha', 3, 140, 420);

INSERT INTO public.order_items (order_id, product_id, name, quantity, unit_price, subtotal)
VALUES ('afa7f28e-7d82-45b5-a8e4-42a154477993', '3a6a55c0-70f3-4417-a252-db77d9e511c0', 'Latte', 3, 120, 360);

INSERT INTO public.orders (id, order_id, status, amount, payment_method, cashier_name, created_at)
VALUES ('bd322787-9a16-404f-9688-ad3e1a752c33', 'ORD-00538', 'Completed', 650, 'Credit Card', 'System Seed', '2026-04-13T07:35:58.990Z');

INSERT INTO public.order_items (order_id, product_id, name, quantity, unit_price, subtotal)
VALUES ('bd322787-9a16-404f-9688-ad3e1a752c33', '1b5c6269-ce45-4413-acb8-21813cd7f9cf', 'Mocha', 2, 140, 280);

INSERT INTO public.order_items (order_id, product_id, name, quantity, unit_price, subtotal)
VALUES ('bd322787-9a16-404f-9688-ad3e1a752c33', '36c93748-7c86-4ddb-ba49-1bd1a164bf42', 'Blueberry Muffin', 2, 95, 190);

INSERT INTO public.order_items (order_id, product_id, name, quantity, unit_price, subtotal)
VALUES ('bd322787-9a16-404f-9688-ad3e1a752c33', '65f0b94f-ccbe-4b50-a175-66810ae10f44', 'Croissant', 1, 80, 80);

INSERT INTO public.order_items (order_id, product_id, name, quantity, unit_price, subtotal)
VALUES ('bd322787-9a16-404f-9688-ad3e1a752c33', '83a6812d-2665-4ce5-871a-78a4eab3ce80', 'Americano', 1, 100, 100);

INSERT INTO public.orders (id, order_id, status, amount, payment_method, cashier_name, created_at)
VALUES ('b56c5dd2-c264-4a32-ae2c-8fa628b2c366', 'ORD-00539', 'Completed', 930, 'GCash', 'System Seed', '2026-04-13T09:53:08.990Z');

INSERT INTO public.order_items (order_id, product_id, name, quantity, unit_price, subtotal)
VALUES ('b56c5dd2-c264-4a32-ae2c-8fa628b2c366', '65f0b94f-ccbe-4b50-a175-66810ae10f44', 'Croissant', 3, 80, 240);

INSERT INTO public.order_items (order_id, product_id, name, quantity, unit_price, subtotal)
VALUES ('b56c5dd2-c264-4a32-ae2c-8fa628b2c366', 'dfe22f11-84a3-41d2-a268-149f012eae60', 'Sparkling Lemonade', 3, 110, 330);

INSERT INTO public.order_items (order_id, product_id, name, quantity, unit_price, subtotal)
VALUES ('b56c5dd2-c264-4a32-ae2c-8fa628b2c366', '48233f0a-6e57-4a45-b033-627d13f1be78', 'Cappuccino', 3, 120, 360);

INSERT INTO public.orders (id, order_id, status, amount, payment_method, cashier_name, created_at)
VALUES ('07fa8333-0179-448d-9c25-c3821eb3da59', 'ORD-00540', 'Completed', 930, 'GCash', 'System Seed', '2026-04-13T06:01:45.990Z');

INSERT INTO public.order_items (order_id, product_id, name, quantity, unit_price, subtotal)
VALUES ('07fa8333-0179-448d-9c25-c3821eb3da59', 'dfe22f11-84a3-41d2-a268-149f012eae60', 'Sparkling Lemonade', 1, 110, 110);

INSERT INTO public.order_items (order_id, product_id, name, quantity, unit_price, subtotal)
VALUES ('07fa8333-0179-448d-9c25-c3821eb3da59', 'fe6b02e6-9366-4abd-874c-fcb832e0e282', 'Green Tea', 2, 90, 180);

INSERT INTO public.order_items (order_id, product_id, name, quantity, unit_price, subtotal)
VALUES ('07fa8333-0179-448d-9c25-c3821eb3da59', '48233f0a-6e57-4a45-b033-627d13f1be78', 'Cappuccino', 3, 120, 360);

INSERT INTO public.order_items (order_id, product_id, name, quantity, unit_price, subtotal)
VALUES ('07fa8333-0179-448d-9c25-c3821eb3da59', '1b5c6269-ce45-4413-acb8-21813cd7f9cf', 'Mocha', 2, 140, 280);

INSERT INTO public.orders (id, order_id, status, amount, payment_method, cashier_name, created_at)
VALUES ('a11ce1ad-29de-4fbb-9c2c-3968314949d6', 'ORD-00541', 'Void (Not Made)', 365, 'Cash', 'System Seed', '2026-04-13T09:42:32.990Z');

INSERT INTO public.order_items (order_id, product_id, name, quantity, unit_price, subtotal)
VALUES ('a11ce1ad-29de-4fbb-9c2c-3968314949d6', '36c93748-7c86-4ddb-ba49-1bd1a164bf42', 'Blueberry Muffin', 1, 95, 95);

INSERT INTO public.order_items (order_id, product_id, name, quantity, unit_price, subtotal)
VALUES ('a11ce1ad-29de-4fbb-9c2c-3968314949d6', 'fe6b02e6-9366-4abd-874c-fcb832e0e282', 'Green Tea', 3, 90, 270);

INSERT INTO public.orders (id, order_id, status, amount, payment_method, cashier_name, created_at)
VALUES ('6cbaa587-2e3f-4b1e-80e1-b73adbc62eeb', 'ORD-00542', 'Void (Not Made)', 570, 'GCash', 'System Seed', '2026-04-13T01:19:18.990Z');

INSERT INTO public.order_items (order_id, product_id, name, quantity, unit_price, subtotal)
VALUES ('6cbaa587-2e3f-4b1e-80e1-b73adbc62eeb', '3a6a55c0-70f3-4417-a252-db77d9e511c0', 'Latte', 2, 120, 240);

INSERT INTO public.order_items (order_id, product_id, name, quantity, unit_price, subtotal)
VALUES ('6cbaa587-2e3f-4b1e-80e1-b73adbc62eeb', 'dfe22f11-84a3-41d2-a268-149f012eae60', 'Sparkling Lemonade', 3, 110, 330);

INSERT INTO public.orders (id, order_id, status, amount, payment_method, cashier_name, created_at)
VALUES ('b48562d5-57c0-4e0b-ad10-fda40ece5c8a', 'ORD-00543', 'Void (Consumed)', 750, 'GCash', 'System Seed', '2026-04-13T06:14:55.990Z');

INSERT INTO public.order_items (order_id, product_id, name, quantity, unit_price, subtotal)
VALUES ('b48562d5-57c0-4e0b-ad10-fda40ece5c8a', '3a6a55c0-70f3-4417-a252-db77d9e511c0', 'Latte', 3, 120, 360);

INSERT INTO public.order_items (order_id, product_id, name, quantity, unit_price, subtotal)
VALUES ('b48562d5-57c0-4e0b-ad10-fda40ece5c8a', '1b5c6269-ce45-4413-acb8-21813cd7f9cf', 'Mocha', 2, 140, 280);

INSERT INTO public.order_items (order_id, product_id, name, quantity, unit_price, subtotal)
VALUES ('b48562d5-57c0-4e0b-ad10-fda40ece5c8a', 'dfe22f11-84a3-41d2-a268-149f012eae60', 'Sparkling Lemonade', 1, 110, 110);

INSERT INTO public.orders (id, order_id, status, amount, payment_method, cashier_name, created_at)
VALUES ('305236b8-d1da-49ae-8a48-dd7a6cee8688', 'ORD-00544', 'Completed', 820, 'Credit Card', 'System Seed', '2026-04-13T12:27:23.990Z');

INSERT INTO public.order_items (order_id, product_id, name, quantity, unit_price, subtotal)
VALUES ('305236b8-d1da-49ae-8a48-dd7a6cee8688', '48233f0a-6e57-4a45-b033-627d13f1be78', 'Cappuccino', 2, 120, 240);

INSERT INTO public.order_items (order_id, product_id, name, quantity, unit_price, subtotal)
VALUES ('305236b8-d1da-49ae-8a48-dd7a6cee8688', '48233f0a-6e57-4a45-b033-627d13f1be78', 'Cappuccino', 2, 120, 240);

INSERT INTO public.order_items (order_id, product_id, name, quantity, unit_price, subtotal)
VALUES ('305236b8-d1da-49ae-8a48-dd7a6cee8688', '83a6812d-2665-4ce5-871a-78a4eab3ce80', 'Americano', 1, 100, 100);

INSERT INTO public.order_items (order_id, product_id, name, quantity, unit_price, subtotal)
VALUES ('305236b8-d1da-49ae-8a48-dd7a6cee8688', '65f0b94f-ccbe-4b50-a175-66810ae10f44', 'Croissant', 3, 80, 240);

INSERT INTO public.orders (id, order_id, status, amount, payment_method, cashier_name, created_at)
VALUES ('1d307520-6263-4180-8691-e6edd7971c54', 'ORD-00545', 'Void (Not Made)', 490, 'GCash', 'System Seed', '2026-04-13T04:31:43.990Z');

INSERT INTO public.order_items (order_id, product_id, name, quantity, unit_price, subtotal)
VALUES ('1d307520-6263-4180-8691-e6edd7971c54', '36c93748-7c86-4ddb-ba49-1bd1a164bf42', 'Blueberry Muffin', 2, 95, 190);

INSERT INTO public.order_items (order_id, product_id, name, quantity, unit_price, subtotal)
VALUES ('1d307520-6263-4180-8691-e6edd7971c54', '83a6812d-2665-4ce5-871a-78a4eab3ce80', 'Americano', 3, 100, 300);

INSERT INTO public.orders (id, order_id, status, amount, payment_method, cashier_name, created_at)
VALUES ('6db2bbc9-fd5f-4249-a311-5dbad9861220', 'ORD-00546', 'Completed', 120, 'Credit Card', 'System Seed', '2026-04-14T05:42:05.990Z');

INSERT INTO public.order_items (order_id, product_id, name, quantity, unit_price, subtotal)
VALUES ('6db2bbc9-fd5f-4249-a311-5dbad9861220', '48233f0a-6e57-4a45-b033-627d13f1be78', 'Cappuccino', 1, 120, 120);

INSERT INTO public.orders (id, order_id, status, amount, payment_method, cashier_name, created_at)
VALUES ('b20f9100-6a95-4e64-a9e3-c8ad6884c72f', 'ORD-00547', 'Completed', 110, 'Cash', 'System Seed', '2026-04-14T07:24:15.990Z');

INSERT INTO public.order_items (order_id, product_id, name, quantity, unit_price, subtotal)
VALUES ('b20f9100-6a95-4e64-a9e3-c8ad6884c72f', 'dfe22f11-84a3-41d2-a268-149f012eae60', 'Sparkling Lemonade', 1, 110, 110);

INSERT INTO public.orders (id, order_id, status, amount, payment_method, cashier_name, created_at)
VALUES ('954ce6d3-f59c-44ab-9d41-8c92d509ab8b', 'ORD-00548', 'Void (Not Made)', 1070, 'Maya', 'System Seed', '2026-04-14T12:44:44.990Z');

INSERT INTO public.order_items (order_id, product_id, name, quantity, unit_price, subtotal)
VALUES ('954ce6d3-f59c-44ab-9d41-8c92d509ab8b', '1b5c6269-ce45-4413-acb8-21813cd7f9cf', 'Mocha', 2, 140, 280);

INSERT INTO public.order_items (order_id, product_id, name, quantity, unit_price, subtotal)
VALUES ('954ce6d3-f59c-44ab-9d41-8c92d509ab8b', '48233f0a-6e57-4a45-b033-627d13f1be78', 'Cappuccino', 3, 120, 360);

INSERT INTO public.order_items (order_id, product_id, name, quantity, unit_price, subtotal)
VALUES ('954ce6d3-f59c-44ab-9d41-8c92d509ab8b', 'fe6b02e6-9366-4abd-874c-fcb832e0e282', 'Green Tea', 3, 90, 270);

INSERT INTO public.order_items (order_id, product_id, name, quantity, unit_price, subtotal)
VALUES ('954ce6d3-f59c-44ab-9d41-8c92d509ab8b', '65f0b94f-ccbe-4b50-a175-66810ae10f44', 'Croissant', 2, 80, 160);

INSERT INTO public.orders (id, order_id, status, amount, payment_method, cashier_name, created_at)
VALUES ('7e49e0fa-9edf-4c8d-a091-55fde47fe612', 'ORD-00549', 'Completed', 420, 'Credit Card', 'System Seed', '2026-04-14T04:25:59.990Z');

INSERT INTO public.order_items (order_id, product_id, name, quantity, unit_price, subtotal)
VALUES ('7e49e0fa-9edf-4c8d-a091-55fde47fe612', '1b5c6269-ce45-4413-acb8-21813cd7f9cf', 'Mocha', 3, 140, 420);

INSERT INTO public.orders (id, order_id, status, amount, payment_method, cashier_name, created_at)
VALUES ('2f15cb45-8a4b-4727-9953-26ac0ace594a', 'ORD-00550', 'Completed', 595, 'Credit Card', 'System Seed', '2026-04-14T01:18:10.990Z');

INSERT INTO public.order_items (order_id, product_id, name, quantity, unit_price, subtotal)
VALUES ('2f15cb45-8a4b-4727-9953-26ac0ace594a', '83a6812d-2665-4ce5-871a-78a4eab3ce80', 'Americano', 2, 100, 200);

INSERT INTO public.order_items (order_id, product_id, name, quantity, unit_price, subtotal)
VALUES ('2f15cb45-8a4b-4727-9953-26ac0ace594a', 'dfe22f11-84a3-41d2-a268-149f012eae60', 'Sparkling Lemonade', 1, 110, 110);

INSERT INTO public.order_items (order_id, product_id, name, quantity, unit_price, subtotal)
VALUES ('2f15cb45-8a4b-4727-9953-26ac0ace594a', '36c93748-7c86-4ddb-ba49-1bd1a164bf42', 'Blueberry Muffin', 3, 95, 285);

INSERT INTO public.orders (id, order_id, status, amount, payment_method, cashier_name, created_at)
VALUES ('d978224d-357d-4a78-8c26-7786c39b349c', 'ORD-00551', 'Completed', 1380, 'Cash', 'System Seed', '2026-04-14T05:29:00.990Z');

INSERT INTO public.order_items (order_id, product_id, name, quantity, unit_price, subtotal)
VALUES ('d978224d-357d-4a78-8c26-7786c39b349c', 'dfe22f11-84a3-41d2-a268-149f012eae60', 'Sparkling Lemonade', 3, 110, 330);

INSERT INTO public.order_items (order_id, product_id, name, quantity, unit_price, subtotal)
VALUES ('d978224d-357d-4a78-8c26-7786c39b349c', 'dfe22f11-84a3-41d2-a268-149f012eae60', 'Sparkling Lemonade', 3, 110, 330);

INSERT INTO public.order_items (order_id, product_id, name, quantity, unit_price, subtotal)
VALUES ('d978224d-357d-4a78-8c26-7786c39b349c', '48233f0a-6e57-4a45-b033-627d13f1be78', 'Cappuccino', 3, 120, 360);

INSERT INTO public.order_items (order_id, product_id, name, quantity, unit_price, subtotal)
VALUES ('d978224d-357d-4a78-8c26-7786c39b349c', '3a6a55c0-70f3-4417-a252-db77d9e511c0', 'Latte', 3, 120, 360);

INSERT INTO public.orders (id, order_id, status, amount, payment_method, cashier_name, created_at)
VALUES ('3a75c343-36d5-4de5-a2a8-80f359b87492', 'ORD-00552', 'Completed', 425, 'Cash', 'System Seed', '2026-04-14T11:26:06.990Z');

INSERT INTO public.order_items (order_id, product_id, name, quantity, unit_price, subtotal)
VALUES ('3a75c343-36d5-4de5-a2a8-80f359b87492', 'dfe22f11-84a3-41d2-a268-149f012eae60', 'Sparkling Lemonade', 3, 110, 330);

INSERT INTO public.order_items (order_id, product_id, name, quantity, unit_price, subtotal)
VALUES ('3a75c343-36d5-4de5-a2a8-80f359b87492', '36c93748-7c86-4ddb-ba49-1bd1a164bf42', 'Blueberry Muffin', 1, 95, 95);

INSERT INTO public.orders (id, order_id, status, amount, payment_method, cashier_name, created_at)
VALUES ('bc850d58-548a-46c1-99a0-59dd17ee4660', 'ORD-00553', 'Void (Not Made)', 360, 'Maya', 'System Seed', '2026-04-14T06:43:38.990Z');

INSERT INTO public.order_items (order_id, product_id, name, quantity, unit_price, subtotal)
VALUES ('bc850d58-548a-46c1-99a0-59dd17ee4660', '3a6a55c0-70f3-4417-a252-db77d9e511c0', 'Latte', 1, 120, 120);

INSERT INTO public.order_items (order_id, product_id, name, quantity, unit_price, subtotal)
VALUES ('bc850d58-548a-46c1-99a0-59dd17ee4660', '48233f0a-6e57-4a45-b033-627d13f1be78', 'Cappuccino', 2, 120, 240);

INSERT INTO public.orders (id, order_id, status, amount, payment_method, cashier_name, created_at)
VALUES ('2304e09b-a180-43aa-a5bf-99bb4dded754', 'ORD-00554', 'Void (Not Made)', 160, 'Credit Card', 'System Seed', '2026-04-14T09:14:46.990Z');

INSERT INTO public.order_items (order_id, product_id, name, quantity, unit_price, subtotal)
VALUES ('2304e09b-a180-43aa-a5bf-99bb4dded754', '65f0b94f-ccbe-4b50-a175-66810ae10f44', 'Croissant', 2, 80, 160);

INSERT INTO public.orders (id, order_id, status, amount, payment_method, cashier_name, created_at)
VALUES ('c1b9c6c8-412b-4b1f-a04e-8d7f109af879', 'ORD-00555', 'Completed', 330, 'GCash', 'System Seed', '2026-04-14T03:54:00.990Z');

INSERT INTO public.order_items (order_id, product_id, name, quantity, unit_price, subtotal)
VALUES ('c1b9c6c8-412b-4b1f-a04e-8d7f109af879', 'dfe22f11-84a3-41d2-a268-149f012eae60', 'Sparkling Lemonade', 3, 110, 330);

INSERT INTO public.orders (id, order_id, status, amount, payment_method, cashier_name, created_at)
VALUES ('0ac1d6bd-3676-491c-8dc2-69fa11e31de3', 'ORD-00556', 'Void (Consumed)', 600, 'Cash', 'System Seed', '2026-04-14T06:05:01.990Z');

INSERT INTO public.order_items (order_id, product_id, name, quantity, unit_price, subtotal)
VALUES ('0ac1d6bd-3676-491c-8dc2-69fa11e31de3', '65f0b94f-ccbe-4b50-a175-66810ae10f44', 'Croissant', 3, 80, 240);

INSERT INTO public.order_items (order_id, product_id, name, quantity, unit_price, subtotal)
VALUES ('0ac1d6bd-3676-491c-8dc2-69fa11e31de3', '65f0b94f-ccbe-4b50-a175-66810ae10f44', 'Croissant', 2, 80, 160);

INSERT INTO public.order_items (order_id, product_id, name, quantity, unit_price, subtotal)
VALUES ('0ac1d6bd-3676-491c-8dc2-69fa11e31de3', '83a6812d-2665-4ce5-871a-78a4eab3ce80', 'Americano', 2, 100, 200);

INSERT INTO public.orders (id, order_id, status, amount, payment_method, cashier_name, created_at)
VALUES ('99e21b1f-a941-4d3a-8a8f-ee9b71f138df', 'ORD-00557', 'Completed', 360, 'Credit Card', 'System Seed', '2026-04-14T07:57:41.990Z');

INSERT INTO public.order_items (order_id, product_id, name, quantity, unit_price, subtotal)
VALUES ('99e21b1f-a941-4d3a-8a8f-ee9b71f138df', '48233f0a-6e57-4a45-b033-627d13f1be78', 'Cappuccino', 3, 120, 360);

INSERT INTO public.orders (id, order_id, status, amount, payment_method, cashier_name, created_at)
VALUES ('8b63bdb0-3c16-40a0-92bb-38bc73d444e6', 'ORD-00558', 'Completed', 540, 'Credit Card', 'System Seed', '2026-04-14T10:23:42.990Z');

INSERT INTO public.order_items (order_id, product_id, name, quantity, unit_price, subtotal)
VALUES ('8b63bdb0-3c16-40a0-92bb-38bc73d444e6', '36c93748-7c86-4ddb-ba49-1bd1a164bf42', 'Blueberry Muffin', 2, 95, 190);

INSERT INTO public.order_items (order_id, product_id, name, quantity, unit_price, subtotal)
VALUES ('8b63bdb0-3c16-40a0-92bb-38bc73d444e6', '36c93748-7c86-4ddb-ba49-1bd1a164bf42', 'Blueberry Muffin', 2, 95, 190);

INSERT INTO public.order_items (order_id, product_id, name, quantity, unit_price, subtotal)
VALUES ('8b63bdb0-3c16-40a0-92bb-38bc73d444e6', '65f0b94f-ccbe-4b50-a175-66810ae10f44', 'Croissant', 2, 80, 160);

INSERT INTO public.orders (id, order_id, status, amount, payment_method, cashier_name, created_at)
VALUES ('133796b5-eb8c-413d-833c-2c62487e38a2', 'ORD-00559', 'Void (Consumed)', 1185, 'GCash', 'System Seed', '2026-04-14T01:28:50.990Z');

INSERT INTO public.order_items (order_id, product_id, name, quantity, unit_price, subtotal)
VALUES ('133796b5-eb8c-413d-833c-2c62487e38a2', '36c93748-7c86-4ddb-ba49-1bd1a164bf42', 'Blueberry Muffin', 3, 95, 285);

INSERT INTO public.order_items (order_id, product_id, name, quantity, unit_price, subtotal)
VALUES ('133796b5-eb8c-413d-833c-2c62487e38a2', '48233f0a-6e57-4a45-b033-627d13f1be78', 'Cappuccino', 1, 120, 120);

INSERT INTO public.order_items (order_id, product_id, name, quantity, unit_price, subtotal)
VALUES ('133796b5-eb8c-413d-833c-2c62487e38a2', '3a6a55c0-70f3-4417-a252-db77d9e511c0', 'Latte', 3, 120, 360);

INSERT INTO public.order_items (order_id, product_id, name, quantity, unit_price, subtotal)
VALUES ('133796b5-eb8c-413d-833c-2c62487e38a2', '1b5c6269-ce45-4413-acb8-21813cd7f9cf', 'Mocha', 3, 140, 420);

INSERT INTO public.orders (id, order_id, status, amount, payment_method, cashier_name, created_at)
VALUES ('502d8e4e-cb15-46e7-85e0-317b814bae69', 'ORD-00560', 'Completed', 190, 'Cash', 'System Seed', '2026-04-14T03:53:04.990Z');

INSERT INTO public.order_items (order_id, product_id, name, quantity, unit_price, subtotal)
VALUES ('502d8e4e-cb15-46e7-85e0-317b814bae69', 'dfe22f11-84a3-41d2-a268-149f012eae60', 'Sparkling Lemonade', 1, 110, 110);

INSERT INTO public.order_items (order_id, product_id, name, quantity, unit_price, subtotal)
VALUES ('502d8e4e-cb15-46e7-85e0-317b814bae69', '65f0b94f-ccbe-4b50-a175-66810ae10f44', 'Croissant', 1, 80, 80);

INSERT INTO public.orders (id, order_id, status, amount, payment_method, cashier_name, created_at)
VALUES ('81877032-9829-439a-ba54-d1fcb5b3ff24', 'ORD-00561', 'Completed', 240, 'GCash', 'System Seed', '2026-04-14T05:35:13.990Z');

INSERT INTO public.order_items (order_id, product_id, name, quantity, unit_price, subtotal)
VALUES ('81877032-9829-439a-ba54-d1fcb5b3ff24', '65f0b94f-ccbe-4b50-a175-66810ae10f44', 'Croissant', 3, 80, 240);

INSERT INTO public.orders (id, order_id, status, amount, payment_method, cashier_name, created_at)
VALUES ('f53c3fa0-e892-4398-8d8a-578a21679389', 'ORD-00562', 'Completed', 610, 'GCash', 'System Seed', '2026-04-14T12:43:01.990Z');

INSERT INTO public.order_items (order_id, product_id, name, quantity, unit_price, subtotal)
VALUES ('f53c3fa0-e892-4398-8d8a-578a21679389', '36c93748-7c86-4ddb-ba49-1bd1a164bf42', 'Blueberry Muffin', 2, 95, 190);

INSERT INTO public.order_items (order_id, product_id, name, quantity, unit_price, subtotal)
VALUES ('f53c3fa0-e892-4398-8d8a-578a21679389', '83a6812d-2665-4ce5-871a-78a4eab3ce80', 'Americano', 2, 100, 200);

INSERT INTO public.order_items (order_id, product_id, name, quantity, unit_price, subtotal)
VALUES ('f53c3fa0-e892-4398-8d8a-578a21679389', 'dfe22f11-84a3-41d2-a268-149f012eae60', 'Sparkling Lemonade', 2, 110, 220);

INSERT INTO public.orders (id, order_id, status, amount, payment_method, cashier_name, created_at)
VALUES ('5b6e716b-047b-49ae-95ae-41a4e01fb046', 'ORD-00563', 'Completed', 795, 'Cash', 'System Seed', '2026-04-15T10:41:08.990Z');

INSERT INTO public.order_items (order_id, product_id, name, quantity, unit_price, subtotal)
VALUES ('5b6e716b-047b-49ae-95ae-41a4e01fb046', 'dfe22f11-84a3-41d2-a268-149f012eae60', 'Sparkling Lemonade', 2, 110, 220);

INSERT INTO public.order_items (order_id, product_id, name, quantity, unit_price, subtotal)
VALUES ('5b6e716b-047b-49ae-95ae-41a4e01fb046', '36c93748-7c86-4ddb-ba49-1bd1a164bf42', 'Blueberry Muffin', 1, 95, 95);

INSERT INTO public.order_items (order_id, product_id, name, quantity, unit_price, subtotal)
VALUES ('5b6e716b-047b-49ae-95ae-41a4e01fb046', '48233f0a-6e57-4a45-b033-627d13f1be78', 'Cappuccino', 3, 120, 360);

INSERT INTO public.order_items (order_id, product_id, name, quantity, unit_price, subtotal)
VALUES ('5b6e716b-047b-49ae-95ae-41a4e01fb046', '48233f0a-6e57-4a45-b033-627d13f1be78', 'Cappuccino', 1, 120, 120);

INSERT INTO public.orders (id, order_id, status, amount, payment_method, cashier_name, created_at)
VALUES ('bccfa9cf-faa7-4761-bf0d-517f8c766fd5', 'ORD-00564', 'Completed', 660, 'Maya', 'System Seed', '2026-04-15T03:31:06.990Z');

INSERT INTO public.order_items (order_id, product_id, name, quantity, unit_price, subtotal)
VALUES ('bccfa9cf-faa7-4761-bf0d-517f8c766fd5', '83a6812d-2665-4ce5-871a-78a4eab3ce80', 'Americano', 1, 100, 100);

INSERT INTO public.order_items (order_id, product_id, name, quantity, unit_price, subtotal)
VALUES ('bccfa9cf-faa7-4761-bf0d-517f8c766fd5', '1b5c6269-ce45-4413-acb8-21813cd7f9cf', 'Mocha', 1, 140, 140);

INSERT INTO public.order_items (order_id, product_id, name, quantity, unit_price, subtotal)
VALUES ('bccfa9cf-faa7-4761-bf0d-517f8c766fd5', 'dfe22f11-84a3-41d2-a268-149f012eae60', 'Sparkling Lemonade', 3, 110, 330);

INSERT INTO public.order_items (order_id, product_id, name, quantity, unit_price, subtotal)
VALUES ('bccfa9cf-faa7-4761-bf0d-517f8c766fd5', 'fe6b02e6-9366-4abd-874c-fcb832e0e282', 'Green Tea', 1, 90, 90);

INSERT INTO public.orders (id, order_id, status, amount, payment_method, cashier_name, created_at)
VALUES ('a20ec419-cb5a-48dc-bd0f-575a78e72784', 'ORD-00565', 'Void (Not Made)', 80, 'GCash', 'System Seed', '2026-04-15T06:32:25.990Z');

INSERT INTO public.order_items (order_id, product_id, name, quantity, unit_price, subtotal)
VALUES ('a20ec419-cb5a-48dc-bd0f-575a78e72784', '65f0b94f-ccbe-4b50-a175-66810ae10f44', 'Croissant', 1, 80, 80);

INSERT INTO public.orders (id, order_id, status, amount, payment_method, cashier_name, created_at)
VALUES ('3b39d735-ad66-41f8-907d-b31efe046747', 'ORD-00566', 'Void (Not Made)', 480, 'Cash', 'System Seed', '2026-04-15T01:52:26.990Z');

INSERT INTO public.order_items (order_id, product_id, name, quantity, unit_price, subtotal)
VALUES ('3b39d735-ad66-41f8-907d-b31efe046747', '65f0b94f-ccbe-4b50-a175-66810ae10f44', 'Croissant', 3, 80, 240);

INSERT INTO public.order_items (order_id, product_id, name, quantity, unit_price, subtotal)
VALUES ('3b39d735-ad66-41f8-907d-b31efe046747', '65f0b94f-ccbe-4b50-a175-66810ae10f44', 'Croissant', 3, 80, 240);

INSERT INTO public.orders (id, order_id, status, amount, payment_method, cashier_name, created_at)
VALUES ('bec15998-324b-4846-925d-8d2ee247431b', 'ORD-00567', 'Completed', 735, 'Maya', 'System Seed', '2026-04-14T23:00:32.990Z');

INSERT INTO public.order_items (order_id, product_id, name, quantity, unit_price, subtotal)
VALUES ('bec15998-324b-4846-925d-8d2ee247431b', '65f0b94f-ccbe-4b50-a175-66810ae10f44', 'Croissant', 3, 80, 240);

INSERT INTO public.order_items (order_id, product_id, name, quantity, unit_price, subtotal)
VALUES ('bec15998-324b-4846-925d-8d2ee247431b', 'fe6b02e6-9366-4abd-874c-fcb832e0e282', 'Green Tea', 2, 90, 180);

INSERT INTO public.order_items (order_id, product_id, name, quantity, unit_price, subtotal)
VALUES ('bec15998-324b-4846-925d-8d2ee247431b', '36c93748-7c86-4ddb-ba49-1bd1a164bf42', 'Blueberry Muffin', 1, 95, 95);

INSERT INTO public.order_items (order_id, product_id, name, quantity, unit_price, subtotal)
VALUES ('bec15998-324b-4846-925d-8d2ee247431b', 'dfe22f11-84a3-41d2-a268-149f012eae60', 'Sparkling Lemonade', 2, 110, 220);

INSERT INTO public.orders (id, order_id, status, amount, payment_method, cashier_name, created_at)
VALUES ('63418a36-87d4-48b3-9155-8f16e58a2b76', 'ORD-00568', 'Completed', 390, 'Credit Card', 'System Seed', '2026-04-15T11:32:17.990Z');

INSERT INTO public.order_items (order_id, product_id, name, quantity, unit_price, subtotal)
VALUES ('63418a36-87d4-48b3-9155-8f16e58a2b76', 'dfe22f11-84a3-41d2-a268-149f012eae60', 'Sparkling Lemonade', 2, 110, 220);

INSERT INTO public.order_items (order_id, product_id, name, quantity, unit_price, subtotal)
VALUES ('63418a36-87d4-48b3-9155-8f16e58a2b76', 'fe6b02e6-9366-4abd-874c-fcb832e0e282', 'Green Tea', 1, 90, 90);

INSERT INTO public.order_items (order_id, product_id, name, quantity, unit_price, subtotal)
VALUES ('63418a36-87d4-48b3-9155-8f16e58a2b76', '65f0b94f-ccbe-4b50-a175-66810ae10f44', 'Croissant', 1, 80, 80);

INSERT INTO public.orders (id, order_id, status, amount, payment_method, cashier_name, created_at)
VALUES ('0885900c-4579-4f63-9b30-c0f30abe872c', 'ORD-00569', 'Void (Consumed)', 160, 'Credit Card', 'System Seed', '2026-04-15T02:31:58.990Z');

INSERT INTO public.order_items (order_id, product_id, name, quantity, unit_price, subtotal)
VALUES ('0885900c-4579-4f63-9b30-c0f30abe872c', '65f0b94f-ccbe-4b50-a175-66810ae10f44', 'Croissant', 2, 80, 160);

INSERT INTO public.orders (id, order_id, status, amount, payment_method, cashier_name, created_at)
VALUES ('23ca23b0-1483-4f3f-ad25-904ae23f5c95', 'ORD-00570', 'Completed', 480, 'Credit Card', 'System Seed', '2026-04-15T06:49:18.990Z');

INSERT INTO public.order_items (order_id, product_id, name, quantity, unit_price, subtotal)
VALUES ('23ca23b0-1483-4f3f-ad25-904ae23f5c95', '3a6a55c0-70f3-4417-a252-db77d9e511c0', 'Latte', 1, 120, 120);

INSERT INTO public.order_items (order_id, product_id, name, quantity, unit_price, subtotal)
VALUES ('23ca23b0-1483-4f3f-ad25-904ae23f5c95', '48233f0a-6e57-4a45-b033-627d13f1be78', 'Cappuccino', 3, 120, 360);

INSERT INTO public.orders (id, order_id, status, amount, payment_method, cashier_name, created_at)
VALUES ('fd0769ad-9dab-4300-9d03-9219d5c16e0a', 'ORD-00571', 'Completed', 330, 'Credit Card', 'System Seed', '2026-04-15T11:00:25.990Z');

INSERT INTO public.order_items (order_id, product_id, name, quantity, unit_price, subtotal)
VALUES ('fd0769ad-9dab-4300-9d03-9219d5c16e0a', 'fe6b02e6-9366-4abd-874c-fcb832e0e282', 'Green Tea', 1, 90, 90);

INSERT INTO public.order_items (order_id, product_id, name, quantity, unit_price, subtotal)
VALUES ('fd0769ad-9dab-4300-9d03-9219d5c16e0a', '65f0b94f-ccbe-4b50-a175-66810ae10f44', 'Croissant', 3, 80, 240);

INSERT INTO public.orders (id, order_id, status, amount, payment_method, cashier_name, created_at)
VALUES ('28dd0e93-4d88-4d52-ad61-8e964421709c', 'ORD-00572', 'Void (Consumed)', 95, 'Credit Card', 'System Seed', '2026-04-15T09:36:54.990Z');

INSERT INTO public.order_items (order_id, product_id, name, quantity, unit_price, subtotal)
VALUES ('28dd0e93-4d88-4d52-ad61-8e964421709c', '36c93748-7c86-4ddb-ba49-1bd1a164bf42', 'Blueberry Muffin', 1, 95, 95);

INSERT INTO public.orders (id, order_id, status, amount, payment_method, cashier_name, created_at)
VALUES ('cfb8e3fb-efab-47e9-b37c-e0a03600f37a', 'ORD-00573', 'Completed', 870, 'Cash', 'System Seed', '2026-04-15T09:08:21.990Z');

INSERT INTO public.order_items (order_id, product_id, name, quantity, unit_price, subtotal)
VALUES ('cfb8e3fb-efab-47e9-b37c-e0a03600f37a', 'dfe22f11-84a3-41d2-a268-149f012eae60', 'Sparkling Lemonade', 3, 110, 330);

INSERT INTO public.order_items (order_id, product_id, name, quantity, unit_price, subtotal)
VALUES ('cfb8e3fb-efab-47e9-b37c-e0a03600f37a', '65f0b94f-ccbe-4b50-a175-66810ae10f44', 'Croissant', 2, 80, 160);

INSERT INTO public.order_items (order_id, product_id, name, quantity, unit_price, subtotal)
VALUES ('cfb8e3fb-efab-47e9-b37c-e0a03600f37a', '65f0b94f-ccbe-4b50-a175-66810ae10f44', 'Croissant', 3, 80, 240);

INSERT INTO public.order_items (order_id, product_id, name, quantity, unit_price, subtotal)
VALUES ('cfb8e3fb-efab-47e9-b37c-e0a03600f37a', '1b5c6269-ce45-4413-acb8-21813cd7f9cf', 'Mocha', 1, 140, 140);

INSERT INTO public.orders (id, order_id, status, amount, payment_method, cashier_name, created_at)
VALUES ('adb21a71-19f1-4c6b-957c-72c572eaa239', 'ORD-00574', 'Completed', 895, 'GCash', 'System Seed', '2026-04-14T23:31:49.990Z');

INSERT INTO public.order_items (order_id, product_id, name, quantity, unit_price, subtotal)
VALUES ('adb21a71-19f1-4c6b-957c-72c572eaa239', '36c93748-7c86-4ddb-ba49-1bd1a164bf42', 'Blueberry Muffin', 1, 95, 95);

INSERT INTO public.order_items (order_id, product_id, name, quantity, unit_price, subtotal)
VALUES ('adb21a71-19f1-4c6b-957c-72c572eaa239', '83a6812d-2665-4ce5-871a-78a4eab3ce80', 'Americano', 2, 100, 200);

INSERT INTO public.order_items (order_id, product_id, name, quantity, unit_price, subtotal)
VALUES ('adb21a71-19f1-4c6b-957c-72c572eaa239', '48233f0a-6e57-4a45-b033-627d13f1be78', 'Cappuccino', 2, 120, 240);

INSERT INTO public.order_items (order_id, product_id, name, quantity, unit_price, subtotal)
VALUES ('adb21a71-19f1-4c6b-957c-72c572eaa239', '48233f0a-6e57-4a45-b033-627d13f1be78', 'Cappuccino', 3, 120, 360);

INSERT INTO public.orders (id, order_id, status, amount, payment_method, cashier_name, created_at)
VALUES ('7d1599c8-2f26-47f5-8724-22f209fef330', 'ORD-00575', 'Completed', 640, 'Maya', 'System Seed', '2026-04-15T00:41:17.990Z');

INSERT INTO public.order_items (order_id, product_id, name, quantity, unit_price, subtotal)
VALUES ('7d1599c8-2f26-47f5-8724-22f209fef330', '1b5c6269-ce45-4413-acb8-21813cd7f9cf', 'Mocha', 2, 140, 280);

INSERT INTO public.order_items (order_id, product_id, name, quantity, unit_price, subtotal)
VALUES ('7d1599c8-2f26-47f5-8724-22f209fef330', '3a6a55c0-70f3-4417-a252-db77d9e511c0', 'Latte', 3, 120, 360);

INSERT INTO public.orders (id, order_id, status, amount, payment_method, cashier_name, created_at)
VALUES ('c058ccf3-7ce2-433f-9052-a112fb95f8a0', 'ORD-00576', 'Completed', 1030, 'GCash', 'System Seed', '2026-04-15T08:28:02.990Z');

INSERT INTO public.order_items (order_id, product_id, name, quantity, unit_price, subtotal)
VALUES ('c058ccf3-7ce2-433f-9052-a112fb95f8a0', 'dfe22f11-84a3-41d2-a268-149f012eae60', 'Sparkling Lemonade', 3, 110, 330);

INSERT INTO public.order_items (order_id, product_id, name, quantity, unit_price, subtotal)
VALUES ('c058ccf3-7ce2-433f-9052-a112fb95f8a0', '48233f0a-6e57-4a45-b033-627d13f1be78', 'Cappuccino', 3, 120, 360);

INSERT INTO public.order_items (order_id, product_id, name, quantity, unit_price, subtotal)
VALUES ('c058ccf3-7ce2-433f-9052-a112fb95f8a0', '83a6812d-2665-4ce5-871a-78a4eab3ce80', 'Americano', 1, 100, 100);

INSERT INTO public.order_items (order_id, product_id, name, quantity, unit_price, subtotal)
VALUES ('c058ccf3-7ce2-433f-9052-a112fb95f8a0', '65f0b94f-ccbe-4b50-a175-66810ae10f44', 'Croissant', 3, 80, 240);

INSERT INTO public.orders (id, order_id, status, amount, payment_method, cashier_name, created_at)
VALUES ('5a737182-99d5-4cf3-b03d-d819e2958b43', 'ORD-00577', 'Completed', 620, 'GCash', 'System Seed', '2026-04-15T06:03:15.990Z');

INSERT INTO public.order_items (order_id, product_id, name, quantity, unit_price, subtotal)
VALUES ('5a737182-99d5-4cf3-b03d-d819e2958b43', '36c93748-7c86-4ddb-ba49-1bd1a164bf42', 'Blueberry Muffin', 2, 95, 190);

INSERT INTO public.order_items (order_id, product_id, name, quantity, unit_price, subtotal)
VALUES ('5a737182-99d5-4cf3-b03d-d819e2958b43', '65f0b94f-ccbe-4b50-a175-66810ae10f44', 'Croissant', 1, 80, 80);

INSERT INTO public.order_items (order_id, product_id, name, quantity, unit_price, subtotal)
VALUES ('5a737182-99d5-4cf3-b03d-d819e2958b43', '36c93748-7c86-4ddb-ba49-1bd1a164bf42', 'Blueberry Muffin', 2, 95, 190);

INSERT INTO public.order_items (order_id, product_id, name, quantity, unit_price, subtotal)
VALUES ('5a737182-99d5-4cf3-b03d-d819e2958b43', '65f0b94f-ccbe-4b50-a175-66810ae10f44', 'Croissant', 2, 80, 160);

INSERT INTO public.orders (id, order_id, status, amount, payment_method, cashier_name, created_at)
VALUES ('83898d9a-4207-4bd1-a7f2-d422b30d17a4', 'ORD-00578', 'Void (Consumed)', 1100, 'Credit Card', 'System Seed', '2026-04-15T09:00:01.990Z');

INSERT INTO public.order_items (order_id, product_id, name, quantity, unit_price, subtotal)
VALUES ('83898d9a-4207-4bd1-a7f2-d422b30d17a4', '3a6a55c0-70f3-4417-a252-db77d9e511c0', 'Latte', 3, 120, 360);

INSERT INTO public.order_items (order_id, product_id, name, quantity, unit_price, subtotal)
VALUES ('83898d9a-4207-4bd1-a7f2-d422b30d17a4', '3a6a55c0-70f3-4417-a252-db77d9e511c0', 'Latte', 3, 120, 360);

INSERT INTO public.order_items (order_id, product_id, name, quantity, unit_price, subtotal)
VALUES ('83898d9a-4207-4bd1-a7f2-d422b30d17a4', '83a6812d-2665-4ce5-871a-78a4eab3ce80', 'Americano', 3, 100, 300);

INSERT INTO public.order_items (order_id, product_id, name, quantity, unit_price, subtotal)
VALUES ('83898d9a-4207-4bd1-a7f2-d422b30d17a4', '65f0b94f-ccbe-4b50-a175-66810ae10f44', 'Croissant', 1, 80, 80);

INSERT INTO public.orders (id, order_id, status, amount, payment_method, cashier_name, created_at)
VALUES ('a24d0698-94ba-4c6e-8baa-3b571657e567', 'ORD-00579', 'Completed', 1010, 'Credit Card', 'System Seed', '2026-04-15T09:37:08.990Z');

INSERT INTO public.order_items (order_id, product_id, name, quantity, unit_price, subtotal)
VALUES ('a24d0698-94ba-4c6e-8baa-3b571657e567', '48233f0a-6e57-4a45-b033-627d13f1be78', 'Cappuccino', 1, 120, 120);

INSERT INTO public.order_items (order_id, product_id, name, quantity, unit_price, subtotal)
VALUES ('a24d0698-94ba-4c6e-8baa-3b571657e567', '36c93748-7c86-4ddb-ba49-1bd1a164bf42', 'Blueberry Muffin', 2, 95, 190);

INSERT INTO public.order_items (order_id, product_id, name, quantity, unit_price, subtotal)
VALUES ('a24d0698-94ba-4c6e-8baa-3b571657e567', '1b5c6269-ce45-4413-acb8-21813cd7f9cf', 'Mocha', 3, 140, 420);

INSERT INTO public.order_items (order_id, product_id, name, quantity, unit_price, subtotal)
VALUES ('a24d0698-94ba-4c6e-8baa-3b571657e567', '1b5c6269-ce45-4413-acb8-21813cd7f9cf', 'Mocha', 2, 140, 280);

INSERT INTO public.orders (id, order_id, status, amount, payment_method, cashier_name, created_at)
VALUES ('75e76721-1361-42d9-9e04-773c903daed4', 'ORD-00580', 'Completed', 200, 'Maya', 'System Seed', '2026-04-15T02:03:59.990Z');

INSERT INTO public.order_items (order_id, product_id, name, quantity, unit_price, subtotal)
VALUES ('75e76721-1361-42d9-9e04-773c903daed4', '83a6812d-2665-4ce5-871a-78a4eab3ce80', 'Americano', 2, 100, 200);

INSERT INTO public.orders (id, order_id, status, amount, payment_method, cashier_name, created_at)
VALUES ('3e4ae3b9-1332-484f-8d71-36a3dc3bd4a8', 'ORD-00581', 'Completed', 330, 'Cash', 'System Seed', '2026-04-15T03:52:05.990Z');

INSERT INTO public.order_items (order_id, product_id, name, quantity, unit_price, subtotal)
VALUES ('3e4ae3b9-1332-484f-8d71-36a3dc3bd4a8', 'dfe22f11-84a3-41d2-a268-149f012eae60', 'Sparkling Lemonade', 3, 110, 330);

INSERT INTO public.orders (id, order_id, status, amount, payment_method, cashier_name, created_at)
VALUES ('94f9404f-6bf9-4ca3-9356-dbd2e9d1f4fb', 'ORD-00582', 'Completed', 515, 'Credit Card', 'System Seed', '2026-04-15T09:11:41.990Z');

INSERT INTO public.order_items (order_id, product_id, name, quantity, unit_price, subtotal)
VALUES ('94f9404f-6bf9-4ca3-9356-dbd2e9d1f4fb', '1b5c6269-ce45-4413-acb8-21813cd7f9cf', 'Mocha', 3, 140, 420);

INSERT INTO public.order_items (order_id, product_id, name, quantity, unit_price, subtotal)
VALUES ('94f9404f-6bf9-4ca3-9356-dbd2e9d1f4fb', '36c93748-7c86-4ddb-ba49-1bd1a164bf42', 'Blueberry Muffin', 1, 95, 95);

INSERT INTO public.orders (id, order_id, status, amount, payment_method, cashier_name, created_at)
VALUES ('10432853-d978-45c3-8226-102f8da4b132', 'ORD-00583', 'Completed', 860, 'Cash', 'System Seed', '2026-04-15T07:21:39.990Z');

INSERT INTO public.order_items (order_id, product_id, name, quantity, unit_price, subtotal)
VALUES ('10432853-d978-45c3-8226-102f8da4b132', '48233f0a-6e57-4a45-b033-627d13f1be78', 'Cappuccino', 3, 120, 360);

INSERT INTO public.order_items (order_id, product_id, name, quantity, unit_price, subtotal)
VALUES ('10432853-d978-45c3-8226-102f8da4b132', '1b5c6269-ce45-4413-acb8-21813cd7f9cf', 'Mocha', 1, 140, 140);

INSERT INTO public.order_items (order_id, product_id, name, quantity, unit_price, subtotal)
VALUES ('10432853-d978-45c3-8226-102f8da4b132', 'fe6b02e6-9366-4abd-874c-fcb832e0e282', 'Green Tea', 3, 90, 270);

INSERT INTO public.order_items (order_id, product_id, name, quantity, unit_price, subtotal)
VALUES ('10432853-d978-45c3-8226-102f8da4b132', 'fe6b02e6-9366-4abd-874c-fcb832e0e282', 'Green Tea', 1, 90, 90);

INSERT INTO public.orders (id, order_id, status, amount, payment_method, cashier_name, created_at)
VALUES ('719cb921-5f19-42d2-a088-eb18e0a82229', 'ORD-00584', 'Void (Consumed)', 240, 'Credit Card', 'System Seed', '2026-04-15T02:57:06.990Z');

INSERT INTO public.order_items (order_id, product_id, name, quantity, unit_price, subtotal)
VALUES ('719cb921-5f19-42d2-a088-eb18e0a82229', '48233f0a-6e57-4a45-b033-627d13f1be78', 'Cappuccino', 2, 120, 240);

INSERT INTO public.orders (id, order_id, status, amount, payment_method, cashier_name, created_at)
VALUES ('947a7f7c-2fc6-41ff-8375-fc4e76a31372', 'ORD-00585', 'Completed', 110, 'GCash', 'System Seed', '2026-04-15T07:30:01.990Z');

INSERT INTO public.order_items (order_id, product_id, name, quantity, unit_price, subtotal)
VALUES ('947a7f7c-2fc6-41ff-8375-fc4e76a31372', 'dfe22f11-84a3-41d2-a268-149f012eae60', 'Sparkling Lemonade', 1, 110, 110);

INSERT INTO public.orders (id, order_id, status, amount, payment_method, cashier_name, created_at)
VALUES ('fd30575b-01c0-4267-896b-02e643fc4d13', 'ORD-00586', 'Completed', 870, 'GCash', 'System Seed', '2026-04-15T07:02:58.990Z');

INSERT INTO public.order_items (order_id, product_id, name, quantity, unit_price, subtotal)
VALUES ('fd30575b-01c0-4267-896b-02e643fc4d13', '48233f0a-6e57-4a45-b033-627d13f1be78', 'Cappuccino', 3, 120, 360);

INSERT INTO public.order_items (order_id, product_id, name, quantity, unit_price, subtotal)
VALUES ('fd30575b-01c0-4267-896b-02e643fc4d13', '83a6812d-2665-4ce5-871a-78a4eab3ce80', 'Americano', 3, 100, 300);

INSERT INTO public.order_items (order_id, product_id, name, quantity, unit_price, subtotal)
VALUES ('fd30575b-01c0-4267-896b-02e643fc4d13', 'fe6b02e6-9366-4abd-874c-fcb832e0e282', 'Green Tea', 1, 90, 90);

INSERT INTO public.order_items (order_id, product_id, name, quantity, unit_price, subtotal)
VALUES ('fd30575b-01c0-4267-896b-02e643fc4d13', '48233f0a-6e57-4a45-b033-627d13f1be78', 'Cappuccino', 1, 120, 120);

INSERT INTO public.orders (id, order_id, status, amount, payment_method, cashier_name, created_at)
VALUES ('efdabc92-c919-4f2d-96f8-b53fd0741da7', 'ORD-00587', 'Completed', 525, 'Cash', 'System Seed', '2026-04-15T01:04:15.990Z');

INSERT INTO public.order_items (order_id, product_id, name, quantity, unit_price, subtotal)
VALUES ('efdabc92-c919-4f2d-96f8-b53fd0741da7', '36c93748-7c86-4ddb-ba49-1bd1a164bf42', 'Blueberry Muffin', 3, 95, 285);

INSERT INTO public.order_items (order_id, product_id, name, quantity, unit_price, subtotal)
VALUES ('efdabc92-c919-4f2d-96f8-b53fd0741da7', '65f0b94f-ccbe-4b50-a175-66810ae10f44', 'Croissant', 3, 80, 240);

INSERT INTO public.orders (id, order_id, status, amount, payment_method, cashier_name, created_at)
VALUES ('11b6fd5a-103c-4bda-a24e-3992d66e2447', 'ORD-00588', 'Completed', 360, 'Maya', 'System Seed', '2026-04-15T04:23:32.990Z');

INSERT INTO public.order_items (order_id, product_id, name, quantity, unit_price, subtotal)
VALUES ('11b6fd5a-103c-4bda-a24e-3992d66e2447', '3a6a55c0-70f3-4417-a252-db77d9e511c0', 'Latte', 3, 120, 360);

INSERT INTO public.orders (id, order_id, status, amount, payment_method, cashier_name, created_at)
VALUES ('fd64eca5-5449-4325-919d-586903c7e12d', 'ORD-00589', 'Completed', 360, 'Credit Card', 'System Seed', '2026-04-15T02:40:55.990Z');

INSERT INTO public.order_items (order_id, product_id, name, quantity, unit_price, subtotal)
VALUES ('fd64eca5-5449-4325-919d-586903c7e12d', '3a6a55c0-70f3-4417-a252-db77d9e511c0', 'Latte', 3, 120, 360);

INSERT INTO public.orders (id, order_id, status, amount, payment_method, cashier_name, created_at)
VALUES ('9361464b-8d21-4fd9-8955-5e2b14ab3847', 'ORD-00590', 'Completed', 200, 'Maya', 'System Seed', '2026-04-15T11:41:42.990Z');

INSERT INTO public.order_items (order_id, product_id, name, quantity, unit_price, subtotal)
VALUES ('9361464b-8d21-4fd9-8955-5e2b14ab3847', 'dfe22f11-84a3-41d2-a268-149f012eae60', 'Sparkling Lemonade', 1, 110, 110);

INSERT INTO public.order_items (order_id, product_id, name, quantity, unit_price, subtotal)
VALUES ('9361464b-8d21-4fd9-8955-5e2b14ab3847', 'fe6b02e6-9366-4abd-874c-fcb832e0e282', 'Green Tea', 1, 90, 90);

INSERT INTO public.orders (id, order_id, status, amount, payment_method, cashier_name, created_at)
VALUES ('9f378bd1-9ad8-43e5-81e3-ea9c2e8a7d45', 'ORD-00591', 'Completed', 380, 'Maya', 'System Seed', '2026-04-15T04:59:06.990Z');

INSERT INTO public.order_items (order_id, product_id, name, quantity, unit_price, subtotal)
VALUES ('9f378bd1-9ad8-43e5-81e3-ea9c2e8a7d45', '65f0b94f-ccbe-4b50-a175-66810ae10f44', 'Croissant', 2, 80, 160);

INSERT INTO public.order_items (order_id, product_id, name, quantity, unit_price, subtotal)
VALUES ('9f378bd1-9ad8-43e5-81e3-ea9c2e8a7d45', 'dfe22f11-84a3-41d2-a268-149f012eae60', 'Sparkling Lemonade', 2, 110, 220);

INSERT INTO public.orders (id, order_id, status, amount, payment_method, cashier_name, created_at)
VALUES ('b3b7c333-d5d7-431a-a6db-88228d7ae307', 'ORD-00592', 'Completed', 450, 'Cash', 'System Seed', '2026-04-15T09:15:07.990Z');

INSERT INTO public.order_items (order_id, product_id, name, quantity, unit_price, subtotal)
VALUES ('b3b7c333-d5d7-431a-a6db-88228d7ae307', '3a6a55c0-70f3-4417-a252-db77d9e511c0', 'Latte', 3, 120, 360);

INSERT INTO public.order_items (order_id, product_id, name, quantity, unit_price, subtotal)
VALUES ('b3b7c333-d5d7-431a-a6db-88228d7ae307', 'fe6b02e6-9366-4abd-874c-fcb832e0e282', 'Green Tea', 1, 90, 90);

INSERT INTO public.orders (id, order_id, status, amount, payment_method, cashier_name, created_at)
VALUES ('5ce64050-1f11-406b-890e-6e1288f65416', 'ORD-00593', 'Void (Consumed)', 280, 'GCash', 'System Seed', '2026-04-15T09:43:45.990Z');

INSERT INTO public.order_items (order_id, product_id, name, quantity, unit_price, subtotal)
VALUES ('5ce64050-1f11-406b-890e-6e1288f65416', '1b5c6269-ce45-4413-acb8-21813cd7f9cf', 'Mocha', 2, 140, 280);

INSERT INTO public.orders (id, order_id, status, amount, payment_method, cashier_name, created_at)
VALUES ('c4993525-7fcf-4ca0-9fdb-139681416a81', 'ORD-00594', 'Void (Not Made)', 180, 'Maya', 'System Seed', '2026-04-15T06:52:19.990Z');

INSERT INTO public.order_items (order_id, product_id, name, quantity, unit_price, subtotal)
VALUES ('c4993525-7fcf-4ca0-9fdb-139681416a81', 'fe6b02e6-9366-4abd-874c-fcb832e0e282', 'Green Tea', 2, 90, 180);

INSERT INTO public.orders (id, order_id, status, amount, payment_method, cashier_name, created_at)
VALUES ('80178dec-b497-4b2a-bc17-c4af16ccdeba', 'ORD-00595', 'Completed', 490, 'Maya', 'System Seed', '2026-04-15T09:13:15.990Z');

INSERT INTO public.order_items (order_id, product_id, name, quantity, unit_price, subtotal)
VALUES ('80178dec-b497-4b2a-bc17-c4af16ccdeba', '36c93748-7c86-4ddb-ba49-1bd1a164bf42', 'Blueberry Muffin', 2, 95, 190);

INSERT INTO public.order_items (order_id, product_id, name, quantity, unit_price, subtotal)
VALUES ('80178dec-b497-4b2a-bc17-c4af16ccdeba', 'fe6b02e6-9366-4abd-874c-fcb832e0e282', 'Green Tea', 2, 90, 180);

INSERT INTO public.order_items (order_id, product_id, name, quantity, unit_price, subtotal)
VALUES ('80178dec-b497-4b2a-bc17-c4af16ccdeba', '48233f0a-6e57-4a45-b033-627d13f1be78', 'Cappuccino', 1, 120, 120);

INSERT INTO public.orders (id, order_id, status, amount, payment_method, cashier_name, created_at)
VALUES ('63bc96a6-1ef4-443c-bb23-60ded54de9cd', 'ORD-00596', 'Completed', 440, 'GCash', 'System Seed', '2026-04-15T01:47:13.990Z');

INSERT INTO public.order_items (order_id, product_id, name, quantity, unit_price, subtotal)
VALUES ('63bc96a6-1ef4-443c-bb23-60ded54de9cd', '48233f0a-6e57-4a45-b033-627d13f1be78', 'Cappuccino', 2, 120, 240);

INSERT INTO public.order_items (order_id, product_id, name, quantity, unit_price, subtotal)
VALUES ('63bc96a6-1ef4-443c-bb23-60ded54de9cd', '83a6812d-2665-4ce5-871a-78a4eab3ce80', 'Americano', 2, 100, 200);

INSERT INTO public.orders (id, order_id, status, amount, payment_method, cashier_name, created_at)
VALUES ('598b7c10-9d9e-4aff-956d-46b3fe989b57', 'ORD-00597', 'Completed', 480, 'Maya', 'System Seed', '2026-04-15T03:33:42.990Z');

INSERT INTO public.order_items (order_id, product_id, name, quantity, unit_price, subtotal)
VALUES ('598b7c10-9d9e-4aff-956d-46b3fe989b57', '3a6a55c0-70f3-4417-a252-db77d9e511c0', 'Latte', 1, 120, 120);

INSERT INTO public.order_items (order_id, product_id, name, quantity, unit_price, subtotal)
VALUES ('598b7c10-9d9e-4aff-956d-46b3fe989b57', '3a6a55c0-70f3-4417-a252-db77d9e511c0', 'Latte', 3, 120, 360);

INSERT INTO public.orders (id, order_id, status, amount, payment_method, cashier_name, created_at)
VALUES ('262bb4ad-566e-485e-9119-e6ef677eb025', 'ORD-00598', 'Completed', 570, 'Maya', 'System Seed', '2026-04-15T09:09:10.990Z');

INSERT INTO public.order_items (order_id, product_id, name, quantity, unit_price, subtotal)
VALUES ('262bb4ad-566e-485e-9119-e6ef677eb025', '48233f0a-6e57-4a45-b033-627d13f1be78', 'Cappuccino', 1, 120, 120);

INSERT INTO public.order_items (order_id, product_id, name, quantity, unit_price, subtotal)
VALUES ('262bb4ad-566e-485e-9119-e6ef677eb025', 'fe6b02e6-9366-4abd-874c-fcb832e0e282', 'Green Tea', 1, 90, 90);

INSERT INTO public.order_items (order_id, product_id, name, quantity, unit_price, subtotal)
VALUES ('262bb4ad-566e-485e-9119-e6ef677eb025', '83a6812d-2665-4ce5-871a-78a4eab3ce80', 'Americano', 2, 100, 200);

INSERT INTO public.order_items (order_id, product_id, name, quantity, unit_price, subtotal)
VALUES ('262bb4ad-566e-485e-9119-e6ef677eb025', '65f0b94f-ccbe-4b50-a175-66810ae10f44', 'Croissant', 2, 80, 160);

INSERT INTO public.orders (id, order_id, status, amount, payment_method, cashier_name, created_at)
VALUES ('8f93259e-feb4-405e-80d1-6968dc36fe92', 'ORD-00599', 'Completed', 400, 'Maya', 'System Seed', '2026-04-15T23:27:37.990Z');

INSERT INTO public.order_items (order_id, product_id, name, quantity, unit_price, subtotal)
VALUES ('8f93259e-feb4-405e-80d1-6968dc36fe92', '48233f0a-6e57-4a45-b033-627d13f1be78', 'Cappuccino', 1, 120, 120);

INSERT INTO public.order_items (order_id, product_id, name, quantity, unit_price, subtotal)
VALUES ('8f93259e-feb4-405e-80d1-6968dc36fe92', '1b5c6269-ce45-4413-acb8-21813cd7f9cf', 'Mocha', 2, 140, 280);

INSERT INTO public.orders (id, order_id, status, amount, payment_method, cashier_name, created_at)
VALUES ('9b5f88d8-437e-4a4d-ba9d-e1c6aa6d3039', 'ORD-00600', 'Completed', 430, 'GCash', 'System Seed', '2026-04-16T08:52:14.990Z');

INSERT INTO public.order_items (order_id, product_id, name, quantity, unit_price, subtotal)
VALUES ('9b5f88d8-437e-4a4d-ba9d-e1c6aa6d3039', 'fe6b02e6-9366-4abd-874c-fcb832e0e282', 'Green Tea', 3, 90, 270);

INSERT INTO public.order_items (order_id, product_id, name, quantity, unit_price, subtotal)
VALUES ('9b5f88d8-437e-4a4d-ba9d-e1c6aa6d3039', '65f0b94f-ccbe-4b50-a175-66810ae10f44', 'Croissant', 2, 80, 160);

INSERT INTO public.orders (id, order_id, status, amount, payment_method, cashier_name, created_at)
VALUES ('4584a4bb-4d68-4b44-bc7a-eca2c3f6b09d', 'ORD-00601', 'Void (Not Made)', 240, 'GCash', 'System Seed', '2026-04-15T23:34:00.990Z');

INSERT INTO public.order_items (order_id, product_id, name, quantity, unit_price, subtotal)
VALUES ('4584a4bb-4d68-4b44-bc7a-eca2c3f6b09d', '48233f0a-6e57-4a45-b033-627d13f1be78', 'Cappuccino', 2, 120, 240);

INSERT INTO public.orders (id, order_id, status, amount, payment_method, cashier_name, created_at)
VALUES ('ad9c764c-667d-4704-8245-cd5106763b36', 'ORD-00602', 'Void (Consumed)', 855, 'Credit Card', 'System Seed', '2026-04-16T05:55:29.990Z');

INSERT INTO public.order_items (order_id, product_id, name, quantity, unit_price, subtotal)
VALUES ('ad9c764c-667d-4704-8245-cd5106763b36', '36c93748-7c86-4ddb-ba49-1bd1a164bf42', 'Blueberry Muffin', 3, 95, 285);

INSERT INTO public.order_items (order_id, product_id, name, quantity, unit_price, subtotal)
VALUES ('ad9c764c-667d-4704-8245-cd5106763b36', 'fe6b02e6-9366-4abd-874c-fcb832e0e282', 'Green Tea', 1, 90, 90);

INSERT INTO public.order_items (order_id, product_id, name, quantity, unit_price, subtotal)
VALUES ('ad9c764c-667d-4704-8245-cd5106763b36', '3a6a55c0-70f3-4417-a252-db77d9e511c0', 'Latte', 2, 120, 240);

INSERT INTO public.order_items (order_id, product_id, name, quantity, unit_price, subtotal)
VALUES ('ad9c764c-667d-4704-8245-cd5106763b36', '3a6a55c0-70f3-4417-a252-db77d9e511c0', 'Latte', 2, 120, 240);

INSERT INTO public.orders (id, order_id, status, amount, payment_method, cashier_name, created_at)
VALUES ('f3fa969e-d7aa-4846-b8a7-c423921ac679', 'ORD-00603', 'Completed', 420, 'GCash', 'System Seed', '2026-04-16T12:05:38.990Z');

INSERT INTO public.order_items (order_id, product_id, name, quantity, unit_price, subtotal)
VALUES ('f3fa969e-d7aa-4846-b8a7-c423921ac679', '1b5c6269-ce45-4413-acb8-21813cd7f9cf', 'Mocha', 3, 140, 420);

INSERT INTO public.orders (id, order_id, status, amount, payment_method, cashier_name, created_at)
VALUES ('a7d09748-f068-4126-ab74-1b1a0b1a9d5d', 'ORD-00604', 'Completed', 670, 'Cash', 'System Seed', '2026-04-16T02:13:56.990Z');

INSERT INTO public.order_items (order_id, product_id, name, quantity, unit_price, subtotal)
VALUES ('a7d09748-f068-4126-ab74-1b1a0b1a9d5d', '83a6812d-2665-4ce5-871a-78a4eab3ce80', 'Americano', 1, 100, 100);

INSERT INTO public.order_items (order_id, product_id, name, quantity, unit_price, subtotal)
VALUES ('a7d09748-f068-4126-ab74-1b1a0b1a9d5d', '83a6812d-2665-4ce5-871a-78a4eab3ce80', 'Americano', 3, 100, 300);

INSERT INTO public.order_items (order_id, product_id, name, quantity, unit_price, subtotal)
VALUES ('a7d09748-f068-4126-ab74-1b1a0b1a9d5d', 'fe6b02e6-9366-4abd-874c-fcb832e0e282', 'Green Tea', 3, 90, 270);

INSERT INTO public.orders (id, order_id, status, amount, payment_method, cashier_name, created_at)
VALUES ('1b4bf929-cdf0-4109-a63a-afa0c4767f7f', 'ORD-00605', 'Completed', 615, 'Cash', 'System Seed', '2026-04-16T00:52:18.990Z');

INSERT INTO public.order_items (order_id, product_id, name, quantity, unit_price, subtotal)
VALUES ('1b4bf929-cdf0-4109-a63a-afa0c4767f7f', 'dfe22f11-84a3-41d2-a268-149f012eae60', 'Sparkling Lemonade', 3, 110, 330);

INSERT INTO public.order_items (order_id, product_id, name, quantity, unit_price, subtotal)
VALUES ('1b4bf929-cdf0-4109-a63a-afa0c4767f7f', '36c93748-7c86-4ddb-ba49-1bd1a164bf42', 'Blueberry Muffin', 3, 95, 285);

INSERT INTO public.orders (id, order_id, status, amount, payment_method, cashier_name, created_at)
VALUES ('a005389f-330a-48e7-bb7d-c40b65395326', 'ORD-00606', 'Completed', 525, 'Credit Card', 'System Seed', '2026-04-16T11:41:17.990Z');

INSERT INTO public.order_items (order_id, product_id, name, quantity, unit_price, subtotal)
VALUES ('a005389f-330a-48e7-bb7d-c40b65395326', '36c93748-7c86-4ddb-ba49-1bd1a164bf42', 'Blueberry Muffin', 3, 95, 285);

INSERT INTO public.order_items (order_id, product_id, name, quantity, unit_price, subtotal)
VALUES ('a005389f-330a-48e7-bb7d-c40b65395326', '3a6a55c0-70f3-4417-a252-db77d9e511c0', 'Latte', 2, 120, 240);

INSERT INTO public.orders (id, order_id, status, amount, payment_method, cashier_name, created_at)
VALUES ('ef198ef4-2ff0-4ccd-b36a-1b8b26c0b5af', 'ORD-00607', 'Completed', 695, 'Credit Card', 'System Seed', '2026-04-16T07:06:23.990Z');

INSERT INTO public.order_items (order_id, product_id, name, quantity, unit_price, subtotal)
VALUES ('ef198ef4-2ff0-4ccd-b36a-1b8b26c0b5af', '3a6a55c0-70f3-4417-a252-db77d9e511c0', 'Latte', 2, 120, 240);

INSERT INTO public.order_items (order_id, product_id, name, quantity, unit_price, subtotal)
VALUES ('ef198ef4-2ff0-4ccd-b36a-1b8b26c0b5af', '36c93748-7c86-4ddb-ba49-1bd1a164bf42', 'Blueberry Muffin', 1, 95, 95);

INSERT INTO public.order_items (order_id, product_id, name, quantity, unit_price, subtotal)
VALUES ('ef198ef4-2ff0-4ccd-b36a-1b8b26c0b5af', '48233f0a-6e57-4a45-b033-627d13f1be78', 'Cappuccino', 3, 120, 360);

INSERT INTO public.orders (id, order_id, status, amount, payment_method, cashier_name, created_at)
VALUES ('746590b0-beef-42e1-853a-c33cbd083b54', 'ORD-00608', 'Completed', 230, 'GCash', 'System Seed', '2026-04-16T10:51:47.990Z');

INSERT INTO public.order_items (order_id, product_id, name, quantity, unit_price, subtotal)
VALUES ('746590b0-beef-42e1-853a-c33cbd083b54', '48233f0a-6e57-4a45-b033-627d13f1be78', 'Cappuccino', 1, 120, 120);

INSERT INTO public.order_items (order_id, product_id, name, quantity, unit_price, subtotal)
VALUES ('746590b0-beef-42e1-853a-c33cbd083b54', 'dfe22f11-84a3-41d2-a268-149f012eae60', 'Sparkling Lemonade', 1, 110, 110);

INSERT INTO public.orders (id, order_id, status, amount, payment_method, cashier_name, created_at)
VALUES ('ef496fc4-62a8-4deb-b692-eb68c56961da', 'ORD-00609', 'Void (Not Made)', 520, 'Cash', 'System Seed', '2026-04-16T06:33:23.990Z');

INSERT INTO public.order_items (order_id, product_id, name, quantity, unit_price, subtotal)
VALUES ('ef496fc4-62a8-4deb-b692-eb68c56961da', '3a6a55c0-70f3-4417-a252-db77d9e511c0', 'Latte', 3, 120, 360);

INSERT INTO public.order_items (order_id, product_id, name, quantity, unit_price, subtotal)
VALUES ('ef496fc4-62a8-4deb-b692-eb68c56961da', '65f0b94f-ccbe-4b50-a175-66810ae10f44', 'Croissant', 2, 80, 160);

INSERT INTO public.orders (id, order_id, status, amount, payment_method, cashier_name, created_at)
VALUES ('ae888ce6-c42c-4981-857a-8e2ad058d660', 'ORD-00610', 'Completed', 235, 'Maya', 'System Seed', '2026-04-16T08:58:29.990Z');

INSERT INTO public.order_items (order_id, product_id, name, quantity, unit_price, subtotal)
VALUES ('ae888ce6-c42c-4981-857a-8e2ad058d660', '36c93748-7c86-4ddb-ba49-1bd1a164bf42', 'Blueberry Muffin', 1, 95, 95);

INSERT INTO public.order_items (order_id, product_id, name, quantity, unit_price, subtotal)
VALUES ('ae888ce6-c42c-4981-857a-8e2ad058d660', '1b5c6269-ce45-4413-acb8-21813cd7f9cf', 'Mocha', 1, 140, 140);

INSERT INTO public.orders (id, order_id, status, amount, payment_method, cashier_name, created_at)
VALUES ('1f2fb363-4af7-40b3-a249-84f813bd13ea', 'ORD-00611', 'Completed', 340, 'Maya', 'System Seed', '2026-04-16T08:33:17.990Z');

INSERT INTO public.order_items (order_id, product_id, name, quantity, unit_price, subtotal)
VALUES ('1f2fb363-4af7-40b3-a249-84f813bd13ea', 'fe6b02e6-9366-4abd-874c-fcb832e0e282', 'Green Tea', 2, 90, 180);

INSERT INTO public.order_items (order_id, product_id, name, quantity, unit_price, subtotal)
VALUES ('1f2fb363-4af7-40b3-a249-84f813bd13ea', '65f0b94f-ccbe-4b50-a175-66810ae10f44', 'Croissant', 2, 80, 160);

INSERT INTO public.orders (id, order_id, status, amount, payment_method, cashier_name, created_at)
VALUES ('c7d2141d-d662-47e4-9dd5-c5e132bd4c89', 'ORD-00612', 'Void (Not Made)', 375, 'Cash', 'System Seed', '2026-04-16T04:46:18.990Z');

INSERT INTO public.order_items (order_id, product_id, name, quantity, unit_price, subtotal)
VALUES ('c7d2141d-d662-47e4-9dd5-c5e132bd4c89', '36c93748-7c86-4ddb-ba49-1bd1a164bf42', 'Blueberry Muffin', 1, 95, 95);

INSERT INTO public.order_items (order_id, product_id, name, quantity, unit_price, subtotal)
VALUES ('c7d2141d-d662-47e4-9dd5-c5e132bd4c89', '1b5c6269-ce45-4413-acb8-21813cd7f9cf', 'Mocha', 2, 140, 280);

INSERT INTO public.orders (id, order_id, status, amount, payment_method, cashier_name, created_at)
VALUES ('d351727e-9602-4646-abf5-f5ae93993a63', 'ORD-00613', 'Void (Not Made)', 680, 'Cash', 'System Seed', '2026-04-16T05:15:13.990Z');

INSERT INTO public.order_items (order_id, product_id, name, quantity, unit_price, subtotal)
VALUES ('d351727e-9602-4646-abf5-f5ae93993a63', '83a6812d-2665-4ce5-871a-78a4eab3ce80', 'Americano', 1, 100, 100);

INSERT INTO public.order_items (order_id, product_id, name, quantity, unit_price, subtotal)
VALUES ('d351727e-9602-4646-abf5-f5ae93993a63', 'dfe22f11-84a3-41d2-a268-149f012eae60', 'Sparkling Lemonade', 2, 110, 220);

INSERT INTO public.order_items (order_id, product_id, name, quantity, unit_price, subtotal)
VALUES ('d351727e-9602-4646-abf5-f5ae93993a63', '48233f0a-6e57-4a45-b033-627d13f1be78', 'Cappuccino', 3, 120, 360);

INSERT INTO public.orders (id, order_id, status, amount, payment_method, cashier_name, created_at)
VALUES ('0f43111a-f764-4b7a-b931-70b31d00b533', 'ORD-00614', 'Void (Not Made)', 250, 'GCash', 'System Seed', '2026-04-16T11:01:00.990Z');

INSERT INTO public.order_items (order_id, product_id, name, quantity, unit_price, subtotal)
VALUES ('0f43111a-f764-4b7a-b931-70b31d00b533', '1b5c6269-ce45-4413-acb8-21813cd7f9cf', 'Mocha', 1, 140, 140);

INSERT INTO public.order_items (order_id, product_id, name, quantity, unit_price, subtotal)
VALUES ('0f43111a-f764-4b7a-b931-70b31d00b533', 'dfe22f11-84a3-41d2-a268-149f012eae60', 'Sparkling Lemonade', 1, 110, 110);

INSERT INTO public.orders (id, order_id, status, amount, payment_method, cashier_name, created_at)
VALUES ('1730b113-0ead-4842-8ad7-90a48384836c', 'ORD-00615', 'Completed', 240, 'Maya', 'System Seed', '2026-04-16T12:48:41.990Z');

INSERT INTO public.order_items (order_id, product_id, name, quantity, unit_price, subtotal)
VALUES ('1730b113-0ead-4842-8ad7-90a48384836c', '3a6a55c0-70f3-4417-a252-db77d9e511c0', 'Latte', 2, 120, 240);

INSERT INTO public.orders (id, order_id, status, amount, payment_method, cashier_name, created_at)
VALUES ('78ae47ad-1acf-4417-ae98-3ce049356d54', 'ORD-00616', 'Completed', 120, 'Maya', 'System Seed', '2026-04-16T02:02:36.990Z');

INSERT INTO public.order_items (order_id, product_id, name, quantity, unit_price, subtotal)
VALUES ('78ae47ad-1acf-4417-ae98-3ce049356d54', '48233f0a-6e57-4a45-b033-627d13f1be78', 'Cappuccino', 1, 120, 120);

INSERT INTO public.orders (id, order_id, status, amount, payment_method, cashier_name, created_at)
VALUES ('0d5543a6-9cd2-41b7-908c-8dbaf62ca1be', 'ORD-00617', 'Completed', 330, 'Credit Card', 'System Seed', '2026-04-16T09:22:29.990Z');

INSERT INTO public.order_items (order_id, product_id, name, quantity, unit_price, subtotal)
VALUES ('0d5543a6-9cd2-41b7-908c-8dbaf62ca1be', 'dfe22f11-84a3-41d2-a268-149f012eae60', 'Sparkling Lemonade', 3, 110, 330);

INSERT INTO public.orders (id, order_id, status, amount, payment_method, cashier_name, created_at)
VALUES ('56306ba8-8a1e-43a4-968a-5f30cc7d4f2e', 'ORD-00618', 'Void (Not Made)', 480, 'GCash', 'System Seed', '2026-04-16T02:47:27.990Z');

INSERT INTO public.order_items (order_id, product_id, name, quantity, unit_price, subtotal)
VALUES ('56306ba8-8a1e-43a4-968a-5f30cc7d4f2e', '3a6a55c0-70f3-4417-a252-db77d9e511c0', 'Latte', 3, 120, 360);

INSERT INTO public.order_items (order_id, product_id, name, quantity, unit_price, subtotal)
VALUES ('56306ba8-8a1e-43a4-968a-5f30cc7d4f2e', '3a6a55c0-70f3-4417-a252-db77d9e511c0', 'Latte', 1, 120, 120);

INSERT INTO public.orders (id, order_id, status, amount, payment_method, cashier_name, created_at)
VALUES ('080b23b7-9c13-4956-a9be-bf4459869a82', 'ORD-00619', 'Completed', 780, 'GCash', 'System Seed', '2026-04-16T10:07:22.990Z');

INSERT INTO public.order_items (order_id, product_id, name, quantity, unit_price, subtotal)
VALUES ('080b23b7-9c13-4956-a9be-bf4459869a82', '3a6a55c0-70f3-4417-a252-db77d9e511c0', 'Latte', 3, 120, 360);

INSERT INTO public.order_items (order_id, product_id, name, quantity, unit_price, subtotal)
VALUES ('080b23b7-9c13-4956-a9be-bf4459869a82', '1b5c6269-ce45-4413-acb8-21813cd7f9cf', 'Mocha', 3, 140, 420);

INSERT INTO public.orders (id, order_id, status, amount, payment_method, cashier_name, created_at)
VALUES ('1a0d1873-6a6f-4453-b7fe-028a425122ae', 'ORD-00620', 'Completed', 320, 'GCash', 'System Seed', '2026-04-16T12:39:16.990Z');

INSERT INTO public.order_items (order_id, product_id, name, quantity, unit_price, subtotal)
VALUES ('1a0d1873-6a6f-4453-b7fe-028a425122ae', '48233f0a-6e57-4a45-b033-627d13f1be78', 'Cappuccino', 2, 120, 240);

INSERT INTO public.order_items (order_id, product_id, name, quantity, unit_price, subtotal)
VALUES ('1a0d1873-6a6f-4453-b7fe-028a425122ae', '65f0b94f-ccbe-4b50-a175-66810ae10f44', 'Croissant', 1, 80, 80);

INSERT INTO public.orders (id, order_id, status, amount, payment_method, cashier_name, created_at)
VALUES ('331df97b-460b-4693-b874-965457f1cf0b', 'ORD-00621', 'Void (Not Made)', 80, 'GCash', 'System Seed', '2026-04-17T05:18:04.990Z');

INSERT INTO public.order_items (order_id, product_id, name, quantity, unit_price, subtotal)
VALUES ('331df97b-460b-4693-b874-965457f1cf0b', '65f0b94f-ccbe-4b50-a175-66810ae10f44', 'Croissant', 1, 80, 80);

INSERT INTO public.orders (id, order_id, status, amount, payment_method, cashier_name, created_at)
VALUES ('530077ff-28d9-4f41-8220-705ae7578017', 'ORD-00622', 'Completed', 405, 'Credit Card', 'System Seed', '2026-04-16T23:18:15.990Z');

INSERT INTO public.order_items (order_id, product_id, name, quantity, unit_price, subtotal)
VALUES ('530077ff-28d9-4f41-8220-705ae7578017', 'dfe22f11-84a3-41d2-a268-149f012eae60', 'Sparkling Lemonade', 1, 110, 110);

INSERT INTO public.order_items (order_id, product_id, name, quantity, unit_price, subtotal)
VALUES ('530077ff-28d9-4f41-8220-705ae7578017', '36c93748-7c86-4ddb-ba49-1bd1a164bf42', 'Blueberry Muffin', 1, 95, 95);

INSERT INTO public.order_items (order_id, product_id, name, quantity, unit_price, subtotal)
VALUES ('530077ff-28d9-4f41-8220-705ae7578017', '83a6812d-2665-4ce5-871a-78a4eab3ce80', 'Americano', 1, 100, 100);

INSERT INTO public.order_items (order_id, product_id, name, quantity, unit_price, subtotal)
VALUES ('530077ff-28d9-4f41-8220-705ae7578017', '83a6812d-2665-4ce5-871a-78a4eab3ce80', 'Americano', 1, 100, 100);

INSERT INTO public.orders (id, order_id, status, amount, payment_method, cashier_name, created_at)
VALUES ('5a09650e-2f05-4942-9e44-32283290a42a', 'ORD-00623', 'Void (Not Made)', 395, 'Maya', 'System Seed', '2026-04-17T01:52:59.990Z');

INSERT INTO public.order_items (order_id, product_id, name, quantity, unit_price, subtotal)
VALUES ('5a09650e-2f05-4942-9e44-32283290a42a', '36c93748-7c86-4ddb-ba49-1bd1a164bf42', 'Blueberry Muffin', 3, 95, 285);

INSERT INTO public.order_items (order_id, product_id, name, quantity, unit_price, subtotal)
VALUES ('5a09650e-2f05-4942-9e44-32283290a42a', 'dfe22f11-84a3-41d2-a268-149f012eae60', 'Sparkling Lemonade', 1, 110, 110);

INSERT INTO public.orders (id, order_id, status, amount, payment_method, cashier_name, created_at)
VALUES ('dc0b08bb-f50b-445d-b799-823ae5f7371e', 'ORD-00624', 'Void (Consumed)', 100, 'Cash', 'System Seed', '2026-04-17T06:53:53.990Z');

INSERT INTO public.order_items (order_id, product_id, name, quantity, unit_price, subtotal)
VALUES ('dc0b08bb-f50b-445d-b799-823ae5f7371e', '83a6812d-2665-4ce5-871a-78a4eab3ce80', 'Americano', 1, 100, 100);

INSERT INTO public.orders (id, order_id, status, amount, payment_method, cashier_name, created_at)
VALUES ('9dc97314-712e-4338-aeec-3b9443de7a31', 'ORD-00625', 'Completed', 610, 'Credit Card', 'System Seed', '2026-04-17T12:23:38.990Z');

INSERT INTO public.order_items (order_id, product_id, name, quantity, unit_price, subtotal)
VALUES ('9dc97314-712e-4338-aeec-3b9443de7a31', 'dfe22f11-84a3-41d2-a268-149f012eae60', 'Sparkling Lemonade', 1, 110, 110);

INSERT INTO public.order_items (order_id, product_id, name, quantity, unit_price, subtotal)
VALUES ('9dc97314-712e-4338-aeec-3b9443de7a31', '1b5c6269-ce45-4413-acb8-21813cd7f9cf', 'Mocha', 1, 140, 140);

INSERT INTO public.order_items (order_id, product_id, name, quantity, unit_price, subtotal)
VALUES ('9dc97314-712e-4338-aeec-3b9443de7a31', '48233f0a-6e57-4a45-b033-627d13f1be78', 'Cappuccino', 3, 120, 360);

INSERT INTO public.orders (id, order_id, status, amount, payment_method, cashier_name, created_at)
VALUES ('dd37c6c5-c2a3-4e4d-b9d8-d25c896984d5', 'ORD-00626', 'Completed', 930, 'GCash', 'System Seed', '2026-04-17T11:55:22.990Z');

INSERT INTO public.order_items (order_id, product_id, name, quantity, unit_price, subtotal)
VALUES ('dd37c6c5-c2a3-4e4d-b9d8-d25c896984d5', '3a6a55c0-70f3-4417-a252-db77d9e511c0', 'Latte', 3, 120, 360);

INSERT INTO public.order_items (order_id, product_id, name, quantity, unit_price, subtotal)
VALUES ('dd37c6c5-c2a3-4e4d-b9d8-d25c896984d5', 'dfe22f11-84a3-41d2-a268-149f012eae60', 'Sparkling Lemonade', 2, 110, 220);

INSERT INTO public.order_items (order_id, product_id, name, quantity, unit_price, subtotal)
VALUES ('dd37c6c5-c2a3-4e4d-b9d8-d25c896984d5', 'dfe22f11-84a3-41d2-a268-149f012eae60', 'Sparkling Lemonade', 1, 110, 110);

INSERT INTO public.order_items (order_id, product_id, name, quantity, unit_price, subtotal)
VALUES ('dd37c6c5-c2a3-4e4d-b9d8-d25c896984d5', '48233f0a-6e57-4a45-b033-627d13f1be78', 'Cappuccino', 2, 120, 240);

INSERT INTO public.orders (id, order_id, status, amount, payment_method, cashier_name, created_at)
VALUES ('7a7ab017-9169-427f-9e4c-707a86de5a20', 'ORD-00627', 'Void (Consumed)', 650, 'Cash', 'System Seed', '2026-04-17T03:24:09.990Z');

INSERT INTO public.order_items (order_id, product_id, name, quantity, unit_price, subtotal)
VALUES ('7a7ab017-9169-427f-9e4c-707a86de5a20', '36c93748-7c86-4ddb-ba49-1bd1a164bf42', 'Blueberry Muffin', 2, 95, 190);

INSERT INTO public.order_items (order_id, product_id, name, quantity, unit_price, subtotal)
VALUES ('7a7ab017-9169-427f-9e4c-707a86de5a20', '83a6812d-2665-4ce5-871a-78a4eab3ce80', 'Americano', 1, 100, 100);

INSERT INTO public.order_items (order_id, product_id, name, quantity, unit_price, subtotal)
VALUES ('7a7ab017-9169-427f-9e4c-707a86de5a20', '3a6a55c0-70f3-4417-a252-db77d9e511c0', 'Latte', 2, 120, 240);

INSERT INTO public.order_items (order_id, product_id, name, quantity, unit_price, subtotal)
VALUES ('7a7ab017-9169-427f-9e4c-707a86de5a20', '48233f0a-6e57-4a45-b033-627d13f1be78', 'Cappuccino', 1, 120, 120);

INSERT INTO public.orders (id, order_id, status, amount, payment_method, cashier_name, created_at)
VALUES ('67853613-2fb0-4184-8af0-7af7fc2f925a', 'ORD-00628', 'Completed', 330, 'Maya', 'System Seed', '2026-04-17T07:27:57.990Z');

INSERT INTO public.order_items (order_id, product_id, name, quantity, unit_price, subtotal)
VALUES ('67853613-2fb0-4184-8af0-7af7fc2f925a', '3a6a55c0-70f3-4417-a252-db77d9e511c0', 'Latte', 2, 120, 240);

INSERT INTO public.order_items (order_id, product_id, name, quantity, unit_price, subtotal)
VALUES ('67853613-2fb0-4184-8af0-7af7fc2f925a', 'fe6b02e6-9366-4abd-874c-fcb832e0e282', 'Green Tea', 1, 90, 90);

INSERT INTO public.orders (id, order_id, status, amount, payment_method, cashier_name, created_at)
VALUES ('40df7c00-3d27-4c05-b8ea-19c90e0fb9d7', 'ORD-00629', 'Completed', 940, 'Maya', 'System Seed', '2026-04-17T12:03:47.990Z');

INSERT INTO public.order_items (order_id, product_id, name, quantity, unit_price, subtotal)
VALUES ('40df7c00-3d27-4c05-b8ea-19c90e0fb9d7', '65f0b94f-ccbe-4b50-a175-66810ae10f44', 'Croissant', 3, 80, 240);

INSERT INTO public.order_items (order_id, product_id, name, quantity, unit_price, subtotal)
VALUES ('40df7c00-3d27-4c05-b8ea-19c90e0fb9d7', '83a6812d-2665-4ce5-871a-78a4eab3ce80', 'Americano', 1, 100, 100);

INSERT INTO public.order_items (order_id, product_id, name, quantity, unit_price, subtotal)
VALUES ('40df7c00-3d27-4c05-b8ea-19c90e0fb9d7', '48233f0a-6e57-4a45-b033-627d13f1be78', 'Cappuccino', 2, 120, 240);

INSERT INTO public.order_items (order_id, product_id, name, quantity, unit_price, subtotal)
VALUES ('40df7c00-3d27-4c05-b8ea-19c90e0fb9d7', '3a6a55c0-70f3-4417-a252-db77d9e511c0', 'Latte', 3, 120, 360);

INSERT INTO public.orders (id, order_id, status, amount, payment_method, cashier_name, created_at)
VALUES ('ce319ce1-81f9-4d28-ad45-ae45cfb5659b', 'ORD-00630', 'Completed', 440, 'Credit Card', 'System Seed', '2026-04-17T03:10:20.990Z');

INSERT INTO public.order_items (order_id, product_id, name, quantity, unit_price, subtotal)
VALUES ('ce319ce1-81f9-4d28-ad45-ae45cfb5659b', '65f0b94f-ccbe-4b50-a175-66810ae10f44', 'Croissant', 1, 80, 80);

INSERT INTO public.order_items (order_id, product_id, name, quantity, unit_price, subtotal)
VALUES ('ce319ce1-81f9-4d28-ad45-ae45cfb5659b', '48233f0a-6e57-4a45-b033-627d13f1be78', 'Cappuccino', 3, 120, 360);

INSERT INTO public.orders (id, order_id, status, amount, payment_method, cashier_name, created_at)
VALUES ('efe5946b-8fef-4653-8be1-f59349567821', 'ORD-00631', 'Completed', 540, 'Credit Card', 'System Seed', '2026-04-17T05:16:52.990Z');

INSERT INTO public.order_items (order_id, product_id, name, quantity, unit_price, subtotal)
VALUES ('efe5946b-8fef-4653-8be1-f59349567821', '65f0b94f-ccbe-4b50-a175-66810ae10f44', 'Croissant', 2, 80, 160);

INSERT INTO public.order_items (order_id, product_id, name, quantity, unit_price, subtotal)
VALUES ('efe5946b-8fef-4653-8be1-f59349567821', '1b5c6269-ce45-4413-acb8-21813cd7f9cf', 'Mocha', 1, 140, 140);

INSERT INTO public.order_items (order_id, product_id, name, quantity, unit_price, subtotal)
VALUES ('efe5946b-8fef-4653-8be1-f59349567821', '65f0b94f-ccbe-4b50-a175-66810ae10f44', 'Croissant', 3, 80, 240);

INSERT INTO public.orders (id, order_id, status, amount, payment_method, cashier_name, created_at)
VALUES ('f1473cb4-9326-4469-906b-bdd20258ea19', 'ORD-00632', 'Completed', 240, 'Credit Card', 'System Seed', '2026-04-16T23:03:02.990Z');

INSERT INTO public.order_items (order_id, product_id, name, quantity, unit_price, subtotal)
VALUES ('f1473cb4-9326-4469-906b-bdd20258ea19', '3a6a55c0-70f3-4417-a252-db77d9e511c0', 'Latte', 2, 120, 240);

INSERT INTO public.orders (id, order_id, status, amount, payment_method, cashier_name, created_at)
VALUES ('5c1efb11-0850-457b-a493-866a8cdcfd72', 'ORD-00633', 'Completed', 630, 'Maya', 'System Seed', '2026-04-17T06:31:02.990Z');

INSERT INTO public.order_items (order_id, product_id, name, quantity, unit_price, subtotal)
VALUES ('5c1efb11-0850-457b-a493-866a8cdcfd72', 'fe6b02e6-9366-4abd-874c-fcb832e0e282', 'Green Tea', 3, 90, 270);

INSERT INTO public.order_items (order_id, product_id, name, quantity, unit_price, subtotal)
VALUES ('5c1efb11-0850-457b-a493-866a8cdcfd72', '48233f0a-6e57-4a45-b033-627d13f1be78', 'Cappuccino', 3, 120, 360);

INSERT INTO public.orders (id, order_id, status, amount, payment_method, cashier_name, created_at)
VALUES ('9d3c8922-2b28-468d-a94b-9d1bb8283b82', 'ORD-00634', 'Completed', 360, 'Credit Card', 'System Seed', '2026-04-17T04:38:17.990Z');

INSERT INTO public.order_items (order_id, product_id, name, quantity, unit_price, subtotal)
VALUES ('9d3c8922-2b28-468d-a94b-9d1bb8283b82', '48233f0a-6e57-4a45-b033-627d13f1be78', 'Cappuccino', 2, 120, 240);

INSERT INTO public.order_items (order_id, product_id, name, quantity, unit_price, subtotal)
VALUES ('9d3c8922-2b28-468d-a94b-9d1bb8283b82', '48233f0a-6e57-4a45-b033-627d13f1be78', 'Cappuccino', 1, 120, 120);

INSERT INTO public.orders (id, order_id, status, amount, payment_method, cashier_name, created_at)
VALUES ('eb1ee3f1-9097-4da3-b9b9-6d7eb93f9acf', 'ORD-00635', 'Completed', 750, 'Cash', 'System Seed', '2026-04-17T02:43:06.990Z');

INSERT INTO public.order_items (order_id, product_id, name, quantity, unit_price, subtotal)
VALUES ('eb1ee3f1-9097-4da3-b9b9-6d7eb93f9acf', '3a6a55c0-70f3-4417-a252-db77d9e511c0', 'Latte', 3, 120, 360);

INSERT INTO public.order_items (order_id, product_id, name, quantity, unit_price, subtotal)
VALUES ('eb1ee3f1-9097-4da3-b9b9-6d7eb93f9acf', '48233f0a-6e57-4a45-b033-627d13f1be78', 'Cappuccino', 1, 120, 120);

INSERT INTO public.order_items (order_id, product_id, name, quantity, unit_price, subtotal)
VALUES ('eb1ee3f1-9097-4da3-b9b9-6d7eb93f9acf', 'fe6b02e6-9366-4abd-874c-fcb832e0e282', 'Green Tea', 3, 90, 270);

INSERT INTO public.orders (id, order_id, status, amount, payment_method, cashier_name, created_at)
VALUES ('84a18aad-fea1-49e8-bf47-c0be02737833', 'ORD-00636', 'Void (Consumed)', 180, 'Maya', 'System Seed', '2026-04-17T12:01:16.990Z');

INSERT INTO public.order_items (order_id, product_id, name, quantity, unit_price, subtotal)
VALUES ('84a18aad-fea1-49e8-bf47-c0be02737833', 'fe6b02e6-9366-4abd-874c-fcb832e0e282', 'Green Tea', 2, 90, 180);

INSERT INTO public.orders (id, order_id, status, amount, payment_method, cashier_name, created_at)
VALUES ('6f1938e9-20f8-43fc-b6da-c3b00432721c', 'ORD-00637', 'Void (Consumed)', 860, 'Maya', 'System Seed', '2026-04-17T10:31:33.990Z');

INSERT INTO public.order_items (order_id, product_id, name, quantity, unit_price, subtotal)
VALUES ('6f1938e9-20f8-43fc-b6da-c3b00432721c', 'dfe22f11-84a3-41d2-a268-149f012eae60', 'Sparkling Lemonade', 2, 110, 220);

INSERT INTO public.order_items (order_id, product_id, name, quantity, unit_price, subtotal)
VALUES ('6f1938e9-20f8-43fc-b6da-c3b00432721c', '48233f0a-6e57-4a45-b033-627d13f1be78', 'Cappuccino', 1, 120, 120);

INSERT INTO public.order_items (order_id, product_id, name, quantity, unit_price, subtotal)
VALUES ('6f1938e9-20f8-43fc-b6da-c3b00432721c', '3a6a55c0-70f3-4417-a252-db77d9e511c0', 'Latte', 3, 120, 360);

INSERT INTO public.order_items (order_id, product_id, name, quantity, unit_price, subtotal)
VALUES ('6f1938e9-20f8-43fc-b6da-c3b00432721c', '65f0b94f-ccbe-4b50-a175-66810ae10f44', 'Croissant', 2, 80, 160);

INSERT INTO public.orders (id, order_id, status, amount, payment_method, cashier_name, created_at)
VALUES ('aa903773-5212-4de7-bde4-59f4ca8b6cae', 'ORD-00638', 'Completed', 860, 'Maya', 'System Seed', '2026-04-17T12:52:20.990Z');

INSERT INTO public.order_items (order_id, product_id, name, quantity, unit_price, subtotal)
VALUES ('aa903773-5212-4de7-bde4-59f4ca8b6cae', '83a6812d-2665-4ce5-871a-78a4eab3ce80', 'Americano', 2, 100, 200);

INSERT INTO public.order_items (order_id, product_id, name, quantity, unit_price, subtotal)
VALUES ('aa903773-5212-4de7-bde4-59f4ca8b6cae', '48233f0a-6e57-4a45-b033-627d13f1be78', 'Cappuccino', 2, 120, 240);

INSERT INTO public.order_items (order_id, product_id, name, quantity, unit_price, subtotal)
VALUES ('aa903773-5212-4de7-bde4-59f4ca8b6cae', 'dfe22f11-84a3-41d2-a268-149f012eae60', 'Sparkling Lemonade', 3, 110, 330);

INSERT INTO public.order_items (order_id, product_id, name, quantity, unit_price, subtotal)
VALUES ('aa903773-5212-4de7-bde4-59f4ca8b6cae', 'fe6b02e6-9366-4abd-874c-fcb832e0e282', 'Green Tea', 1, 90, 90);

INSERT INTO public.orders (id, order_id, status, amount, payment_method, cashier_name, created_at)
VALUES ('f8560695-a186-4d38-8408-4be345a02290', 'ORD-00639', 'Completed', 790, 'Cash', 'System Seed', '2026-04-17T09:15:22.990Z');

INSERT INTO public.order_items (order_id, product_id, name, quantity, unit_price, subtotal)
VALUES ('f8560695-a186-4d38-8408-4be345a02290', 'dfe22f11-84a3-41d2-a268-149f012eae60', 'Sparkling Lemonade', 3, 110, 330);

INSERT INTO public.order_items (order_id, product_id, name, quantity, unit_price, subtotal)
VALUES ('f8560695-a186-4d38-8408-4be345a02290', '83a6812d-2665-4ce5-871a-78a4eab3ce80', 'Americano', 1, 100, 100);

INSERT INTO public.order_items (order_id, product_id, name, quantity, unit_price, subtotal)
VALUES ('f8560695-a186-4d38-8408-4be345a02290', '3a6a55c0-70f3-4417-a252-db77d9e511c0', 'Latte', 3, 120, 360);

INSERT INTO public.orders (id, order_id, status, amount, payment_method, cashier_name, created_at)
VALUES ('30b06a59-c824-43c8-8483-42b79b6789ae', 'ORD-00640', 'Completed', 420, 'Credit Card', 'System Seed', '2026-04-17T04:22:47.990Z');

INSERT INTO public.order_items (order_id, product_id, name, quantity, unit_price, subtotal)
VALUES ('30b06a59-c824-43c8-8483-42b79b6789ae', '1b5c6269-ce45-4413-acb8-21813cd7f9cf', 'Mocha', 3, 140, 420);

INSERT INTO public.orders (id, order_id, status, amount, payment_method, cashier_name, created_at)
VALUES ('b957991f-c158-41e4-b496-46484ff7d2de', 'ORD-00641', 'Completed', 580, 'Maya', 'System Seed', '2026-04-17T08:52:30.990Z');

INSERT INTO public.order_items (order_id, product_id, name, quantity, unit_price, subtotal)
VALUES ('b957991f-c158-41e4-b496-46484ff7d2de', '48233f0a-6e57-4a45-b033-627d13f1be78', 'Cappuccino', 1, 120, 120);

INSERT INTO public.order_items (order_id, product_id, name, quantity, unit_price, subtotal)
VALUES ('b957991f-c158-41e4-b496-46484ff7d2de', '1b5c6269-ce45-4413-acb8-21813cd7f9cf', 'Mocha', 2, 140, 280);

INSERT INTO public.order_items (order_id, product_id, name, quantity, unit_price, subtotal)
VALUES ('b957991f-c158-41e4-b496-46484ff7d2de', 'fe6b02e6-9366-4abd-874c-fcb832e0e282', 'Green Tea', 2, 90, 180);

INSERT INTO public.orders (id, order_id, status, amount, payment_method, cashier_name, created_at)
VALUES ('c66e9bd2-97e2-47d4-b5ea-13bba90d71df', 'ORD-00642', 'Void (Consumed)', 670, 'Cash', 'System Seed', '2026-04-17T05:32:54.990Z');

INSERT INTO public.order_items (order_id, product_id, name, quantity, unit_price, subtotal)
VALUES ('c66e9bd2-97e2-47d4-b5ea-13bba90d71df', 'dfe22f11-84a3-41d2-a268-149f012eae60', 'Sparkling Lemonade', 3, 110, 330);

INSERT INTO public.order_items (order_id, product_id, name, quantity, unit_price, subtotal)
VALUES ('c66e9bd2-97e2-47d4-b5ea-13bba90d71df', '83a6812d-2665-4ce5-871a-78a4eab3ce80', 'Americano', 1, 100, 100);

INSERT INTO public.order_items (order_id, product_id, name, quantity, unit_price, subtotal)
VALUES ('c66e9bd2-97e2-47d4-b5ea-13bba90d71df', '65f0b94f-ccbe-4b50-a175-66810ae10f44', 'Croissant', 3, 80, 240);

INSERT INTO public.orders (id, order_id, status, amount, payment_method, cashier_name, created_at)
VALUES ('eef1af4a-3896-420b-8571-c1259db8c85d', 'ORD-00643', 'Completed', 610, 'GCash', 'System Seed', '2026-04-17T06:35:11.990Z');

INSERT INTO public.order_items (order_id, product_id, name, quantity, unit_price, subtotal)
VALUES ('eef1af4a-3896-420b-8571-c1259db8c85d', 'fe6b02e6-9366-4abd-874c-fcb832e0e282', 'Green Tea', 1, 90, 90);

INSERT INTO public.order_items (order_id, product_id, name, quantity, unit_price, subtotal)
VALUES ('eef1af4a-3896-420b-8571-c1259db8c85d', '83a6812d-2665-4ce5-871a-78a4eab3ce80', 'Americano', 3, 100, 300);

INSERT INTO public.order_items (order_id, product_id, name, quantity, unit_price, subtotal)
VALUES ('eef1af4a-3896-420b-8571-c1259db8c85d', 'dfe22f11-84a3-41d2-a268-149f012eae60', 'Sparkling Lemonade', 2, 110, 220);

INSERT INTO public.orders (id, order_id, status, amount, payment_method, cashier_name, created_at)
VALUES ('26046229-43e4-4e65-8a13-919a965b79aa', 'ORD-00644', 'Completed', 415, 'Maya', 'System Seed', '2026-04-17T08:03:12.990Z');

INSERT INTO public.order_items (order_id, product_id, name, quantity, unit_price, subtotal)
VALUES ('26046229-43e4-4e65-8a13-919a965b79aa', '48233f0a-6e57-4a45-b033-627d13f1be78', 'Cappuccino', 1, 120, 120);

INSERT INTO public.order_items (order_id, product_id, name, quantity, unit_price, subtotal)
VALUES ('26046229-43e4-4e65-8a13-919a965b79aa', '3a6a55c0-70f3-4417-a252-db77d9e511c0', 'Latte', 1, 120, 120);

INSERT INTO public.order_items (order_id, product_id, name, quantity, unit_price, subtotal)
VALUES ('26046229-43e4-4e65-8a13-919a965b79aa', '65f0b94f-ccbe-4b50-a175-66810ae10f44', 'Croissant', 1, 80, 80);

INSERT INTO public.order_items (order_id, product_id, name, quantity, unit_price, subtotal)
VALUES ('26046229-43e4-4e65-8a13-919a965b79aa', '36c93748-7c86-4ddb-ba49-1bd1a164bf42', 'Blueberry Muffin', 1, 95, 95);

INSERT INTO public.orders (id, order_id, status, amount, payment_method, cashier_name, created_at)
VALUES ('5b1c8ee9-4fca-4139-bd6e-e7f5b16f2f5c', 'ORD-00645', 'Completed', 260, 'GCash', 'System Seed', '2026-04-17T07:59:36.990Z');

INSERT INTO public.order_items (order_id, product_id, name, quantity, unit_price, subtotal)
VALUES ('5b1c8ee9-4fca-4139-bd6e-e7f5b16f2f5c', '1b5c6269-ce45-4413-acb8-21813cd7f9cf', 'Mocha', 1, 140, 140);

INSERT INTO public.order_items (order_id, product_id, name, quantity, unit_price, subtotal)
VALUES ('5b1c8ee9-4fca-4139-bd6e-e7f5b16f2f5c', '3a6a55c0-70f3-4417-a252-db77d9e511c0', 'Latte', 1, 120, 120);

INSERT INTO public.orders (id, order_id, status, amount, payment_method, cashier_name, created_at)
VALUES ('78a94e7b-6dbf-4c2c-a9d3-1827334cb0d8', 'ORD-00646', 'Completed', 440, 'Cash', 'System Seed', '2026-04-17T01:20:35.990Z');

INSERT INTO public.order_items (order_id, product_id, name, quantity, unit_price, subtotal)
VALUES ('78a94e7b-6dbf-4c2c-a9d3-1827334cb0d8', '3a6a55c0-70f3-4417-a252-db77d9e511c0', 'Latte', 2, 120, 240);

INSERT INTO public.order_items (order_id, product_id, name, quantity, unit_price, subtotal)
VALUES ('78a94e7b-6dbf-4c2c-a9d3-1827334cb0d8', '83a6812d-2665-4ce5-871a-78a4eab3ce80', 'Americano', 2, 100, 200);

INSERT INTO public.orders (id, order_id, status, amount, payment_method, cashier_name, created_at)
VALUES ('7ed64de5-b186-4137-be67-42aefd8fe607', 'ORD-00647', 'Completed', 510, 'Cash', 'System Seed', '2026-04-17T04:01:37.990Z');

INSERT INTO public.order_items (order_id, product_id, name, quantity, unit_price, subtotal)
VALUES ('7ed64de5-b186-4137-be67-42aefd8fe607', 'fe6b02e6-9366-4abd-874c-fcb832e0e282', 'Green Tea', 3, 90, 270);

INSERT INTO public.order_items (order_id, product_id, name, quantity, unit_price, subtotal)
VALUES ('7ed64de5-b186-4137-be67-42aefd8fe607', '3a6a55c0-70f3-4417-a252-db77d9e511c0', 'Latte', 2, 120, 240);

INSERT INTO public.orders (id, order_id, status, amount, payment_method, cashier_name, created_at)
VALUES ('bb71eb9e-ecf2-4112-9ed6-54e2d24ed939', 'ORD-00648', 'Completed', 660, 'Maya', 'System Seed', '2026-04-16T23:46:54.990Z');

INSERT INTO public.order_items (order_id, product_id, name, quantity, unit_price, subtotal)
VALUES ('bb71eb9e-ecf2-4112-9ed6-54e2d24ed939', '3a6a55c0-70f3-4417-a252-db77d9e511c0', 'Latte', 3, 120, 360);

INSERT INTO public.order_items (order_id, product_id, name, quantity, unit_price, subtotal)
VALUES ('bb71eb9e-ecf2-4112-9ed6-54e2d24ed939', '83a6812d-2665-4ce5-871a-78a4eab3ce80', 'Americano', 3, 100, 300);

INSERT INTO public.orders (id, order_id, status, amount, payment_method, cashier_name, created_at)
VALUES ('4e89a37a-ef9d-4c46-8feb-fcc6720ffbed', 'ORD-00649', 'Void (Not Made)', 380, 'GCash', 'System Seed', '2026-04-17T01:51:25.990Z');

INSERT INTO public.order_items (order_id, product_id, name, quantity, unit_price, subtotal)
VALUES ('4e89a37a-ef9d-4c46-8feb-fcc6720ffbed', '65f0b94f-ccbe-4b50-a175-66810ae10f44', 'Croissant', 3, 80, 240);

INSERT INTO public.order_items (order_id, product_id, name, quantity, unit_price, subtotal)
VALUES ('4e89a37a-ef9d-4c46-8feb-fcc6720ffbed', '1b5c6269-ce45-4413-acb8-21813cd7f9cf', 'Mocha', 1, 140, 140);

INSERT INTO public.orders (id, order_id, status, amount, payment_method, cashier_name, created_at)
VALUES ('cadbf730-84c1-4230-9c23-45f0b6ef1830', 'ORD-00650', 'Void (Not Made)', 775, 'Credit Card', 'System Seed', '2026-04-17T12:11:23.990Z');

INSERT INTO public.order_items (order_id, product_id, name, quantity, unit_price, subtotal)
VALUES ('cadbf730-84c1-4230-9c23-45f0b6ef1830', '36c93748-7c86-4ddb-ba49-1bd1a164bf42', 'Blueberry Muffin', 3, 95, 285);

INSERT INTO public.order_items (order_id, product_id, name, quantity, unit_price, subtotal)
VALUES ('cadbf730-84c1-4230-9c23-45f0b6ef1830', '1b5c6269-ce45-4413-acb8-21813cd7f9cf', 'Mocha', 2, 140, 280);

INSERT INTO public.order_items (order_id, product_id, name, quantity, unit_price, subtotal)
VALUES ('cadbf730-84c1-4230-9c23-45f0b6ef1830', 'dfe22f11-84a3-41d2-a268-149f012eae60', 'Sparkling Lemonade', 1, 110, 110);

INSERT INTO public.order_items (order_id, product_id, name, quantity, unit_price, subtotal)
VALUES ('cadbf730-84c1-4230-9c23-45f0b6ef1830', '83a6812d-2665-4ce5-871a-78a4eab3ce80', 'Americano', 1, 100, 100);

INSERT INTO public.orders (id, order_id, status, amount, payment_method, cashier_name, created_at)
VALUES ('ce316d69-d7f5-4916-92b8-5728eb9210a8', 'ORD-00651', 'Void (Not Made)', 835, 'Maya', 'System Seed', '2026-04-17T05:27:35.990Z');

INSERT INTO public.order_items (order_id, product_id, name, quantity, unit_price, subtotal)
VALUES ('ce316d69-d7f5-4916-92b8-5728eb9210a8', '1b5c6269-ce45-4413-acb8-21813cd7f9cf', 'Mocha', 2, 140, 280);

INSERT INTO public.order_items (order_id, product_id, name, quantity, unit_price, subtotal)
VALUES ('ce316d69-d7f5-4916-92b8-5728eb9210a8', 'fe6b02e6-9366-4abd-874c-fcb832e0e282', 'Green Tea', 3, 90, 270);

INSERT INTO public.order_items (order_id, product_id, name, quantity, unit_price, subtotal)
VALUES ('ce316d69-d7f5-4916-92b8-5728eb9210a8', '36c93748-7c86-4ddb-ba49-1bd1a164bf42', 'Blueberry Muffin', 3, 95, 285);

INSERT INTO public.orders (id, order_id, status, amount, payment_method, cashier_name, created_at)
VALUES ('4e199693-8b8e-4c76-958a-d6f0ba40a7b8', 'ORD-00652', 'Completed', 640, 'Maya', 'System Seed', '2026-04-18T04:31:46.990Z');

INSERT INTO public.order_items (order_id, product_id, name, quantity, unit_price, subtotal)
VALUES ('4e199693-8b8e-4c76-958a-d6f0ba40a7b8', '1b5c6269-ce45-4413-acb8-21813cd7f9cf', 'Mocha', 2, 140, 280);

INSERT INTO public.order_items (order_id, product_id, name, quantity, unit_price, subtotal)
VALUES ('4e199693-8b8e-4c76-958a-d6f0ba40a7b8', '48233f0a-6e57-4a45-b033-627d13f1be78', 'Cappuccino', 3, 120, 360);

INSERT INTO public.orders (id, order_id, status, amount, payment_method, cashier_name, created_at)
VALUES ('821c2cb7-ff29-4a77-bd20-9f75431b2f46', 'ORD-00653', 'Completed', 470, 'GCash', 'System Seed', '2026-04-18T06:24:57.990Z');

INSERT INTO public.order_items (order_id, product_id, name, quantity, unit_price, subtotal)
VALUES ('821c2cb7-ff29-4a77-bd20-9f75431b2f46', 'dfe22f11-84a3-41d2-a268-149f012eae60', 'Sparkling Lemonade', 1, 110, 110);

INSERT INTO public.order_items (order_id, product_id, name, quantity, unit_price, subtotal)
VALUES ('821c2cb7-ff29-4a77-bd20-9f75431b2f46', '48233f0a-6e57-4a45-b033-627d13f1be78', 'Cappuccino', 1, 120, 120);

INSERT INTO public.order_items (order_id, product_id, name, quantity, unit_price, subtotal)
VALUES ('821c2cb7-ff29-4a77-bd20-9f75431b2f46', '48233f0a-6e57-4a45-b033-627d13f1be78', 'Cappuccino', 2, 120, 240);

INSERT INTO public.orders (id, order_id, status, amount, payment_method, cashier_name, created_at)
VALUES ('3e139f0f-fd87-43ba-879a-1b93e3022d8c', 'ORD-00654', 'Completed', 480, 'GCash', 'System Seed', '2026-04-18T01:34:14.990Z');

INSERT INTO public.order_items (order_id, product_id, name, quantity, unit_price, subtotal)
VALUES ('3e139f0f-fd87-43ba-879a-1b93e3022d8c', '3a6a55c0-70f3-4417-a252-db77d9e511c0', 'Latte', 1, 120, 120);

INSERT INTO public.order_items (order_id, product_id, name, quantity, unit_price, subtotal)
VALUES ('3e139f0f-fd87-43ba-879a-1b93e3022d8c', 'fe6b02e6-9366-4abd-874c-fcb832e0e282', 'Green Tea', 3, 90, 270);

INSERT INTO public.order_items (order_id, product_id, name, quantity, unit_price, subtotal)
VALUES ('3e139f0f-fd87-43ba-879a-1b93e3022d8c', 'fe6b02e6-9366-4abd-874c-fcb832e0e282', 'Green Tea', 1, 90, 90);

INSERT INTO public.orders (id, order_id, status, amount, payment_method, cashier_name, created_at)
VALUES ('cfdc2e8c-2c80-456f-bca1-e5cca9e02708', 'ORD-00655', 'Completed', 680, 'Maya', 'System Seed', '2026-04-18T03:49:58.990Z');

INSERT INTO public.order_items (order_id, product_id, name, quantity, unit_price, subtotal)
VALUES ('cfdc2e8c-2c80-456f-bca1-e5cca9e02708', '1b5c6269-ce45-4413-acb8-21813cd7f9cf', 'Mocha', 1, 140, 140);

INSERT INTO public.order_items (order_id, product_id, name, quantity, unit_price, subtotal)
VALUES ('cfdc2e8c-2c80-456f-bca1-e5cca9e02708', '3a6a55c0-70f3-4417-a252-db77d9e511c0', 'Latte', 2, 120, 240);

INSERT INTO public.order_items (order_id, product_id, name, quantity, unit_price, subtotal)
VALUES ('cfdc2e8c-2c80-456f-bca1-e5cca9e02708', '83a6812d-2665-4ce5-871a-78a4eab3ce80', 'Americano', 3, 100, 300);

INSERT INTO public.orders (id, order_id, status, amount, payment_method, cashier_name, created_at)
VALUES ('edcac2c5-62ae-4763-9e5b-f330f175c3ab', 'ORD-00656', 'Completed', 270, 'Cash', 'System Seed', '2026-04-18T09:06:32.990Z');

INSERT INTO public.order_items (order_id, product_id, name, quantity, unit_price, subtotal)
VALUES ('edcac2c5-62ae-4763-9e5b-f330f175c3ab', 'fe6b02e6-9366-4abd-874c-fcb832e0e282', 'Green Tea', 3, 90, 270);

INSERT INTO public.orders (id, order_id, status, amount, payment_method, cashier_name, created_at)
VALUES ('82ec341d-c611-4aff-806a-62fc660d1d05', 'ORD-00657', 'Void (Not Made)', 580, 'Maya', 'System Seed', '2026-04-18T03:20:25.990Z');

INSERT INTO public.order_items (order_id, product_id, name, quantity, unit_price, subtotal)
VALUES ('82ec341d-c611-4aff-806a-62fc660d1d05', '48233f0a-6e57-4a45-b033-627d13f1be78', 'Cappuccino', 1, 120, 120);

INSERT INTO public.order_items (order_id, product_id, name, quantity, unit_price, subtotal)
VALUES ('82ec341d-c611-4aff-806a-62fc660d1d05', '48233f0a-6e57-4a45-b033-627d13f1be78', 'Cappuccino', 3, 120, 360);

INSERT INTO public.order_items (order_id, product_id, name, quantity, unit_price, subtotal)
VALUES ('82ec341d-c611-4aff-806a-62fc660d1d05', '83a6812d-2665-4ce5-871a-78a4eab3ce80', 'Americano', 1, 100, 100);

INSERT INTO public.orders (id, order_id, status, amount, payment_method, cashier_name, created_at)
VALUES ('327e3831-db6b-467f-aeec-1a83ceaeeb7c', 'ORD-00658', 'Void (Not Made)', 240, 'GCash', 'System Seed', '2026-04-18T11:07:23.990Z');

INSERT INTO public.order_items (order_id, product_id, name, quantity, unit_price, subtotal)
VALUES ('327e3831-db6b-467f-aeec-1a83ceaeeb7c', '65f0b94f-ccbe-4b50-a175-66810ae10f44', 'Croissant', 3, 80, 240);

INSERT INTO public.orders (id, order_id, status, amount, payment_method, cashier_name, created_at)
VALUES ('58d6b1ae-59d7-4dc5-8182-ee8c2115d666', 'ORD-00659', 'Completed', 640, 'Cash', 'System Seed', '2026-04-18T07:16:33.990Z');

INSERT INTO public.order_items (order_id, product_id, name, quantity, unit_price, subtotal)
VALUES ('58d6b1ae-59d7-4dc5-8182-ee8c2115d666', '3a6a55c0-70f3-4417-a252-db77d9e511c0', 'Latte', 3, 120, 360);

INSERT INTO public.order_items (order_id, product_id, name, quantity, unit_price, subtotal)
VALUES ('58d6b1ae-59d7-4dc5-8182-ee8c2115d666', '1b5c6269-ce45-4413-acb8-21813cd7f9cf', 'Mocha', 2, 140, 280);

INSERT INTO public.orders (id, order_id, status, amount, payment_method, cashier_name, created_at)
VALUES ('8f0ff8bf-f4d8-4539-80a6-34aa06668f88', 'ORD-00660', 'Completed', 90, 'Cash', 'System Seed', '2026-04-18T03:03:01.990Z');

INSERT INTO public.order_items (order_id, product_id, name, quantity, unit_price, subtotal)
VALUES ('8f0ff8bf-f4d8-4539-80a6-34aa06668f88', 'fe6b02e6-9366-4abd-874c-fcb832e0e282', 'Green Tea', 1, 90, 90);

INSERT INTO public.orders (id, order_id, status, amount, payment_method, cashier_name, created_at)
VALUES ('9732b200-9c10-40c3-9bc4-4d3ed4a91bf0', 'ORD-00661', 'Completed', 360, 'GCash', 'System Seed', '2026-04-18T10:10:53.990Z');

INSERT INTO public.order_items (order_id, product_id, name, quantity, unit_price, subtotal)
VALUES ('9732b200-9c10-40c3-9bc4-4d3ed4a91bf0', '48233f0a-6e57-4a45-b033-627d13f1be78', 'Cappuccino', 3, 120, 360);

INSERT INTO public.orders (id, order_id, status, amount, payment_method, cashier_name, created_at)
VALUES ('915471f4-c46b-4c15-bd30-c10e31858219', 'ORD-00662', 'Void (Consumed)', 420, 'GCash', 'System Seed', '2026-04-18T09:52:30.990Z');

INSERT INTO public.order_items (order_id, product_id, name, quantity, unit_price, subtotal)
VALUES ('915471f4-c46b-4c15-bd30-c10e31858219', '1b5c6269-ce45-4413-acb8-21813cd7f9cf', 'Mocha', 3, 140, 420);

INSERT INTO public.orders (id, order_id, status, amount, payment_method, cashier_name, created_at)
VALUES ('bc908aa5-5413-4c4e-9c47-56d867566c94', 'ORD-00663', 'Completed', 630, 'Cash', 'System Seed', '2026-04-18T11:10:38.990Z');

INSERT INTO public.order_items (order_id, product_id, name, quantity, unit_price, subtotal)
VALUES ('bc908aa5-5413-4c4e-9c47-56d867566c94', 'dfe22f11-84a3-41d2-a268-149f012eae60', 'Sparkling Lemonade', 3, 110, 330);

INSERT INTO public.order_items (order_id, product_id, name, quantity, unit_price, subtotal)
VALUES ('bc908aa5-5413-4c4e-9c47-56d867566c94', '83a6812d-2665-4ce5-871a-78a4eab3ce80', 'Americano', 3, 100, 300);

INSERT INTO public.orders (id, order_id, status, amount, payment_method, cashier_name, created_at)
VALUES ('23f02ee7-a47d-47fb-bad4-132669414a13', 'ORD-00664', 'Completed', 470, 'Cash', 'System Seed', '2026-04-18T04:56:46.990Z');

INSERT INTO public.order_items (order_id, product_id, name, quantity, unit_price, subtotal)
VALUES ('23f02ee7-a47d-47fb-bad4-132669414a13', 'dfe22f11-84a3-41d2-a268-149f012eae60', 'Sparkling Lemonade', 1, 110, 110);

INSERT INTO public.order_items (order_id, product_id, name, quantity, unit_price, subtotal)
VALUES ('23f02ee7-a47d-47fb-bad4-132669414a13', '48233f0a-6e57-4a45-b033-627d13f1be78', 'Cappuccino', 3, 120, 360);

INSERT INTO public.orders (id, order_id, status, amount, payment_method, cashier_name, created_at)
VALUES ('8a7f82e7-f49a-46dd-b2c6-520ca1720295', 'ORD-00665', 'Completed', 760, 'Maya', 'System Seed', '2026-04-18T00:25:54.990Z');

INSERT INTO public.order_items (order_id, product_id, name, quantity, unit_price, subtotal)
VALUES ('8a7f82e7-f49a-46dd-b2c6-520ca1720295', 'dfe22f11-84a3-41d2-a268-149f012eae60', 'Sparkling Lemonade', 2, 110, 220);

INSERT INTO public.order_items (order_id, product_id, name, quantity, unit_price, subtotal)
VALUES ('8a7f82e7-f49a-46dd-b2c6-520ca1720295', '1b5c6269-ce45-4413-acb8-21813cd7f9cf', 'Mocha', 3, 140, 420);

INSERT INTO public.order_items (order_id, product_id, name, quantity, unit_price, subtotal)
VALUES ('8a7f82e7-f49a-46dd-b2c6-520ca1720295', '48233f0a-6e57-4a45-b033-627d13f1be78', 'Cappuccino', 1, 120, 120);

INSERT INTO public.orders (id, order_id, status, amount, payment_method, cashier_name, created_at)
VALUES ('24304871-75e3-4ca0-93ea-4ba2700164cf', 'ORD-00666', 'Void (Not Made)', 840, 'Maya', 'System Seed', '2026-04-18T09:39:24.990Z');

INSERT INTO public.order_items (order_id, product_id, name, quantity, unit_price, subtotal)
VALUES ('24304871-75e3-4ca0-93ea-4ba2700164cf', '65f0b94f-ccbe-4b50-a175-66810ae10f44', 'Croissant', 1, 80, 80);

INSERT INTO public.order_items (order_id, product_id, name, quantity, unit_price, subtotal)
VALUES ('24304871-75e3-4ca0-93ea-4ba2700164cf', '65f0b94f-ccbe-4b50-a175-66810ae10f44', 'Croissant', 2, 80, 160);

INSERT INTO public.order_items (order_id, product_id, name, quantity, unit_price, subtotal)
VALUES ('24304871-75e3-4ca0-93ea-4ba2700164cf', '83a6812d-2665-4ce5-871a-78a4eab3ce80', 'Americano', 3, 100, 300);

INSERT INTO public.order_items (order_id, product_id, name, quantity, unit_price, subtotal)
VALUES ('24304871-75e3-4ca0-93ea-4ba2700164cf', '83a6812d-2665-4ce5-871a-78a4eab3ce80', 'Americano', 3, 100, 300);

INSERT INTO public.orders (id, order_id, status, amount, payment_method, cashier_name, created_at)
VALUES ('cb2b253c-fa34-4199-82dd-b09f58760c3e', 'ORD-00667', 'Completed', 785, 'Cash', 'System Seed', '2026-04-17T23:26:10.990Z');

INSERT INTO public.order_items (order_id, product_id, name, quantity, unit_price, subtotal)
VALUES ('cb2b253c-fa34-4199-82dd-b09f58760c3e', '1b5c6269-ce45-4413-acb8-21813cd7f9cf', 'Mocha', 1, 140, 140);

INSERT INTO public.order_items (order_id, product_id, name, quantity, unit_price, subtotal)
VALUES ('cb2b253c-fa34-4199-82dd-b09f58760c3e', '36c93748-7c86-4ddb-ba49-1bd1a164bf42', 'Blueberry Muffin', 3, 95, 285);

INSERT INTO public.order_items (order_id, product_id, name, quantity, unit_price, subtotal)
VALUES ('cb2b253c-fa34-4199-82dd-b09f58760c3e', '65f0b94f-ccbe-4b50-a175-66810ae10f44', 'Croissant', 1, 80, 80);

INSERT INTO public.order_items (order_id, product_id, name, quantity, unit_price, subtotal)
VALUES ('cb2b253c-fa34-4199-82dd-b09f58760c3e', '1b5c6269-ce45-4413-acb8-21813cd7f9cf', 'Mocha', 2, 140, 280);

INSERT INTO public.orders (id, order_id, status, amount, payment_method, cashier_name, created_at)
VALUES ('90e59fe6-0dd0-4ea5-94d5-424c035bb7bf', 'ORD-00668', 'Void (Consumed)', 100, 'Cash', 'System Seed', '2026-04-18T00:07:31.990Z');

INSERT INTO public.order_items (order_id, product_id, name, quantity, unit_price, subtotal)
VALUES ('90e59fe6-0dd0-4ea5-94d5-424c035bb7bf', '83a6812d-2665-4ce5-871a-78a4eab3ce80', 'Americano', 1, 100, 100);

INSERT INTO public.orders (id, order_id, status, amount, payment_method, cashier_name, created_at)
VALUES ('d707f393-a9d7-49b5-9a2d-325a58de2b44', 'ORD-00669', 'Void (Consumed)', 80, 'Credit Card', 'System Seed', '2026-04-18T03:01:51.990Z');

INSERT INTO public.order_items (order_id, product_id, name, quantity, unit_price, subtotal)
VALUES ('d707f393-a9d7-49b5-9a2d-325a58de2b44', '65f0b94f-ccbe-4b50-a175-66810ae10f44', 'Croissant', 1, 80, 80);

INSERT INTO public.orders (id, order_id, status, amount, payment_method, cashier_name, created_at)
VALUES ('0142a794-7797-4f29-9670-61f7e5799890', 'ORD-00670', 'Void (Not Made)', 205, 'Credit Card', 'System Seed', '2026-04-18T05:15:04.990Z');

INSERT INTO public.order_items (order_id, product_id, name, quantity, unit_price, subtotal)
VALUES ('0142a794-7797-4f29-9670-61f7e5799890', 'dfe22f11-84a3-41d2-a268-149f012eae60', 'Sparkling Lemonade', 1, 110, 110);

INSERT INTO public.order_items (order_id, product_id, name, quantity, unit_price, subtotal)
VALUES ('0142a794-7797-4f29-9670-61f7e5799890', '36c93748-7c86-4ddb-ba49-1bd1a164bf42', 'Blueberry Muffin', 1, 95, 95);

INSERT INTO public.orders (id, order_id, status, amount, payment_method, cashier_name, created_at)
VALUES ('ef29af8e-6328-43a6-8059-078cb546952b', 'ORD-00671', 'Void (Not Made)', 360, 'Credit Card', 'System Seed', '2026-04-18T07:21:43.990Z');

INSERT INTO public.order_items (order_id, product_id, name, quantity, unit_price, subtotal)
VALUES ('ef29af8e-6328-43a6-8059-078cb546952b', '48233f0a-6e57-4a45-b033-627d13f1be78', 'Cappuccino', 3, 120, 360);

INSERT INTO public.orders (id, order_id, status, amount, payment_method, cashier_name, created_at)
VALUES ('8cfc4e25-0935-4b9f-b519-83d631b89063', 'ORD-00672', 'Completed', 950, 'Maya', 'System Seed', '2026-04-18T09:43:06.990Z');

INSERT INTO public.order_items (order_id, product_id, name, quantity, unit_price, subtotal)
VALUES ('8cfc4e25-0935-4b9f-b519-83d631b89063', '48233f0a-6e57-4a45-b033-627d13f1be78', 'Cappuccino', 3, 120, 360);

INSERT INTO public.order_items (order_id, product_id, name, quantity, unit_price, subtotal)
VALUES ('8cfc4e25-0935-4b9f-b519-83d631b89063', 'fe6b02e6-9366-4abd-874c-fcb832e0e282', 'Green Tea', 2, 90, 180);

INSERT INTO public.order_items (order_id, product_id, name, quantity, unit_price, subtotal)
VALUES ('8cfc4e25-0935-4b9f-b519-83d631b89063', 'fe6b02e6-9366-4abd-874c-fcb832e0e282', 'Green Tea', 3, 90, 270);

INSERT INTO public.order_items (order_id, product_id, name, quantity, unit_price, subtotal)
VALUES ('8cfc4e25-0935-4b9f-b519-83d631b89063', '1b5c6269-ce45-4413-acb8-21813cd7f9cf', 'Mocha', 1, 140, 140);

INSERT INTO public.orders (id, order_id, status, amount, payment_method, cashier_name, created_at)
VALUES ('003d5e44-e469-491b-85a0-6f6005744f93', 'ORD-00673', 'Void (Not Made)', 520, 'Cash', 'System Seed', '2026-04-18T01:00:34.990Z');

INSERT INTO public.order_items (order_id, product_id, name, quantity, unit_price, subtotal)
VALUES ('003d5e44-e469-491b-85a0-6f6005744f93', '36c93748-7c86-4ddb-ba49-1bd1a164bf42', 'Blueberry Muffin', 2, 95, 190);

INSERT INTO public.order_items (order_id, product_id, name, quantity, unit_price, subtotal)
VALUES ('003d5e44-e469-491b-85a0-6f6005744f93', 'dfe22f11-84a3-41d2-a268-149f012eae60', 'Sparkling Lemonade', 3, 110, 330);

INSERT INTO public.orders (id, order_id, status, amount, payment_method, cashier_name, created_at)
VALUES ('93d1b226-818c-4a93-a589-94772aca91d2', 'ORD-00674', 'Completed', 190, 'Cash', 'System Seed', '2026-04-18T06:16:29.990Z');

INSERT INTO public.order_items (order_id, product_id, name, quantity, unit_price, subtotal)
VALUES ('93d1b226-818c-4a93-a589-94772aca91d2', '36c93748-7c86-4ddb-ba49-1bd1a164bf42', 'Blueberry Muffin', 2, 95, 190);

INSERT INTO public.orders (id, order_id, status, amount, payment_method, cashier_name, created_at)
VALUES ('ae7621df-7747-4da1-b623-496e1585d012', 'ORD-00675', 'Void (Not Made)', 360, 'GCash', 'System Seed', '2026-04-18T08:25:34.990Z');

INSERT INTO public.order_items (order_id, product_id, name, quantity, unit_price, subtotal)
VALUES ('ae7621df-7747-4da1-b623-496e1585d012', '48233f0a-6e57-4a45-b033-627d13f1be78', 'Cappuccino', 3, 120, 360);

INSERT INTO public.orders (id, order_id, status, amount, payment_method, cashier_name, created_at)
VALUES ('a9a7e362-9bd7-4ddc-85de-ccb6d3f5241a', 'ORD-00676', 'Completed', 90, 'GCash', 'System Seed', '2026-04-18T07:24:35.990Z');

INSERT INTO public.order_items (order_id, product_id, name, quantity, unit_price, subtotal)
VALUES ('a9a7e362-9bd7-4ddc-85de-ccb6d3f5241a', 'fe6b02e6-9366-4abd-874c-fcb832e0e282', 'Green Tea', 1, 90, 90);

INSERT INTO public.orders (id, order_id, status, amount, payment_method, cashier_name, created_at)
VALUES ('055ba32d-bc2a-4a33-9c60-f3f2a3f3e846', 'ORD-00677', 'Completed', 240, 'Cash', 'System Seed', '2026-04-18T01:29:43.990Z');

INSERT INTO public.order_items (order_id, product_id, name, quantity, unit_price, subtotal)
VALUES ('055ba32d-bc2a-4a33-9c60-f3f2a3f3e846', '65f0b94f-ccbe-4b50-a175-66810ae10f44', 'Croissant', 3, 80, 240);

INSERT INTO public.orders (id, order_id, status, amount, payment_method, cashier_name, created_at)
VALUES ('6a1b62a4-b46b-4783-a7fe-315fb37ba74c', 'ORD-00678', 'Completed', 665, 'Maya', 'System Seed', '2026-04-18T03:14:08.990Z');

INSERT INTO public.order_items (order_id, product_id, name, quantity, unit_price, subtotal)
VALUES ('6a1b62a4-b46b-4783-a7fe-315fb37ba74c', 'fe6b02e6-9366-4abd-874c-fcb832e0e282', 'Green Tea', 2, 90, 180);

INSERT INTO public.order_items (order_id, product_id, name, quantity, unit_price, subtotal)
VALUES ('6a1b62a4-b46b-4783-a7fe-315fb37ba74c', '36c93748-7c86-4ddb-ba49-1bd1a164bf42', 'Blueberry Muffin', 2, 95, 190);

INSERT INTO public.order_items (order_id, product_id, name, quantity, unit_price, subtotal)
VALUES ('6a1b62a4-b46b-4783-a7fe-315fb37ba74c', '36c93748-7c86-4ddb-ba49-1bd1a164bf42', 'Blueberry Muffin', 1, 95, 95);

INSERT INTO public.order_items (order_id, product_id, name, quantity, unit_price, subtotal)
VALUES ('6a1b62a4-b46b-4783-a7fe-315fb37ba74c', '83a6812d-2665-4ce5-871a-78a4eab3ce80', 'Americano', 2, 100, 200);

INSERT INTO public.orders (id, order_id, status, amount, payment_method, cashier_name, created_at)
VALUES ('a2df151b-9f76-4f15-9554-21443035b9c7', 'ORD-00679', 'Completed', 285, 'Credit Card', 'System Seed', '2026-04-18T08:45:30.990Z');

INSERT INTO public.order_items (order_id, product_id, name, quantity, unit_price, subtotal)
VALUES ('a2df151b-9f76-4f15-9554-21443035b9c7', '36c93748-7c86-4ddb-ba49-1bd1a164bf42', 'Blueberry Muffin', 3, 95, 285);

INSERT INTO public.orders (id, order_id, status, amount, payment_method, cashier_name, created_at)
VALUES ('c75fec2a-21e8-4f64-8f08-72fe7081ab41', 'ORD-00680', 'Completed', 540, 'Maya', 'System Seed', '2026-04-19T07:57:24.990Z');

INSERT INTO public.order_items (order_id, product_id, name, quantity, unit_price, subtotal)
VALUES ('c75fec2a-21e8-4f64-8f08-72fe7081ab41', 'fe6b02e6-9366-4abd-874c-fcb832e0e282', 'Green Tea', 1, 90, 90);

INSERT INTO public.order_items (order_id, product_id, name, quantity, unit_price, subtotal)
VALUES ('c75fec2a-21e8-4f64-8f08-72fe7081ab41', 'fe6b02e6-9366-4abd-874c-fcb832e0e282', 'Green Tea', 2, 90, 180);

INSERT INTO public.order_items (order_id, product_id, name, quantity, unit_price, subtotal)
VALUES ('c75fec2a-21e8-4f64-8f08-72fe7081ab41', 'fe6b02e6-9366-4abd-874c-fcb832e0e282', 'Green Tea', 3, 90, 270);

INSERT INTO public.orders (id, order_id, status, amount, payment_method, cashier_name, created_at)
VALUES ('ecd4558f-5845-4df7-8e3d-8bcff866c846', 'ORD-00681', 'Completed', 575, 'Credit Card', 'System Seed', '2026-04-19T07:39:12.990Z');

INSERT INTO public.order_items (order_id, product_id, name, quantity, unit_price, subtotal)
VALUES ('ecd4558f-5845-4df7-8e3d-8bcff866c846', '3a6a55c0-70f3-4417-a252-db77d9e511c0', 'Latte', 2, 120, 240);

INSERT INTO public.order_items (order_id, product_id, name, quantity, unit_price, subtotal)
VALUES ('ecd4558f-5845-4df7-8e3d-8bcff866c846', '36c93748-7c86-4ddb-ba49-1bd1a164bf42', 'Blueberry Muffin', 1, 95, 95);

INSERT INTO public.order_items (order_id, product_id, name, quantity, unit_price, subtotal)
VALUES ('ecd4558f-5845-4df7-8e3d-8bcff866c846', '3a6a55c0-70f3-4417-a252-db77d9e511c0', 'Latte', 2, 120, 240);

INSERT INTO public.orders (id, order_id, status, amount, payment_method, cashier_name, created_at)
VALUES ('02b8fd39-34d5-44d2-9cdd-1388001db7d8', 'ORD-00682', 'Completed', 705, 'Credit Card', 'System Seed', '2026-04-19T00:15:06.990Z');

INSERT INTO public.order_items (order_id, product_id, name, quantity, unit_price, subtotal)
VALUES ('02b8fd39-34d5-44d2-9cdd-1388001db7d8', 'fe6b02e6-9366-4abd-874c-fcb832e0e282', 'Green Tea', 1, 90, 90);

INSERT INTO public.order_items (order_id, product_id, name, quantity, unit_price, subtotal)
VALUES ('02b8fd39-34d5-44d2-9cdd-1388001db7d8', 'fe6b02e6-9366-4abd-874c-fcb832e0e282', 'Green Tea', 1, 90, 90);

INSERT INTO public.order_items (order_id, product_id, name, quantity, unit_price, subtotal)
VALUES ('02b8fd39-34d5-44d2-9cdd-1388001db7d8', '36c93748-7c86-4ddb-ba49-1bd1a164bf42', 'Blueberry Muffin', 3, 95, 285);

INSERT INTO public.order_items (order_id, product_id, name, quantity, unit_price, subtotal)
VALUES ('02b8fd39-34d5-44d2-9cdd-1388001db7d8', '3a6a55c0-70f3-4417-a252-db77d9e511c0', 'Latte', 2, 120, 240);

INSERT INTO public.orders (id, order_id, status, amount, payment_method, cashier_name, created_at)
VALUES ('8519a9db-ccad-4bb9-a69e-a37c49ee5a32', 'ORD-00683', 'Completed', 300, 'Cash', 'System Seed', '2026-04-19T08:44:44.990Z');

INSERT INTO public.order_items (order_id, product_id, name, quantity, unit_price, subtotal)
VALUES ('8519a9db-ccad-4bb9-a69e-a37c49ee5a32', '83a6812d-2665-4ce5-871a-78a4eab3ce80', 'Americano', 3, 100, 300);

INSERT INTO public.orders (id, order_id, status, amount, payment_method, cashier_name, created_at)
VALUES ('b3c02539-5e94-4eb4-9608-c76a592aced9', 'ORD-00684', 'Completed', 460, 'Cash', 'System Seed', '2026-04-19T06:38:32.990Z');

INSERT INTO public.order_items (order_id, product_id, name, quantity, unit_price, subtotal)
VALUES ('b3c02539-5e94-4eb4-9608-c76a592aced9', 'fe6b02e6-9366-4abd-874c-fcb832e0e282', 'Green Tea', 2, 90, 180);

INSERT INTO public.order_items (order_id, product_id, name, quantity, unit_price, subtotal)
VALUES ('b3c02539-5e94-4eb4-9608-c76a592aced9', '1b5c6269-ce45-4413-acb8-21813cd7f9cf', 'Mocha', 2, 140, 280);

INSERT INTO public.orders (id, order_id, status, amount, payment_method, cashier_name, created_at)
VALUES ('ed350df7-b662-4b58-a72c-12eb4624bbad', 'ORD-00685', 'Void (Not Made)', 430, 'GCash', 'System Seed', '2026-04-19T12:43:19.990Z');

INSERT INTO public.order_items (order_id, product_id, name, quantity, unit_price, subtotal)
VALUES ('ed350df7-b662-4b58-a72c-12eb4624bbad', '36c93748-7c86-4ddb-ba49-1bd1a164bf42', 'Blueberry Muffin', 2, 95, 190);

INSERT INTO public.order_items (order_id, product_id, name, quantity, unit_price, subtotal)
VALUES ('ed350df7-b662-4b58-a72c-12eb4624bbad', '3a6a55c0-70f3-4417-a252-db77d9e511c0', 'Latte', 2, 120, 240);

INSERT INTO public.orders (id, order_id, status, amount, payment_method, cashier_name, created_at)
VALUES ('3f49e6df-e6c0-40e3-82ca-fe27f9135b23', 'ORD-00686', 'Void (Not Made)', 920, 'Maya', 'System Seed', '2026-04-19T11:40:49.990Z');

INSERT INTO public.order_items (order_id, product_id, name, quantity, unit_price, subtotal)
VALUES ('3f49e6df-e6c0-40e3-82ca-fe27f9135b23', '48233f0a-6e57-4a45-b033-627d13f1be78', 'Cappuccino', 2, 120, 240);

INSERT INTO public.order_items (order_id, product_id, name, quantity, unit_price, subtotal)
VALUES ('3f49e6df-e6c0-40e3-82ca-fe27f9135b23', 'dfe22f11-84a3-41d2-a268-149f012eae60', 'Sparkling Lemonade', 2, 110, 220);

INSERT INTO public.order_items (order_id, product_id, name, quantity, unit_price, subtotal)
VALUES ('3f49e6df-e6c0-40e3-82ca-fe27f9135b23', '65f0b94f-ccbe-4b50-a175-66810ae10f44', 'Croissant', 3, 80, 240);

INSERT INTO public.order_items (order_id, product_id, name, quantity, unit_price, subtotal)
VALUES ('3f49e6df-e6c0-40e3-82ca-fe27f9135b23', 'dfe22f11-84a3-41d2-a268-149f012eae60', 'Sparkling Lemonade', 2, 110, 220);

INSERT INTO public.orders (id, order_id, status, amount, payment_method, cashier_name, created_at)
VALUES ('2626fd0a-11d6-4961-aac1-b8c1af5f93bb', 'ORD-00687', 'Completed', 380, 'Maya', 'System Seed', '2026-04-18T23:03:43.990Z');

INSERT INTO public.order_items (order_id, product_id, name, quantity, unit_price, subtotal)
VALUES ('2626fd0a-11d6-4961-aac1-b8c1af5f93bb', 'dfe22f11-84a3-41d2-a268-149f012eae60', 'Sparkling Lemonade', 1, 110, 110);

INSERT INTO public.order_items (order_id, product_id, name, quantity, unit_price, subtotal)
VALUES ('2626fd0a-11d6-4961-aac1-b8c1af5f93bb', 'fe6b02e6-9366-4abd-874c-fcb832e0e282', 'Green Tea', 3, 90, 270);

INSERT INTO public.orders (id, order_id, status, amount, payment_method, cashier_name, created_at)
VALUES ('e914443f-23c0-4cfc-b574-831acc613251', 'ORD-00688', 'Void (Not Made)', 80, 'Credit Card', 'System Seed', '2026-04-19T12:37:42.990Z');

INSERT INTO public.order_items (order_id, product_id, name, quantity, unit_price, subtotal)
VALUES ('e914443f-23c0-4cfc-b574-831acc613251', '65f0b94f-ccbe-4b50-a175-66810ae10f44', 'Croissant', 1, 80, 80);

INSERT INTO public.orders (id, order_id, status, amount, payment_method, cashier_name, created_at)
VALUES ('5dcf6671-c019-4296-98b0-e9fa82a076c8', 'ORD-00689', 'Completed', 420, 'GCash', 'System Seed', '2026-04-18T23:09:28.990Z');

INSERT INTO public.order_items (order_id, product_id, name, quantity, unit_price, subtotal)
VALUES ('5dcf6671-c019-4296-98b0-e9fa82a076c8', '1b5c6269-ce45-4413-acb8-21813cd7f9cf', 'Mocha', 3, 140, 420);

INSERT INTO public.orders (id, order_id, status, amount, payment_method, cashier_name, created_at)
VALUES ('260be6aa-646e-4055-bbc8-7908c1d21034', 'ORD-00690', 'Completed', 205, 'Cash', 'System Seed', '2026-04-19T07:40:23.990Z');

INSERT INTO public.order_items (order_id, product_id, name, quantity, unit_price, subtotal)
VALUES ('260be6aa-646e-4055-bbc8-7908c1d21034', 'dfe22f11-84a3-41d2-a268-149f012eae60', 'Sparkling Lemonade', 1, 110, 110);

INSERT INTO public.order_items (order_id, product_id, name, quantity, unit_price, subtotal)
VALUES ('260be6aa-646e-4055-bbc8-7908c1d21034', '36c93748-7c86-4ddb-ba49-1bd1a164bf42', 'Blueberry Muffin', 1, 95, 95);

INSERT INTO public.orders (id, order_id, status, amount, payment_method, cashier_name, created_at)
VALUES ('a87e1307-f7a1-4514-9fa6-93ee5268c79e', 'ORD-00691', 'Completed', 380, 'Cash', 'System Seed', '2026-04-19T06:25:00.990Z');

INSERT INTO public.order_items (order_id, product_id, name, quantity, unit_price, subtotal)
VALUES ('a87e1307-f7a1-4514-9fa6-93ee5268c79e', 'dfe22f11-84a3-41d2-a268-149f012eae60', 'Sparkling Lemonade', 2, 110, 220);

INSERT INTO public.order_items (order_id, product_id, name, quantity, unit_price, subtotal)
VALUES ('a87e1307-f7a1-4514-9fa6-93ee5268c79e', '65f0b94f-ccbe-4b50-a175-66810ae10f44', 'Croissant', 2, 80, 160);

INSERT INTO public.orders (id, order_id, status, amount, payment_method, cashier_name, created_at)
VALUES ('d81250ae-db97-454d-bb03-09cc49114416', 'ORD-00692', 'Completed', 600, 'Cash', 'System Seed', '2026-04-19T00:22:02.990Z');

INSERT INTO public.order_items (order_id, product_id, name, quantity, unit_price, subtotal)
VALUES ('d81250ae-db97-454d-bb03-09cc49114416', '1b5c6269-ce45-4413-acb8-21813cd7f9cf', 'Mocha', 2, 140, 280);

INSERT INTO public.order_items (order_id, product_id, name, quantity, unit_price, subtotal)
VALUES ('d81250ae-db97-454d-bb03-09cc49114416', '48233f0a-6e57-4a45-b033-627d13f1be78', 'Cappuccino', 2, 120, 240);

INSERT INTO public.order_items (order_id, product_id, name, quantity, unit_price, subtotal)
VALUES ('d81250ae-db97-454d-bb03-09cc49114416', '65f0b94f-ccbe-4b50-a175-66810ae10f44', 'Croissant', 1, 80, 80);

INSERT INTO public.orders (id, order_id, status, amount, payment_method, cashier_name, created_at)
VALUES ('34db0efe-4770-4ff7-892f-92182ba857b9', 'ORD-00693', 'Void (Not Made)', 140, 'Maya', 'System Seed', '2026-04-19T02:56:21.990Z');

INSERT INTO public.order_items (order_id, product_id, name, quantity, unit_price, subtotal)
VALUES ('34db0efe-4770-4ff7-892f-92182ba857b9', '1b5c6269-ce45-4413-acb8-21813cd7f9cf', 'Mocha', 1, 140, 140);

INSERT INTO public.orders (id, order_id, status, amount, payment_method, cashier_name, created_at)
VALUES ('acc96239-8aa8-45b7-a1c5-e13b9dddde51', 'ORD-00694', 'Completed', 520, 'Maya', 'System Seed', '2026-04-19T09:20:20.990Z');

INSERT INTO public.order_items (order_id, product_id, name, quantity, unit_price, subtotal)
VALUES ('acc96239-8aa8-45b7-a1c5-e13b9dddde51', '36c93748-7c86-4ddb-ba49-1bd1a164bf42', 'Blueberry Muffin', 2, 95, 190);

INSERT INTO public.order_items (order_id, product_id, name, quantity, unit_price, subtotal)
VALUES ('acc96239-8aa8-45b7-a1c5-e13b9dddde51', 'dfe22f11-84a3-41d2-a268-149f012eae60', 'Sparkling Lemonade', 3, 110, 330);

INSERT INTO public.orders (id, order_id, status, amount, payment_method, cashier_name, created_at)
VALUES ('1abf76fb-357e-4075-b08d-c9da4161c9ea', 'ORD-00695', 'Void (Not Made)', 110, 'Cash', 'System Seed', '2026-04-19T07:35:24.990Z');

INSERT INTO public.order_items (order_id, product_id, name, quantity, unit_price, subtotal)
VALUES ('1abf76fb-357e-4075-b08d-c9da4161c9ea', 'dfe22f11-84a3-41d2-a268-149f012eae60', 'Sparkling Lemonade', 1, 110, 110);

INSERT INTO public.orders (id, order_id, status, amount, payment_method, cashier_name, created_at)
VALUES ('b109928d-1d2e-47c8-afb9-bfa85d774c8b', 'ORD-00696', 'Completed', 560, 'GCash', 'System Seed', '2026-04-19T07:42:25.990Z');

INSERT INTO public.order_items (order_id, product_id, name, quantity, unit_price, subtotal)
VALUES ('b109928d-1d2e-47c8-afb9-bfa85d774c8b', '3a6a55c0-70f3-4417-a252-db77d9e511c0', 'Latte', 3, 120, 360);

INSERT INTO public.order_items (order_id, product_id, name, quantity, unit_price, subtotal)
VALUES ('b109928d-1d2e-47c8-afb9-bfa85d774c8b', '83a6812d-2665-4ce5-871a-78a4eab3ce80', 'Americano', 2, 100, 200);

INSERT INTO public.orders (id, order_id, status, amount, payment_method, cashier_name, created_at)
VALUES ('a0ccac7d-2994-4d5f-bf85-a88687c9896f', 'ORD-00697', 'Completed', 570, 'Credit Card', 'System Seed', '2026-04-19T03:01:20.990Z');

INSERT INTO public.order_items (order_id, product_id, name, quantity, unit_price, subtotal)
VALUES ('a0ccac7d-2994-4d5f-bf85-a88687c9896f', '48233f0a-6e57-4a45-b033-627d13f1be78', 'Cappuccino', 1, 120, 120);

INSERT INTO public.order_items (order_id, product_id, name, quantity, unit_price, subtotal)
VALUES ('a0ccac7d-2994-4d5f-bf85-a88687c9896f', 'fe6b02e6-9366-4abd-874c-fcb832e0e282', 'Green Tea', 1, 90, 90);

INSERT INTO public.order_items (order_id, product_id, name, quantity, unit_price, subtotal)
VALUES ('a0ccac7d-2994-4d5f-bf85-a88687c9896f', '48233f0a-6e57-4a45-b033-627d13f1be78', 'Cappuccino', 3, 120, 360);

INSERT INTO public.orders (id, order_id, status, amount, payment_method, cashier_name, created_at)
VALUES ('c310d1ba-308d-4912-9a6b-93828db6a0be', 'ORD-00698', 'Completed', 760, 'Credit Card', 'System Seed', '2026-04-18T23:07:01.990Z');

INSERT INTO public.order_items (order_id, product_id, name, quantity, unit_price, subtotal)
VALUES ('c310d1ba-308d-4912-9a6b-93828db6a0be', '3a6a55c0-70f3-4417-a252-db77d9e511c0', 'Latte', 1, 120, 120);

INSERT INTO public.order_items (order_id, product_id, name, quantity, unit_price, subtotal)
VALUES ('c310d1ba-308d-4912-9a6b-93828db6a0be', '1b5c6269-ce45-4413-acb8-21813cd7f9cf', 'Mocha', 2, 140, 280);

INSERT INTO public.order_items (order_id, product_id, name, quantity, unit_price, subtotal)
VALUES ('c310d1ba-308d-4912-9a6b-93828db6a0be', '3a6a55c0-70f3-4417-a252-db77d9e511c0', 'Latte', 3, 120, 360);

INSERT INTO public.orders (id, order_id, status, amount, payment_method, cashier_name, created_at)
VALUES ('6f1d9050-e70b-4eea-ad44-ee364ddec3f6', 'ORD-00699', 'Void (Not Made)', 660, 'Credit Card', 'System Seed', '2026-04-19T02:49:04.990Z');

INSERT INTO public.order_items (order_id, product_id, name, quantity, unit_price, subtotal)
VALUES ('6f1d9050-e70b-4eea-ad44-ee364ddec3f6', '83a6812d-2665-4ce5-871a-78a4eab3ce80', 'Americano', 3, 100, 300);

INSERT INTO public.order_items (order_id, product_id, name, quantity, unit_price, subtotal)
VALUES ('6f1d9050-e70b-4eea-ad44-ee364ddec3f6', '3a6a55c0-70f3-4417-a252-db77d9e511c0', 'Latte', 1, 120, 120);

INSERT INTO public.order_items (order_id, product_id, name, quantity, unit_price, subtotal)
VALUES ('6f1d9050-e70b-4eea-ad44-ee364ddec3f6', '65f0b94f-ccbe-4b50-a175-66810ae10f44', 'Croissant', 1, 80, 80);

INSERT INTO public.order_items (order_id, product_id, name, quantity, unit_price, subtotal)
VALUES ('6f1d9050-e70b-4eea-ad44-ee364ddec3f6', '65f0b94f-ccbe-4b50-a175-66810ae10f44', 'Croissant', 2, 80, 160);

INSERT INTO public.orders (id, order_id, status, amount, payment_method, cashier_name, created_at)
VALUES ('ddec1c95-914a-4223-8195-81295d2578fb', 'ORD-00700', 'Void (Consumed)', 645, 'Credit Card', 'System Seed', '2026-04-19T05:21:18.990Z');

INSERT INTO public.order_items (order_id, product_id, name, quantity, unit_price, subtotal)
VALUES ('ddec1c95-914a-4223-8195-81295d2578fb', '48233f0a-6e57-4a45-b033-627d13f1be78', 'Cappuccino', 3, 120, 360);

INSERT INTO public.order_items (order_id, product_id, name, quantity, unit_price, subtotal)
VALUES ('ddec1c95-914a-4223-8195-81295d2578fb', '36c93748-7c86-4ddb-ba49-1bd1a164bf42', 'Blueberry Muffin', 3, 95, 285);

INSERT INTO public.orders (id, order_id, status, amount, payment_method, cashier_name, created_at)
VALUES ('60136fa1-fdbf-4012-83a1-dea459be4ba6', 'ORD-00701', 'Completed', 425, 'Maya', 'System Seed', '2026-04-19T12:30:05.990Z');

INSERT INTO public.order_items (order_id, product_id, name, quantity, unit_price, subtotal)
VALUES ('60136fa1-fdbf-4012-83a1-dea459be4ba6', '36c93748-7c86-4ddb-ba49-1bd1a164bf42', 'Blueberry Muffin', 1, 95, 95);

INSERT INTO public.order_items (order_id, product_id, name, quantity, unit_price, subtotal)
VALUES ('60136fa1-fdbf-4012-83a1-dea459be4ba6', '1b5c6269-ce45-4413-acb8-21813cd7f9cf', 'Mocha', 1, 140, 140);

INSERT INTO public.order_items (order_id, product_id, name, quantity, unit_price, subtotal)
VALUES ('60136fa1-fdbf-4012-83a1-dea459be4ba6', '36c93748-7c86-4ddb-ba49-1bd1a164bf42', 'Blueberry Muffin', 2, 95, 190);

INSERT INTO public.orders (id, order_id, status, amount, payment_method, cashier_name, created_at)
VALUES ('cb8a6890-f810-4676-bc73-7e87815508da', 'ORD-00702', 'Void (Consumed)', 200, 'Maya', 'System Seed', '2026-04-18T23:34:42.990Z');

INSERT INTO public.order_items (order_id, product_id, name, quantity, unit_price, subtotal)
VALUES ('cb8a6890-f810-4676-bc73-7e87815508da', '83a6812d-2665-4ce5-871a-78a4eab3ce80', 'Americano', 2, 100, 200);

INSERT INTO public.orders (id, order_id, status, amount, payment_method, cashier_name, created_at)
VALUES ('df20d825-c0ee-4b81-8650-a9c4a1f66122', 'ORD-00703', 'Completed', 1000, 'Credit Card', 'System Seed', '2026-04-19T06:41:14.990Z');

INSERT INTO public.order_items (order_id, product_id, name, quantity, unit_price, subtotal)
VALUES ('df20d825-c0ee-4b81-8650-a9c4a1f66122', '3a6a55c0-70f3-4417-a252-db77d9e511c0', 'Latte', 1, 120, 120);

INSERT INTO public.order_items (order_id, product_id, name, quantity, unit_price, subtotal)
VALUES ('df20d825-c0ee-4b81-8650-a9c4a1f66122', 'dfe22f11-84a3-41d2-a268-149f012eae60', 'Sparkling Lemonade', 2, 110, 220);

INSERT INTO public.order_items (order_id, product_id, name, quantity, unit_price, subtotal)
VALUES ('df20d825-c0ee-4b81-8650-a9c4a1f66122', '48233f0a-6e57-4a45-b033-627d13f1be78', 'Cappuccino', 3, 120, 360);

INSERT INTO public.order_items (order_id, product_id, name, quantity, unit_price, subtotal)
VALUES ('df20d825-c0ee-4b81-8650-a9c4a1f66122', '83a6812d-2665-4ce5-871a-78a4eab3ce80', 'Americano', 3, 100, 300);

INSERT INTO public.orders (id, order_id, status, amount, payment_method, cashier_name, created_at)
VALUES ('33076b59-9ce1-47dc-a463-42ab4c68dbf2', 'ORD-00704', 'Completed', 740, 'GCash', 'System Seed', '2026-04-19T01:58:40.990Z');

INSERT INTO public.order_items (order_id, product_id, name, quantity, unit_price, subtotal)
VALUES ('33076b59-9ce1-47dc-a463-42ab4c68dbf2', '65f0b94f-ccbe-4b50-a175-66810ae10f44', 'Croissant', 1, 80, 80);

INSERT INTO public.order_items (order_id, product_id, name, quantity, unit_price, subtotal)
VALUES ('33076b59-9ce1-47dc-a463-42ab4c68dbf2', '65f0b94f-ccbe-4b50-a175-66810ae10f44', 'Croissant', 1, 80, 80);

INSERT INTO public.order_items (order_id, product_id, name, quantity, unit_price, subtotal)
VALUES ('33076b59-9ce1-47dc-a463-42ab4c68dbf2', '83a6812d-2665-4ce5-871a-78a4eab3ce80', 'Americano', 3, 100, 300);

INSERT INTO public.order_items (order_id, product_id, name, quantity, unit_price, subtotal)
VALUES ('33076b59-9ce1-47dc-a463-42ab4c68dbf2', '1b5c6269-ce45-4413-acb8-21813cd7f9cf', 'Mocha', 2, 140, 280);

INSERT INTO public.orders (id, order_id, status, amount, payment_method, cashier_name, created_at)
VALUES ('7df38455-6525-457c-aa6f-6cbc62c157c1', 'ORD-00705', 'Completed', 530, 'GCash', 'System Seed', '2026-04-19T02:53:40.990Z');

INSERT INTO public.order_items (order_id, product_id, name, quantity, unit_price, subtotal)
VALUES ('7df38455-6525-457c-aa6f-6cbc62c157c1', '65f0b94f-ccbe-4b50-a175-66810ae10f44', 'Croissant', 1, 80, 80);

INSERT INTO public.order_items (order_id, product_id, name, quantity, unit_price, subtotal)
VALUES ('7df38455-6525-457c-aa6f-6cbc62c157c1', '48233f0a-6e57-4a45-b033-627d13f1be78', 'Cappuccino', 2, 120, 240);

INSERT INTO public.order_items (order_id, product_id, name, quantity, unit_price, subtotal)
VALUES ('7df38455-6525-457c-aa6f-6cbc62c157c1', 'dfe22f11-84a3-41d2-a268-149f012eae60', 'Sparkling Lemonade', 1, 110, 110);

INSERT INTO public.order_items (order_id, product_id, name, quantity, unit_price, subtotal)
VALUES ('7df38455-6525-457c-aa6f-6cbc62c157c1', '83a6812d-2665-4ce5-871a-78a4eab3ce80', 'Americano', 1, 100, 100);

INSERT INTO public.orders (id, order_id, status, amount, payment_method, cashier_name, created_at)
VALUES ('ac862a01-f860-4e3e-82d3-dad2a1b14fdc', 'ORD-00706', 'Completed', 500, 'Cash', 'System Seed', '2026-04-19T11:15:18.990Z');

INSERT INTO public.order_items (order_id, product_id, name, quantity, unit_price, subtotal)
VALUES ('ac862a01-f860-4e3e-82d3-dad2a1b14fdc', '3a6a55c0-70f3-4417-a252-db77d9e511c0', 'Latte', 3, 120, 360);

INSERT INTO public.order_items (order_id, product_id, name, quantity, unit_price, subtotal)
VALUES ('ac862a01-f860-4e3e-82d3-dad2a1b14fdc', '1b5c6269-ce45-4413-acb8-21813cd7f9cf', 'Mocha', 1, 140, 140);

INSERT INTO public.orders (id, order_id, status, amount, payment_method, cashier_name, created_at)
VALUES ('58a1addd-756e-49d2-9562-410ab048148c', 'ORD-00707', 'Completed', 470, 'Credit Card', 'System Seed', '2026-04-19T10:58:38.990Z');

INSERT INTO public.order_items (order_id, product_id, name, quantity, unit_price, subtotal)
VALUES ('58a1addd-756e-49d2-9562-410ab048148c', '3a6a55c0-70f3-4417-a252-db77d9e511c0', 'Latte', 3, 120, 360);

INSERT INTO public.order_items (order_id, product_id, name, quantity, unit_price, subtotal)
VALUES ('58a1addd-756e-49d2-9562-410ab048148c', 'dfe22f11-84a3-41d2-a268-149f012eae60', 'Sparkling Lemonade', 1, 110, 110);

INSERT INTO public.orders (id, order_id, status, amount, payment_method, cashier_name, created_at)
VALUES ('dfa35788-8ef8-4865-956a-3de22efca8bf', 'ORD-00708', 'Completed', 1050, 'Cash', 'System Seed', '2026-04-19T02:46:45.990Z');

INSERT INTO public.order_items (order_id, product_id, name, quantity, unit_price, subtotal)
VALUES ('dfa35788-8ef8-4865-956a-3de22efca8bf', '3a6a55c0-70f3-4417-a252-db77d9e511c0', 'Latte', 3, 120, 360);

INSERT INTO public.order_items (order_id, product_id, name, quantity, unit_price, subtotal)
VALUES ('dfa35788-8ef8-4865-956a-3de22efca8bf', 'dfe22f11-84a3-41d2-a268-149f012eae60', 'Sparkling Lemonade', 3, 110, 330);

INSERT INTO public.order_items (order_id, product_id, name, quantity, unit_price, subtotal)
VALUES ('dfa35788-8ef8-4865-956a-3de22efca8bf', '3a6a55c0-70f3-4417-a252-db77d9e511c0', 'Latte', 3, 120, 360);

INSERT INTO public.orders (id, order_id, status, amount, payment_method, cashier_name, created_at)
VALUES ('98c0ad4b-cf8b-42ac-827e-76b596f0ba6d', 'ORD-00709', 'Completed', 240, 'Credit Card', 'System Seed', '2026-04-19T07:31:09.990Z');

INSERT INTO public.order_items (order_id, product_id, name, quantity, unit_price, subtotal)
VALUES ('98c0ad4b-cf8b-42ac-827e-76b596f0ba6d', '3a6a55c0-70f3-4417-a252-db77d9e511c0', 'Latte', 2, 120, 240);

INSERT INTO public.orders (id, order_id, status, amount, payment_method, cashier_name, created_at)
VALUES ('258e99ac-fa68-44b0-9cf7-ad6fd12593c6', 'ORD-00710', 'Completed', 220, 'Credit Card', 'System Seed', '2026-04-19T12:13:10.990Z');

INSERT INTO public.order_items (order_id, product_id, name, quantity, unit_price, subtotal)
VALUES ('258e99ac-fa68-44b0-9cf7-ad6fd12593c6', 'dfe22f11-84a3-41d2-a268-149f012eae60', 'Sparkling Lemonade', 2, 110, 220);

INSERT INTO public.orders (id, order_id, status, amount, payment_method, cashier_name, created_at)
VALUES ('c02f00f2-756e-4e1b-a05f-0f983cb5bd76', 'ORD-00711', 'Completed', 895, 'Maya', 'System Seed', '2026-04-20T10:29:09.990Z');

INSERT INTO public.order_items (order_id, product_id, name, quantity, unit_price, subtotal)
VALUES ('c02f00f2-756e-4e1b-a05f-0f983cb5bd76', '1b5c6269-ce45-4413-acb8-21813cd7f9cf', 'Mocha', 1, 140, 140);

INSERT INTO public.order_items (order_id, product_id, name, quantity, unit_price, subtotal)
VALUES ('c02f00f2-756e-4e1b-a05f-0f983cb5bd76', 'dfe22f11-84a3-41d2-a268-149f012eae60', 'Sparkling Lemonade', 3, 110, 330);

INSERT INTO public.order_items (order_id, product_id, name, quantity, unit_price, subtotal)
VALUES ('c02f00f2-756e-4e1b-a05f-0f983cb5bd76', '36c93748-7c86-4ddb-ba49-1bd1a164bf42', 'Blueberry Muffin', 3, 95, 285);

INSERT INTO public.order_items (order_id, product_id, name, quantity, unit_price, subtotal)
VALUES ('c02f00f2-756e-4e1b-a05f-0f983cb5bd76', '1b5c6269-ce45-4413-acb8-21813cd7f9cf', 'Mocha', 1, 140, 140);

INSERT INTO public.orders (id, order_id, status, amount, payment_method, cashier_name, created_at)
VALUES ('ecbbac61-3796-43e3-9376-0cb96a6a5eb9', 'ORD-00712', 'Completed', 870, 'GCash', 'System Seed', '2026-04-20T09:50:45.990Z');

INSERT INTO public.order_items (order_id, product_id, name, quantity, unit_price, subtotal)
VALUES ('ecbbac61-3796-43e3-9376-0cb96a6a5eb9', '48233f0a-6e57-4a45-b033-627d13f1be78', 'Cappuccino', 1, 120, 120);

INSERT INTO public.order_items (order_id, product_id, name, quantity, unit_price, subtotal)
VALUES ('ecbbac61-3796-43e3-9376-0cb96a6a5eb9', 'fe6b02e6-9366-4abd-874c-fcb832e0e282', 'Green Tea', 2, 90, 180);

INSERT INTO public.order_items (order_id, product_id, name, quantity, unit_price, subtotal)
VALUES ('ecbbac61-3796-43e3-9376-0cb96a6a5eb9', '3a6a55c0-70f3-4417-a252-db77d9e511c0', 'Latte', 2, 120, 240);

INSERT INTO public.order_items (order_id, product_id, name, quantity, unit_price, subtotal)
VALUES ('ecbbac61-3796-43e3-9376-0cb96a6a5eb9', 'dfe22f11-84a3-41d2-a268-149f012eae60', 'Sparkling Lemonade', 3, 110, 330);

INSERT INTO public.orders (id, order_id, status, amount, payment_method, cashier_name, created_at)
VALUES ('1f9c4688-3c05-41ee-914c-2b4429e4225a', 'ORD-00713', 'Completed', 490, 'Cash', 'System Seed', '2026-04-20T11:16:15.990Z');

INSERT INTO public.order_items (order_id, product_id, name, quantity, unit_price, subtotal)
VALUES ('1f9c4688-3c05-41ee-914c-2b4429e4225a', 'dfe22f11-84a3-41d2-a268-149f012eae60', 'Sparkling Lemonade', 2, 110, 220);

INSERT INTO public.order_items (order_id, product_id, name, quantity, unit_price, subtotal)
VALUES ('1f9c4688-3c05-41ee-914c-2b4429e4225a', 'fe6b02e6-9366-4abd-874c-fcb832e0e282', 'Green Tea', 3, 90, 270);

INSERT INTO public.orders (id, order_id, status, amount, payment_method, cashier_name, created_at)
VALUES ('44c09e0b-1ac2-4ee9-98cd-d74bda81f805', 'ORD-00714', 'Void (Not Made)', 240, 'Maya', 'System Seed', '2026-04-20T06:34:26.990Z');

INSERT INTO public.order_items (order_id, product_id, name, quantity, unit_price, subtotal)
VALUES ('44c09e0b-1ac2-4ee9-98cd-d74bda81f805', '65f0b94f-ccbe-4b50-a175-66810ae10f44', 'Croissant', 3, 80, 240);

INSERT INTO public.orders (id, order_id, status, amount, payment_method, cashier_name, created_at)
VALUES ('cbaa56b0-0ac1-4d08-81dc-f0b2c49d7f78', 'ORD-00715', 'Void (Consumed)', 120, 'Cash', 'System Seed', '2026-04-20T10:34:52.990Z');

INSERT INTO public.order_items (order_id, product_id, name, quantity, unit_price, subtotal)
VALUES ('cbaa56b0-0ac1-4d08-81dc-f0b2c49d7f78', '3a6a55c0-70f3-4417-a252-db77d9e511c0', 'Latte', 1, 120, 120);

INSERT INTO public.orders (id, order_id, status, amount, payment_method, cashier_name, created_at)
VALUES ('4fda2d8d-a32b-4577-bb75-6edb85192606', 'ORD-00716', 'Completed', 650, 'GCash', 'System Seed', '2026-04-20T08:02:28.990Z');

INSERT INTO public.order_items (order_id, product_id, name, quantity, unit_price, subtotal)
VALUES ('4fda2d8d-a32b-4577-bb75-6edb85192606', 'dfe22f11-84a3-41d2-a268-149f012eae60', 'Sparkling Lemonade', 1, 110, 110);

INSERT INTO public.order_items (order_id, product_id, name, quantity, unit_price, subtotal)
VALUES ('4fda2d8d-a32b-4577-bb75-6edb85192606', '83a6812d-2665-4ce5-871a-78a4eab3ce80', 'Americano', 3, 100, 300);

INSERT INTO public.order_items (order_id, product_id, name, quantity, unit_price, subtotal)
VALUES ('4fda2d8d-a32b-4577-bb75-6edb85192606', '65f0b94f-ccbe-4b50-a175-66810ae10f44', 'Croissant', 3, 80, 240);

INSERT INTO public.orders (id, order_id, status, amount, payment_method, cashier_name, created_at)
VALUES ('f9882533-4818-4edd-aa98-02dc56e3a0fb', 'ORD-00717', 'Void (Not Made)', 520, 'Maya', 'System Seed', '2026-04-20T02:56:45.990Z');

INSERT INTO public.order_items (order_id, product_id, name, quantity, unit_price, subtotal)
VALUES ('f9882533-4818-4edd-aa98-02dc56e3a0fb', '83a6812d-2665-4ce5-871a-78a4eab3ce80', 'Americano', 2, 100, 200);

INSERT INTO public.order_items (order_id, product_id, name, quantity, unit_price, subtotal)
VALUES ('f9882533-4818-4edd-aa98-02dc56e3a0fb', '3a6a55c0-70f3-4417-a252-db77d9e511c0', 'Latte', 1, 120, 120);

INSERT INTO public.order_items (order_id, product_id, name, quantity, unit_price, subtotal)
VALUES ('f9882533-4818-4edd-aa98-02dc56e3a0fb', '83a6812d-2665-4ce5-871a-78a4eab3ce80', 'Americano', 1, 100, 100);

INSERT INTO public.order_items (order_id, product_id, name, quantity, unit_price, subtotal)
VALUES ('f9882533-4818-4edd-aa98-02dc56e3a0fb', '83a6812d-2665-4ce5-871a-78a4eab3ce80', 'Americano', 1, 100, 100);

INSERT INTO public.orders (id, order_id, status, amount, payment_method, cashier_name, created_at)
VALUES ('2a9338fc-a957-4076-a2e5-f98811fbb1b6', 'ORD-00718', 'Completed', 640, 'Cash', 'System Seed', '2026-04-20T05:47:25.990Z');

INSERT INTO public.order_items (order_id, product_id, name, quantity, unit_price, subtotal)
VALUES ('2a9338fc-a957-4076-a2e5-f98811fbb1b6', '1b5c6269-ce45-4413-acb8-21813cd7f9cf', 'Mocha', 2, 140, 280);

INSERT INTO public.order_items (order_id, product_id, name, quantity, unit_price, subtotal)
VALUES ('2a9338fc-a957-4076-a2e5-f98811fbb1b6', '48233f0a-6e57-4a45-b033-627d13f1be78', 'Cappuccino', 3, 120, 360);

INSERT INTO public.orders (id, order_id, status, amount, payment_method, cashier_name, created_at)
VALUES ('e93a2f98-7ba7-4447-826a-33bdbbd67ffe', 'ORD-00719', 'Completed', 440, 'GCash', 'System Seed', '2026-04-20T12:31:06.990Z');

INSERT INTO public.order_items (order_id, product_id, name, quantity, unit_price, subtotal)
VALUES ('e93a2f98-7ba7-4447-826a-33bdbbd67ffe', 'dfe22f11-84a3-41d2-a268-149f012eae60', 'Sparkling Lemonade', 1, 110, 110);

INSERT INTO public.order_items (order_id, product_id, name, quantity, unit_price, subtotal)
VALUES ('e93a2f98-7ba7-4447-826a-33bdbbd67ffe', 'fe6b02e6-9366-4abd-874c-fcb832e0e282', 'Green Tea', 1, 90, 90);

INSERT INTO public.order_items (order_id, product_id, name, quantity, unit_price, subtotal)
VALUES ('e93a2f98-7ba7-4447-826a-33bdbbd67ffe', '65f0b94f-ccbe-4b50-a175-66810ae10f44', 'Croissant', 3, 80, 240);

INSERT INTO public.orders (id, order_id, status, amount, payment_method, cashier_name, created_at)
VALUES ('ca959966-1df4-430e-8742-4a1f51d48779', 'ORD-00720', 'Completed', 310, 'Cash', 'System Seed', '2026-04-19T23:32:47.990Z');

INSERT INTO public.order_items (order_id, product_id, name, quantity, unit_price, subtotal)
VALUES ('ca959966-1df4-430e-8742-4a1f51d48779', '48233f0a-6e57-4a45-b033-627d13f1be78', 'Cappuccino', 1, 120, 120);

INSERT INTO public.order_items (order_id, product_id, name, quantity, unit_price, subtotal)
VALUES ('ca959966-1df4-430e-8742-4a1f51d48779', '36c93748-7c86-4ddb-ba49-1bd1a164bf42', 'Blueberry Muffin', 2, 95, 190);

INSERT INTO public.orders (id, order_id, status, amount, payment_method, cashier_name, created_at)
VALUES ('3749f716-ab01-4a35-9d57-6811eed0119a', 'ORD-00721', 'Completed', 490, 'Maya', 'System Seed', '2026-04-20T09:39:31.990Z');

INSERT INTO public.order_items (order_id, product_id, name, quantity, unit_price, subtotal)
VALUES ('3749f716-ab01-4a35-9d57-6811eed0119a', 'dfe22f11-84a3-41d2-a268-149f012eae60', 'Sparkling Lemonade', 3, 110, 330);

INSERT INTO public.order_items (order_id, product_id, name, quantity, unit_price, subtotal)
VALUES ('3749f716-ab01-4a35-9d57-6811eed0119a', '65f0b94f-ccbe-4b50-a175-66810ae10f44', 'Croissant', 2, 80, 160);

INSERT INTO public.orders (id, order_id, status, amount, payment_method, cashier_name, created_at)
VALUES ('1e9048ad-648d-4afb-b205-368c13c7ca3a', 'ORD-00722', 'Void (Consumed)', 270, 'Cash', 'System Seed', '2026-04-20T03:04:11.990Z');

INSERT INTO public.order_items (order_id, product_id, name, quantity, unit_price, subtotal)
VALUES ('1e9048ad-648d-4afb-b205-368c13c7ca3a', '36c93748-7c86-4ddb-ba49-1bd1a164bf42', 'Blueberry Muffin', 2, 95, 190);

INSERT INTO public.order_items (order_id, product_id, name, quantity, unit_price, subtotal)
VALUES ('1e9048ad-648d-4afb-b205-368c13c7ca3a', '65f0b94f-ccbe-4b50-a175-66810ae10f44', 'Croissant', 1, 80, 80);

INSERT INTO public.orders (id, order_id, status, amount, payment_method, cashier_name, created_at)
VALUES ('bbff9711-db0a-4cb6-a259-4d99d9727873', 'ORD-00723', 'Completed', 80, 'GCash', 'System Seed', '2026-04-20T09:12:17.990Z');

INSERT INTO public.order_items (order_id, product_id, name, quantity, unit_price, subtotal)
VALUES ('bbff9711-db0a-4cb6-a259-4d99d9727873', '65f0b94f-ccbe-4b50-a175-66810ae10f44', 'Croissant', 1, 80, 80);

INSERT INTO public.orders (id, order_id, status, amount, payment_method, cashier_name, created_at)
VALUES ('ff1f4e65-54cf-4b80-91c9-d45152f51a1b', 'ORD-00724', 'Completed', 660, 'GCash', 'System Seed', '2026-04-20T12:47:19.990Z');

INSERT INTO public.order_items (order_id, product_id, name, quantity, unit_price, subtotal)
VALUES ('ff1f4e65-54cf-4b80-91c9-d45152f51a1b', '65f0b94f-ccbe-4b50-a175-66810ae10f44', 'Croissant', 3, 80, 240);

INSERT INTO public.order_items (order_id, product_id, name, quantity, unit_price, subtotal)
VALUES ('ff1f4e65-54cf-4b80-91c9-d45152f51a1b', '1b5c6269-ce45-4413-acb8-21813cd7f9cf', 'Mocha', 3, 140, 420);

INSERT INTO public.orders (id, order_id, status, amount, payment_method, cashier_name, created_at)
VALUES ('82937c67-46ca-4002-9592-b57a2b350615', 'ORD-00725', 'Completed', 500, 'GCash', 'System Seed', '2026-04-19T23:30:07.990Z');

INSERT INTO public.order_items (order_id, product_id, name, quantity, unit_price, subtotal)
VALUES ('82937c67-46ca-4002-9592-b57a2b350615', 'dfe22f11-84a3-41d2-a268-149f012eae60', 'Sparkling Lemonade', 2, 110, 220);

INSERT INTO public.order_items (order_id, product_id, name, quantity, unit_price, subtotal)
VALUES ('82937c67-46ca-4002-9592-b57a2b350615', '1b5c6269-ce45-4413-acb8-21813cd7f9cf', 'Mocha', 2, 140, 280);

INSERT INTO public.orders (id, order_id, status, amount, payment_method, cashier_name, created_at)
VALUES ('814c962e-b51c-41d8-9aed-af482846a6eb', 'ORD-00726', 'Completed', 205, 'GCash', 'System Seed', '2026-04-20T06:05:22.990Z');

INSERT INTO public.order_items (order_id, product_id, name, quantity, unit_price, subtotal)
VALUES ('814c962e-b51c-41d8-9aed-af482846a6eb', 'dfe22f11-84a3-41d2-a268-149f012eae60', 'Sparkling Lemonade', 1, 110, 110);

INSERT INTO public.order_items (order_id, product_id, name, quantity, unit_price, subtotal)
VALUES ('814c962e-b51c-41d8-9aed-af482846a6eb', '36c93748-7c86-4ddb-ba49-1bd1a164bf42', 'Blueberry Muffin', 1, 95, 95);

INSERT INTO public.orders (id, order_id, status, amount, payment_method, cashier_name, created_at)
VALUES ('ec962373-8edc-4dee-a201-c949d975196f', 'ORD-00727', 'Completed', 390, 'Credit Card', 'System Seed', '2026-04-20T06:30:22.990Z');

INSERT INTO public.order_items (order_id, product_id, name, quantity, unit_price, subtotal)
VALUES ('ec962373-8edc-4dee-a201-c949d975196f', 'dfe22f11-84a3-41d2-a268-149f012eae60', 'Sparkling Lemonade', 1, 110, 110);

INSERT INTO public.order_items (order_id, product_id, name, quantity, unit_price, subtotal)
VALUES ('ec962373-8edc-4dee-a201-c949d975196f', '1b5c6269-ce45-4413-acb8-21813cd7f9cf', 'Mocha', 2, 140, 280);

INSERT INTO public.orders (id, order_id, status, amount, payment_method, cashier_name, created_at)
VALUES ('22487099-4ed6-46dd-94b6-9e28bc57c47a', 'ORD-00728', 'Completed', 640, 'Credit Card', 'System Seed', '2026-04-20T08:59:47.990Z');

INSERT INTO public.order_items (order_id, product_id, name, quantity, unit_price, subtotal)
VALUES ('22487099-4ed6-46dd-94b6-9e28bc57c47a', '83a6812d-2665-4ce5-871a-78a4eab3ce80', 'Americano', 3, 100, 300);

INSERT INTO public.order_items (order_id, product_id, name, quantity, unit_price, subtotal)
VALUES ('22487099-4ed6-46dd-94b6-9e28bc57c47a', '83a6812d-2665-4ce5-871a-78a4eab3ce80', 'Americano', 2, 100, 200);

INSERT INTO public.order_items (order_id, product_id, name, quantity, unit_price, subtotal)
VALUES ('22487099-4ed6-46dd-94b6-9e28bc57c47a', '1b5c6269-ce45-4413-acb8-21813cd7f9cf', 'Mocha', 1, 140, 140);

INSERT INTO public.orders (id, order_id, status, amount, payment_method, cashier_name, created_at)
VALUES ('426d23d0-3e27-4b47-8bb4-2313b7431198', 'ORD-00729', 'Void (Consumed)', 700, 'GCash', 'System Seed', '2026-04-20T02:33:48.990Z');

INSERT INTO public.order_items (order_id, product_id, name, quantity, unit_price, subtotal)
VALUES ('426d23d0-3e27-4b47-8bb4-2313b7431198', '1b5c6269-ce45-4413-acb8-21813cd7f9cf', 'Mocha', 2, 140, 280);

INSERT INTO public.order_items (order_id, product_id, name, quantity, unit_price, subtotal)
VALUES ('426d23d0-3e27-4b47-8bb4-2313b7431198', '48233f0a-6e57-4a45-b033-627d13f1be78', 'Cappuccino', 1, 120, 120);

INSERT INTO public.order_items (order_id, product_id, name, quantity, unit_price, subtotal)
VALUES ('426d23d0-3e27-4b47-8bb4-2313b7431198', 'dfe22f11-84a3-41d2-a268-149f012eae60', 'Sparkling Lemonade', 2, 110, 220);

INSERT INTO public.order_items (order_id, product_id, name, quantity, unit_price, subtotal)
VALUES ('426d23d0-3e27-4b47-8bb4-2313b7431198', '65f0b94f-ccbe-4b50-a175-66810ae10f44', 'Croissant', 1, 80, 80);

INSERT INTO public.orders (id, order_id, status, amount, payment_method, cashier_name, created_at)
VALUES ('97facf3f-a1a5-4787-86d8-cf5c58d1311d', 'ORD-00730', 'Void (Not Made)', 510, 'GCash', 'System Seed', '2026-04-20T05:45:18.990Z');

INSERT INTO public.order_items (order_id, product_id, name, quantity, unit_price, subtotal)
VALUES ('97facf3f-a1a5-4787-86d8-cf5c58d1311d', '65f0b94f-ccbe-4b50-a175-66810ae10f44', 'Croissant', 3, 80, 240);

INSERT INTO public.order_items (order_id, product_id, name, quantity, unit_price, subtotal)
VALUES ('97facf3f-a1a5-4787-86d8-cf5c58d1311d', 'fe6b02e6-9366-4abd-874c-fcb832e0e282', 'Green Tea', 3, 90, 270);

INSERT INTO public.orders (id, order_id, status, amount, payment_method, cashier_name, created_at)
VALUES ('c657635e-1615-4a45-bb08-f03470de7269', 'ORD-00731', 'Void (Not Made)', 620, 'Cash', 'System Seed', '2026-04-20T04:26:01.990Z');

INSERT INTO public.order_items (order_id, product_id, name, quantity, unit_price, subtotal)
VALUES ('c657635e-1615-4a45-bb08-f03470de7269', 'dfe22f11-84a3-41d2-a268-149f012eae60', 'Sparkling Lemonade', 2, 110, 220);

INSERT INTO public.order_items (order_id, product_id, name, quantity, unit_price, subtotal)
VALUES ('c657635e-1615-4a45-bb08-f03470de7269', '3a6a55c0-70f3-4417-a252-db77d9e511c0', 'Latte', 1, 120, 120);

INSERT INTO public.order_items (order_id, product_id, name, quantity, unit_price, subtotal)
VALUES ('c657635e-1615-4a45-bb08-f03470de7269', '1b5c6269-ce45-4413-acb8-21813cd7f9cf', 'Mocha', 2, 140, 280);

INSERT INTO public.orders (id, order_id, status, amount, payment_method, cashier_name, created_at)
VALUES ('e8a8bb77-5994-4ffd-add0-03ce931ba2a3', 'ORD-00732', 'Void (Not Made)', 440, 'Credit Card', 'System Seed', '2026-04-20T10:51:24.990Z');

INSERT INTO public.order_items (order_id, product_id, name, quantity, unit_price, subtotal)
VALUES ('e8a8bb77-5994-4ffd-add0-03ce931ba2a3', '83a6812d-2665-4ce5-871a-78a4eab3ce80', 'Americano', 3, 100, 300);

INSERT INTO public.order_items (order_id, product_id, name, quantity, unit_price, subtotal)
VALUES ('e8a8bb77-5994-4ffd-add0-03ce931ba2a3', '1b5c6269-ce45-4413-acb8-21813cd7f9cf', 'Mocha', 1, 140, 140);

INSERT INTO public.orders (id, order_id, status, amount, payment_method, cashier_name, created_at)
VALUES ('8b92e1b5-0f8d-458b-a20b-376bfb58b539', 'ORD-00733', 'Void (Consumed)', 980, 'Maya', 'System Seed', '2026-04-20T04:52:12.990Z');

INSERT INTO public.order_items (order_id, product_id, name, quantity, unit_price, subtotal)
VALUES ('8b92e1b5-0f8d-458b-a20b-376bfb58b539', '65f0b94f-ccbe-4b50-a175-66810ae10f44', 'Croissant', 1, 80, 80);

INSERT INTO public.order_items (order_id, product_id, name, quantity, unit_price, subtotal)
VALUES ('8b92e1b5-0f8d-458b-a20b-376bfb58b539', '48233f0a-6e57-4a45-b033-627d13f1be78', 'Cappuccino', 2, 120, 240);

INSERT INTO public.order_items (order_id, product_id, name, quantity, unit_price, subtotal)
VALUES ('8b92e1b5-0f8d-458b-a20b-376bfb58b539', '1b5c6269-ce45-4413-acb8-21813cd7f9cf', 'Mocha', 3, 140, 420);

INSERT INTO public.order_items (order_id, product_id, name, quantity, unit_price, subtotal)
VALUES ('8b92e1b5-0f8d-458b-a20b-376bfb58b539', '65f0b94f-ccbe-4b50-a175-66810ae10f44', 'Croissant', 3, 80, 240);

INSERT INTO public.orders (id, order_id, status, amount, payment_method, cashier_name, created_at)
VALUES ('b8e481f9-d7a2-4344-9490-af223b1cb4bf', 'ORD-00734', 'Completed', 200, 'Maya', 'System Seed', '2026-04-19T23:21:04.990Z');

INSERT INTO public.order_items (order_id, product_id, name, quantity, unit_price, subtotal)
VALUES ('b8e481f9-d7a2-4344-9490-af223b1cb4bf', '83a6812d-2665-4ce5-871a-78a4eab3ce80', 'Americano', 2, 100, 200);

INSERT INTO public.orders (id, order_id, status, amount, payment_method, cashier_name, created_at)
VALUES ('fb549989-cd8d-44ea-80d5-e07c90af160a', 'ORD-00735', 'Completed', 510, 'GCash', 'System Seed', '2026-04-20T11:06:50.990Z');

INSERT INTO public.order_items (order_id, product_id, name, quantity, unit_price, subtotal)
VALUES ('fb549989-cd8d-44ea-80d5-e07c90af160a', 'fe6b02e6-9366-4abd-874c-fcb832e0e282', 'Green Tea', 3, 90, 270);

INSERT INTO public.order_items (order_id, product_id, name, quantity, unit_price, subtotal)
VALUES ('fb549989-cd8d-44ea-80d5-e07c90af160a', '48233f0a-6e57-4a45-b033-627d13f1be78', 'Cappuccino', 2, 120, 240);

INSERT INTO public.orders (id, order_id, status, amount, payment_method, cashier_name, created_at)
VALUES ('6f645ea1-c878-4ebf-bddb-cf4af94fc137', 'ORD-00736', 'Completed', 210, 'GCash', 'System Seed', '2026-04-20T05:40:10.990Z');

INSERT INTO public.order_items (order_id, product_id, name, quantity, unit_price, subtotal)
VALUES ('6f645ea1-c878-4ebf-bddb-cf4af94fc137', 'fe6b02e6-9366-4abd-874c-fcb832e0e282', 'Green Tea', 1, 90, 90);

INSERT INTO public.order_items (order_id, product_id, name, quantity, unit_price, subtotal)
VALUES ('6f645ea1-c878-4ebf-bddb-cf4af94fc137', '3a6a55c0-70f3-4417-a252-db77d9e511c0', 'Latte', 1, 120, 120);

INSERT INTO public.orders (id, order_id, status, amount, payment_method, cashier_name, created_at)
VALUES ('f362cc30-5c1f-4816-a413-d1c18e19a241', 'ORD-00737', 'Completed', 510, 'Credit Card', 'System Seed', '2026-04-20T10:09:23.990Z');

INSERT INTO public.order_items (order_id, product_id, name, quantity, unit_price, subtotal)
VALUES ('f362cc30-5c1f-4816-a413-d1c18e19a241', 'fe6b02e6-9366-4abd-874c-fcb832e0e282', 'Green Tea', 2, 90, 180);

INSERT INTO public.order_items (order_id, product_id, name, quantity, unit_price, subtotal)
VALUES ('f362cc30-5c1f-4816-a413-d1c18e19a241', 'dfe22f11-84a3-41d2-a268-149f012eae60', 'Sparkling Lemonade', 3, 110, 330);

INSERT INTO public.orders (id, order_id, status, amount, payment_method, cashier_name, created_at)
VALUES ('992f7c43-e67a-4023-8ea4-e49485699314', 'ORD-00738', 'Completed', 180, 'Credit Card', 'System Seed', '2026-04-20T07:35:23.990Z');

INSERT INTO public.order_items (order_id, product_id, name, quantity, unit_price, subtotal)
VALUES ('992f7c43-e67a-4023-8ea4-e49485699314', '65f0b94f-ccbe-4b50-a175-66810ae10f44', 'Croissant', 1, 80, 80);

INSERT INTO public.order_items (order_id, product_id, name, quantity, unit_price, subtotal)
VALUES ('992f7c43-e67a-4023-8ea4-e49485699314', '83a6812d-2665-4ce5-871a-78a4eab3ce80', 'Americano', 1, 100, 100);

INSERT INTO public.orders (id, order_id, status, amount, payment_method, cashier_name, created_at)
VALUES ('08029fd2-322f-43dd-ac3a-20ca611e89db', 'ORD-00739', 'Completed', 580, 'Cash', 'System Seed', '2026-04-20T07:14:50.990Z');

INSERT INTO public.order_items (order_id, product_id, name, quantity, unit_price, subtotal)
VALUES ('08029fd2-322f-43dd-ac3a-20ca611e89db', '65f0b94f-ccbe-4b50-a175-66810ae10f44', 'Croissant', 3, 80, 240);

INSERT INTO public.order_items (order_id, product_id, name, quantity, unit_price, subtotal)
VALUES ('08029fd2-322f-43dd-ac3a-20ca611e89db', '3a6a55c0-70f3-4417-a252-db77d9e511c0', 'Latte', 1, 120, 120);

INSERT INTO public.order_items (order_id, product_id, name, quantity, unit_price, subtotal)
VALUES ('08029fd2-322f-43dd-ac3a-20ca611e89db', 'dfe22f11-84a3-41d2-a268-149f012eae60', 'Sparkling Lemonade', 2, 110, 220);

INSERT INTO public.orders (id, order_id, status, amount, payment_method, cashier_name, created_at)
VALUES ('6f09d74b-2369-450b-97e9-b75a54d99ef1', 'ORD-00740', 'Void (Consumed)', 330, 'Credit Card', 'System Seed', '2026-04-20T08:37:20.990Z');

INSERT INTO public.order_items (order_id, product_id, name, quantity, unit_price, subtotal)
VALUES ('6f09d74b-2369-450b-97e9-b75a54d99ef1', 'dfe22f11-84a3-41d2-a268-149f012eae60', 'Sparkling Lemonade', 3, 110, 330);

INSERT INTO public.orders (id, order_id, status, amount, payment_method, cashier_name, created_at)
VALUES ('a9847e78-692f-44a1-b17a-a88a93947567', 'ORD-00741', 'Completed', 900, 'Maya', 'System Seed', '2026-04-20T05:32:31.990Z');

INSERT INTO public.order_items (order_id, product_id, name, quantity, unit_price, subtotal)
VALUES ('a9847e78-692f-44a1-b17a-a88a93947567', 'dfe22f11-84a3-41d2-a268-149f012eae60', 'Sparkling Lemonade', 3, 110, 330);

INSERT INTO public.order_items (order_id, product_id, name, quantity, unit_price, subtotal)
VALUES ('a9847e78-692f-44a1-b17a-a88a93947567', '83a6812d-2665-4ce5-871a-78a4eab3ce80', 'Americano', 3, 100, 300);

INSERT INTO public.order_items (order_id, product_id, name, quantity, unit_price, subtotal)
VALUES ('a9847e78-692f-44a1-b17a-a88a93947567', 'fe6b02e6-9366-4abd-874c-fcb832e0e282', 'Green Tea', 3, 90, 270);

INSERT INTO public.orders (id, order_id, status, amount, payment_method, cashier_name, created_at)
VALUES ('f882196e-a12b-4097-9c63-d1f9ef699e41', 'ORD-00742', 'Completed', 270, 'GCash', 'System Seed', '2026-04-19T23:08:59.990Z');

INSERT INTO public.order_items (order_id, product_id, name, quantity, unit_price, subtotal)
VALUES ('f882196e-a12b-4097-9c63-d1f9ef699e41', 'fe6b02e6-9366-4abd-874c-fcb832e0e282', 'Green Tea', 3, 90, 270);

INSERT INTO public.orders (id, order_id, status, amount, payment_method, cashier_name, created_at)
VALUES ('65eb2db6-c515-426a-9fa3-4809377fef1c', 'ORD-00743', 'Completed', 1140, 'Maya', 'System Seed', '2026-04-19T23:21:53.990Z');

INSERT INTO public.order_items (order_id, product_id, name, quantity, unit_price, subtotal)
VALUES ('65eb2db6-c515-426a-9fa3-4809377fef1c', '3a6a55c0-70f3-4417-a252-db77d9e511c0', 'Latte', 3, 120, 360);

INSERT INTO public.order_items (order_id, product_id, name, quantity, unit_price, subtotal)
VALUES ('65eb2db6-c515-426a-9fa3-4809377fef1c', 'fe6b02e6-9366-4abd-874c-fcb832e0e282', 'Green Tea', 3, 90, 270);

INSERT INTO public.order_items (order_id, product_id, name, quantity, unit_price, subtotal)
VALUES ('65eb2db6-c515-426a-9fa3-4809377fef1c', '1b5c6269-ce45-4413-acb8-21813cd7f9cf', 'Mocha', 3, 140, 420);

INSERT INTO public.order_items (order_id, product_id, name, quantity, unit_price, subtotal)
VALUES ('65eb2db6-c515-426a-9fa3-4809377fef1c', 'fe6b02e6-9366-4abd-874c-fcb832e0e282', 'Green Tea', 1, 90, 90);

INSERT INTO public.orders (id, order_id, status, amount, payment_method, cashier_name, created_at)
VALUES ('596b055f-e1ce-4cb4-83b4-c1483d8abaa4', 'ORD-00744', 'Completed', 120, 'GCash', 'System Seed', '2026-04-20T01:23:37.990Z');

INSERT INTO public.order_items (order_id, product_id, name, quantity, unit_price, subtotal)
VALUES ('596b055f-e1ce-4cb4-83b4-c1483d8abaa4', '48233f0a-6e57-4a45-b033-627d13f1be78', 'Cappuccino', 1, 120, 120);

INSERT INTO public.orders (id, order_id, status, amount, payment_method, cashier_name, created_at)
VALUES ('910faa56-d4da-4104-be42-4fd394365612', 'ORD-00745', 'Completed', 120, 'Cash', 'System Seed', '2026-04-21T08:55:54.990Z');

INSERT INTO public.order_items (order_id, product_id, name, quantity, unit_price, subtotal)
VALUES ('910faa56-d4da-4104-be42-4fd394365612', '48233f0a-6e57-4a45-b033-627d13f1be78', 'Cappuccino', 1, 120, 120);

INSERT INTO public.orders (id, order_id, status, amount, payment_method, cashier_name, created_at)
VALUES ('61ecac05-a02d-4d98-a26e-8dd81a7cf1ef', 'ORD-00746', 'Void (Not Made)', 645, 'GCash', 'System Seed', '2026-04-21T08:49:14.990Z');

INSERT INTO public.order_items (order_id, product_id, name, quantity, unit_price, subtotal)
VALUES ('61ecac05-a02d-4d98-a26e-8dd81a7cf1ef', '36c93748-7c86-4ddb-ba49-1bd1a164bf42', 'Blueberry Muffin', 3, 95, 285);

INSERT INTO public.order_items (order_id, product_id, name, quantity, unit_price, subtotal)
VALUES ('61ecac05-a02d-4d98-a26e-8dd81a7cf1ef', '3a6a55c0-70f3-4417-a252-db77d9e511c0', 'Latte', 2, 120, 240);

INSERT INTO public.order_items (order_id, product_id, name, quantity, unit_price, subtotal)
VALUES ('61ecac05-a02d-4d98-a26e-8dd81a7cf1ef', '48233f0a-6e57-4a45-b033-627d13f1be78', 'Cappuccino', 1, 120, 120);

INSERT INTO public.orders (id, order_id, status, amount, payment_method, cashier_name, created_at)
VALUES ('15ccdafd-cd45-4498-b626-876e5cd89140', 'ORD-00747', 'Completed', 270, 'Cash', 'System Seed', '2026-04-21T11:39:51.990Z');

INSERT INTO public.order_items (order_id, product_id, name, quantity, unit_price, subtotal)
VALUES ('15ccdafd-cd45-4498-b626-876e5cd89140', '36c93748-7c86-4ddb-ba49-1bd1a164bf42', 'Blueberry Muffin', 2, 95, 190);

INSERT INTO public.order_items (order_id, product_id, name, quantity, unit_price, subtotal)
VALUES ('15ccdafd-cd45-4498-b626-876e5cd89140', '65f0b94f-ccbe-4b50-a175-66810ae10f44', 'Croissant', 1, 80, 80);

INSERT INTO public.orders (id, order_id, status, amount, payment_method, cashier_name, created_at)
VALUES ('f9c75aa2-5505-44b5-b1d3-4acb7f7754b5', 'ORD-00748', 'Void (Not Made)', 380, 'Maya', 'System Seed', '2026-04-21T12:31:26.990Z');

INSERT INTO public.order_items (order_id, product_id, name, quantity, unit_price, subtotal)
VALUES ('f9c75aa2-5505-44b5-b1d3-4acb7f7754b5', '48233f0a-6e57-4a45-b033-627d13f1be78', 'Cappuccino', 2, 120, 240);

INSERT INTO public.order_items (order_id, product_id, name, quantity, unit_price, subtotal)
VALUES ('f9c75aa2-5505-44b5-b1d3-4acb7f7754b5', '1b5c6269-ce45-4413-acb8-21813cd7f9cf', 'Mocha', 1, 140, 140);

INSERT INTO public.orders (id, order_id, status, amount, payment_method, cashier_name, created_at)
VALUES ('7de058f8-c804-48a4-8c67-c4713cab64c8', 'ORD-00749', 'Void (Not Made)', 740, 'Maya', 'System Seed', '2026-04-21T07:19:15.990Z');

INSERT INTO public.order_items (order_id, product_id, name, quantity, unit_price, subtotal)
VALUES ('7de058f8-c804-48a4-8c67-c4713cab64c8', '1b5c6269-ce45-4413-acb8-21813cd7f9cf', 'Mocha', 3, 140, 420);

INSERT INTO public.order_items (order_id, product_id, name, quantity, unit_price, subtotal)
VALUES ('7de058f8-c804-48a4-8c67-c4713cab64c8', '65f0b94f-ccbe-4b50-a175-66810ae10f44', 'Croissant', 2, 80, 160);

INSERT INTO public.order_items (order_id, product_id, name, quantity, unit_price, subtotal)
VALUES ('7de058f8-c804-48a4-8c67-c4713cab64c8', '65f0b94f-ccbe-4b50-a175-66810ae10f44', 'Croissant', 2, 80, 160);

INSERT INTO public.orders (id, order_id, status, amount, payment_method, cashier_name, created_at)
VALUES ('81cd2783-5f01-4ee2-b346-c38c4b9ae712', 'ORD-00750', 'Void (Consumed)', 870, 'Maya', 'System Seed', '2026-04-21T02:13:39.990Z');

INSERT INTO public.order_items (order_id, product_id, name, quantity, unit_price, subtotal)
VALUES ('81cd2783-5f01-4ee2-b346-c38c4b9ae712', 'fe6b02e6-9366-4abd-874c-fcb832e0e282', 'Green Tea', 3, 90, 270);

INSERT INTO public.order_items (order_id, product_id, name, quantity, unit_price, subtotal)
VALUES ('81cd2783-5f01-4ee2-b346-c38c4b9ae712', '48233f0a-6e57-4a45-b033-627d13f1be78', 'Cappuccino', 2, 120, 240);

INSERT INTO public.order_items (order_id, product_id, name, quantity, unit_price, subtotal)
VALUES ('81cd2783-5f01-4ee2-b346-c38c4b9ae712', '3a6a55c0-70f3-4417-a252-db77d9e511c0', 'Latte', 3, 120, 360);

INSERT INTO public.orders (id, order_id, status, amount, payment_method, cashier_name, created_at)
VALUES ('877b6997-5a34-4e2a-a609-f22a4d84b206', 'ORD-00751', 'Completed', 570, 'Cash', 'System Seed', '2026-04-21T12:28:39.990Z');

INSERT INTO public.order_items (order_id, product_id, name, quantity, unit_price, subtotal)
VALUES ('877b6997-5a34-4e2a-a609-f22a4d84b206', '65f0b94f-ccbe-4b50-a175-66810ae10f44', 'Croissant', 2, 80, 160);

INSERT INTO public.order_items (order_id, product_id, name, quantity, unit_price, subtotal)
VALUES ('877b6997-5a34-4e2a-a609-f22a4d84b206', 'dfe22f11-84a3-41d2-a268-149f012eae60', 'Sparkling Lemonade', 1, 110, 110);

INSERT INTO public.order_items (order_id, product_id, name, quantity, unit_price, subtotal)
VALUES ('877b6997-5a34-4e2a-a609-f22a4d84b206', '83a6812d-2665-4ce5-871a-78a4eab3ce80', 'Americano', 3, 100, 300);

INSERT INTO public.orders (id, order_id, status, amount, payment_method, cashier_name, created_at)
VALUES ('4cad2b25-776c-4483-bc5e-ddac3715caf0', 'ORD-00752', 'Completed', 480, 'GCash', 'System Seed', '2026-04-21T01:10:57.990Z');

INSERT INTO public.order_items (order_id, product_id, name, quantity, unit_price, subtotal)
VALUES ('4cad2b25-776c-4483-bc5e-ddac3715caf0', '83a6812d-2665-4ce5-871a-78a4eab3ce80', 'Americano', 2, 100, 200);

INSERT INTO public.order_items (order_id, product_id, name, quantity, unit_price, subtotal)
VALUES ('4cad2b25-776c-4483-bc5e-ddac3715caf0', '1b5c6269-ce45-4413-acb8-21813cd7f9cf', 'Mocha', 2, 140, 280);

INSERT INTO public.orders (id, order_id, status, amount, payment_method, cashier_name, created_at)
VALUES ('af338924-2a7d-4523-8b8f-6ddc6a4f3756', 'ORD-00753', 'Completed', 280, 'Credit Card', 'System Seed', '2026-04-21T05:59:17.990Z');

INSERT INTO public.order_items (order_id, product_id, name, quantity, unit_price, subtotal)
VALUES ('af338924-2a7d-4523-8b8f-6ddc6a4f3756', '1b5c6269-ce45-4413-acb8-21813cd7f9cf', 'Mocha', 2, 140, 280);

INSERT INTO public.orders (id, order_id, status, amount, payment_method, cashier_name, created_at)
VALUES ('01eb0985-6e68-4685-bfba-4541e256f895', 'ORD-00754', 'Void (Consumed)', 690, 'Cash', 'System Seed', '2026-04-21T03:09:31.990Z');

INSERT INTO public.order_items (order_id, product_id, name, quantity, unit_price, subtotal)
VALUES ('01eb0985-6e68-4685-bfba-4541e256f895', '3a6a55c0-70f3-4417-a252-db77d9e511c0', 'Latte', 3, 120, 360);

INSERT INTO public.order_items (order_id, product_id, name, quantity, unit_price, subtotal)
VALUES ('01eb0985-6e68-4685-bfba-4541e256f895', 'dfe22f11-84a3-41d2-a268-149f012eae60', 'Sparkling Lemonade', 3, 110, 330);

INSERT INTO public.orders (id, order_id, status, amount, payment_method, cashier_name, created_at)
VALUES ('ea983c72-ab50-4b29-b696-3bb9ba6d7593', 'ORD-00755', 'Completed', 800, 'Maya', 'System Seed', '2026-04-21T08:17:23.990Z');

INSERT INTO public.order_items (order_id, product_id, name, quantity, unit_price, subtotal)
VALUES ('ea983c72-ab50-4b29-b696-3bb9ba6d7593', 'fe6b02e6-9366-4abd-874c-fcb832e0e282', 'Green Tea', 3, 90, 270);

INSERT INTO public.order_items (order_id, product_id, name, quantity, unit_price, subtotal)
VALUES ('ea983c72-ab50-4b29-b696-3bb9ba6d7593', 'dfe22f11-84a3-41d2-a268-149f012eae60', 'Sparkling Lemonade', 1, 110, 110);

INSERT INTO public.order_items (order_id, product_id, name, quantity, unit_price, subtotal)
VALUES ('ea983c72-ab50-4b29-b696-3bb9ba6d7593', '1b5c6269-ce45-4413-acb8-21813cd7f9cf', 'Mocha', 3, 140, 420);

INSERT INTO public.orders (id, order_id, status, amount, payment_method, cashier_name, created_at)
VALUES ('5ee76d73-6260-40a1-8fd7-b161246dfa70', 'ORD-00756', 'Completed', 910, 'Credit Card', 'System Seed', '2026-04-21T11:24:21.990Z');

INSERT INTO public.order_items (order_id, product_id, name, quantity, unit_price, subtotal)
VALUES ('5ee76d73-6260-40a1-8fd7-b161246dfa70', '48233f0a-6e57-4a45-b033-627d13f1be78', 'Cappuccino', 3, 120, 360);

INSERT INTO public.order_items (order_id, product_id, name, quantity, unit_price, subtotal)
VALUES ('5ee76d73-6260-40a1-8fd7-b161246dfa70', '1b5c6269-ce45-4413-acb8-21813cd7f9cf', 'Mocha', 2, 140, 280);

INSERT INTO public.order_items (order_id, product_id, name, quantity, unit_price, subtotal)
VALUES ('5ee76d73-6260-40a1-8fd7-b161246dfa70', 'fe6b02e6-9366-4abd-874c-fcb832e0e282', 'Green Tea', 3, 90, 270);

INSERT INTO public.orders (id, order_id, status, amount, payment_method, cashier_name, created_at)
VALUES ('4abb6804-0165-4923-8e50-f93c58ef6d28', 'ORD-00757', 'Void (Not Made)', 440, 'Cash', 'System Seed', '2026-04-21T04:54:17.990Z');

INSERT INTO public.order_items (order_id, product_id, name, quantity, unit_price, subtotal)
VALUES ('4abb6804-0165-4923-8e50-f93c58ef6d28', '48233f0a-6e57-4a45-b033-627d13f1be78', 'Cappuccino', 3, 120, 360);

INSERT INTO public.order_items (order_id, product_id, name, quantity, unit_price, subtotal)
VALUES ('4abb6804-0165-4923-8e50-f93c58ef6d28', '65f0b94f-ccbe-4b50-a175-66810ae10f44', 'Croissant', 1, 80, 80);

INSERT INTO public.orders (id, order_id, status, amount, payment_method, cashier_name, created_at)
VALUES ('b29a031b-145c-4431-aa25-8e19ce4fbff8', 'ORD-00758', 'Void (Not Made)', 285, 'Maya', 'System Seed', '2026-04-21T07:33:04.990Z');

INSERT INTO public.order_items (order_id, product_id, name, quantity, unit_price, subtotal)
VALUES ('b29a031b-145c-4431-aa25-8e19ce4fbff8', '36c93748-7c86-4ddb-ba49-1bd1a164bf42', 'Blueberry Muffin', 3, 95, 285);

INSERT INTO public.orders (id, order_id, status, amount, payment_method, cashier_name, created_at)
VALUES ('cd2742ea-5f87-483e-8e87-9baebe18fd57', 'ORD-00759', 'Completed', 1080, 'Credit Card', 'System Seed', '2026-04-21T08:37:54.990Z');

INSERT INTO public.order_items (order_id, product_id, name, quantity, unit_price, subtotal)
VALUES ('cd2742ea-5f87-483e-8e87-9baebe18fd57', '1b5c6269-ce45-4413-acb8-21813cd7f9cf', 'Mocha', 3, 140, 420);

INSERT INTO public.order_items (order_id, product_id, name, quantity, unit_price, subtotal)
VALUES ('cd2742ea-5f87-483e-8e87-9baebe18fd57', '3a6a55c0-70f3-4417-a252-db77d9e511c0', 'Latte', 2, 120, 240);

INSERT INTO public.order_items (order_id, product_id, name, quantity, unit_price, subtotal)
VALUES ('cd2742ea-5f87-483e-8e87-9baebe18fd57', '83a6812d-2665-4ce5-871a-78a4eab3ce80', 'Americano', 2, 100, 200);

INSERT INTO public.order_items (order_id, product_id, name, quantity, unit_price, subtotal)
VALUES ('cd2742ea-5f87-483e-8e87-9baebe18fd57', 'dfe22f11-84a3-41d2-a268-149f012eae60', 'Sparkling Lemonade', 2, 110, 220);

INSERT INTO public.orders (id, order_id, status, amount, payment_method, cashier_name, created_at)
VALUES ('cedccf2b-c08f-4dac-97c5-f172d11d9588', 'ORD-00760', 'Void (Consumed)', 100, 'GCash', 'System Seed', '2026-04-21T08:46:28.990Z');

INSERT INTO public.order_items (order_id, product_id, name, quantity, unit_price, subtotal)
VALUES ('cedccf2b-c08f-4dac-97c5-f172d11d9588', '83a6812d-2665-4ce5-871a-78a4eab3ce80', 'Americano', 1, 100, 100);

INSERT INTO public.orders (id, order_id, status, amount, payment_method, cashier_name, created_at)
VALUES ('936c8bbd-a482-4b6a-846a-86a5c26b0eb4', 'ORD-00761', 'Completed', 100, 'Cash', 'System Seed', '2026-04-21T10:53:43.990Z');

INSERT INTO public.order_items (order_id, product_id, name, quantity, unit_price, subtotal)
VALUES ('936c8bbd-a482-4b6a-846a-86a5c26b0eb4', '83a6812d-2665-4ce5-871a-78a4eab3ce80', 'Americano', 1, 100, 100);

INSERT INTO public.orders (id, order_id, status, amount, payment_method, cashier_name, created_at)
VALUES ('79f99123-20f2-4da7-99f4-4b04c97745ea', 'ORD-00762', 'Completed', 370, 'Cash', 'System Seed', '2026-04-21T12:16:20.990Z');

INSERT INTO public.order_items (order_id, product_id, name, quantity, unit_price, subtotal)
VALUES ('79f99123-20f2-4da7-99f4-4b04c97745ea', 'fe6b02e6-9366-4abd-874c-fcb832e0e282', 'Green Tea', 1, 90, 90);

INSERT INTO public.order_items (order_id, product_id, name, quantity, unit_price, subtotal)
VALUES ('79f99123-20f2-4da7-99f4-4b04c97745ea', '1b5c6269-ce45-4413-acb8-21813cd7f9cf', 'Mocha', 2, 140, 280);

INSERT INTO public.orders (id, order_id, status, amount, payment_method, cashier_name, created_at)
VALUES ('3c54c672-b10d-4d3e-bd9f-7a84dac0582c', 'ORD-00763', 'Void (Not Made)', 890, 'GCash', 'System Seed', '2026-04-21T23:05:21.990Z');

INSERT INTO public.order_items (order_id, product_id, name, quantity, unit_price, subtotal)
VALUES ('3c54c672-b10d-4d3e-bd9f-7a84dac0582c', '48233f0a-6e57-4a45-b033-627d13f1be78', 'Cappuccino', 3, 120, 360);

INSERT INTO public.order_items (order_id, product_id, name, quantity, unit_price, subtotal)
VALUES ('3c54c672-b10d-4d3e-bd9f-7a84dac0582c', 'fe6b02e6-9366-4abd-874c-fcb832e0e282', 'Green Tea', 3, 90, 270);

INSERT INTO public.order_items (order_id, product_id, name, quantity, unit_price, subtotal)
VALUES ('3c54c672-b10d-4d3e-bd9f-7a84dac0582c', 'fe6b02e6-9366-4abd-874c-fcb832e0e282', 'Green Tea', 2, 90, 180);

INSERT INTO public.order_items (order_id, product_id, name, quantity, unit_price, subtotal)
VALUES ('3c54c672-b10d-4d3e-bd9f-7a84dac0582c', '65f0b94f-ccbe-4b50-a175-66810ae10f44', 'Croissant', 1, 80, 80);

INSERT INTO public.orders (id, order_id, status, amount, payment_method, cashier_name, created_at)
VALUES ('13581a70-07ac-49d9-81d4-f6efce9a47d6', 'ORD-00764', 'Completed', 120, 'Credit Card', 'System Seed', '2026-04-22T03:28:49.990Z');

INSERT INTO public.order_items (order_id, product_id, name, quantity, unit_price, subtotal)
VALUES ('13581a70-07ac-49d9-81d4-f6efce9a47d6', '48233f0a-6e57-4a45-b033-627d13f1be78', 'Cappuccino', 1, 120, 120);

INSERT INTO public.orders (id, order_id, status, amount, payment_method, cashier_name, created_at)
VALUES ('c6aff0a0-c7f6-41dc-9270-4d25694a136f', 'ORD-00765', 'Completed', 800, 'GCash', 'System Seed', '2026-04-22T00:13:41.990Z');

INSERT INTO public.order_items (order_id, product_id, name, quantity, unit_price, subtotal)
VALUES ('c6aff0a0-c7f6-41dc-9270-4d25694a136f', '48233f0a-6e57-4a45-b033-627d13f1be78', 'Cappuccino', 3, 120, 360);

INSERT INTO public.order_items (order_id, product_id, name, quantity, unit_price, subtotal)
VALUES ('c6aff0a0-c7f6-41dc-9270-4d25694a136f', '48233f0a-6e57-4a45-b033-627d13f1be78', 'Cappuccino', 3, 120, 360);

INSERT INTO public.order_items (order_id, product_id, name, quantity, unit_price, subtotal)
VALUES ('c6aff0a0-c7f6-41dc-9270-4d25694a136f', '65f0b94f-ccbe-4b50-a175-66810ae10f44', 'Croissant', 1, 80, 80);

INSERT INTO public.orders (id, order_id, status, amount, payment_method, cashier_name, created_at)
VALUES ('6d7dcc00-1826-4d2d-8c70-5f55dd1eea74', 'ORD-00766', 'Completed', 880, 'Maya', 'System Seed', '2026-04-22T04:22:43.990Z');

INSERT INTO public.order_items (order_id, product_id, name, quantity, unit_price, subtotal)
VALUES ('6d7dcc00-1826-4d2d-8c70-5f55dd1eea74', 'fe6b02e6-9366-4abd-874c-fcb832e0e282', 'Green Tea', 3, 90, 270);

INSERT INTO public.order_items (order_id, product_id, name, quantity, unit_price, subtotal)
VALUES ('6d7dcc00-1826-4d2d-8c70-5f55dd1eea74', '3a6a55c0-70f3-4417-a252-db77d9e511c0', 'Latte', 3, 120, 360);

INSERT INTO public.order_items (order_id, product_id, name, quantity, unit_price, subtotal)
VALUES ('6d7dcc00-1826-4d2d-8c70-5f55dd1eea74', 'dfe22f11-84a3-41d2-a268-149f012eae60', 'Sparkling Lemonade', 1, 110, 110);

INSERT INTO public.order_items (order_id, product_id, name, quantity, unit_price, subtotal)
VALUES ('6d7dcc00-1826-4d2d-8c70-5f55dd1eea74', '1b5c6269-ce45-4413-acb8-21813cd7f9cf', 'Mocha', 1, 140, 140);

INSERT INTO public.orders (id, order_id, status, amount, payment_method, cashier_name, created_at)
VALUES ('559be5ac-0f29-4a14-91d0-e19d6b0321b9', 'ORD-00767', 'Completed', 330, 'Credit Card', 'System Seed', '2026-04-22T09:37:04.990Z');

INSERT INTO public.order_items (order_id, product_id, name, quantity, unit_price, subtotal)
VALUES ('559be5ac-0f29-4a14-91d0-e19d6b0321b9', 'fe6b02e6-9366-4abd-874c-fcb832e0e282', 'Green Tea', 1, 90, 90);

INSERT INTO public.order_items (order_id, product_id, name, quantity, unit_price, subtotal)
VALUES ('559be5ac-0f29-4a14-91d0-e19d6b0321b9', '3a6a55c0-70f3-4417-a252-db77d9e511c0', 'Latte', 2, 120, 240);

INSERT INTO public.orders (id, order_id, status, amount, payment_method, cashier_name, created_at)
VALUES ('39e91f28-4bd3-4ceb-9747-4dd5fe35520d', 'ORD-00768', 'Completed', 530, 'Cash', 'System Seed', '2026-04-22T03:57:32.990Z');

INSERT INTO public.order_items (order_id, product_id, name, quantity, unit_price, subtotal)
VALUES ('39e91f28-4bd3-4ceb-9747-4dd5fe35520d', '3a6a55c0-70f3-4417-a252-db77d9e511c0', 'Latte', 1, 120, 120);

INSERT INTO public.order_items (order_id, product_id, name, quantity, unit_price, subtotal)
VALUES ('39e91f28-4bd3-4ceb-9747-4dd5fe35520d', 'dfe22f11-84a3-41d2-a268-149f012eae60', 'Sparkling Lemonade', 3, 110, 330);

INSERT INTO public.order_items (order_id, product_id, name, quantity, unit_price, subtotal)
VALUES ('39e91f28-4bd3-4ceb-9747-4dd5fe35520d', '65f0b94f-ccbe-4b50-a175-66810ae10f44', 'Croissant', 1, 80, 80);

INSERT INTO public.orders (id, order_id, status, amount, payment_method, cashier_name, created_at)
VALUES ('a62f9cba-2fa3-460b-bbf4-d390aaf53e14', 'ORD-00769', 'Completed', 385, 'Cash', 'System Seed', '2026-04-22T12:01:15.990Z');

INSERT INTO public.order_items (order_id, product_id, name, quantity, unit_price, subtotal)
VALUES ('a62f9cba-2fa3-460b-bbf4-d390aaf53e14', '36c93748-7c86-4ddb-ba49-1bd1a164bf42', 'Blueberry Muffin', 3, 95, 285);

INSERT INTO public.order_items (order_id, product_id, name, quantity, unit_price, subtotal)
VALUES ('a62f9cba-2fa3-460b-bbf4-d390aaf53e14', '83a6812d-2665-4ce5-871a-78a4eab3ce80', 'Americano', 1, 100, 100);

INSERT INTO public.orders (id, order_id, status, amount, payment_method, cashier_name, created_at)
VALUES ('ad09017d-da23-49ed-99fe-1333762a7d79', 'ORD-00770', 'Completed', 240, 'Cash', 'System Seed', '2026-04-22T04:15:26.990Z');

INSERT INTO public.order_items (order_id, product_id, name, quantity, unit_price, subtotal)
VALUES ('ad09017d-da23-49ed-99fe-1333762a7d79', '3a6a55c0-70f3-4417-a252-db77d9e511c0', 'Latte', 2, 120, 240);

INSERT INTO public.orders (id, order_id, status, amount, payment_method, cashier_name, created_at)
VALUES ('14af0809-9706-4ef0-b586-7ee9c2efb033', 'ORD-00771', 'Void (Not Made)', 780, 'Cash', 'System Seed', '2026-04-22T11:44:59.990Z');

INSERT INTO public.order_items (order_id, product_id, name, quantity, unit_price, subtotal)
VALUES ('14af0809-9706-4ef0-b586-7ee9c2efb033', '3a6a55c0-70f3-4417-a252-db77d9e511c0', 'Latte', 3, 120, 360);

INSERT INTO public.order_items (order_id, product_id, name, quantity, unit_price, subtotal)
VALUES ('14af0809-9706-4ef0-b586-7ee9c2efb033', 'dfe22f11-84a3-41d2-a268-149f012eae60', 'Sparkling Lemonade', 2, 110, 220);

INSERT INTO public.order_items (order_id, product_id, name, quantity, unit_price, subtotal)
VALUES ('14af0809-9706-4ef0-b586-7ee9c2efb033', '83a6812d-2665-4ce5-871a-78a4eab3ce80', 'Americano', 2, 100, 200);

INSERT INTO public.orders (id, order_id, status, amount, payment_method, cashier_name, created_at)
VALUES ('576680eb-0d58-4c6e-aa32-9236b55885cd', 'ORD-00772', 'Void (Consumed)', 670, 'GCash', 'System Seed', '2026-04-22T00:55:44.990Z');

INSERT INTO public.order_items (order_id, product_id, name, quantity, unit_price, subtotal)
VALUES ('576680eb-0d58-4c6e-aa32-9236b55885cd', '1b5c6269-ce45-4413-acb8-21813cd7f9cf', 'Mocha', 2, 140, 280);

INSERT INTO public.order_items (order_id, product_id, name, quantity, unit_price, subtotal)
VALUES ('576680eb-0d58-4c6e-aa32-9236b55885cd', '83a6812d-2665-4ce5-871a-78a4eab3ce80', 'Americano', 2, 100, 200);

INSERT INTO public.order_items (order_id, product_id, name, quantity, unit_price, subtotal)
VALUES ('576680eb-0d58-4c6e-aa32-9236b55885cd', 'fe6b02e6-9366-4abd-874c-fcb832e0e282', 'Green Tea', 1, 90, 90);

INSERT INTO public.order_items (order_id, product_id, name, quantity, unit_price, subtotal)
VALUES ('576680eb-0d58-4c6e-aa32-9236b55885cd', '83a6812d-2665-4ce5-871a-78a4eab3ce80', 'Americano', 1, 100, 100);

INSERT INTO public.orders (id, order_id, status, amount, payment_method, cashier_name, created_at)
VALUES ('46697763-37e5-44df-a9c7-23b7fb7b9b53', 'ORD-00773', 'Void (Consumed)', 100, 'Credit Card', 'System Seed', '2026-04-22T10:45:06.990Z');

INSERT INTO public.order_items (order_id, product_id, name, quantity, unit_price, subtotal)
VALUES ('46697763-37e5-44df-a9c7-23b7fb7b9b53', '83a6812d-2665-4ce5-871a-78a4eab3ce80', 'Americano', 1, 100, 100);

INSERT INTO public.orders (id, order_id, status, amount, payment_method, cashier_name, created_at)
VALUES ('4ed2e7a8-95d9-442d-9052-8310924cc4cd', 'ORD-00774', 'Completed', 120, 'Cash', 'System Seed', '2026-04-22T05:47:40.990Z');

INSERT INTO public.order_items (order_id, product_id, name, quantity, unit_price, subtotal)
VALUES ('4ed2e7a8-95d9-442d-9052-8310924cc4cd', '3a6a55c0-70f3-4417-a252-db77d9e511c0', 'Latte', 1, 120, 120);

INSERT INTO public.orders (id, order_id, status, amount, payment_method, cashier_name, created_at)
VALUES ('58e10590-6f0c-42ed-ade2-fbccaa3841a4', 'ORD-00775', 'Completed', 620, 'Credit Card', 'System Seed', '2026-04-22T06:56:24.990Z');

INSERT INTO public.order_items (order_id, product_id, name, quantity, unit_price, subtotal)
VALUES ('58e10590-6f0c-42ed-ade2-fbccaa3841a4', '65f0b94f-ccbe-4b50-a175-66810ae10f44', 'Croissant', 1, 80, 80);

INSERT INTO public.order_items (order_id, product_id, name, quantity, unit_price, subtotal)
VALUES ('58e10590-6f0c-42ed-ade2-fbccaa3841a4', '48233f0a-6e57-4a45-b033-627d13f1be78', 'Cappuccino', 1, 120, 120);

INSERT INTO public.order_items (order_id, product_id, name, quantity, unit_price, subtotal)
VALUES ('58e10590-6f0c-42ed-ade2-fbccaa3841a4', '1b5c6269-ce45-4413-acb8-21813cd7f9cf', 'Mocha', 3, 140, 420);

INSERT INTO public.orders (id, order_id, status, amount, payment_method, cashier_name, created_at)
VALUES ('86b88116-761f-4ed8-ad6b-09a90fc70d96', 'ORD-00776', 'Completed', 640, 'Credit Card', 'System Seed', '2026-04-22T07:36:14.990Z');

INSERT INTO public.order_items (order_id, product_id, name, quantity, unit_price, subtotal)
VALUES ('86b88116-761f-4ed8-ad6b-09a90fc70d96', '48233f0a-6e57-4a45-b033-627d13f1be78', 'Cappuccino', 3, 120, 360);

INSERT INTO public.order_items (order_id, product_id, name, quantity, unit_price, subtotal)
VALUES ('86b88116-761f-4ed8-ad6b-09a90fc70d96', '1b5c6269-ce45-4413-acb8-21813cd7f9cf', 'Mocha', 2, 140, 280);

INSERT INTO public.orders (id, order_id, status, amount, payment_method, cashier_name, created_at)
VALUES ('b5c1f329-dd47-4655-807e-dc902a42a177', 'ORD-00777', 'Completed', 520, 'Credit Card', 'System Seed', '2026-04-22T00:09:38.990Z');

INSERT INTO public.order_items (order_id, product_id, name, quantity, unit_price, subtotal)
VALUES ('b5c1f329-dd47-4655-807e-dc902a42a177', '3a6a55c0-70f3-4417-a252-db77d9e511c0', 'Latte', 3, 120, 360);

INSERT INTO public.order_items (order_id, product_id, name, quantity, unit_price, subtotal)
VALUES ('b5c1f329-dd47-4655-807e-dc902a42a177', '65f0b94f-ccbe-4b50-a175-66810ae10f44', 'Croissant', 2, 80, 160);

INSERT INTO public.orders (id, order_id, status, amount, payment_method, cashier_name, created_at)
VALUES ('a8be5ce8-a608-4599-817b-c128e4f20262', 'ORD-00778', 'Completed', 270, 'Maya', 'System Seed', '2026-04-22T03:34:58.990Z');

INSERT INTO public.order_items (order_id, product_id, name, quantity, unit_price, subtotal)
VALUES ('a8be5ce8-a608-4599-817b-c128e4f20262', 'fe6b02e6-9366-4abd-874c-fcb832e0e282', 'Green Tea', 1, 90, 90);

INSERT INTO public.order_items (order_id, product_id, name, quantity, unit_price, subtotal)
VALUES ('a8be5ce8-a608-4599-817b-c128e4f20262', 'fe6b02e6-9366-4abd-874c-fcb832e0e282', 'Green Tea', 2, 90, 180);

INSERT INTO public.orders (id, order_id, status, amount, payment_method, cashier_name, created_at)
VALUES ('98d75407-dcfb-4432-af86-3d44a92ddaf4', 'ORD-00779', 'Completed', 565, 'Cash', 'System Seed', '2026-04-22T07:38:04.990Z');

INSERT INTO public.order_items (order_id, product_id, name, quantity, unit_price, subtotal)
VALUES ('98d75407-dcfb-4432-af86-3d44a92ddaf4', '36c93748-7c86-4ddb-ba49-1bd1a164bf42', 'Blueberry Muffin', 1, 95, 95);

INSERT INTO public.order_items (order_id, product_id, name, quantity, unit_price, subtotal)
VALUES ('98d75407-dcfb-4432-af86-3d44a92ddaf4', '36c93748-7c86-4ddb-ba49-1bd1a164bf42', 'Blueberry Muffin', 2, 95, 190);

INSERT INTO public.order_items (order_id, product_id, name, quantity, unit_price, subtotal)
VALUES ('98d75407-dcfb-4432-af86-3d44a92ddaf4', '1b5c6269-ce45-4413-acb8-21813cd7f9cf', 'Mocha', 2, 140, 280);

INSERT INTO public.orders (id, order_id, status, amount, payment_method, cashier_name, created_at)
VALUES ('2bbeb9d8-4b85-4a6c-95dd-f42b237e8363', 'ORD-00780', 'Completed', 960, 'Maya', 'System Seed', '2026-04-22T01:36:53.990Z');

INSERT INTO public.order_items (order_id, product_id, name, quantity, unit_price, subtotal)
VALUES ('2bbeb9d8-4b85-4a6c-95dd-f42b237e8363', 'fe6b02e6-9366-4abd-874c-fcb832e0e282', 'Green Tea', 2, 90, 180);

INSERT INTO public.order_items (order_id, product_id, name, quantity, unit_price, subtotal)
VALUES ('2bbeb9d8-4b85-4a6c-95dd-f42b237e8363', '3a6a55c0-70f3-4417-a252-db77d9e511c0', 'Latte', 3, 120, 360);

INSERT INTO public.order_items (order_id, product_id, name, quantity, unit_price, subtotal)
VALUES ('2bbeb9d8-4b85-4a6c-95dd-f42b237e8363', '1b5c6269-ce45-4413-acb8-21813cd7f9cf', 'Mocha', 3, 140, 420);

INSERT INTO public.orders (id, order_id, status, amount, payment_method, cashier_name, created_at)
VALUES ('c8c45141-149b-4e10-88e9-63a7b578a5f2', 'ORD-00781', 'Completed', 200, 'Credit Card', 'System Seed', '2026-04-22T04:31:05.990Z');

INSERT INTO public.order_items (order_id, product_id, name, quantity, unit_price, subtotal)
VALUES ('c8c45141-149b-4e10-88e9-63a7b578a5f2', '83a6812d-2665-4ce5-871a-78a4eab3ce80', 'Americano', 2, 100, 200);

INSERT INTO public.orders (id, order_id, status, amount, payment_method, cashier_name, created_at)
VALUES ('d5ed816d-9925-4708-b8d3-b047120138ab', 'ORD-00782', 'Completed', 700, 'Cash', 'System Seed', '2026-04-21T23:10:46.990Z');

INSERT INTO public.order_items (order_id, product_id, name, quantity, unit_price, subtotal)
VALUES ('d5ed816d-9925-4708-b8d3-b047120138ab', '48233f0a-6e57-4a45-b033-627d13f1be78', 'Cappuccino', 2, 120, 240);

INSERT INTO public.order_items (order_id, product_id, name, quantity, unit_price, subtotal)
VALUES ('d5ed816d-9925-4708-b8d3-b047120138ab', '1b5c6269-ce45-4413-acb8-21813cd7f9cf', 'Mocha', 2, 140, 280);

INSERT INTO public.order_items (order_id, product_id, name, quantity, unit_price, subtotal)
VALUES ('d5ed816d-9925-4708-b8d3-b047120138ab', 'fe6b02e6-9366-4abd-874c-fcb832e0e282', 'Green Tea', 2, 90, 180);

INSERT INTO public.orders (id, order_id, status, amount, payment_method, cashier_name, created_at)
VALUES ('041dbcb5-ca45-4399-8d29-d568fc2d1fdc', 'ORD-00783', 'Completed', 750, 'Credit Card', 'System Seed', '2026-04-22T12:17:54.990Z');

INSERT INTO public.order_items (order_id, product_id, name, quantity, unit_price, subtotal)
VALUES ('041dbcb5-ca45-4399-8d29-d568fc2d1fdc', '48233f0a-6e57-4a45-b033-627d13f1be78', 'Cappuccino', 1, 120, 120);

INSERT INTO public.order_items (order_id, product_id, name, quantity, unit_price, subtotal)
VALUES ('041dbcb5-ca45-4399-8d29-d568fc2d1fdc', 'fe6b02e6-9366-4abd-874c-fcb832e0e282', 'Green Tea', 3, 90, 270);

INSERT INTO public.order_items (order_id, product_id, name, quantity, unit_price, subtotal)
VALUES ('041dbcb5-ca45-4399-8d29-d568fc2d1fdc', 'dfe22f11-84a3-41d2-a268-149f012eae60', 'Sparkling Lemonade', 2, 110, 220);

INSERT INTO public.order_items (order_id, product_id, name, quantity, unit_price, subtotal)
VALUES ('041dbcb5-ca45-4399-8d29-d568fc2d1fdc', '1b5c6269-ce45-4413-acb8-21813cd7f9cf', 'Mocha', 1, 140, 140);

INSERT INTO public.orders (id, order_id, status, amount, payment_method, cashier_name, created_at)
VALUES ('8f8bfa6f-713e-478f-bd32-e0b060aa0d10', 'ORD-00784', 'Void (Not Made)', 80, 'Cash', 'System Seed', '2026-04-22T09:01:06.990Z');

INSERT INTO public.order_items (order_id, product_id, name, quantity, unit_price, subtotal)
VALUES ('8f8bfa6f-713e-478f-bd32-e0b060aa0d10', '65f0b94f-ccbe-4b50-a175-66810ae10f44', 'Croissant', 1, 80, 80);

INSERT INTO public.orders (id, order_id, status, amount, payment_method, cashier_name, created_at)
VALUES ('868ea3ea-bb6c-47ce-b1c5-bf9449036adb', 'ORD-00785', 'Completed', 860, 'Credit Card', 'System Seed', '2026-04-21T23:25:35.990Z');

INSERT INTO public.order_items (order_id, product_id, name, quantity, unit_price, subtotal)
VALUES ('868ea3ea-bb6c-47ce-b1c5-bf9449036adb', '1b5c6269-ce45-4413-acb8-21813cd7f9cf', 'Mocha', 2, 140, 280);

INSERT INTO public.order_items (order_id, product_id, name, quantity, unit_price, subtotal)
VALUES ('868ea3ea-bb6c-47ce-b1c5-bf9449036adb', '3a6a55c0-70f3-4417-a252-db77d9e511c0', 'Latte', 1, 120, 120);

INSERT INTO public.order_items (order_id, product_id, name, quantity, unit_price, subtotal)
VALUES ('868ea3ea-bb6c-47ce-b1c5-bf9449036adb', 'dfe22f11-84a3-41d2-a268-149f012eae60', 'Sparkling Lemonade', 2, 110, 220);

INSERT INTO public.order_items (order_id, product_id, name, quantity, unit_price, subtotal)
VALUES ('868ea3ea-bb6c-47ce-b1c5-bf9449036adb', '65f0b94f-ccbe-4b50-a175-66810ae10f44', 'Croissant', 3, 80, 240);

INSERT INTO public.orders (id, order_id, status, amount, payment_method, cashier_name, created_at)
VALUES ('8f4cc68a-0e0e-45fa-82ed-214dd5b061c6', 'ORD-00786', 'Completed', 550, 'Cash', 'System Seed', '2026-04-22T11:36:13.990Z');

INSERT INTO public.order_items (order_id, product_id, name, quantity, unit_price, subtotal)
VALUES ('8f4cc68a-0e0e-45fa-82ed-214dd5b061c6', '1b5c6269-ce45-4413-acb8-21813cd7f9cf', 'Mocha', 1, 140, 140);

INSERT INTO public.order_items (order_id, product_id, name, quantity, unit_price, subtotal)
VALUES ('8f4cc68a-0e0e-45fa-82ed-214dd5b061c6', 'dfe22f11-84a3-41d2-a268-149f012eae60', 'Sparkling Lemonade', 3, 110, 330);

INSERT INTO public.order_items (order_id, product_id, name, quantity, unit_price, subtotal)
VALUES ('8f4cc68a-0e0e-45fa-82ed-214dd5b061c6', '65f0b94f-ccbe-4b50-a175-66810ae10f44', 'Croissant', 1, 80, 80);

INSERT INTO public.orders (id, order_id, status, amount, payment_method, cashier_name, created_at)
VALUES ('3c87394f-f4f1-451e-8522-8bc9a3863301', 'ORD-00787', 'Completed', 660, 'GCash', 'System Seed', '2026-04-22T11:16:53.990Z');

INSERT INTO public.order_items (order_id, product_id, name, quantity, unit_price, subtotal)
VALUES ('3c87394f-f4f1-451e-8522-8bc9a3863301', '3a6a55c0-70f3-4417-a252-db77d9e511c0', 'Latte', 3, 120, 360);

INSERT INTO public.order_items (order_id, product_id, name, quantity, unit_price, subtotal)
VALUES ('3c87394f-f4f1-451e-8522-8bc9a3863301', '83a6812d-2665-4ce5-871a-78a4eab3ce80', 'Americano', 3, 100, 300);

INSERT INTO public.orders (id, order_id, status, amount, payment_method, cashier_name, created_at)
VALUES ('d18913d9-aa04-4eaa-abfa-d98ae4060ae9', 'ORD-00788', 'Completed', 630, 'Maya', 'System Seed', '2026-04-22T08:46:40.990Z');

INSERT INTO public.order_items (order_id, product_id, name, quantity, unit_price, subtotal)
VALUES ('d18913d9-aa04-4eaa-abfa-d98ae4060ae9', '3a6a55c0-70f3-4417-a252-db77d9e511c0', 'Latte', 1, 120, 120);

INSERT INTO public.order_items (order_id, product_id, name, quantity, unit_price, subtotal)
VALUES ('d18913d9-aa04-4eaa-abfa-d98ae4060ae9', '1b5c6269-ce45-4413-acb8-21813cd7f9cf', 'Mocha', 3, 140, 420);

INSERT INTO public.order_items (order_id, product_id, name, quantity, unit_price, subtotal)
VALUES ('d18913d9-aa04-4eaa-abfa-d98ae4060ae9', 'fe6b02e6-9366-4abd-874c-fcb832e0e282', 'Green Tea', 1, 90, 90);

INSERT INTO public.orders (id, order_id, status, amount, payment_method, cashier_name, created_at)
VALUES ('857b4f5e-f374-4d8c-8260-d48616f91863', 'ORD-00789', 'Void (Consumed)', 335, 'Cash', 'System Seed', '2026-04-21T23:19:31.990Z');

INSERT INTO public.order_items (order_id, product_id, name, quantity, unit_price, subtotal)
VALUES ('857b4f5e-f374-4d8c-8260-d48616f91863', '36c93748-7c86-4ddb-ba49-1bd1a164bf42', 'Blueberry Muffin', 1, 95, 95);

INSERT INTO public.order_items (order_id, product_id, name, quantity, unit_price, subtotal)
VALUES ('857b4f5e-f374-4d8c-8260-d48616f91863', '48233f0a-6e57-4a45-b033-627d13f1be78', 'Cappuccino', 2, 120, 240);

INSERT INTO public.orders (id, order_id, status, amount, payment_method, cashier_name, created_at)
VALUES ('85bb3ac3-1961-480e-abcf-2b8a310884d0', 'ORD-00790', 'Completed', 80, 'Maya', 'System Seed', '2026-04-22T07:51:25.990Z');

INSERT INTO public.order_items (order_id, product_id, name, quantity, unit_price, subtotal)
VALUES ('85bb3ac3-1961-480e-abcf-2b8a310884d0', '65f0b94f-ccbe-4b50-a175-66810ae10f44', 'Croissant', 1, 80, 80);

INSERT INTO public.orders (id, order_id, status, amount, payment_method, cashier_name, created_at)
VALUES ('86e57248-3f5b-432d-93ef-d66675f23bf6', 'ORD-00791', 'Void (Consumed)', 670, 'Maya', 'System Seed', '2026-04-22T11:30:10.990Z');

INSERT INTO public.order_items (order_id, product_id, name, quantity, unit_price, subtotal)
VALUES ('86e57248-3f5b-432d-93ef-d66675f23bf6', '48233f0a-6e57-4a45-b033-627d13f1be78', 'Cappuccino', 1, 120, 120);

INSERT INTO public.order_items (order_id, product_id, name, quantity, unit_price, subtotal)
VALUES ('86e57248-3f5b-432d-93ef-d66675f23bf6', '3a6a55c0-70f3-4417-a252-db77d9e511c0', 'Latte', 3, 120, 360);

INSERT INTO public.order_items (order_id, product_id, name, quantity, unit_price, subtotal)
VALUES ('86e57248-3f5b-432d-93ef-d66675f23bf6', '36c93748-7c86-4ddb-ba49-1bd1a164bf42', 'Blueberry Muffin', 2, 95, 190);

INSERT INTO public.orders (id, order_id, status, amount, payment_method, cashier_name, created_at)
VALUES ('2134ad10-a813-4a8e-982a-98012ee0528c', 'ORD-00792', 'Completed', 280, 'Credit Card', 'System Seed', '2026-04-22T03:10:07.990Z');

INSERT INTO public.order_items (order_id, product_id, name, quantity, unit_price, subtotal)
VALUES ('2134ad10-a813-4a8e-982a-98012ee0528c', 'fe6b02e6-9366-4abd-874c-fcb832e0e282', 'Green Tea', 1, 90, 90);

INSERT INTO public.order_items (order_id, product_id, name, quantity, unit_price, subtotal)
VALUES ('2134ad10-a813-4a8e-982a-98012ee0528c', '36c93748-7c86-4ddb-ba49-1bd1a164bf42', 'Blueberry Muffin', 2, 95, 190);

INSERT INTO public.orders (id, order_id, status, amount, payment_method, cashier_name, created_at)
VALUES ('5628f984-24f6-4b46-94f1-451ae3098095', 'ORD-00793', 'Completed', 360, 'Cash', 'System Seed', '2026-04-22T12:26:36.990Z');

INSERT INTO public.order_items (order_id, product_id, name, quantity, unit_price, subtotal)
VALUES ('5628f984-24f6-4b46-94f1-451ae3098095', '3a6a55c0-70f3-4417-a252-db77d9e511c0', 'Latte', 3, 120, 360);

INSERT INTO public.orders (id, order_id, status, amount, payment_method, cashier_name, created_at)
VALUES ('3215fa76-c232-43b4-a5e0-f2372e09553f', 'ORD-00794', 'Void (Not Made)', 270, 'Cash', 'System Seed', '2026-04-22T01:02:30.990Z');

INSERT INTO public.order_items (order_id, product_id, name, quantity, unit_price, subtotal)
VALUES ('3215fa76-c232-43b4-a5e0-f2372e09553f', 'fe6b02e6-9366-4abd-874c-fcb832e0e282', 'Green Tea', 2, 90, 180);

INSERT INTO public.order_items (order_id, product_id, name, quantity, unit_price, subtotal)
VALUES ('3215fa76-c232-43b4-a5e0-f2372e09553f', 'fe6b02e6-9366-4abd-874c-fcb832e0e282', 'Green Tea', 1, 90, 90);

INSERT INTO public.orders (id, order_id, status, amount, payment_method, cashier_name, created_at)
VALUES ('8935d6c6-c680-454c-a0f8-ded4fb4fd5f5', 'ORD-00795', 'Completed', 550, 'GCash', 'System Seed', '2026-04-22T11:15:23.990Z');

INSERT INTO public.order_items (order_id, product_id, name, quantity, unit_price, subtotal)
VALUES ('8935d6c6-c680-454c-a0f8-ded4fb4fd5f5', '48233f0a-6e57-4a45-b033-627d13f1be78', 'Cappuccino', 2, 120, 240);

INSERT INTO public.order_items (order_id, product_id, name, quantity, unit_price, subtotal)
VALUES ('8935d6c6-c680-454c-a0f8-ded4fb4fd5f5', 'dfe22f11-84a3-41d2-a268-149f012eae60', 'Sparkling Lemonade', 2, 110, 220);

INSERT INTO public.order_items (order_id, product_id, name, quantity, unit_price, subtotal)
VALUES ('8935d6c6-c680-454c-a0f8-ded4fb4fd5f5', 'fe6b02e6-9366-4abd-874c-fcb832e0e282', 'Green Tea', 1, 90, 90);

INSERT INTO public.orders (id, order_id, status, amount, payment_method, cashier_name, created_at)
VALUES ('ab64baa9-61e5-4ee6-aa5c-d5d3d0eaf6a7', 'ORD-00796', 'Completed', 300, 'Credit Card', 'System Seed', '2026-04-22T05:40:57.990Z');

INSERT INTO public.order_items (order_id, product_id, name, quantity, unit_price, subtotal)
VALUES ('ab64baa9-61e5-4ee6-aa5c-d5d3d0eaf6a7', '3a6a55c0-70f3-4417-a252-db77d9e511c0', 'Latte', 1, 120, 120);

INSERT INTO public.order_items (order_id, product_id, name, quantity, unit_price, subtotal)
VALUES ('ab64baa9-61e5-4ee6-aa5c-d5d3d0eaf6a7', 'fe6b02e6-9366-4abd-874c-fcb832e0e282', 'Green Tea', 2, 90, 180);

INSERT INTO public.orders (id, order_id, status, amount, payment_method, cashier_name, created_at)
VALUES ('02c428b0-4fa0-4339-a3f1-40aa040099a6', 'ORD-00797', 'Completed', 680, 'Maya', 'System Seed', '2026-04-23T05:23:41.990Z');

INSERT INTO public.order_items (order_id, product_id, name, quantity, unit_price, subtotal)
VALUES ('02c428b0-4fa0-4339-a3f1-40aa040099a6', '83a6812d-2665-4ce5-871a-78a4eab3ce80', 'Americano', 2, 100, 200);

INSERT INTO public.order_items (order_id, product_id, name, quantity, unit_price, subtotal)
VALUES ('02c428b0-4fa0-4339-a3f1-40aa040099a6', '3a6a55c0-70f3-4417-a252-db77d9e511c0', 'Latte', 1, 120, 120);

INSERT INTO public.order_items (order_id, product_id, name, quantity, unit_price, subtotal)
VALUES ('02c428b0-4fa0-4339-a3f1-40aa040099a6', '3a6a55c0-70f3-4417-a252-db77d9e511c0', 'Latte', 3, 120, 360);

INSERT INTO public.orders (id, order_id, status, amount, payment_method, cashier_name, created_at)
VALUES ('7e4a1d94-3f1b-48fc-9615-14f8d85f6a5a', 'ORD-00798', 'Completed', 600, 'GCash', 'System Seed', '2026-04-23T12:50:42.990Z');

INSERT INTO public.order_items (order_id, product_id, name, quantity, unit_price, subtotal)
VALUES ('7e4a1d94-3f1b-48fc-9615-14f8d85f6a5a', '3a6a55c0-70f3-4417-a252-db77d9e511c0', 'Latte', 3, 120, 360);

INSERT INTO public.order_items (order_id, product_id, name, quantity, unit_price, subtotal)
VALUES ('7e4a1d94-3f1b-48fc-9615-14f8d85f6a5a', '48233f0a-6e57-4a45-b033-627d13f1be78', 'Cappuccino', 2, 120, 240);

INSERT INTO public.orders (id, order_id, status, amount, payment_method, cashier_name, created_at)
VALUES ('bff7e1aa-c277-4a35-9ad5-685cb4fd6566', 'ORD-00799', 'Completed', 420, 'Cash', 'System Seed', '2026-04-23T10:06:54.990Z');

INSERT INTO public.order_items (order_id, product_id, name, quantity, unit_price, subtotal)
VALUES ('bff7e1aa-c277-4a35-9ad5-685cb4fd6566', '1b5c6269-ce45-4413-acb8-21813cd7f9cf', 'Mocha', 3, 140, 420);

INSERT INTO public.orders (id, order_id, status, amount, payment_method, cashier_name, created_at)
VALUES ('2db133bd-d4ed-4c74-bd49-046271892624', 'ORD-00800', 'Completed', 190, 'Credit Card', 'System Seed', '2026-04-23T05:09:49.990Z');

INSERT INTO public.order_items (order_id, product_id, name, quantity, unit_price, subtotal)
VALUES ('2db133bd-d4ed-4c74-bd49-046271892624', '36c93748-7c86-4ddb-ba49-1bd1a164bf42', 'Blueberry Muffin', 2, 95, 190);

INSERT INTO public.orders (id, order_id, status, amount, payment_method, cashier_name, created_at)
VALUES ('7e006b5e-c983-4888-9848-704f3353b7c0', 'ORD-00801', 'Completed', 300, 'Maya', 'System Seed', '2026-04-23T05:21:37.990Z');

INSERT INTO public.order_items (order_id, product_id, name, quantity, unit_price, subtotal)
VALUES ('7e006b5e-c983-4888-9848-704f3353b7c0', '83a6812d-2665-4ce5-871a-78a4eab3ce80', 'Americano', 3, 100, 300);

INSERT INTO public.orders (id, order_id, status, amount, payment_method, cashier_name, created_at)
VALUES ('917b664f-524b-4fdc-b6cf-45cacd8ce822', 'ORD-00802', 'Void (Not Made)', 575, 'Cash', 'System Seed', '2026-04-23T11:50:15.990Z');

INSERT INTO public.order_items (order_id, product_id, name, quantity, unit_price, subtotal)
VALUES ('917b664f-524b-4fdc-b6cf-45cacd8ce822', '36c93748-7c86-4ddb-ba49-1bd1a164bf42', 'Blueberry Muffin', 1, 95, 95);

INSERT INTO public.order_items (order_id, product_id, name, quantity, unit_price, subtotal)
VALUES ('917b664f-524b-4fdc-b6cf-45cacd8ce822', '3a6a55c0-70f3-4417-a252-db77d9e511c0', 'Latte', 1, 120, 120);

INSERT INTO public.order_items (order_id, product_id, name, quantity, unit_price, subtotal)
VALUES ('917b664f-524b-4fdc-b6cf-45cacd8ce822', '48233f0a-6e57-4a45-b033-627d13f1be78', 'Cappuccino', 3, 120, 360);

INSERT INTO public.orders (id, order_id, status, amount, payment_method, cashier_name, created_at)
VALUES ('11507bbc-8aae-4e34-b3b6-0c10232e07c6', 'ORD-00803', 'Completed', 800, 'Cash', 'System Seed', '2026-04-23T05:50:42.990Z');

INSERT INTO public.order_items (order_id, product_id, name, quantity, unit_price, subtotal)
VALUES ('11507bbc-8aae-4e34-b3b6-0c10232e07c6', 'dfe22f11-84a3-41d2-a268-149f012eae60', 'Sparkling Lemonade', 3, 110, 330);

INSERT INTO public.order_items (order_id, product_id, name, quantity, unit_price, subtotal)
VALUES ('11507bbc-8aae-4e34-b3b6-0c10232e07c6', '48233f0a-6e57-4a45-b033-627d13f1be78', 'Cappuccino', 3, 120, 360);

INSERT INTO public.order_items (order_id, product_id, name, quantity, unit_price, subtotal)
VALUES ('11507bbc-8aae-4e34-b3b6-0c10232e07c6', 'dfe22f11-84a3-41d2-a268-149f012eae60', 'Sparkling Lemonade', 1, 110, 110);

INSERT INTO public.orders (id, order_id, status, amount, payment_method, cashier_name, created_at)
VALUES ('19b324b5-bbfc-466e-85b8-4e4b5072a2b5', 'ORD-00804', 'Completed', 890, 'Cash', 'System Seed', '2026-04-23T05:33:25.990Z');

INSERT INTO public.order_items (order_id, product_id, name, quantity, unit_price, subtotal)
VALUES ('19b324b5-bbfc-466e-85b8-4e4b5072a2b5', '48233f0a-6e57-4a45-b033-627d13f1be78', 'Cappuccino', 2, 120, 240);

INSERT INTO public.order_items (order_id, product_id, name, quantity, unit_price, subtotal)
VALUES ('19b324b5-bbfc-466e-85b8-4e4b5072a2b5', 'fe6b02e6-9366-4abd-874c-fcb832e0e282', 'Green Tea', 1, 90, 90);

INSERT INTO public.order_items (order_id, product_id, name, quantity, unit_price, subtotal)
VALUES ('19b324b5-bbfc-466e-85b8-4e4b5072a2b5', '1b5c6269-ce45-4413-acb8-21813cd7f9cf', 'Mocha', 3, 140, 420);

INSERT INTO public.order_items (order_id, product_id, name, quantity, unit_price, subtotal)
VALUES ('19b324b5-bbfc-466e-85b8-4e4b5072a2b5', '1b5c6269-ce45-4413-acb8-21813cd7f9cf', 'Mocha', 1, 140, 140);

INSERT INTO public.orders (id, order_id, status, amount, payment_method, cashier_name, created_at)
VALUES ('781c4100-1a81-4d8e-a71b-a96d2a3a11f5', 'ORD-00805', 'Completed', 360, 'Cash', 'System Seed', '2026-04-23T02:18:19.990Z');

INSERT INTO public.order_items (order_id, product_id, name, quantity, unit_price, subtotal)
VALUES ('781c4100-1a81-4d8e-a71b-a96d2a3a11f5', '48233f0a-6e57-4a45-b033-627d13f1be78', 'Cappuccino', 3, 120, 360);

INSERT INTO public.orders (id, order_id, status, amount, payment_method, cashier_name, created_at)
VALUES ('1cbadc64-98ea-4648-8f61-6b3668c299be', 'ORD-00806', 'Completed', 200, 'Credit Card', 'System Seed', '2026-04-23T01:38:48.990Z');

INSERT INTO public.order_items (order_id, product_id, name, quantity, unit_price, subtotal)
VALUES ('1cbadc64-98ea-4648-8f61-6b3668c299be', '83a6812d-2665-4ce5-871a-78a4eab3ce80', 'Americano', 2, 100, 200);

INSERT INTO public.orders (id, order_id, status, amount, payment_method, cashier_name, created_at)
VALUES ('b9445bf6-f46c-4241-810b-779399043711', 'ORD-00807', 'Completed', 300, 'Cash', 'System Seed', '2026-04-23T03:53:34.990Z');

INSERT INTO public.order_items (order_id, product_id, name, quantity, unit_price, subtotal)
VALUES ('b9445bf6-f46c-4241-810b-779399043711', '83a6812d-2665-4ce5-871a-78a4eab3ce80', 'Americano', 3, 100, 300);

INSERT INTO public.orders (id, order_id, status, amount, payment_method, cashier_name, created_at)
VALUES ('0385491e-bc0d-4aa0-a700-c8ba0108fff5', 'ORD-00808', 'Void (Consumed)', 680, 'GCash', 'System Seed', '2026-04-23T07:25:45.990Z');

INSERT INTO public.order_items (order_id, product_id, name, quantity, unit_price, subtotal)
VALUES ('0385491e-bc0d-4aa0-a700-c8ba0108fff5', '3a6a55c0-70f3-4417-a252-db77d9e511c0', 'Latte', 1, 120, 120);

INSERT INTO public.order_items (order_id, product_id, name, quantity, unit_price, subtotal)
VALUES ('0385491e-bc0d-4aa0-a700-c8ba0108fff5', '1b5c6269-ce45-4413-acb8-21813cd7f9cf', 'Mocha', 3, 140, 420);

INSERT INTO public.order_items (order_id, product_id, name, quantity, unit_price, subtotal)
VALUES ('0385491e-bc0d-4aa0-a700-c8ba0108fff5', '1b5c6269-ce45-4413-acb8-21813cd7f9cf', 'Mocha', 1, 140, 140);

INSERT INTO public.orders (id, order_id, status, amount, payment_method, cashier_name, created_at)
VALUES ('3d05ee30-0a82-4de8-9fa2-c84aabe44953', 'ORD-00809', 'Completed', 400, 'Maya', 'System Seed', '2026-04-23T09:21:12.990Z');

INSERT INTO public.order_items (order_id, product_id, name, quantity, unit_price, subtotal)
VALUES ('3d05ee30-0a82-4de8-9fa2-c84aabe44953', '1b5c6269-ce45-4413-acb8-21813cd7f9cf', 'Mocha', 2, 140, 280);

INSERT INTO public.order_items (order_id, product_id, name, quantity, unit_price, subtotal)
VALUES ('3d05ee30-0a82-4de8-9fa2-c84aabe44953', '48233f0a-6e57-4a45-b033-627d13f1be78', 'Cappuccino', 1, 120, 120);

INSERT INTO public.orders (id, order_id, status, amount, payment_method, cashier_name, created_at)
VALUES ('aa72717f-7dad-41d4-9ae0-5356fc442f9a', 'ORD-00810', 'Completed', 285, 'GCash', 'System Seed', '2026-04-23T12:45:59.990Z');

INSERT INTO public.order_items (order_id, product_id, name, quantity, unit_price, subtotal)
VALUES ('aa72717f-7dad-41d4-9ae0-5356fc442f9a', '36c93748-7c86-4ddb-ba49-1bd1a164bf42', 'Blueberry Muffin', 3, 95, 285);

INSERT INTO public.orders (id, order_id, status, amount, payment_method, cashier_name, created_at)
VALUES ('b21b8616-be58-42a9-b4d5-ad8924989833', 'ORD-00811', 'Completed', 220, 'GCash', 'System Seed', '2026-04-23T11:15:06.990Z');

INSERT INTO public.order_items (order_id, product_id, name, quantity, unit_price, subtotal)
VALUES ('b21b8616-be58-42a9-b4d5-ad8924989833', 'dfe22f11-84a3-41d2-a268-149f012eae60', 'Sparkling Lemonade', 2, 110, 220);

INSERT INTO public.orders (id, order_id, status, amount, payment_method, cashier_name, created_at)
VALUES ('b069044e-d8bb-4ca1-9155-fdb548b02a34', 'ORD-00812', 'Completed', 1000, 'Maya', 'System Seed', '2026-04-23T09:13:27.990Z');

INSERT INTO public.order_items (order_id, product_id, name, quantity, unit_price, subtotal)
VALUES ('b069044e-d8bb-4ca1-9155-fdb548b02a34', '1b5c6269-ce45-4413-acb8-21813cd7f9cf', 'Mocha', 3, 140, 420);

INSERT INTO public.order_items (order_id, product_id, name, quantity, unit_price, subtotal)
VALUES ('b069044e-d8bb-4ca1-9155-fdb548b02a34', 'dfe22f11-84a3-41d2-a268-149f012eae60', 'Sparkling Lemonade', 3, 110, 330);

INSERT INTO public.order_items (order_id, product_id, name, quantity, unit_price, subtotal)
VALUES ('b069044e-d8bb-4ca1-9155-fdb548b02a34', '65f0b94f-ccbe-4b50-a175-66810ae10f44', 'Croissant', 2, 80, 160);

INSERT INTO public.order_items (order_id, product_id, name, quantity, unit_price, subtotal)
VALUES ('b069044e-d8bb-4ca1-9155-fdb548b02a34', 'fe6b02e6-9366-4abd-874c-fcb832e0e282', 'Green Tea', 1, 90, 90);

INSERT INTO public.orders (id, order_id, status, amount, payment_method, cashier_name, created_at)
VALUES ('e8b651b6-18a7-4689-9f7d-d98b8d7a9ef2', 'ORD-00813', 'Completed', 670, 'GCash', 'System Seed', '2026-04-23T00:06:47.990Z');

INSERT INTO public.order_items (order_id, product_id, name, quantity, unit_price, subtotal)
VALUES ('e8b651b6-18a7-4689-9f7d-d98b8d7a9ef2', '65f0b94f-ccbe-4b50-a175-66810ae10f44', 'Croissant', 2, 80, 160);

INSERT INTO public.order_items (order_id, product_id, name, quantity, unit_price, subtotal)
VALUES ('e8b651b6-18a7-4689-9f7d-d98b8d7a9ef2', '48233f0a-6e57-4a45-b033-627d13f1be78', 'Cappuccino', 2, 120, 240);

INSERT INTO public.order_items (order_id, product_id, name, quantity, unit_price, subtotal)
VALUES ('e8b651b6-18a7-4689-9f7d-d98b8d7a9ef2', 'fe6b02e6-9366-4abd-874c-fcb832e0e282', 'Green Tea', 2, 90, 180);

INSERT INTO public.order_items (order_id, product_id, name, quantity, unit_price, subtotal)
VALUES ('e8b651b6-18a7-4689-9f7d-d98b8d7a9ef2', 'fe6b02e6-9366-4abd-874c-fcb832e0e282', 'Green Tea', 1, 90, 90);

INSERT INTO public.orders (id, order_id, status, amount, payment_method, cashier_name, created_at)
VALUES ('a6595888-6df7-47bc-91f4-3a99ae0c4042', 'ORD-00814', 'Completed', 460, 'Cash', 'System Seed', '2026-04-23T02:36:21.990Z');

INSERT INTO public.order_items (order_id, product_id, name, quantity, unit_price, subtotal)
VALUES ('a6595888-6df7-47bc-91f4-3a99ae0c4042', '83a6812d-2665-4ce5-871a-78a4eab3ce80', 'Americano', 1, 100, 100);

INSERT INTO public.order_items (order_id, product_id, name, quantity, unit_price, subtotal)
VALUES ('a6595888-6df7-47bc-91f4-3a99ae0c4042', '48233f0a-6e57-4a45-b033-627d13f1be78', 'Cappuccino', 3, 120, 360);

INSERT INTO public.orders (id, order_id, status, amount, payment_method, cashier_name, created_at)
VALUES ('a56ff6b8-4637-4de0-94d1-a7cf19528b37', 'ORD-00815', 'Completed', 420, 'Cash', 'System Seed', '2026-04-22T23:24:59.990Z');

INSERT INTO public.order_items (order_id, product_id, name, quantity, unit_price, subtotal)
VALUES ('a56ff6b8-4637-4de0-94d1-a7cf19528b37', '48233f0a-6e57-4a45-b033-627d13f1be78', 'Cappuccino', 1, 120, 120);

INSERT INTO public.order_items (order_id, product_id, name, quantity, unit_price, subtotal)
VALUES ('a56ff6b8-4637-4de0-94d1-a7cf19528b37', '83a6812d-2665-4ce5-871a-78a4eab3ce80', 'Americano', 2, 100, 200);

INSERT INTO public.order_items (order_id, product_id, name, quantity, unit_price, subtotal)
VALUES ('a56ff6b8-4637-4de0-94d1-a7cf19528b37', '83a6812d-2665-4ce5-871a-78a4eab3ce80', 'Americano', 1, 100, 100);

INSERT INTO public.orders (id, order_id, status, amount, payment_method, cashier_name, created_at)
VALUES ('6940a423-277a-4c10-83d0-54558e9a6d05', 'ORD-00816', 'Completed', 190, 'Cash', 'System Seed', '2026-04-22T23:48:18.990Z');

INSERT INTO public.order_items (order_id, product_id, name, quantity, unit_price, subtotal)
VALUES ('6940a423-277a-4c10-83d0-54558e9a6d05', '65f0b94f-ccbe-4b50-a175-66810ae10f44', 'Croissant', 1, 80, 80);

INSERT INTO public.order_items (order_id, product_id, name, quantity, unit_price, subtotal)
VALUES ('6940a423-277a-4c10-83d0-54558e9a6d05', 'dfe22f11-84a3-41d2-a268-149f012eae60', 'Sparkling Lemonade', 1, 110, 110);

INSERT INTO public.orders (id, order_id, status, amount, payment_method, cashier_name, created_at)
VALUES ('567c2a61-9575-462b-afc4-f576bdf8ae70', 'ORD-00817', 'Void (Consumed)', 645, 'Cash', 'System Seed', '2026-04-23T11:06:51.990Z');

INSERT INTO public.order_items (order_id, product_id, name, quantity, unit_price, subtotal)
VALUES ('567c2a61-9575-462b-afc4-f576bdf8ae70', '3a6a55c0-70f3-4417-a252-db77d9e511c0', 'Latte', 3, 120, 360);

INSERT INTO public.order_items (order_id, product_id, name, quantity, unit_price, subtotal)
VALUES ('567c2a61-9575-462b-afc4-f576bdf8ae70', '36c93748-7c86-4ddb-ba49-1bd1a164bf42', 'Blueberry Muffin', 3, 95, 285);

INSERT INTO public.orders (id, order_id, status, amount, payment_method, cashier_name, created_at)
VALUES ('776b5140-ab80-4cb8-8400-a209780a7b78', 'ORD-00818', 'Completed', 560, 'Maya', 'System Seed', '2026-04-23T06:41:39.990Z');

INSERT INTO public.order_items (order_id, product_id, name, quantity, unit_price, subtotal)
VALUES ('776b5140-ab80-4cb8-8400-a209780a7b78', 'fe6b02e6-9366-4abd-874c-fcb832e0e282', 'Green Tea', 3, 90, 270);

INSERT INTO public.order_items (order_id, product_id, name, quantity, unit_price, subtotal)
VALUES ('776b5140-ab80-4cb8-8400-a209780a7b78', '36c93748-7c86-4ddb-ba49-1bd1a164bf42', 'Blueberry Muffin', 2, 95, 190);

INSERT INTO public.order_items (order_id, product_id, name, quantity, unit_price, subtotal)
VALUES ('776b5140-ab80-4cb8-8400-a209780a7b78', '83a6812d-2665-4ce5-871a-78a4eab3ce80', 'Americano', 1, 100, 100);

INSERT INTO public.orders (id, order_id, status, amount, payment_method, cashier_name, created_at)
VALUES ('57c84119-bb39-424b-a18f-b4ebe99eb346', 'ORD-00819', 'Completed', 615, 'Cash', 'System Seed', '2026-04-23T09:38:07.990Z');

INSERT INTO public.order_items (order_id, product_id, name, quantity, unit_price, subtotal)
VALUES ('57c84119-bb39-424b-a18f-b4ebe99eb346', '36c93748-7c86-4ddb-ba49-1bd1a164bf42', 'Blueberry Muffin', 2, 95, 190);

INSERT INTO public.order_items (order_id, product_id, name, quantity, unit_price, subtotal)
VALUES ('57c84119-bb39-424b-a18f-b4ebe99eb346', 'dfe22f11-84a3-41d2-a268-149f012eae60', 'Sparkling Lemonade', 3, 110, 330);

INSERT INTO public.order_items (order_id, product_id, name, quantity, unit_price, subtotal)
VALUES ('57c84119-bb39-424b-a18f-b4ebe99eb346', '36c93748-7c86-4ddb-ba49-1bd1a164bf42', 'Blueberry Muffin', 1, 95, 95);

INSERT INTO public.orders (id, order_id, status, amount, payment_method, cashier_name, created_at)
VALUES ('a19565fe-5260-4a09-b37e-117f624fb0fd', 'ORD-00820', 'Completed', 680, 'Credit Card', 'System Seed', '2026-04-23T01:39:50.990Z');

INSERT INTO public.order_items (order_id, product_id, name, quantity, unit_price, subtotal)
VALUES ('a19565fe-5260-4a09-b37e-117f624fb0fd', 'dfe22f11-84a3-41d2-a268-149f012eae60', 'Sparkling Lemonade', 2, 110, 220);

INSERT INTO public.order_items (order_id, product_id, name, quantity, unit_price, subtotal)
VALUES ('a19565fe-5260-4a09-b37e-117f624fb0fd', '48233f0a-6e57-4a45-b033-627d13f1be78', 'Cappuccino', 3, 120, 360);

INSERT INTO public.order_items (order_id, product_id, name, quantity, unit_price, subtotal)
VALUES ('a19565fe-5260-4a09-b37e-117f624fb0fd', '83a6812d-2665-4ce5-871a-78a4eab3ce80', 'Americano', 1, 100, 100);

INSERT INTO public.orders (id, order_id, status, amount, payment_method, cashier_name, created_at)
VALUES ('c7343b17-c7d4-47d2-a894-49740c1e88fa', 'ORD-00821', 'Void (Consumed)', 200, 'Credit Card', 'System Seed', '2026-04-23T10:55:46.990Z');

INSERT INTO public.order_items (order_id, product_id, name, quantity, unit_price, subtotal)
VALUES ('c7343b17-c7d4-47d2-a894-49740c1e88fa', '83a6812d-2665-4ce5-871a-78a4eab3ce80', 'Americano', 2, 100, 200);

INSERT INTO public.orders (id, order_id, status, amount, payment_method, cashier_name, created_at)
VALUES ('570d6697-9a97-4fb8-8acb-5ce8cd010568', 'ORD-00822', 'Completed', 220, 'Credit Card', 'System Seed', '2026-04-23T08:22:04.990Z');

INSERT INTO public.order_items (order_id, product_id, name, quantity, unit_price, subtotal)
VALUES ('570d6697-9a97-4fb8-8acb-5ce8cd010568', 'dfe22f11-84a3-41d2-a268-149f012eae60', 'Sparkling Lemonade', 2, 110, 220);

INSERT INTO public.orders (id, order_id, status, amount, payment_method, cashier_name, created_at)
VALUES ('7b7028b5-6587-46b8-abd3-ef6391dcc748', 'ORD-00823', 'Completed', 380, 'Maya', 'System Seed', '2026-04-23T06:11:15.990Z');

INSERT INTO public.order_items (order_id, product_id, name, quantity, unit_price, subtotal)
VALUES ('7b7028b5-6587-46b8-abd3-ef6391dcc748', 'fe6b02e6-9366-4abd-874c-fcb832e0e282', 'Green Tea', 1, 90, 90);

INSERT INTO public.order_items (order_id, product_id, name, quantity, unit_price, subtotal)
VALUES ('7b7028b5-6587-46b8-abd3-ef6391dcc748', '83a6812d-2665-4ce5-871a-78a4eab3ce80', 'Americano', 1, 100, 100);

INSERT INTO public.order_items (order_id, product_id, name, quantity, unit_price, subtotal)
VALUES ('7b7028b5-6587-46b8-abd3-ef6391dcc748', '36c93748-7c86-4ddb-ba49-1bd1a164bf42', 'Blueberry Muffin', 2, 95, 190);

INSERT INTO public.orders (id, order_id, status, amount, payment_method, cashier_name, created_at)
VALUES ('b266be8b-1b1c-4478-aad9-2456af0756fe', 'ORD-00824', 'Void (Consumed)', 820, 'Cash', 'System Seed', '2026-04-23T03:14:43.990Z');

INSERT INTO public.order_items (order_id, product_id, name, quantity, unit_price, subtotal)
VALUES ('b266be8b-1b1c-4478-aad9-2456af0756fe', '48233f0a-6e57-4a45-b033-627d13f1be78', 'Cappuccino', 2, 120, 240);

INSERT INTO public.order_items (order_id, product_id, name, quantity, unit_price, subtotal)
VALUES ('b266be8b-1b1c-4478-aad9-2456af0756fe', '1b5c6269-ce45-4413-acb8-21813cd7f9cf', 'Mocha', 2, 140, 280);

INSERT INTO public.order_items (order_id, product_id, name, quantity, unit_price, subtotal)
VALUES ('b266be8b-1b1c-4478-aad9-2456af0756fe', '3a6a55c0-70f3-4417-a252-db77d9e511c0', 'Latte', 1, 120, 120);

INSERT INTO public.order_items (order_id, product_id, name, quantity, unit_price, subtotal)
VALUES ('b266be8b-1b1c-4478-aad9-2456af0756fe', 'fe6b02e6-9366-4abd-874c-fcb832e0e282', 'Green Tea', 2, 90, 180);

INSERT INTO public.orders (id, order_id, status, amount, payment_method, cashier_name, created_at)
VALUES ('dd69890a-81a1-48d9-a144-4e2f1284b5d7', 'ORD-00825', 'Completed', 460, 'GCash', 'System Seed', '2026-04-23T01:00:20.990Z');

INSERT INTO public.order_items (order_id, product_id, name, quantity, unit_price, subtotal)
VALUES ('dd69890a-81a1-48d9-a144-4e2f1284b5d7', '48233f0a-6e57-4a45-b033-627d13f1be78', 'Cappuccino', 3, 120, 360);

INSERT INTO public.order_items (order_id, product_id, name, quantity, unit_price, subtotal)
VALUES ('dd69890a-81a1-48d9-a144-4e2f1284b5d7', '83a6812d-2665-4ce5-871a-78a4eab3ce80', 'Americano', 1, 100, 100);

INSERT INTO public.orders (id, order_id, status, amount, payment_method, cashier_name, created_at)
VALUES ('1bf6e4e0-20c3-4b73-94fd-915d10c5cf4a', 'ORD-00826', 'Completed', 990, 'Credit Card', 'System Seed', '2026-04-23T04:48:34.990Z');

INSERT INTO public.order_items (order_id, product_id, name, quantity, unit_price, subtotal)
VALUES ('1bf6e4e0-20c3-4b73-94fd-915d10c5cf4a', '65f0b94f-ccbe-4b50-a175-66810ae10f44', 'Croissant', 3, 80, 240);

INSERT INTO public.order_items (order_id, product_id, name, quantity, unit_price, subtotal)
VALUES ('1bf6e4e0-20c3-4b73-94fd-915d10c5cf4a', '1b5c6269-ce45-4413-acb8-21813cd7f9cf', 'Mocha', 3, 140, 420);

INSERT INTO public.order_items (order_id, product_id, name, quantity, unit_price, subtotal)
VALUES ('1bf6e4e0-20c3-4b73-94fd-915d10c5cf4a', 'dfe22f11-84a3-41d2-a268-149f012eae60', 'Sparkling Lemonade', 3, 110, 330);

INSERT INTO public.orders (id, order_id, status, amount, payment_method, cashier_name, created_at)
VALUES ('6d9fe1c0-7946-490e-a94c-78bbd9adcadf', 'ORD-00827', 'Completed', 820, 'Cash', 'System Seed', '2026-04-23T11:19:03.990Z');

INSERT INTO public.order_items (order_id, product_id, name, quantity, unit_price, subtotal)
VALUES ('6d9fe1c0-7946-490e-a94c-78bbd9adcadf', 'dfe22f11-84a3-41d2-a268-149f012eae60', 'Sparkling Lemonade', 1, 110, 110);

INSERT INTO public.order_items (order_id, product_id, name, quantity, unit_price, subtotal)
VALUES ('6d9fe1c0-7946-490e-a94c-78bbd9adcadf', '65f0b94f-ccbe-4b50-a175-66810ae10f44', 'Croissant', 2, 80, 160);

INSERT INTO public.order_items (order_id, product_id, name, quantity, unit_price, subtotal)
VALUES ('6d9fe1c0-7946-490e-a94c-78bbd9adcadf', '48233f0a-6e57-4a45-b033-627d13f1be78', 'Cappuccino', 3, 120, 360);

INSERT INTO public.order_items (order_id, product_id, name, quantity, unit_price, subtotal)
VALUES ('6d9fe1c0-7946-490e-a94c-78bbd9adcadf', '36c93748-7c86-4ddb-ba49-1bd1a164bf42', 'Blueberry Muffin', 2, 95, 190);

INSERT INTO public.orders (id, order_id, status, amount, payment_method, cashier_name, created_at)
VALUES ('fa89d53e-b883-4d60-87ec-c64f44644db8', 'ORD-00828', 'Void (Consumed)', 520, 'Maya', 'System Seed', '2026-04-22T23:00:42.990Z');

INSERT INTO public.order_items (order_id, product_id, name, quantity, unit_price, subtotal)
VALUES ('fa89d53e-b883-4d60-87ec-c64f44644db8', '83a6812d-2665-4ce5-871a-78a4eab3ce80', 'Americano', 2, 100, 200);

INSERT INTO public.order_items (order_id, product_id, name, quantity, unit_price, subtotal)
VALUES ('fa89d53e-b883-4d60-87ec-c64f44644db8', 'fe6b02e6-9366-4abd-874c-fcb832e0e282', 'Green Tea', 2, 90, 180);

INSERT INTO public.order_items (order_id, product_id, name, quantity, unit_price, subtotal)
VALUES ('fa89d53e-b883-4d60-87ec-c64f44644db8', '1b5c6269-ce45-4413-acb8-21813cd7f9cf', 'Mocha', 1, 140, 140);

INSERT INTO public.orders (id, order_id, status, amount, payment_method, cashier_name, created_at)
VALUES ('0040b7ef-26ea-4b3e-a6c5-63ec254ddde5', 'ORD-00829', 'Void (Not Made)', 635, 'Credit Card', 'System Seed', '2026-04-23T10:07:56.990Z');

INSERT INTO public.order_items (order_id, product_id, name, quantity, unit_price, subtotal)
VALUES ('0040b7ef-26ea-4b3e-a6c5-63ec254ddde5', '36c93748-7c86-4ddb-ba49-1bd1a164bf42', 'Blueberry Muffin', 1, 95, 95);

INSERT INTO public.order_items (order_id, product_id, name, quantity, unit_price, subtotal)
VALUES ('0040b7ef-26ea-4b3e-a6c5-63ec254ddde5', '3a6a55c0-70f3-4417-a252-db77d9e511c0', 'Latte', 1, 120, 120);

INSERT INTO public.order_items (order_id, product_id, name, quantity, unit_price, subtotal)
VALUES ('0040b7ef-26ea-4b3e-a6c5-63ec254ddde5', '1b5c6269-ce45-4413-acb8-21813cd7f9cf', 'Mocha', 3, 140, 420);

INSERT INTO public.orders (id, order_id, status, amount, payment_method, cashier_name, created_at)
VALUES ('8da8e6d4-c220-43df-98e8-974626c5be96', 'ORD-00830', 'Completed', 1090, 'Credit Card', 'System Seed', '2026-04-24T08:18:57.990Z');

INSERT INTO public.order_items (order_id, product_id, name, quantity, unit_price, subtotal)
VALUES ('8da8e6d4-c220-43df-98e8-974626c5be96', '3a6a55c0-70f3-4417-a252-db77d9e511c0', 'Latte', 3, 120, 360);

INSERT INTO public.order_items (order_id, product_id, name, quantity, unit_price, subtotal)
VALUES ('8da8e6d4-c220-43df-98e8-974626c5be96', 'fe6b02e6-9366-4abd-874c-fcb832e0e282', 'Green Tea', 3, 90, 270);

INSERT INTO public.order_items (order_id, product_id, name, quantity, unit_price, subtotal)
VALUES ('8da8e6d4-c220-43df-98e8-974626c5be96', '48233f0a-6e57-4a45-b033-627d13f1be78', 'Cappuccino', 3, 120, 360);

INSERT INTO public.order_items (order_id, product_id, name, quantity, unit_price, subtotal)
VALUES ('8da8e6d4-c220-43df-98e8-974626c5be96', '83a6812d-2665-4ce5-871a-78a4eab3ce80', 'Americano', 1, 100, 100);

INSERT INTO public.orders (id, order_id, status, amount, payment_method, cashier_name, created_at)
VALUES ('078d7e39-a590-42ae-9b6d-d411d5152312', 'ORD-00831', 'Void (Consumed)', 80, 'GCash', 'System Seed', '2026-04-24T06:20:36.990Z');

INSERT INTO public.order_items (order_id, product_id, name, quantity, unit_price, subtotal)
VALUES ('078d7e39-a590-42ae-9b6d-d411d5152312', '65f0b94f-ccbe-4b50-a175-66810ae10f44', 'Croissant', 1, 80, 80);

INSERT INTO public.orders (id, order_id, status, amount, payment_method, cashier_name, created_at)
VALUES ('fd04353f-ae87-4980-8dea-1c0d6480cf7e', 'ORD-00832', 'Completed', 160, 'Credit Card', 'System Seed', '2026-04-24T10:22:15.990Z');

INSERT INTO public.order_items (order_id, product_id, name, quantity, unit_price, subtotal)
VALUES ('fd04353f-ae87-4980-8dea-1c0d6480cf7e', '65f0b94f-ccbe-4b50-a175-66810ae10f44', 'Croissant', 2, 80, 160);

INSERT INTO public.orders (id, order_id, status, amount, payment_method, cashier_name, created_at)
VALUES ('5dd8a448-ac73-4aa1-9960-60375343e41a', 'ORD-00833', 'Void (Not Made)', 540, 'Cash', 'System Seed', '2026-04-24T12:19:03.990Z');

INSERT INTO public.order_items (order_id, product_id, name, quantity, unit_price, subtotal)
VALUES ('5dd8a448-ac73-4aa1-9960-60375343e41a', '3a6a55c0-70f3-4417-a252-db77d9e511c0', 'Latte', 1, 120, 120);

INSERT INTO public.order_items (order_id, product_id, name, quantity, unit_price, subtotal)
VALUES ('5dd8a448-ac73-4aa1-9960-60375343e41a', 'fe6b02e6-9366-4abd-874c-fcb832e0e282', 'Green Tea', 2, 90, 180);

INSERT INTO public.order_items (order_id, product_id, name, quantity, unit_price, subtotal)
VALUES ('5dd8a448-ac73-4aa1-9960-60375343e41a', '3a6a55c0-70f3-4417-a252-db77d9e511c0', 'Latte', 2, 120, 240);

INSERT INTO public.orders (id, order_id, status, amount, payment_method, cashier_name, created_at)
VALUES ('e38baaa3-2431-4708-8436-53fcdf092d3b', 'ORD-00834', 'Completed', 80, 'GCash', 'System Seed', '2026-04-24T07:52:54.990Z');

INSERT INTO public.order_items (order_id, product_id, name, quantity, unit_price, subtotal)
VALUES ('e38baaa3-2431-4708-8436-53fcdf092d3b', '65f0b94f-ccbe-4b50-a175-66810ae10f44', 'Croissant', 1, 80, 80);

INSERT INTO public.orders (id, order_id, status, amount, payment_method, cashier_name, created_at)
VALUES ('765b6e8c-5861-4db6-bbba-799cece86879', 'ORD-00835', 'Void (Not Made)', 715, 'Credit Card', 'System Seed', '2026-04-24T08:30:10.990Z');

INSERT INTO public.order_items (order_id, product_id, name, quantity, unit_price, subtotal)
VALUES ('765b6e8c-5861-4db6-bbba-799cece86879', '36c93748-7c86-4ddb-ba49-1bd1a164bf42', 'Blueberry Muffin', 3, 95, 285);

INSERT INTO public.order_items (order_id, product_id, name, quantity, unit_price, subtotal)
VALUES ('765b6e8c-5861-4db6-bbba-799cece86879', '48233f0a-6e57-4a45-b033-627d13f1be78', 'Cappuccino', 2, 120, 240);

INSERT INTO public.order_items (order_id, product_id, name, quantity, unit_price, subtotal)
VALUES ('765b6e8c-5861-4db6-bbba-799cece86879', '36c93748-7c86-4ddb-ba49-1bd1a164bf42', 'Blueberry Muffin', 2, 95, 190);

INSERT INTO public.orders (id, order_id, status, amount, payment_method, cashier_name, created_at)
VALUES ('ed33f89b-88bd-4a4d-ad65-12b4fcb792bd', 'ORD-00836', 'Void (Not Made)', 775, 'GCash', 'System Seed', '2026-04-24T12:25:46.990Z');

INSERT INTO public.order_items (order_id, product_id, name, quantity, unit_price, subtotal)
VALUES ('ed33f89b-88bd-4a4d-ad65-12b4fcb792bd', '48233f0a-6e57-4a45-b033-627d13f1be78', 'Cappuccino', 3, 120, 360);

INSERT INTO public.order_items (order_id, product_id, name, quantity, unit_price, subtotal)
VALUES ('ed33f89b-88bd-4a4d-ad65-12b4fcb792bd', '36c93748-7c86-4ddb-ba49-1bd1a164bf42', 'Blueberry Muffin', 1, 95, 95);

INSERT INTO public.order_items (order_id, product_id, name, quantity, unit_price, subtotal)
VALUES ('ed33f89b-88bd-4a4d-ad65-12b4fcb792bd', '83a6812d-2665-4ce5-871a-78a4eab3ce80', 'Americano', 2, 100, 200);

INSERT INTO public.order_items (order_id, product_id, name, quantity, unit_price, subtotal)
VALUES ('ed33f89b-88bd-4a4d-ad65-12b4fcb792bd', '3a6a55c0-70f3-4417-a252-db77d9e511c0', 'Latte', 1, 120, 120);

INSERT INTO public.orders (id, order_id, status, amount, payment_method, cashier_name, created_at)
VALUES ('7f80f052-5a0d-47a0-ae55-795d3efabdd4', 'ORD-00837', 'Completed', 820, 'Maya', 'System Seed', '2026-04-24T02:08:53.990Z');

INSERT INTO public.order_items (order_id, product_id, name, quantity, unit_price, subtotal)
VALUES ('7f80f052-5a0d-47a0-ae55-795d3efabdd4', '48233f0a-6e57-4a45-b033-627d13f1be78', 'Cappuccino', 2, 120, 240);

INSERT INTO public.order_items (order_id, product_id, name, quantity, unit_price, subtotal)
VALUES ('7f80f052-5a0d-47a0-ae55-795d3efabdd4', '48233f0a-6e57-4a45-b033-627d13f1be78', 'Cappuccino', 2, 120, 240);

INSERT INTO public.order_items (order_id, product_id, name, quantity, unit_price, subtotal)
VALUES ('7f80f052-5a0d-47a0-ae55-795d3efabdd4', '1b5c6269-ce45-4413-acb8-21813cd7f9cf', 'Mocha', 1, 140, 140);

INSERT INTO public.order_items (order_id, product_id, name, quantity, unit_price, subtotal)
VALUES ('7f80f052-5a0d-47a0-ae55-795d3efabdd4', '83a6812d-2665-4ce5-871a-78a4eab3ce80', 'Americano', 2, 100, 200);

INSERT INTO public.orders (id, order_id, status, amount, payment_method, cashier_name, created_at)
VALUES ('7ca1fdab-cd0b-4965-b80c-e6f623f5f107', 'ORD-00838', 'Completed', 770, 'Credit Card', 'System Seed', '2026-04-24T11:23:36.990Z');

INSERT INTO public.order_items (order_id, product_id, name, quantity, unit_price, subtotal)
VALUES ('7ca1fdab-cd0b-4965-b80c-e6f623f5f107', '65f0b94f-ccbe-4b50-a175-66810ae10f44', 'Croissant', 3, 80, 240);

INSERT INTO public.order_items (order_id, product_id, name, quantity, unit_price, subtotal)
VALUES ('7ca1fdab-cd0b-4965-b80c-e6f623f5f107', '3a6a55c0-70f3-4417-a252-db77d9e511c0', 'Latte', 1, 120, 120);

INSERT INTO public.order_items (order_id, product_id, name, quantity, unit_price, subtotal)
VALUES ('7ca1fdab-cd0b-4965-b80c-e6f623f5f107', '65f0b94f-ccbe-4b50-a175-66810ae10f44', 'Croissant', 1, 80, 80);

INSERT INTO public.order_items (order_id, product_id, name, quantity, unit_price, subtotal)
VALUES ('7ca1fdab-cd0b-4965-b80c-e6f623f5f107', 'dfe22f11-84a3-41d2-a268-149f012eae60', 'Sparkling Lemonade', 3, 110, 330);

INSERT INTO public.orders (id, order_id, status, amount, payment_method, cashier_name, created_at)
VALUES ('5a831fd8-a5fc-4a68-885d-6b5858356d96', 'ORD-00839', 'Void (Consumed)', 920, 'Maya', 'System Seed', '2026-04-24T12:52:23.990Z');

INSERT INTO public.order_items (order_id, product_id, name, quantity, unit_price, subtotal)
VALUES ('5a831fd8-a5fc-4a68-885d-6b5858356d96', '48233f0a-6e57-4a45-b033-627d13f1be78', 'Cappuccino', 3, 120, 360);

INSERT INTO public.order_items (order_id, product_id, name, quantity, unit_price, subtotal)
VALUES ('5a831fd8-a5fc-4a68-885d-6b5858356d96', '65f0b94f-ccbe-4b50-a175-66810ae10f44', 'Croissant', 3, 80, 240);

INSERT INTO public.order_items (order_id, product_id, name, quantity, unit_price, subtotal)
VALUES ('5a831fd8-a5fc-4a68-885d-6b5858356d96', '65f0b94f-ccbe-4b50-a175-66810ae10f44', 'Croissant', 3, 80, 240);

INSERT INTO public.order_items (order_id, product_id, name, quantity, unit_price, subtotal)
VALUES ('5a831fd8-a5fc-4a68-885d-6b5858356d96', '65f0b94f-ccbe-4b50-a175-66810ae10f44', 'Croissant', 1, 80, 80);

INSERT INTO public.orders (id, order_id, status, amount, payment_method, cashier_name, created_at)
VALUES ('18b4406a-af74-4367-905d-8864a923dc92', 'ORD-00840', 'Completed', 120, 'Credit Card', 'System Seed', '2026-04-24T11:15:48.990Z');

INSERT INTO public.order_items (order_id, product_id, name, quantity, unit_price, subtotal)
VALUES ('18b4406a-af74-4367-905d-8864a923dc92', '48233f0a-6e57-4a45-b033-627d13f1be78', 'Cappuccino', 1, 120, 120);

INSERT INTO public.orders (id, order_id, status, amount, payment_method, cashier_name, created_at)
VALUES ('cf51e7e8-68b5-4abb-815b-a6b1770f45a8', 'ORD-00841', 'Completed', 680, 'Maya', 'System Seed', '2026-04-24T08:04:43.990Z');

INSERT INTO public.order_items (order_id, product_id, name, quantity, unit_price, subtotal)
VALUES ('cf51e7e8-68b5-4abb-815b-a6b1770f45a8', '83a6812d-2665-4ce5-871a-78a4eab3ce80', 'Americano', 2, 100, 200);

INSERT INTO public.order_items (order_id, product_id, name, quantity, unit_price, subtotal)
VALUES ('cf51e7e8-68b5-4abb-815b-a6b1770f45a8', '3a6a55c0-70f3-4417-a252-db77d9e511c0', 'Latte', 2, 120, 240);

INSERT INTO public.order_items (order_id, product_id, name, quantity, unit_price, subtotal)
VALUES ('cf51e7e8-68b5-4abb-815b-a6b1770f45a8', '48233f0a-6e57-4a45-b033-627d13f1be78', 'Cappuccino', 2, 120, 240);

INSERT INTO public.orders (id, order_id, status, amount, payment_method, cashier_name, created_at)
VALUES ('d26363c0-0f7b-46d1-90ae-692ccab80145', 'ORD-00842', 'Completed', 830, 'Maya', 'System Seed', '2026-04-24T05:08:27.990Z');

INSERT INTO public.order_items (order_id, product_id, name, quantity, unit_price, subtotal)
VALUES ('d26363c0-0f7b-46d1-90ae-692ccab80145', 'fe6b02e6-9366-4abd-874c-fcb832e0e282', 'Green Tea', 1, 90, 90);

INSERT INTO public.order_items (order_id, product_id, name, quantity, unit_price, subtotal)
VALUES ('d26363c0-0f7b-46d1-90ae-692ccab80145', '65f0b94f-ccbe-4b50-a175-66810ae10f44', 'Croissant', 1, 80, 80);

INSERT INTO public.order_items (order_id, product_id, name, quantity, unit_price, subtotal)
VALUES ('d26363c0-0f7b-46d1-90ae-692ccab80145', '48233f0a-6e57-4a45-b033-627d13f1be78', 'Cappuccino', 2, 120, 240);

INSERT INTO public.order_items (order_id, product_id, name, quantity, unit_price, subtotal)
VALUES ('d26363c0-0f7b-46d1-90ae-692ccab80145', '1b5c6269-ce45-4413-acb8-21813cd7f9cf', 'Mocha', 3, 140, 420);

INSERT INTO public.orders (id, order_id, status, amount, payment_method, cashier_name, created_at)
VALUES ('ce22f19a-008b-4fdf-ad63-c284c74fa205', 'ORD-00843', 'Void (Not Made)', 450, 'Credit Card', 'System Seed', '2026-04-24T06:02:56.990Z');

INSERT INTO public.order_items (order_id, product_id, name, quantity, unit_price, subtotal)
VALUES ('ce22f19a-008b-4fdf-ad63-c284c74fa205', 'fe6b02e6-9366-4abd-874c-fcb832e0e282', 'Green Tea', 2, 90, 180);

INSERT INTO public.order_items (order_id, product_id, name, quantity, unit_price, subtotal)
VALUES ('ce22f19a-008b-4fdf-ad63-c284c74fa205', 'fe6b02e6-9366-4abd-874c-fcb832e0e282', 'Green Tea', 3, 90, 270);

INSERT INTO public.orders (id, order_id, status, amount, payment_method, cashier_name, created_at)
VALUES ('6cec7d21-ac0d-42c3-b074-80a87ca703db', 'ORD-00844', 'Void (Not Made)', 200, 'Cash', 'System Seed', '2026-04-23T23:24:12.990Z');

INSERT INTO public.order_items (order_id, product_id, name, quantity, unit_price, subtotal)
VALUES ('6cec7d21-ac0d-42c3-b074-80a87ca703db', '83a6812d-2665-4ce5-871a-78a4eab3ce80', 'Americano', 2, 100, 200);

INSERT INTO public.orders (id, order_id, status, amount, payment_method, cashier_name, created_at)
VALUES ('0b270770-41de-4236-845e-7c2c9aaa77b4', 'ORD-00845', 'Void (Not Made)', 930, 'GCash', 'System Seed', '2026-04-24T10:26:44.990Z');

INSERT INTO public.order_items (order_id, product_id, name, quantity, unit_price, subtotal)
VALUES ('0b270770-41de-4236-845e-7c2c9aaa77b4', 'dfe22f11-84a3-41d2-a268-149f012eae60', 'Sparkling Lemonade', 2, 110, 220);

INSERT INTO public.order_items (order_id, product_id, name, quantity, unit_price, subtotal)
VALUES ('0b270770-41de-4236-845e-7c2c9aaa77b4', '83a6812d-2665-4ce5-871a-78a4eab3ce80', 'Americano', 2, 100, 200);

INSERT INTO public.order_items (order_id, product_id, name, quantity, unit_price, subtotal)
VALUES ('0b270770-41de-4236-845e-7c2c9aaa77b4', '65f0b94f-ccbe-4b50-a175-66810ae10f44', 'Croissant', 3, 80, 240);

INSERT INTO public.order_items (order_id, product_id, name, quantity, unit_price, subtotal)
VALUES ('0b270770-41de-4236-845e-7c2c9aaa77b4', 'fe6b02e6-9366-4abd-874c-fcb832e0e282', 'Green Tea', 3, 90, 270);

INSERT INTO public.orders (id, order_id, status, amount, payment_method, cashier_name, created_at)
VALUES ('7ca04d6c-c194-40e5-848a-9d4e6d7f336a', 'ORD-00846', 'Completed', 120, 'Cash', 'System Seed', '2026-04-24T00:45:34.990Z');

INSERT INTO public.order_items (order_id, product_id, name, quantity, unit_price, subtotal)
VALUES ('7ca04d6c-c194-40e5-848a-9d4e6d7f336a', '3a6a55c0-70f3-4417-a252-db77d9e511c0', 'Latte', 1, 120, 120);

INSERT INTO public.orders (id, order_id, status, amount, payment_method, cashier_name, created_at)
VALUES ('2887d527-36eb-49d4-b5f7-5ea50ecb0803', 'ORD-00847', 'Void (Not Made)', 420, 'Maya', 'System Seed', '2026-04-24T08:00:47.990Z');

INSERT INTO public.order_items (order_id, product_id, name, quantity, unit_price, subtotal)
VALUES ('2887d527-36eb-49d4-b5f7-5ea50ecb0803', 'dfe22f11-84a3-41d2-a268-149f012eae60', 'Sparkling Lemonade', 3, 110, 330);

INSERT INTO public.order_items (order_id, product_id, name, quantity, unit_price, subtotal)
VALUES ('2887d527-36eb-49d4-b5f7-5ea50ecb0803', 'fe6b02e6-9366-4abd-874c-fcb832e0e282', 'Green Tea', 1, 90, 90);

INSERT INTO public.orders (id, order_id, status, amount, payment_method, cashier_name, created_at)
VALUES ('a960c6c8-84b4-4aa9-89af-4724625ddb10', 'ORD-00848', 'Void (Consumed)', 840, 'GCash', 'System Seed', '2026-04-24T11:25:08.990Z');

INSERT INTO public.order_items (order_id, product_id, name, quantity, unit_price, subtotal)
VALUES ('a960c6c8-84b4-4aa9-89af-4724625ddb10', '1b5c6269-ce45-4413-acb8-21813cd7f9cf', 'Mocha', 2, 140, 280);

INSERT INTO public.order_items (order_id, product_id, name, quantity, unit_price, subtotal)
VALUES ('a960c6c8-84b4-4aa9-89af-4724625ddb10', '1b5c6269-ce45-4413-acb8-21813cd7f9cf', 'Mocha', 1, 140, 140);

INSERT INTO public.order_items (order_id, product_id, name, quantity, unit_price, subtotal)
VALUES ('a960c6c8-84b4-4aa9-89af-4724625ddb10', '1b5c6269-ce45-4413-acb8-21813cd7f9cf', 'Mocha', 3, 140, 420);

INSERT INTO public.orders (id, order_id, status, amount, payment_method, cashier_name, created_at)
VALUES ('0222ac93-a1f6-43f9-b7ac-c81e93147ccd', 'ORD-00849', 'Completed', 640, 'Credit Card', 'System Seed', '2026-04-24T05:51:10.990Z');

INSERT INTO public.order_items (order_id, product_id, name, quantity, unit_price, subtotal)
VALUES ('0222ac93-a1f6-43f9-b7ac-c81e93147ccd', 'fe6b02e6-9366-4abd-874c-fcb832e0e282', 'Green Tea', 1, 90, 90);

INSERT INTO public.order_items (order_id, product_id, name, quantity, unit_price, subtotal)
VALUES ('0222ac93-a1f6-43f9-b7ac-c81e93147ccd', 'dfe22f11-84a3-41d2-a268-149f012eae60', 'Sparkling Lemonade', 2, 110, 220);

INSERT INTO public.order_items (order_id, product_id, name, quantity, unit_price, subtotal)
VALUES ('0222ac93-a1f6-43f9-b7ac-c81e93147ccd', 'dfe22f11-84a3-41d2-a268-149f012eae60', 'Sparkling Lemonade', 3, 110, 330);

INSERT INTO public.orders (id, order_id, status, amount, payment_method, cashier_name, created_at)
VALUES ('01d4bc97-7648-4d19-9d47-9685ffba15db', 'ORD-00850', 'Void (Not Made)', 240, 'Maya', 'System Seed', '2026-04-23T23:58:09.990Z');

INSERT INTO public.order_items (order_id, product_id, name, quantity, unit_price, subtotal)
VALUES ('01d4bc97-7648-4d19-9d47-9685ffba15db', '48233f0a-6e57-4a45-b033-627d13f1be78', 'Cappuccino', 2, 120, 240);

INSERT INTO public.orders (id, order_id, status, amount, payment_method, cashier_name, created_at)
VALUES ('a534b9d4-b0ee-4413-8bb0-fdcb89f1b3cb', 'ORD-00851', 'Completed', 90, 'Maya', 'System Seed', '2026-04-24T12:04:46.990Z');

INSERT INTO public.order_items (order_id, product_id, name, quantity, unit_price, subtotal)
VALUES ('a534b9d4-b0ee-4413-8bb0-fdcb89f1b3cb', 'fe6b02e6-9366-4abd-874c-fcb832e0e282', 'Green Tea', 1, 90, 90);

INSERT INTO public.orders (id, order_id, status, amount, payment_method, cashier_name, created_at)
VALUES ('b8622431-9190-443e-a1d6-c407429420c9', 'ORD-00852', 'Completed', 695, 'Credit Card', 'System Seed', '2026-04-24T02:30:43.990Z');

INSERT INTO public.order_items (order_id, product_id, name, quantity, unit_price, subtotal)
VALUES ('b8622431-9190-443e-a1d6-c407429420c9', '83a6812d-2665-4ce5-871a-78a4eab3ce80', 'Americano', 2, 100, 200);

INSERT INTO public.order_items (order_id, product_id, name, quantity, unit_price, subtotal)
VALUES ('b8622431-9190-443e-a1d6-c407429420c9', '36c93748-7c86-4ddb-ba49-1bd1a164bf42', 'Blueberry Muffin', 1, 95, 95);

INSERT INTO public.order_items (order_id, product_id, name, quantity, unit_price, subtotal)
VALUES ('b8622431-9190-443e-a1d6-c407429420c9', '83a6812d-2665-4ce5-871a-78a4eab3ce80', 'Americano', 3, 100, 300);

INSERT INTO public.order_items (order_id, product_id, name, quantity, unit_price, subtotal)
VALUES ('b8622431-9190-443e-a1d6-c407429420c9', '83a6812d-2665-4ce5-871a-78a4eab3ce80', 'Americano', 1, 100, 100);

INSERT INTO public.orders (id, order_id, status, amount, payment_method, cashier_name, created_at)
VALUES ('500959d4-b996-465f-b322-779757d2414b', 'ORD-00853', 'Completed', 635, 'Credit Card', 'System Seed', '2026-04-24T05:32:43.990Z');

INSERT INTO public.order_items (order_id, product_id, name, quantity, unit_price, subtotal)
VALUES ('500959d4-b996-465f-b322-779757d2414b', '83a6812d-2665-4ce5-871a-78a4eab3ce80', 'Americano', 2, 100, 200);

INSERT INTO public.order_items (order_id, product_id, name, quantity, unit_price, subtotal)
VALUES ('500959d4-b996-465f-b322-779757d2414b', '83a6812d-2665-4ce5-871a-78a4eab3ce80', 'Americano', 1, 100, 100);

INSERT INTO public.order_items (order_id, product_id, name, quantity, unit_price, subtotal)
VALUES ('500959d4-b996-465f-b322-779757d2414b', '3a6a55c0-70f3-4417-a252-db77d9e511c0', 'Latte', 2, 120, 240);

INSERT INTO public.order_items (order_id, product_id, name, quantity, unit_price, subtotal)
VALUES ('500959d4-b996-465f-b322-779757d2414b', '36c93748-7c86-4ddb-ba49-1bd1a164bf42', 'Blueberry Muffin', 1, 95, 95);

INSERT INTO public.orders (id, order_id, status, amount, payment_method, cashier_name, created_at)
VALUES ('2047fde4-31e4-4dd3-94c1-756a61ad4750', 'ORD-00854', 'Void (Not Made)', 450, 'GCash', 'System Seed', '2026-04-24T07:47:59.990Z');

INSERT INTO public.order_items (order_id, product_id, name, quantity, unit_price, subtotal)
VALUES ('2047fde4-31e4-4dd3-94c1-756a61ad4750', 'fe6b02e6-9366-4abd-874c-fcb832e0e282', 'Green Tea', 1, 90, 90);

INSERT INTO public.order_items (order_id, product_id, name, quantity, unit_price, subtotal)
VALUES ('2047fde4-31e4-4dd3-94c1-756a61ad4750', '3a6a55c0-70f3-4417-a252-db77d9e511c0', 'Latte', 3, 120, 360);

INSERT INTO public.orders (id, order_id, status, amount, payment_method, cashier_name, created_at)
VALUES ('693a1b2c-3c45-4adc-a286-4954b3046201', 'ORD-00855', 'Completed', 160, 'Maya', 'System Seed', '2026-04-24T03:19:58.990Z');

INSERT INTO public.order_items (order_id, product_id, name, quantity, unit_price, subtotal)
VALUES ('693a1b2c-3c45-4adc-a286-4954b3046201', '65f0b94f-ccbe-4b50-a175-66810ae10f44', 'Croissant', 2, 80, 160);

INSERT INTO public.orders (id, order_id, status, amount, payment_method, cashier_name, created_at)
VALUES ('6ec1c344-5c57-40eb-a4e8-eccb5830e0e5', 'ORD-00856', 'Completed', 945, 'Credit Card', 'System Seed', '2026-04-24T03:35:23.990Z');

INSERT INTO public.order_items (order_id, product_id, name, quantity, unit_price, subtotal)
VALUES ('6ec1c344-5c57-40eb-a4e8-eccb5830e0e5', '65f0b94f-ccbe-4b50-a175-66810ae10f44', 'Croissant', 3, 80, 240);

INSERT INTO public.order_items (order_id, product_id, name, quantity, unit_price, subtotal)
VALUES ('6ec1c344-5c57-40eb-a4e8-eccb5830e0e5', '3a6a55c0-70f3-4417-a252-db77d9e511c0', 'Latte', 2, 120, 240);

INSERT INTO public.order_items (order_id, product_id, name, quantity, unit_price, subtotal)
VALUES ('6ec1c344-5c57-40eb-a4e8-eccb5830e0e5', 'fe6b02e6-9366-4abd-874c-fcb832e0e282', 'Green Tea', 2, 90, 180);

INSERT INTO public.order_items (order_id, product_id, name, quantity, unit_price, subtotal)
VALUES ('6ec1c344-5c57-40eb-a4e8-eccb5830e0e5', '36c93748-7c86-4ddb-ba49-1bd1a164bf42', 'Blueberry Muffin', 3, 95, 285);

INSERT INTO public.orders (id, order_id, status, amount, payment_method, cashier_name, created_at)
VALUES ('9c402274-3bef-493a-b512-cb548ae21667', 'ORD-00857', 'Completed', 280, 'Maya', 'System Seed', '2026-04-24T09:13:12.990Z');

INSERT INTO public.order_items (order_id, product_id, name, quantity, unit_price, subtotal)
VALUES ('9c402274-3bef-493a-b512-cb548ae21667', '1b5c6269-ce45-4413-acb8-21813cd7f9cf', 'Mocha', 2, 140, 280);

INSERT INTO public.orders (id, order_id, status, amount, payment_method, cashier_name, created_at)
VALUES ('59045a4c-74d4-4503-91d9-7064791cd5d6', 'ORD-00858', 'Completed', 270, 'Cash', 'System Seed', '2026-04-24T05:58:57.990Z');

INSERT INTO public.order_items (order_id, product_id, name, quantity, unit_price, subtotal)
VALUES ('59045a4c-74d4-4503-91d9-7064791cd5d6', 'fe6b02e6-9366-4abd-874c-fcb832e0e282', 'Green Tea', 3, 90, 270);

INSERT INTO public.orders (id, order_id, status, amount, payment_method, cashier_name, created_at)
VALUES ('c800cbfc-2d4f-4aa8-aefa-8b342526e5dd', 'ORD-00859', 'Completed', 180, 'Maya', 'System Seed', '2026-04-24T00:51:12.990Z');

INSERT INTO public.order_items (order_id, product_id, name, quantity, unit_price, subtotal)
VALUES ('c800cbfc-2d4f-4aa8-aefa-8b342526e5dd', 'fe6b02e6-9366-4abd-874c-fcb832e0e282', 'Green Tea', 2, 90, 180);

INSERT INTO public.orders (id, order_id, status, amount, payment_method, cashier_name, created_at)
VALUES ('fc865810-9f22-45d5-93c6-b8817bbea951', 'ORD-00860', 'Completed', 860, 'Credit Card', 'System Seed', '2026-04-24T01:04:40.990Z');

INSERT INTO public.order_items (order_id, product_id, name, quantity, unit_price, subtotal)
VALUES ('fc865810-9f22-45d5-93c6-b8817bbea951', '1b5c6269-ce45-4413-acb8-21813cd7f9cf', 'Mocha', 1, 140, 140);

INSERT INTO public.order_items (order_id, product_id, name, quantity, unit_price, subtotal)
VALUES ('fc865810-9f22-45d5-93c6-b8817bbea951', '83a6812d-2665-4ce5-871a-78a4eab3ce80', 'Americano', 2, 100, 200);

INSERT INTO public.order_items (order_id, product_id, name, quantity, unit_price, subtotal)
VALUES ('fc865810-9f22-45d5-93c6-b8817bbea951', '3a6a55c0-70f3-4417-a252-db77d9e511c0', 'Latte', 3, 120, 360);

INSERT INTO public.order_items (order_id, product_id, name, quantity, unit_price, subtotal)
VALUES ('fc865810-9f22-45d5-93c6-b8817bbea951', '65f0b94f-ccbe-4b50-a175-66810ae10f44', 'Croissant', 2, 80, 160);

INSERT INTO public.orders (id, order_id, status, amount, payment_method, cashier_name, created_at)
VALUES ('06d4951e-334f-450e-a7c2-e4e97eeb1c89', 'ORD-00861', 'Void (Not Made)', 390, 'Maya', 'System Seed', '2026-04-24T03:30:55.990Z');

INSERT INTO public.order_items (order_id, product_id, name, quantity, unit_price, subtotal)
VALUES ('06d4951e-334f-450e-a7c2-e4e97eeb1c89', 'fe6b02e6-9366-4abd-874c-fcb832e0e282', 'Green Tea', 3, 90, 270);

INSERT INTO public.order_items (order_id, product_id, name, quantity, unit_price, subtotal)
VALUES ('06d4951e-334f-450e-a7c2-e4e97eeb1c89', '48233f0a-6e57-4a45-b033-627d13f1be78', 'Cappuccino', 1, 120, 120);

INSERT INTO public.orders (id, order_id, status, amount, payment_method, cashier_name, created_at)
VALUES ('c3db404c-72c8-4f24-9c62-59493652d35d', 'ORD-00862', 'Void (Consumed)', 320, 'Credit Card', 'System Seed', '2026-04-24T04:15:50.990Z');

INSERT INTO public.order_items (order_id, product_id, name, quantity, unit_price, subtotal)
VALUES ('c3db404c-72c8-4f24-9c62-59493652d35d', '65f0b94f-ccbe-4b50-a175-66810ae10f44', 'Croissant', 1, 80, 80);

INSERT INTO public.order_items (order_id, product_id, name, quantity, unit_price, subtotal)
VALUES ('c3db404c-72c8-4f24-9c62-59493652d35d', '65f0b94f-ccbe-4b50-a175-66810ae10f44', 'Croissant', 3, 80, 240);

INSERT INTO public.orders (id, order_id, status, amount, payment_method, cashier_name, created_at)
VALUES ('91bfac72-4688-48eb-b50e-3f19819aa500', 'ORD-00863', 'Completed', 530, 'Credit Card', 'System Seed', '2026-04-24T12:53:51.990Z');

INSERT INTO public.order_items (order_id, product_id, name, quantity, unit_price, subtotal)
VALUES ('91bfac72-4688-48eb-b50e-3f19819aa500', '1b5c6269-ce45-4413-acb8-21813cd7f9cf', 'Mocha', 2, 140, 280);

INSERT INTO public.order_items (order_id, product_id, name, quantity, unit_price, subtotal)
VALUES ('91bfac72-4688-48eb-b50e-3f19819aa500', 'fe6b02e6-9366-4abd-874c-fcb832e0e282', 'Green Tea', 1, 90, 90);

INSERT INTO public.order_items (order_id, product_id, name, quantity, unit_price, subtotal)
VALUES ('91bfac72-4688-48eb-b50e-3f19819aa500', '65f0b94f-ccbe-4b50-a175-66810ae10f44', 'Croissant', 2, 80, 160);

INSERT INTO public.orders (id, order_id, status, amount, payment_method, cashier_name, created_at)
VALUES ('626d1864-2315-41fd-94d4-4c5d8c70f313', 'ORD-00864', 'Completed', 230, 'Credit Card', 'System Seed', '2026-04-24T06:50:15.990Z');

INSERT INTO public.order_items (order_id, product_id, name, quantity, unit_price, subtotal)
VALUES ('626d1864-2315-41fd-94d4-4c5d8c70f313', 'dfe22f11-84a3-41d2-a268-149f012eae60', 'Sparkling Lemonade', 1, 110, 110);

INSERT INTO public.order_items (order_id, product_id, name, quantity, unit_price, subtotal)
VALUES ('626d1864-2315-41fd-94d4-4c5d8c70f313', '3a6a55c0-70f3-4417-a252-db77d9e511c0', 'Latte', 1, 120, 120);

INSERT INTO public.orders (id, order_id, status, amount, payment_method, cashier_name, created_at)
VALUES ('bc5ccd1d-f941-4da7-9816-68d0c00fc146', 'ORD-00865', 'Completed', 320, 'Cash', 'System Seed', '2026-04-24T08:02:59.990Z');

INSERT INTO public.order_items (order_id, product_id, name, quantity, unit_price, subtotal)
VALUES ('bc5ccd1d-f941-4da7-9816-68d0c00fc146', '3a6a55c0-70f3-4417-a252-db77d9e511c0', 'Latte', 2, 120, 240);

INSERT INTO public.order_items (order_id, product_id, name, quantity, unit_price, subtotal)
VALUES ('bc5ccd1d-f941-4da7-9816-68d0c00fc146', '65f0b94f-ccbe-4b50-a175-66810ae10f44', 'Croissant', 1, 80, 80);

INSERT INTO public.orders (id, order_id, status, amount, payment_method, cashier_name, created_at)
VALUES ('4519d896-ef48-4f94-bc04-2f48677c0d5f', 'ORD-00866', 'Void (Not Made)', 430, 'Credit Card', 'System Seed', '2026-04-23T23:18:28.990Z');

INSERT INTO public.order_items (order_id, product_id, name, quantity, unit_price, subtotal)
VALUES ('4519d896-ef48-4f94-bc04-2f48677c0d5f', 'fe6b02e6-9366-4abd-874c-fcb832e0e282', 'Green Tea', 3, 90, 270);

INSERT INTO public.order_items (order_id, product_id, name, quantity, unit_price, subtotal)
VALUES ('4519d896-ef48-4f94-bc04-2f48677c0d5f', '65f0b94f-ccbe-4b50-a175-66810ae10f44', 'Croissant', 2, 80, 160);

INSERT INTO public.orders (id, order_id, status, amount, payment_method, cashier_name, created_at)
VALUES ('346f5374-b40d-48c7-8404-80b70e7ce9ea', 'ORD-00867', 'Void (Not Made)', 725, 'Credit Card', 'System Seed', '2026-04-24T09:38:06.990Z');

INSERT INTO public.order_items (order_id, product_id, name, quantity, unit_price, subtotal)
VALUES ('346f5374-b40d-48c7-8404-80b70e7ce9ea', '48233f0a-6e57-4a45-b033-627d13f1be78', 'Cappuccino', 1, 120, 120);

INSERT INTO public.order_items (order_id, product_id, name, quantity, unit_price, subtotal)
VALUES ('346f5374-b40d-48c7-8404-80b70e7ce9ea', '36c93748-7c86-4ddb-ba49-1bd1a164bf42', 'Blueberry Muffin', 3, 95, 285);

INSERT INTO public.order_items (order_id, product_id, name, quantity, unit_price, subtotal)
VALUES ('346f5374-b40d-48c7-8404-80b70e7ce9ea', '65f0b94f-ccbe-4b50-a175-66810ae10f44', 'Croissant', 1, 80, 80);

INSERT INTO public.order_items (order_id, product_id, name, quantity, unit_price, subtotal)
VALUES ('346f5374-b40d-48c7-8404-80b70e7ce9ea', '48233f0a-6e57-4a45-b033-627d13f1be78', 'Cappuccino', 2, 120, 240);

INSERT INTO public.orders (id, order_id, status, amount, payment_method, cashier_name, created_at)
VALUES ('59573572-ebd3-485d-b32b-c5a0b6c59469', 'ORD-00868', 'Void (Not Made)', 755, 'Credit Card', 'System Seed', '2026-04-25T01:19:25.990Z');

INSERT INTO public.order_items (order_id, product_id, name, quantity, unit_price, subtotal)
VALUES ('59573572-ebd3-485d-b32b-c5a0b6c59469', '36c93748-7c86-4ddb-ba49-1bd1a164bf42', 'Blueberry Muffin', 3, 95, 285);

INSERT INTO public.order_items (order_id, product_id, name, quantity, unit_price, subtotal)
VALUES ('59573572-ebd3-485d-b32b-c5a0b6c59469', 'fe6b02e6-9366-4abd-874c-fcb832e0e282', 'Green Tea', 3, 90, 270);

INSERT INTO public.order_items (order_id, product_id, name, quantity, unit_price, subtotal)
VALUES ('59573572-ebd3-485d-b32b-c5a0b6c59469', '65f0b94f-ccbe-4b50-a175-66810ae10f44', 'Croissant', 1, 80, 80);

INSERT INTO public.order_items (order_id, product_id, name, quantity, unit_price, subtotal)
VALUES ('59573572-ebd3-485d-b32b-c5a0b6c59469', '48233f0a-6e57-4a45-b033-627d13f1be78', 'Cappuccino', 1, 120, 120);

INSERT INTO public.orders (id, order_id, status, amount, payment_method, cashier_name, created_at)
VALUES ('3db91a92-e67f-4517-8048-119deca57b01', 'ORD-00869', 'Completed', 160, 'Cash', 'System Seed', '2026-04-25T06:26:13.990Z');

INSERT INTO public.order_items (order_id, product_id, name, quantity, unit_price, subtotal)
VALUES ('3db91a92-e67f-4517-8048-119deca57b01', '65f0b94f-ccbe-4b50-a175-66810ae10f44', 'Croissant', 2, 80, 160);

INSERT INTO public.orders (id, order_id, status, amount, payment_method, cashier_name, created_at)
VALUES ('84f671ea-978e-4b62-8302-ceebcc6349a9', 'ORD-00870', 'Void (Not Made)', 585, 'Cash', 'System Seed', '2026-04-25T05:35:59.990Z');

INSERT INTO public.order_items (order_id, product_id, name, quantity, unit_price, subtotal)
VALUES ('84f671ea-978e-4b62-8302-ceebcc6349a9', '65f0b94f-ccbe-4b50-a175-66810ae10f44', 'Croissant', 2, 80, 160);

INSERT INTO public.order_items (order_id, product_id, name, quantity, unit_price, subtotal)
VALUES ('84f671ea-978e-4b62-8302-ceebcc6349a9', '36c93748-7c86-4ddb-ba49-1bd1a164bf42', 'Blueberry Muffin', 3, 95, 285);

INSERT INTO public.order_items (order_id, product_id, name, quantity, unit_price, subtotal)
VALUES ('84f671ea-978e-4b62-8302-ceebcc6349a9', '1b5c6269-ce45-4413-acb8-21813cd7f9cf', 'Mocha', 1, 140, 140);

INSERT INTO public.orders (id, order_id, status, amount, payment_method, cashier_name, created_at)
VALUES ('97761974-93d7-46fa-8e38-e3a155918780', 'ORD-00871', 'Completed', 980, 'Credit Card', 'System Seed', '2026-04-24T23:25:47.990Z');

INSERT INTO public.order_items (order_id, product_id, name, quantity, unit_price, subtotal)
VALUES ('97761974-93d7-46fa-8e38-e3a155918780', '1b5c6269-ce45-4413-acb8-21813cd7f9cf', 'Mocha', 2, 140, 280);

INSERT INTO public.order_items (order_id, product_id, name, quantity, unit_price, subtotal)
VALUES ('97761974-93d7-46fa-8e38-e3a155918780', '48233f0a-6e57-4a45-b033-627d13f1be78', 'Cappuccino', 2, 120, 240);

INSERT INTO public.order_items (order_id, product_id, name, quantity, unit_price, subtotal)
VALUES ('97761974-93d7-46fa-8e38-e3a155918780', 'fe6b02e6-9366-4abd-874c-fcb832e0e282', 'Green Tea', 3, 90, 270);

INSERT INTO public.order_items (order_id, product_id, name, quantity, unit_price, subtotal)
VALUES ('97761974-93d7-46fa-8e38-e3a155918780', '36c93748-7c86-4ddb-ba49-1bd1a164bf42', 'Blueberry Muffin', 2, 95, 190);

INSERT INTO public.orders (id, order_id, status, amount, payment_method, cashier_name, created_at)
VALUES ('23fc8771-08dc-4868-b3bb-6c86a039e7bd', 'ORD-00872', 'Completed', 220, 'Cash', 'System Seed', '2026-04-25T11:51:52.990Z');

INSERT INTO public.order_items (order_id, product_id, name, quantity, unit_price, subtotal)
VALUES ('23fc8771-08dc-4868-b3bb-6c86a039e7bd', 'dfe22f11-84a3-41d2-a268-149f012eae60', 'Sparkling Lemonade', 2, 110, 220);

INSERT INTO public.orders (id, order_id, status, amount, payment_method, cashier_name, created_at)
VALUES ('810c4600-9011-45e6-b14e-8d54d54d5fce', 'ORD-00873', 'Void (Consumed)', 460, 'Cash', 'System Seed', '2026-04-25T04:08:24.990Z');

INSERT INTO public.order_items (order_id, product_id, name, quantity, unit_price, subtotal)
VALUES ('810c4600-9011-45e6-b14e-8d54d54d5fce', '65f0b94f-ccbe-4b50-a175-66810ae10f44', 'Croissant', 3, 80, 240);

INSERT INTO public.order_items (order_id, product_id, name, quantity, unit_price, subtotal)
VALUES ('810c4600-9011-45e6-b14e-8d54d54d5fce', '83a6812d-2665-4ce5-871a-78a4eab3ce80', 'Americano', 1, 100, 100);

INSERT INTO public.order_items (order_id, product_id, name, quantity, unit_price, subtotal)
VALUES ('810c4600-9011-45e6-b14e-8d54d54d5fce', '3a6a55c0-70f3-4417-a252-db77d9e511c0', 'Latte', 1, 120, 120);

INSERT INTO public.orders (id, order_id, status, amount, payment_method, cashier_name, created_at)
VALUES ('dbb55657-30b9-4b38-a1e6-31582fa3b91c', 'ORD-00874', 'Completed', 830, 'Cash', 'System Seed', '2026-04-25T09:19:14.990Z');

INSERT INTO public.order_items (order_id, product_id, name, quantity, unit_price, subtotal)
VALUES ('dbb55657-30b9-4b38-a1e6-31582fa3b91c', '1b5c6269-ce45-4413-acb8-21813cd7f9cf', 'Mocha', 3, 140, 420);

INSERT INTO public.order_items (order_id, product_id, name, quantity, unit_price, subtotal)
VALUES ('dbb55657-30b9-4b38-a1e6-31582fa3b91c', 'dfe22f11-84a3-41d2-a268-149f012eae60', 'Sparkling Lemonade', 3, 110, 330);

INSERT INTO public.order_items (order_id, product_id, name, quantity, unit_price, subtotal)
VALUES ('dbb55657-30b9-4b38-a1e6-31582fa3b91c', '65f0b94f-ccbe-4b50-a175-66810ae10f44', 'Croissant', 1, 80, 80);

INSERT INTO public.orders (id, order_id, status, amount, payment_method, cashier_name, created_at)
VALUES ('68eb7e45-0f90-43bf-988a-a857be0f481a', 'ORD-00875', 'Void (Consumed)', 80, 'Maya', 'System Seed', '2026-04-25T06:19:11.990Z');

INSERT INTO public.order_items (order_id, product_id, name, quantity, unit_price, subtotal)
VALUES ('68eb7e45-0f90-43bf-988a-a857be0f481a', '65f0b94f-ccbe-4b50-a175-66810ae10f44', 'Croissant', 1, 80, 80);

INSERT INTO public.orders (id, order_id, status, amount, payment_method, cashier_name, created_at)
VALUES ('1538866e-2314-4868-870d-62fdd7aec772', 'ORD-00876', 'Completed', 805, 'GCash', 'System Seed', '2026-04-25T11:35:31.990Z');

INSERT INTO public.order_items (order_id, product_id, name, quantity, unit_price, subtotal)
VALUES ('1538866e-2314-4868-870d-62fdd7aec772', '3a6a55c0-70f3-4417-a252-db77d9e511c0', 'Latte', 1, 120, 120);

INSERT INTO public.order_items (order_id, product_id, name, quantity, unit_price, subtotal)
VALUES ('1538866e-2314-4868-870d-62fdd7aec772', '36c93748-7c86-4ddb-ba49-1bd1a164bf42', 'Blueberry Muffin', 3, 95, 285);

INSERT INTO public.order_items (order_id, product_id, name, quantity, unit_price, subtotal)
VALUES ('1538866e-2314-4868-870d-62fdd7aec772', '48233f0a-6e57-4a45-b033-627d13f1be78', 'Cappuccino', 2, 120, 240);

INSERT INTO public.order_items (order_id, product_id, name, quantity, unit_price, subtotal)
VALUES ('1538866e-2314-4868-870d-62fdd7aec772', '65f0b94f-ccbe-4b50-a175-66810ae10f44', 'Croissant', 2, 80, 160);

INSERT INTO public.orders (id, order_id, status, amount, payment_method, cashier_name, created_at)
VALUES ('7ee939aa-fbe8-4600-838e-6a763dfccc74', 'ORD-00877', 'Completed', 120, 'Cash', 'System Seed', '2026-04-25T00:47:47.990Z');

INSERT INTO public.order_items (order_id, product_id, name, quantity, unit_price, subtotal)
VALUES ('7ee939aa-fbe8-4600-838e-6a763dfccc74', '3a6a55c0-70f3-4417-a252-db77d9e511c0', 'Latte', 1, 120, 120);

INSERT INTO public.orders (id, order_id, status, amount, payment_method, cashier_name, created_at)
VALUES ('6df0ce07-55bd-4cdc-8861-0e3c842fdf76', 'ORD-00878', 'Completed', 700, 'GCash', 'System Seed', '2026-04-25T02:59:54.990Z');

INSERT INTO public.order_items (order_id, product_id, name, quantity, unit_price, subtotal)
VALUES ('6df0ce07-55bd-4cdc-8861-0e3c842fdf76', '83a6812d-2665-4ce5-871a-78a4eab3ce80', 'Americano', 1, 100, 100);

INSERT INTO public.order_items (order_id, product_id, name, quantity, unit_price, subtotal)
VALUES ('6df0ce07-55bd-4cdc-8861-0e3c842fdf76', '1b5c6269-ce45-4413-acb8-21813cd7f9cf', 'Mocha', 2, 140, 280);

INSERT INTO public.order_items (order_id, product_id, name, quantity, unit_price, subtotal)
VALUES ('6df0ce07-55bd-4cdc-8861-0e3c842fdf76', '48233f0a-6e57-4a45-b033-627d13f1be78', 'Cappuccino', 2, 120, 240);

INSERT INTO public.order_items (order_id, product_id, name, quantity, unit_price, subtotal)
VALUES ('6df0ce07-55bd-4cdc-8861-0e3c842fdf76', '65f0b94f-ccbe-4b50-a175-66810ae10f44', 'Croissant', 1, 80, 80);

INSERT INTO public.orders (id, order_id, status, amount, payment_method, cashier_name, created_at)
VALUES ('00e33ec4-588b-4089-a3c1-164b5388e329', 'ORD-00879', 'Completed', 1170, 'Cash', 'System Seed', '2026-04-25T02:07:14.990Z');

INSERT INTO public.order_items (order_id, product_id, name, quantity, unit_price, subtotal)
VALUES ('00e33ec4-588b-4089-a3c1-164b5388e329', '48233f0a-6e57-4a45-b033-627d13f1be78', 'Cappuccino', 2, 120, 240);

INSERT INTO public.order_items (order_id, product_id, name, quantity, unit_price, subtotal)
VALUES ('00e33ec4-588b-4089-a3c1-164b5388e329', '65f0b94f-ccbe-4b50-a175-66810ae10f44', 'Croissant', 3, 80, 240);

INSERT INTO public.order_items (order_id, product_id, name, quantity, unit_price, subtotal)
VALUES ('00e33ec4-588b-4089-a3c1-164b5388e329', '48233f0a-6e57-4a45-b033-627d13f1be78', 'Cappuccino', 3, 120, 360);

INSERT INTO public.order_items (order_id, product_id, name, quantity, unit_price, subtotal)
VALUES ('00e33ec4-588b-4089-a3c1-164b5388e329', 'dfe22f11-84a3-41d2-a268-149f012eae60', 'Sparkling Lemonade', 3, 110, 330);

INSERT INTO public.orders (id, order_id, status, amount, payment_method, cashier_name, created_at)
VALUES ('ba5ca45d-2665-4317-890f-17bb94b353db', 'ORD-00880', 'Completed', 755, 'GCash', 'System Seed', '2026-04-25T06:00:44.990Z');

INSERT INTO public.order_items (order_id, product_id, name, quantity, unit_price, subtotal)
VALUES ('ba5ca45d-2665-4317-890f-17bb94b353db', '36c93748-7c86-4ddb-ba49-1bd1a164bf42', 'Blueberry Muffin', 1, 95, 95);

INSERT INTO public.order_items (order_id, product_id, name, quantity, unit_price, subtotal)
VALUES ('ba5ca45d-2665-4317-890f-17bb94b353db', 'dfe22f11-84a3-41d2-a268-149f012eae60', 'Sparkling Lemonade', 3, 110, 330);

INSERT INTO public.order_items (order_id, product_id, name, quantity, unit_price, subtotal)
VALUES ('ba5ca45d-2665-4317-890f-17bb94b353db', 'dfe22f11-84a3-41d2-a268-149f012eae60', 'Sparkling Lemonade', 3, 110, 330);

INSERT INTO public.orders (id, order_id, status, amount, payment_method, cashier_name, created_at)
VALUES ('ef99853b-4f28-4c2c-ae57-5a96ec6eeb26', 'ORD-00881', 'Void (Not Made)', 930, 'Maya', 'System Seed', '2026-04-25T03:27:48.990Z');

INSERT INTO public.order_items (order_id, product_id, name, quantity, unit_price, subtotal)
VALUES ('ef99853b-4f28-4c2c-ae57-5a96ec6eeb26', '65f0b94f-ccbe-4b50-a175-66810ae10f44', 'Croissant', 3, 80, 240);

INSERT INTO public.order_items (order_id, product_id, name, quantity, unit_price, subtotal)
VALUES ('ef99853b-4f28-4c2c-ae57-5a96ec6eeb26', '1b5c6269-ce45-4413-acb8-21813cd7f9cf', 'Mocha', 1, 140, 140);

INSERT INTO public.order_items (order_id, product_id, name, quantity, unit_price, subtotal)
VALUES ('ef99853b-4f28-4c2c-ae57-5a96ec6eeb26', '48233f0a-6e57-4a45-b033-627d13f1be78', 'Cappuccino', 3, 120, 360);

INSERT INTO public.order_items (order_id, product_id, name, quantity, unit_price, subtotal)
VALUES ('ef99853b-4f28-4c2c-ae57-5a96ec6eeb26', '36c93748-7c86-4ddb-ba49-1bd1a164bf42', 'Blueberry Muffin', 2, 95, 190);

INSERT INTO public.orders (id, order_id, status, amount, payment_method, cashier_name, created_at)
VALUES ('f3063089-1b35-4ee6-bc8a-9c7f63ccd2f7', 'ORD-00882', 'Completed', 930, 'Credit Card', 'System Seed', '2026-04-25T10:16:47.990Z');

INSERT INTO public.order_items (order_id, product_id, name, quantity, unit_price, subtotal)
VALUES ('f3063089-1b35-4ee6-bc8a-9c7f63ccd2f7', '48233f0a-6e57-4a45-b033-627d13f1be78', 'Cappuccino', 3, 120, 360);

INSERT INTO public.order_items (order_id, product_id, name, quantity, unit_price, subtotal)
VALUES ('f3063089-1b35-4ee6-bc8a-9c7f63ccd2f7', 'fe6b02e6-9366-4abd-874c-fcb832e0e282', 'Green Tea', 3, 90, 270);

INSERT INTO public.order_items (order_id, product_id, name, quantity, unit_price, subtotal)
VALUES ('f3063089-1b35-4ee6-bc8a-9c7f63ccd2f7', '83a6812d-2665-4ce5-871a-78a4eab3ce80', 'Americano', 3, 100, 300);

INSERT INTO public.orders (id, order_id, status, amount, payment_method, cashier_name, created_at)
VALUES ('b09ff951-0cff-4833-897b-16294b9abedc', 'ORD-00883', 'Completed', 580, 'Maya', 'System Seed', '2026-04-25T05:33:12.990Z');

INSERT INTO public.order_items (order_id, product_id, name, quantity, unit_price, subtotal)
VALUES ('b09ff951-0cff-4833-897b-16294b9abedc', 'dfe22f11-84a3-41d2-a268-149f012eae60', 'Sparkling Lemonade', 1, 110, 110);

INSERT INTO public.order_items (order_id, product_id, name, quantity, unit_price, subtotal)
VALUES ('b09ff951-0cff-4833-897b-16294b9abedc', 'fe6b02e6-9366-4abd-874c-fcb832e0e282', 'Green Tea', 3, 90, 270);

INSERT INTO public.order_items (order_id, product_id, name, quantity, unit_price, subtotal)
VALUES ('b09ff951-0cff-4833-897b-16294b9abedc', '83a6812d-2665-4ce5-871a-78a4eab3ce80', 'Americano', 2, 100, 200);

INSERT INTO public.orders (id, order_id, status, amount, payment_method, cashier_name, created_at)
VALUES ('66016ca2-5883-4df1-b0b0-091b93ebf190', 'ORD-00884', 'Void (Consumed)', 110, 'Cash', 'System Seed', '2026-04-25T06:11:41.990Z');

INSERT INTO public.order_items (order_id, product_id, name, quantity, unit_price, subtotal)
VALUES ('66016ca2-5883-4df1-b0b0-091b93ebf190', 'dfe22f11-84a3-41d2-a268-149f012eae60', 'Sparkling Lemonade', 1, 110, 110);

INSERT INTO public.orders (id, order_id, status, amount, payment_method, cashier_name, created_at)
VALUES ('ff26f747-217b-484b-bcfb-08ccfcfcd626', 'ORD-00885', 'Completed', 560, 'Cash', 'System Seed', '2026-04-25T09:49:45.990Z');

INSERT INTO public.order_items (order_id, product_id, name, quantity, unit_price, subtotal)
VALUES ('ff26f747-217b-484b-bcfb-08ccfcfcd626', '65f0b94f-ccbe-4b50-a175-66810ae10f44', 'Croissant', 2, 80, 160);

INSERT INTO public.order_items (order_id, product_id, name, quantity, unit_price, subtotal)
VALUES ('ff26f747-217b-484b-bcfb-08ccfcfcd626', '1b5c6269-ce45-4413-acb8-21813cd7f9cf', 'Mocha', 2, 140, 280);

INSERT INTO public.order_items (order_id, product_id, name, quantity, unit_price, subtotal)
VALUES ('ff26f747-217b-484b-bcfb-08ccfcfcd626', '3a6a55c0-70f3-4417-a252-db77d9e511c0', 'Latte', 1, 120, 120);

INSERT INTO public.orders (id, order_id, status, amount, payment_method, cashier_name, created_at)
VALUES ('b6bdad4f-72cd-4de0-a218-07b1ad6872e4', 'ORD-00886', 'Completed', 120, 'Cash', 'System Seed', '2026-04-25T02:13:22.990Z');

INSERT INTO public.order_items (order_id, product_id, name, quantity, unit_price, subtotal)
VALUES ('b6bdad4f-72cd-4de0-a218-07b1ad6872e4', '3a6a55c0-70f3-4417-a252-db77d9e511c0', 'Latte', 1, 120, 120);

INSERT INTO public.orders (id, order_id, status, amount, payment_method, cashier_name, created_at)
VALUES ('43366bc5-90db-423f-9f2d-1cad2e53a9b6', 'ORD-00887', 'Completed', 680, 'Cash', 'System Seed', '2026-04-25T08:28:34.990Z');

INSERT INTO public.order_items (order_id, product_id, name, quantity, unit_price, subtotal)
VALUES ('43366bc5-90db-423f-9f2d-1cad2e53a9b6', 'dfe22f11-84a3-41d2-a268-149f012eae60', 'Sparkling Lemonade', 2, 110, 220);

INSERT INTO public.order_items (order_id, product_id, name, quantity, unit_price, subtotal)
VALUES ('43366bc5-90db-423f-9f2d-1cad2e53a9b6', '3a6a55c0-70f3-4417-a252-db77d9e511c0', 'Latte', 2, 120, 240);

INSERT INTO public.order_items (order_id, product_id, name, quantity, unit_price, subtotal)
VALUES ('43366bc5-90db-423f-9f2d-1cad2e53a9b6', 'dfe22f11-84a3-41d2-a268-149f012eae60', 'Sparkling Lemonade', 2, 110, 220);

INSERT INTO public.orders (id, order_id, status, amount, payment_method, cashier_name, created_at)
VALUES ('266311bc-65e0-47ec-82e7-f0650a87486f', 'ORD-00888', 'Completed', 1160, 'Cash', 'System Seed', '2026-04-25T07:04:14.990Z');

INSERT INTO public.order_items (order_id, product_id, name, quantity, unit_price, subtotal)
VALUES ('266311bc-65e0-47ec-82e7-f0650a87486f', '1b5c6269-ce45-4413-acb8-21813cd7f9cf', 'Mocha', 3, 140, 420);

INSERT INTO public.order_items (order_id, product_id, name, quantity, unit_price, subtotal)
VALUES ('266311bc-65e0-47ec-82e7-f0650a87486f', '36c93748-7c86-4ddb-ba49-1bd1a164bf42', 'Blueberry Muffin', 3, 95, 285);

INSERT INTO public.order_items (order_id, product_id, name, quantity, unit_price, subtotal)
VALUES ('266311bc-65e0-47ec-82e7-f0650a87486f', '3a6a55c0-70f3-4417-a252-db77d9e511c0', 'Latte', 3, 120, 360);

INSERT INTO public.order_items (order_id, product_id, name, quantity, unit_price, subtotal)
VALUES ('266311bc-65e0-47ec-82e7-f0650a87486f', '36c93748-7c86-4ddb-ba49-1bd1a164bf42', 'Blueberry Muffin', 1, 95, 95);

INSERT INTO public.orders (id, order_id, status, amount, payment_method, cashier_name, created_at)
VALUES ('ce0b1079-c4dc-41d8-9d7c-c5e3142ce584', 'ORD-00889', 'Completed', 705, 'Credit Card', 'System Seed', '2026-04-26T02:33:04.990Z');

INSERT INTO public.order_items (order_id, product_id, name, quantity, unit_price, subtotal)
VALUES ('ce0b1079-c4dc-41d8-9d7c-c5e3142ce584', '36c93748-7c86-4ddb-ba49-1bd1a164bf42', 'Blueberry Muffin', 1, 95, 95);

INSERT INTO public.order_items (order_id, product_id, name, quantity, unit_price, subtotal)
VALUES ('ce0b1079-c4dc-41d8-9d7c-c5e3142ce584', 'dfe22f11-84a3-41d2-a268-149f012eae60', 'Sparkling Lemonade', 1, 110, 110);

INSERT INTO public.order_items (order_id, product_id, name, quantity, unit_price, subtotal)
VALUES ('ce0b1079-c4dc-41d8-9d7c-c5e3142ce584', '1b5c6269-ce45-4413-acb8-21813cd7f9cf', 'Mocha', 1, 140, 140);

INSERT INTO public.order_items (order_id, product_id, name, quantity, unit_price, subtotal)
VALUES ('ce0b1079-c4dc-41d8-9d7c-c5e3142ce584', '48233f0a-6e57-4a45-b033-627d13f1be78', 'Cappuccino', 3, 120, 360);

INSERT INTO public.orders (id, order_id, status, amount, payment_method, cashier_name, created_at)
VALUES ('f2416b39-45bd-4547-84c8-b8072e7ff44c', 'ORD-00890', 'Completed', 120, 'GCash', 'System Seed', '2026-04-26T11:37:49.990Z');

INSERT INTO public.order_items (order_id, product_id, name, quantity, unit_price, subtotal)
VALUES ('f2416b39-45bd-4547-84c8-b8072e7ff44c', '3a6a55c0-70f3-4417-a252-db77d9e511c0', 'Latte', 1, 120, 120);

INSERT INTO public.orders (id, order_id, status, amount, payment_method, cashier_name, created_at)
VALUES ('76b2febc-87f6-410e-a10a-b1aaedf263e6', 'ORD-00891', 'Completed', 330, 'Cash', 'System Seed', '2026-04-26T07:12:04.990Z');

INSERT INTO public.order_items (order_id, product_id, name, quantity, unit_price, subtotal)
VALUES ('76b2febc-87f6-410e-a10a-b1aaedf263e6', 'dfe22f11-84a3-41d2-a268-149f012eae60', 'Sparkling Lemonade', 3, 110, 330);

INSERT INTO public.orders (id, order_id, status, amount, payment_method, cashier_name, created_at)
VALUES ('c218e03e-d206-4a35-a206-ee86d0e9efad', 'ORD-00892', 'Void (Not Made)', 1130, 'Maya', 'System Seed', '2026-04-26T08:24:35.990Z');

INSERT INTO public.order_items (order_id, product_id, name, quantity, unit_price, subtotal)
VALUES ('c218e03e-d206-4a35-a206-ee86d0e9efad', '48233f0a-6e57-4a45-b033-627d13f1be78', 'Cappuccino', 2, 120, 240);

INSERT INTO public.order_items (order_id, product_id, name, quantity, unit_price, subtotal)
VALUES ('c218e03e-d206-4a35-a206-ee86d0e9efad', '36c93748-7c86-4ddb-ba49-1bd1a164bf42', 'Blueberry Muffin', 2, 95, 190);

INSERT INTO public.order_items (order_id, product_id, name, quantity, unit_price, subtotal)
VALUES ('c218e03e-d206-4a35-a206-ee86d0e9efad', '1b5c6269-ce45-4413-acb8-21813cd7f9cf', 'Mocha', 2, 140, 280);

INSERT INTO public.order_items (order_id, product_id, name, quantity, unit_price, subtotal)
VALUES ('c218e03e-d206-4a35-a206-ee86d0e9efad', '1b5c6269-ce45-4413-acb8-21813cd7f9cf', 'Mocha', 3, 140, 420);

INSERT INTO public.orders (id, order_id, status, amount, payment_method, cashier_name, created_at)
VALUES ('44a2a20a-d999-44b8-95f2-dfb419a01cee', 'ORD-00893', 'Completed', 360, 'Credit Card', 'System Seed', '2026-04-26T05:08:16.990Z');

INSERT INTO public.order_items (order_id, product_id, name, quantity, unit_price, subtotal)
VALUES ('44a2a20a-d999-44b8-95f2-dfb419a01cee', '3a6a55c0-70f3-4417-a252-db77d9e511c0', 'Latte', 3, 120, 360);

INSERT INTO public.orders (id, order_id, status, amount, payment_method, cashier_name, created_at)
VALUES ('56467b29-fdb2-4b4a-91a9-abbc0667c020', 'ORD-00894', 'Completed', 450, 'Credit Card', 'System Seed', '2026-04-26T00:59:52.990Z');

INSERT INTO public.order_items (order_id, product_id, name, quantity, unit_price, subtotal)
VALUES ('56467b29-fdb2-4b4a-91a9-abbc0667c020', '48233f0a-6e57-4a45-b033-627d13f1be78', 'Cappuccino', 2, 120, 240);

INSERT INTO public.order_items (order_id, product_id, name, quantity, unit_price, subtotal)
VALUES ('56467b29-fdb2-4b4a-91a9-abbc0667c020', '48233f0a-6e57-4a45-b033-627d13f1be78', 'Cappuccino', 1, 120, 120);

INSERT INTO public.order_items (order_id, product_id, name, quantity, unit_price, subtotal)
VALUES ('56467b29-fdb2-4b4a-91a9-abbc0667c020', 'fe6b02e6-9366-4abd-874c-fcb832e0e282', 'Green Tea', 1, 90, 90);

INSERT INTO public.orders (id, order_id, status, amount, payment_method, cashier_name, created_at)
VALUES ('776759db-64e8-4c88-aa0e-003b2b81679a', 'ORD-00895', 'Completed', 185, 'GCash', 'System Seed', '2026-04-26T05:56:49.990Z');

INSERT INTO public.order_items (order_id, product_id, name, quantity, unit_price, subtotal)
VALUES ('776759db-64e8-4c88-aa0e-003b2b81679a', 'fe6b02e6-9366-4abd-874c-fcb832e0e282', 'Green Tea', 1, 90, 90);

INSERT INTO public.order_items (order_id, product_id, name, quantity, unit_price, subtotal)
VALUES ('776759db-64e8-4c88-aa0e-003b2b81679a', '36c93748-7c86-4ddb-ba49-1bd1a164bf42', 'Blueberry Muffin', 1, 95, 95);

INSERT INTO public.orders (id, order_id, status, amount, payment_method, cashier_name, created_at)
VALUES ('11aa6faa-2476-4ccf-afc4-2d7eee5b83fb', 'ORD-00896', 'Completed', 470, 'GCash', 'System Seed', '2026-04-26T04:39:19.990Z');

INSERT INTO public.order_items (order_id, product_id, name, quantity, unit_price, subtotal)
VALUES ('11aa6faa-2476-4ccf-afc4-2d7eee5b83fb', 'dfe22f11-84a3-41d2-a268-149f012eae60', 'Sparkling Lemonade', 3, 110, 330);

INSERT INTO public.order_items (order_id, product_id, name, quantity, unit_price, subtotal)
VALUES ('11aa6faa-2476-4ccf-afc4-2d7eee5b83fb', '1b5c6269-ce45-4413-acb8-21813cd7f9cf', 'Mocha', 1, 140, 140);

INSERT INTO public.orders (id, order_id, status, amount, payment_method, cashier_name, created_at)
VALUES ('26281f6a-9d12-4451-84ae-7fe52057f9c1', 'ORD-00897', 'Completed', 700, 'Cash', 'System Seed', '2026-04-26T03:29:18.990Z');

INSERT INTO public.order_items (order_id, product_id, name, quantity, unit_price, subtotal)
VALUES ('26281f6a-9d12-4451-84ae-7fe52057f9c1', '83a6812d-2665-4ce5-871a-78a4eab3ce80', 'Americano', 1, 100, 100);

INSERT INTO public.order_items (order_id, product_id, name, quantity, unit_price, subtotal)
VALUES ('26281f6a-9d12-4451-84ae-7fe52057f9c1', '83a6812d-2665-4ce5-871a-78a4eab3ce80', 'Americano', 3, 100, 300);

INSERT INTO public.order_items (order_id, product_id, name, quantity, unit_price, subtotal)
VALUES ('26281f6a-9d12-4451-84ae-7fe52057f9c1', '3a6a55c0-70f3-4417-a252-db77d9e511c0', 'Latte', 1, 120, 120);

INSERT INTO public.order_items (order_id, product_id, name, quantity, unit_price, subtotal)
VALUES ('26281f6a-9d12-4451-84ae-7fe52057f9c1', 'fe6b02e6-9366-4abd-874c-fcb832e0e282', 'Green Tea', 2, 90, 180);

INSERT INTO public.orders (id, order_id, status, amount, payment_method, cashier_name, created_at)
VALUES ('661d4265-0c09-48c9-8642-9153ff8b4129', 'ORD-00898', 'Void (Not Made)', 470, 'Maya', 'System Seed', '2026-04-26T07:02:28.990Z');

INSERT INTO public.order_items (order_id, product_id, name, quantity, unit_price, subtotal)
VALUES ('661d4265-0c09-48c9-8642-9153ff8b4129', '36c93748-7c86-4ddb-ba49-1bd1a164bf42', 'Blueberry Muffin', 2, 95, 190);

INSERT INTO public.order_items (order_id, product_id, name, quantity, unit_price, subtotal)
VALUES ('661d4265-0c09-48c9-8642-9153ff8b4129', '1b5c6269-ce45-4413-acb8-21813cd7f9cf', 'Mocha', 2, 140, 280);

INSERT INTO public.orders (id, order_id, status, amount, payment_method, cashier_name, created_at)
VALUES ('0628f4f0-634e-41c1-9621-3013202f865f', 'ORD-00899', 'Completed', 330, 'Maya', 'System Seed', '2026-04-26T00:42:56.990Z');

INSERT INTO public.order_items (order_id, product_id, name, quantity, unit_price, subtotal)
VALUES ('0628f4f0-634e-41c1-9621-3013202f865f', 'dfe22f11-84a3-41d2-a268-149f012eae60', 'Sparkling Lemonade', 3, 110, 330);

INSERT INTO public.orders (id, order_id, status, amount, payment_method, cashier_name, created_at)
VALUES ('c1d5efd2-04f1-465b-a0cd-84f1b56582b0', 'ORD-00900', 'Completed', 900, 'Cash', 'System Seed', '2026-04-25T23:55:57.990Z');

INSERT INTO public.order_items (order_id, product_id, name, quantity, unit_price, subtotal)
VALUES ('c1d5efd2-04f1-465b-a0cd-84f1b56582b0', '1b5c6269-ce45-4413-acb8-21813cd7f9cf', 'Mocha', 1, 140, 140);

INSERT INTO public.order_items (order_id, product_id, name, quantity, unit_price, subtotal)
VALUES ('c1d5efd2-04f1-465b-a0cd-84f1b56582b0', '83a6812d-2665-4ce5-871a-78a4eab3ce80', 'Americano', 2, 100, 200);

INSERT INTO public.order_items (order_id, product_id, name, quantity, unit_price, subtotal)
VALUES ('c1d5efd2-04f1-465b-a0cd-84f1b56582b0', '1b5c6269-ce45-4413-acb8-21813cd7f9cf', 'Mocha', 1, 140, 140);

INSERT INTO public.order_items (order_id, product_id, name, quantity, unit_price, subtotal)
VALUES ('c1d5efd2-04f1-465b-a0cd-84f1b56582b0', '1b5c6269-ce45-4413-acb8-21813cd7f9cf', 'Mocha', 3, 140, 420);

INSERT INTO public.orders (id, order_id, status, amount, payment_method, cashier_name, created_at)
VALUES ('4daf7a1f-9a76-4f2f-a328-fc8b20f365b0', 'ORD-00901', 'Void (Not Made)', 705, 'Cash', 'System Seed', '2026-04-26T06:12:03.990Z');

INSERT INTO public.order_items (order_id, product_id, name, quantity, unit_price, subtotal)
VALUES ('4daf7a1f-9a76-4f2f-a328-fc8b20f365b0', '36c93748-7c86-4ddb-ba49-1bd1a164bf42', 'Blueberry Muffin', 3, 95, 285);

INSERT INTO public.order_items (order_id, product_id, name, quantity, unit_price, subtotal)
VALUES ('4daf7a1f-9a76-4f2f-a328-fc8b20f365b0', '1b5c6269-ce45-4413-acb8-21813cd7f9cf', 'Mocha', 3, 140, 420);

INSERT INTO public.orders (id, order_id, status, amount, payment_method, cashier_name, created_at)
VALUES ('e0893194-3115-46c5-b287-60182e42a628', 'ORD-00902', 'Completed', 285, 'GCash', 'System Seed', '2026-04-25T23:09:54.990Z');

INSERT INTO public.order_items (order_id, product_id, name, quantity, unit_price, subtotal)
VALUES ('e0893194-3115-46c5-b287-60182e42a628', '36c93748-7c86-4ddb-ba49-1bd1a164bf42', 'Blueberry Muffin', 3, 95, 285);

INSERT INTO public.orders (id, order_id, status, amount, payment_method, cashier_name, created_at)
VALUES ('acd2dc0b-0f94-44d7-8aae-c0c112cd3f76', 'ORD-00903', 'Completed', 640, 'GCash', 'System Seed', '2026-04-26T02:18:23.990Z');

INSERT INTO public.order_items (order_id, product_id, name, quantity, unit_price, subtotal)
VALUES ('acd2dc0b-0f94-44d7-8aae-c0c112cd3f76', '1b5c6269-ce45-4413-acb8-21813cd7f9cf', 'Mocha', 2, 140, 280);

INSERT INTO public.order_items (order_id, product_id, name, quantity, unit_price, subtotal)
VALUES ('acd2dc0b-0f94-44d7-8aae-c0c112cd3f76', '48233f0a-6e57-4a45-b033-627d13f1be78', 'Cappuccino', 3, 120, 360);

INSERT INTO public.orders (id, order_id, status, amount, payment_method, cashier_name, created_at)
VALUES ('94ae1eea-f340-4071-97c6-7b88f32e2066', 'ORD-00904', 'Void (Not Made)', 795, 'Credit Card', 'System Seed', '2026-04-25T23:42:20.990Z');

INSERT INTO public.order_items (order_id, product_id, name, quantity, unit_price, subtotal)
VALUES ('94ae1eea-f340-4071-97c6-7b88f32e2066', '48233f0a-6e57-4a45-b033-627d13f1be78', 'Cappuccino', 2, 120, 240);

INSERT INTO public.order_items (order_id, product_id, name, quantity, unit_price, subtotal)
VALUES ('94ae1eea-f340-4071-97c6-7b88f32e2066', '36c93748-7c86-4ddb-ba49-1bd1a164bf42', 'Blueberry Muffin', 1, 95, 95);

INSERT INTO public.order_items (order_id, product_id, name, quantity, unit_price, subtotal)
VALUES ('94ae1eea-f340-4071-97c6-7b88f32e2066', '83a6812d-2665-4ce5-871a-78a4eab3ce80', 'Americano', 1, 100, 100);

INSERT INTO public.order_items (order_id, product_id, name, quantity, unit_price, subtotal)
VALUES ('94ae1eea-f340-4071-97c6-7b88f32e2066', '3a6a55c0-70f3-4417-a252-db77d9e511c0', 'Latte', 3, 120, 360);

INSERT INTO public.orders (id, order_id, status, amount, payment_method, cashier_name, created_at)
VALUES ('c6cb6b6b-f787-4db4-8ef0-2022fd6d9126', 'ORD-00905', 'Completed', 700, 'Credit Card', 'System Seed', '2026-04-26T07:56:24.990Z');

INSERT INTO public.order_items (order_id, product_id, name, quantity, unit_price, subtotal)
VALUES ('c6cb6b6b-f787-4db4-8ef0-2022fd6d9126', '48233f0a-6e57-4a45-b033-627d13f1be78', 'Cappuccino', 2, 120, 240);

INSERT INTO public.order_items (order_id, product_id, name, quantity, unit_price, subtotal)
VALUES ('c6cb6b6b-f787-4db4-8ef0-2022fd6d9126', '3a6a55c0-70f3-4417-a252-db77d9e511c0', 'Latte', 3, 120, 360);

INSERT INTO public.order_items (order_id, product_id, name, quantity, unit_price, subtotal)
VALUES ('c6cb6b6b-f787-4db4-8ef0-2022fd6d9126', '83a6812d-2665-4ce5-871a-78a4eab3ce80', 'Americano', 1, 100, 100);

INSERT INTO public.orders (id, order_id, status, amount, payment_method, cashier_name, created_at)
VALUES ('317190e9-b1b2-4ada-b0f6-0e140ac8ac66', 'ORD-00906', 'Completed', 750, 'Credit Card', 'System Seed', '2026-04-26T01:03:33.990Z');

INSERT INTO public.order_items (order_id, product_id, name, quantity, unit_price, subtotal)
VALUES ('317190e9-b1b2-4ada-b0f6-0e140ac8ac66', '1b5c6269-ce45-4413-acb8-21813cd7f9cf', 'Mocha', 3, 140, 420);

INSERT INTO public.order_items (order_id, product_id, name, quantity, unit_price, subtotal)
VALUES ('317190e9-b1b2-4ada-b0f6-0e140ac8ac66', 'fe6b02e6-9366-4abd-874c-fcb832e0e282', 'Green Tea', 1, 90, 90);

INSERT INTO public.order_items (order_id, product_id, name, quantity, unit_price, subtotal)
VALUES ('317190e9-b1b2-4ada-b0f6-0e140ac8ac66', '48233f0a-6e57-4a45-b033-627d13f1be78', 'Cappuccino', 2, 120, 240);

INSERT INTO public.orders (id, order_id, status, amount, payment_method, cashier_name, created_at)
VALUES ('5b630913-79c0-4754-a89a-c76a475d9ba9', 'ORD-00907', 'Void (Not Made)', 280, 'Credit Card', 'System Seed', '2026-04-26T00:41:28.990Z');

INSERT INTO public.order_items (order_id, product_id, name, quantity, unit_price, subtotal)
VALUES ('5b630913-79c0-4754-a89a-c76a475d9ba9', '1b5c6269-ce45-4413-acb8-21813cd7f9cf', 'Mocha', 2, 140, 280);

INSERT INTO public.orders (id, order_id, status, amount, payment_method, cashier_name, created_at)
VALUES ('6bef4821-2359-4d76-b293-7b01d2026df5', 'ORD-00908', 'Completed', 510, 'Maya', 'System Seed', '2026-04-26T07:23:27.990Z');

INSERT INTO public.order_items (order_id, product_id, name, quantity, unit_price, subtotal)
VALUES ('6bef4821-2359-4d76-b293-7b01d2026df5', '83a6812d-2665-4ce5-871a-78a4eab3ce80', 'Americano', 3, 100, 300);

INSERT INTO public.order_items (order_id, product_id, name, quantity, unit_price, subtotal)
VALUES ('6bef4821-2359-4d76-b293-7b01d2026df5', 'fe6b02e6-9366-4abd-874c-fcb832e0e282', 'Green Tea', 1, 90, 90);

INSERT INTO public.order_items (order_id, product_id, name, quantity, unit_price, subtotal)
VALUES ('6bef4821-2359-4d76-b293-7b01d2026df5', '3a6a55c0-70f3-4417-a252-db77d9e511c0', 'Latte', 1, 120, 120);

INSERT INTO public.orders (id, order_id, status, amount, payment_method, cashier_name, created_at)
VALUES ('2b0698f9-79b8-40ae-a397-06264538fbd6', 'ORD-00909', 'Completed', 300, 'Credit Card', 'System Seed', '2026-04-26T10:51:05.990Z');

INSERT INTO public.order_items (order_id, product_id, name, quantity, unit_price, subtotal)
VALUES ('2b0698f9-79b8-40ae-a397-06264538fbd6', '83a6812d-2665-4ce5-871a-78a4eab3ce80', 'Americano', 3, 100, 300);

INSERT INTO public.orders (id, order_id, status, amount, payment_method, cashier_name, created_at)
VALUES ('9534f073-e492-4733-b93b-c2c89ad950ba', 'ORD-00910', 'Void (Consumed)', 290, 'GCash', 'System Seed', '2026-04-26T06:44:58.990Z');

INSERT INTO public.order_items (order_id, product_id, name, quantity, unit_price, subtotal)
VALUES ('9534f073-e492-4733-b93b-c2c89ad950ba', '36c93748-7c86-4ddb-ba49-1bd1a164bf42', 'Blueberry Muffin', 2, 95, 190);

INSERT INTO public.order_items (order_id, product_id, name, quantity, unit_price, subtotal)
VALUES ('9534f073-e492-4733-b93b-c2c89ad950ba', '83a6812d-2665-4ce5-871a-78a4eab3ce80', 'Americano', 1, 100, 100);

INSERT INTO public.orders (id, order_id, status, amount, payment_method, cashier_name, created_at)
VALUES ('17018056-4098-4a52-822b-def0491e0d5f', 'ORD-00911', 'Void (Consumed)', 750, 'Credit Card', 'System Seed', '2026-04-26T06:28:07.990Z');

INSERT INTO public.order_items (order_id, product_id, name, quantity, unit_price, subtotal)
VALUES ('17018056-4098-4a52-822b-def0491e0d5f', '3a6a55c0-70f3-4417-a252-db77d9e511c0', 'Latte', 2, 120, 240);

INSERT INTO public.order_items (order_id, product_id, name, quantity, unit_price, subtotal)
VALUES ('17018056-4098-4a52-822b-def0491e0d5f', 'fe6b02e6-9366-4abd-874c-fcb832e0e282', 'Green Tea', 3, 90, 270);

INSERT INTO public.order_items (order_id, product_id, name, quantity, unit_price, subtotal)
VALUES ('17018056-4098-4a52-822b-def0491e0d5f', '3a6a55c0-70f3-4417-a252-db77d9e511c0', 'Latte', 2, 120, 240);

INSERT INTO public.orders (id, order_id, status, amount, payment_method, cashier_name, created_at)
VALUES ('2373e102-5a36-45af-a06e-48060876675a', 'ORD-00912', 'Completed', 640, 'Cash', 'System Seed', '2026-04-26T07:56:13.990Z');

INSERT INTO public.order_items (order_id, product_id, name, quantity, unit_price, subtotal)
VALUES ('2373e102-5a36-45af-a06e-48060876675a', '48233f0a-6e57-4a45-b033-627d13f1be78', 'Cappuccino', 1, 120, 120);

INSERT INTO public.order_items (order_id, product_id, name, quantity, unit_price, subtotal)
VALUES ('2373e102-5a36-45af-a06e-48060876675a', '65f0b94f-ccbe-4b50-a175-66810ae10f44', 'Croissant', 3, 80, 240);

INSERT INTO public.order_items (order_id, product_id, name, quantity, unit_price, subtotal)
VALUES ('2373e102-5a36-45af-a06e-48060876675a', '1b5c6269-ce45-4413-acb8-21813cd7f9cf', 'Mocha', 2, 140, 280);

INSERT INTO public.orders (id, order_id, status, amount, payment_method, cashier_name, created_at)
VALUES ('570e5a7e-56a7-49f9-a5c2-7dc5c96f2675', 'ORD-00913', 'Completed', 750, 'Credit Card', 'System Seed', '2026-04-27T07:34:18.990Z');

INSERT INTO public.order_items (order_id, product_id, name, quantity, unit_price, subtotal)
VALUES ('570e5a7e-56a7-49f9-a5c2-7dc5c96f2675', '36c93748-7c86-4ddb-ba49-1bd1a164bf42', 'Blueberry Muffin', 2, 95, 190);

INSERT INTO public.order_items (order_id, product_id, name, quantity, unit_price, subtotal)
VALUES ('570e5a7e-56a7-49f9-a5c2-7dc5c96f2675', 'fe6b02e6-9366-4abd-874c-fcb832e0e282', 'Green Tea', 2, 90, 180);

INSERT INTO public.order_items (order_id, product_id, name, quantity, unit_price, subtotal)
VALUES ('570e5a7e-56a7-49f9-a5c2-7dc5c96f2675', '36c93748-7c86-4ddb-ba49-1bd1a164bf42', 'Blueberry Muffin', 2, 95, 190);

INSERT INTO public.order_items (order_id, product_id, name, quantity, unit_price, subtotal)
VALUES ('570e5a7e-56a7-49f9-a5c2-7dc5c96f2675', '36c93748-7c86-4ddb-ba49-1bd1a164bf42', 'Blueberry Muffin', 2, 95, 190);

INSERT INTO public.orders (id, order_id, status, amount, payment_method, cashier_name, created_at)
VALUES ('e76ef198-a54f-43e5-baf5-5ec169471495', 'ORD-00914', 'Completed', 350, 'GCash', 'System Seed', '2026-04-27T03:36:02.990Z');

INSERT INTO public.order_items (order_id, product_id, name, quantity, unit_price, subtotal)
VALUES ('e76ef198-a54f-43e5-baf5-5ec169471495', '48233f0a-6e57-4a45-b033-627d13f1be78', 'Cappuccino', 2, 120, 240);

INSERT INTO public.order_items (order_id, product_id, name, quantity, unit_price, subtotal)
VALUES ('e76ef198-a54f-43e5-baf5-5ec169471495', 'dfe22f11-84a3-41d2-a268-149f012eae60', 'Sparkling Lemonade', 1, 110, 110);

INSERT INTO public.orders (id, order_id, status, amount, payment_method, cashier_name, created_at)
VALUES ('19b0d10b-3f4e-48ff-8e37-f49f7f330145', 'ORD-00915', 'Completed', 260, 'Maya', 'System Seed', '2026-04-27T02:56:16.990Z');

INSERT INTO public.order_items (order_id, product_id, name, quantity, unit_price, subtotal)
VALUES ('19b0d10b-3f4e-48ff-8e37-f49f7f330145', '65f0b94f-ccbe-4b50-a175-66810ae10f44', 'Croissant', 1, 80, 80);

INSERT INTO public.order_items (order_id, product_id, name, quantity, unit_price, subtotal)
VALUES ('19b0d10b-3f4e-48ff-8e37-f49f7f330145', 'fe6b02e6-9366-4abd-874c-fcb832e0e282', 'Green Tea', 2, 90, 180);

INSERT INTO public.orders (id, order_id, status, amount, payment_method, cashier_name, created_at)
VALUES ('9280b7b7-9b45-4938-93f8-4dce5f1679f7', 'ORD-00916', 'Void (Consumed)', 360, 'Credit Card', 'System Seed', '2026-04-27T00:28:06.990Z');

INSERT INTO public.order_items (order_id, product_id, name, quantity, unit_price, subtotal)
VALUES ('9280b7b7-9b45-4938-93f8-4dce5f1679f7', '3a6a55c0-70f3-4417-a252-db77d9e511c0', 'Latte', 3, 120, 360);

INSERT INTO public.orders (id, order_id, status, amount, payment_method, cashier_name, created_at)
VALUES ('c391acf3-445c-4f92-b765-f2966953e59e', 'ORD-00917', 'Void (Not Made)', 525, 'Maya', 'System Seed', '2026-04-27T10:22:38.990Z');

INSERT INTO public.order_items (order_id, product_id, name, quantity, unit_price, subtotal)
VALUES ('c391acf3-445c-4f92-b765-f2966953e59e', '36c93748-7c86-4ddb-ba49-1bd1a164bf42', 'Blueberry Muffin', 3, 95, 285);

INSERT INTO public.order_items (order_id, product_id, name, quantity, unit_price, subtotal)
VALUES ('c391acf3-445c-4f92-b765-f2966953e59e', '48233f0a-6e57-4a45-b033-627d13f1be78', 'Cappuccino', 2, 120, 240);

INSERT INTO public.orders (id, order_id, status, amount, payment_method, cashier_name, created_at)
VALUES ('ee51ba6d-dc37-4fd1-9d18-2b321a2e3e37', 'ORD-00918', 'Void (Consumed)', 600, 'Credit Card', 'System Seed', '2026-04-26T23:35:06.990Z');

INSERT INTO public.order_items (order_id, product_id, name, quantity, unit_price, subtotal)
VALUES ('ee51ba6d-dc37-4fd1-9d18-2b321a2e3e37', '48233f0a-6e57-4a45-b033-627d13f1be78', 'Cappuccino', 2, 120, 240);

INSERT INTO public.order_items (order_id, product_id, name, quantity, unit_price, subtotal)
VALUES ('ee51ba6d-dc37-4fd1-9d18-2b321a2e3e37', '3a6a55c0-70f3-4417-a252-db77d9e511c0', 'Latte', 3, 120, 360);

INSERT INTO public.orders (id, order_id, status, amount, payment_method, cashier_name, created_at)
VALUES ('99c5d1f1-1ba4-4c73-ab78-cfefc8bcf966', 'ORD-00919', 'Void (Not Made)', 240, 'Credit Card', 'System Seed', '2026-04-27T12:58:58.990Z');

INSERT INTO public.order_items (order_id, product_id, name, quantity, unit_price, subtotal)
VALUES ('99c5d1f1-1ba4-4c73-ab78-cfefc8bcf966', '65f0b94f-ccbe-4b50-a175-66810ae10f44', 'Croissant', 3, 80, 240);

INSERT INTO public.orders (id, order_id, status, amount, payment_method, cashier_name, created_at)
VALUES ('e430f3ce-8e60-4037-8135-764f6534ced0', 'ORD-00920', 'Completed', 505, 'GCash', 'System Seed', '2026-04-27T10:59:00.990Z');

INSERT INTO public.order_items (order_id, product_id, name, quantity, unit_price, subtotal)
VALUES ('e430f3ce-8e60-4037-8135-764f6534ced0', '65f0b94f-ccbe-4b50-a175-66810ae10f44', 'Croissant', 1, 80, 80);

INSERT INTO public.order_items (order_id, product_id, name, quantity, unit_price, subtotal)
VALUES ('e430f3ce-8e60-4037-8135-764f6534ced0', '36c93748-7c86-4ddb-ba49-1bd1a164bf42', 'Blueberry Muffin', 1, 95, 95);

INSERT INTO public.order_items (order_id, product_id, name, quantity, unit_price, subtotal)
VALUES ('e430f3ce-8e60-4037-8135-764f6534ced0', 'dfe22f11-84a3-41d2-a268-149f012eae60', 'Sparkling Lemonade', 3, 110, 330);

INSERT INTO public.orders (id, order_id, status, amount, payment_method, cashier_name, created_at)
VALUES ('88fb6193-81b9-4a64-ba74-5b2a3a123d35', 'ORD-00921', 'Completed', 300, 'GCash', 'System Seed', '2026-04-27T08:39:30.990Z');

INSERT INTO public.order_items (order_id, product_id, name, quantity, unit_price, subtotal)
VALUES ('88fb6193-81b9-4a64-ba74-5b2a3a123d35', '83a6812d-2665-4ce5-871a-78a4eab3ce80', 'Americano', 2, 100, 200);

INSERT INTO public.order_items (order_id, product_id, name, quantity, unit_price, subtotal)
VALUES ('88fb6193-81b9-4a64-ba74-5b2a3a123d35', '83a6812d-2665-4ce5-871a-78a4eab3ce80', 'Americano', 1, 100, 100);

INSERT INTO public.orders (id, order_id, status, amount, payment_method, cashier_name, created_at)
VALUES ('f3d73707-b246-44ff-a259-464634462a98', 'ORD-00922', 'Void (Consumed)', 505, 'Cash', 'System Seed', '2026-04-27T04:02:56.990Z');

INSERT INTO public.order_items (order_id, product_id, name, quantity, unit_price, subtotal)
VALUES ('f3d73707-b246-44ff-a259-464634462a98', '36c93748-7c86-4ddb-ba49-1bd1a164bf42', 'Blueberry Muffin', 3, 95, 285);

INSERT INTO public.order_items (order_id, product_id, name, quantity, unit_price, subtotal)
VALUES ('f3d73707-b246-44ff-a259-464634462a98', 'dfe22f11-84a3-41d2-a268-149f012eae60', 'Sparkling Lemonade', 2, 110, 220);

INSERT INTO public.orders (id, order_id, status, amount, payment_method, cashier_name, created_at)
VALUES ('23193f89-a9f0-450f-955f-35adec5de92b', 'ORD-00923', 'Void (Consumed)', 960, 'Credit Card', 'System Seed', '2026-04-27T11:45:46.990Z');

INSERT INTO public.order_items (order_id, product_id, name, quantity, unit_price, subtotal)
VALUES ('23193f89-a9f0-450f-955f-35adec5de92b', 'fe6b02e6-9366-4abd-874c-fcb832e0e282', 'Green Tea', 2, 90, 180);

INSERT INTO public.order_items (order_id, product_id, name, quantity, unit_price, subtotal)
VALUES ('23193f89-a9f0-450f-955f-35adec5de92b', '3a6a55c0-70f3-4417-a252-db77d9e511c0', 'Latte', 3, 120, 360);

INSERT INTO public.order_items (order_id, product_id, name, quantity, unit_price, subtotal)
VALUES ('23193f89-a9f0-450f-955f-35adec5de92b', 'fe6b02e6-9366-4abd-874c-fcb832e0e282', 'Green Tea', 2, 90, 180);

INSERT INTO public.order_items (order_id, product_id, name, quantity, unit_price, subtotal)
VALUES ('23193f89-a9f0-450f-955f-35adec5de92b', '3a6a55c0-70f3-4417-a252-db77d9e511c0', 'Latte', 2, 120, 240);

INSERT INTO public.orders (id, order_id, status, amount, payment_method, cashier_name, created_at)
VALUES ('d4c5c93e-8ec8-4fd8-9b80-6ca24b73cb3a', 'ORD-00924', 'Completed', 360, 'Credit Card', 'System Seed', '2026-04-27T07:18:11.990Z');

INSERT INTO public.order_items (order_id, product_id, name, quantity, unit_price, subtotal)
VALUES ('d4c5c93e-8ec8-4fd8-9b80-6ca24b73cb3a', '3a6a55c0-70f3-4417-a252-db77d9e511c0', 'Latte', 1, 120, 120);

INSERT INTO public.order_items (order_id, product_id, name, quantity, unit_price, subtotal)
VALUES ('d4c5c93e-8ec8-4fd8-9b80-6ca24b73cb3a', '3a6a55c0-70f3-4417-a252-db77d9e511c0', 'Latte', 2, 120, 240);

INSERT INTO public.orders (id, order_id, status, amount, payment_method, cashier_name, created_at)
VALUES ('7ee581c5-fcf9-409a-a9e0-29ea430437cb', 'ORD-00925', 'Completed', 360, 'Maya', 'System Seed', '2026-04-27T11:21:58.990Z');

INSERT INTO public.order_items (order_id, product_id, name, quantity, unit_price, subtotal)
VALUES ('7ee581c5-fcf9-409a-a9e0-29ea430437cb', '1b5c6269-ce45-4413-acb8-21813cd7f9cf', 'Mocha', 2, 140, 280);

INSERT INTO public.order_items (order_id, product_id, name, quantity, unit_price, subtotal)
VALUES ('7ee581c5-fcf9-409a-a9e0-29ea430437cb', '65f0b94f-ccbe-4b50-a175-66810ae10f44', 'Croissant', 1, 80, 80);

INSERT INTO public.orders (id, order_id, status, amount, payment_method, cashier_name, created_at)
VALUES ('0fb77374-b64d-4d14-b1f1-48b276a02be0', 'ORD-00926', 'Completed', 240, 'Credit Card', 'System Seed', '2026-04-27T03:39:25.990Z');

INSERT INTO public.order_items (order_id, product_id, name, quantity, unit_price, subtotal)
VALUES ('0fb77374-b64d-4d14-b1f1-48b276a02be0', '65f0b94f-ccbe-4b50-a175-66810ae10f44', 'Croissant', 2, 80, 160);

INSERT INTO public.order_items (order_id, product_id, name, quantity, unit_price, subtotal)
VALUES ('0fb77374-b64d-4d14-b1f1-48b276a02be0', '65f0b94f-ccbe-4b50-a175-66810ae10f44', 'Croissant', 1, 80, 80);

INSERT INTO public.orders (id, order_id, status, amount, payment_method, cashier_name, created_at)
VALUES ('00a44bf1-eeb9-4bd7-9354-982ded77df63', 'ORD-00927', 'Completed', 960, 'Cash', 'System Seed', '2026-04-27T11:18:15.990Z');

INSERT INTO public.order_items (order_id, product_id, name, quantity, unit_price, subtotal)
VALUES ('00a44bf1-eeb9-4bd7-9354-982ded77df63', '1b5c6269-ce45-4413-acb8-21813cd7f9cf', 'Mocha', 2, 140, 280);

INSERT INTO public.order_items (order_id, product_id, name, quantity, unit_price, subtotal)
VALUES ('00a44bf1-eeb9-4bd7-9354-982ded77df63', 'dfe22f11-84a3-41d2-a268-149f012eae60', 'Sparkling Lemonade', 2, 110, 220);

INSERT INTO public.order_items (order_id, product_id, name, quantity, unit_price, subtotal)
VALUES ('00a44bf1-eeb9-4bd7-9354-982ded77df63', '1b5c6269-ce45-4413-acb8-21813cd7f9cf', 'Mocha', 2, 140, 280);

INSERT INTO public.order_items (order_id, product_id, name, quantity, unit_price, subtotal)
VALUES ('00a44bf1-eeb9-4bd7-9354-982ded77df63', 'fe6b02e6-9366-4abd-874c-fcb832e0e282', 'Green Tea', 2, 90, 180);

INSERT INTO public.orders (id, order_id, status, amount, payment_method, cashier_name, created_at)
VALUES ('a75b6954-9c38-481b-b717-96835a0d5aaa', 'ORD-00928', 'Void (Not Made)', 1010, 'Maya', 'System Seed', '2026-04-27T09:03:45.990Z');

INSERT INTO public.order_items (order_id, product_id, name, quantity, unit_price, subtotal)
VALUES ('a75b6954-9c38-481b-b717-96835a0d5aaa', '83a6812d-2665-4ce5-871a-78a4eab3ce80', 'Americano', 2, 100, 200);

INSERT INTO public.order_items (order_id, product_id, name, quantity, unit_price, subtotal)
VALUES ('a75b6954-9c38-481b-b717-96835a0d5aaa', '3a6a55c0-70f3-4417-a252-db77d9e511c0', 'Latte', 2, 120, 240);

INSERT INTO public.order_items (order_id, product_id, name, quantity, unit_price, subtotal)
VALUES ('a75b6954-9c38-481b-b717-96835a0d5aaa', 'dfe22f11-84a3-41d2-a268-149f012eae60', 'Sparkling Lemonade', 3, 110, 330);

INSERT INTO public.order_items (order_id, product_id, name, quantity, unit_price, subtotal)
VALUES ('a75b6954-9c38-481b-b717-96835a0d5aaa', '3a6a55c0-70f3-4417-a252-db77d9e511c0', 'Latte', 2, 120, 240);

INSERT INTO public.orders (id, order_id, status, amount, payment_method, cashier_name, created_at)
VALUES ('aa60aee4-a961-4440-b8ae-06e187b4c5f7', 'ORD-00929', 'Void (Not Made)', 220, 'Cash', 'System Seed', '2026-04-27T01:18:47.990Z');

INSERT INTO public.order_items (order_id, product_id, name, quantity, unit_price, subtotal)
VALUES ('aa60aee4-a961-4440-b8ae-06e187b4c5f7', 'dfe22f11-84a3-41d2-a268-149f012eae60', 'Sparkling Lemonade', 2, 110, 220);

INSERT INTO public.orders (id, order_id, status, amount, payment_method, cashier_name, created_at)
VALUES ('7bb144b4-8ae8-4d80-bf00-6d8e1b3c8465', 'ORD-00930', 'Completed', 300, 'Maya', 'System Seed', '2026-04-27T07:57:27.990Z');

INSERT INTO public.order_items (order_id, product_id, name, quantity, unit_price, subtotal)
VALUES ('7bb144b4-8ae8-4d80-bf00-6d8e1b3c8465', '83a6812d-2665-4ce5-871a-78a4eab3ce80', 'Americano', 3, 100, 300);

INSERT INTO public.orders (id, order_id, status, amount, payment_method, cashier_name, created_at)
VALUES ('e55b62ac-98d6-40ed-b85e-fd289cb347cb', 'ORD-00931', 'Completed', 120, 'Credit Card', 'System Seed', '2026-04-27T05:33:55.990Z');

INSERT INTO public.order_items (order_id, product_id, name, quantity, unit_price, subtotal)
VALUES ('e55b62ac-98d6-40ed-b85e-fd289cb347cb', '48233f0a-6e57-4a45-b033-627d13f1be78', 'Cappuccino', 1, 120, 120);

INSERT INTO public.orders (id, order_id, status, amount, payment_method, cashier_name, created_at)
VALUES ('1ef47444-cb2f-4459-979f-2f21e500806d', 'ORD-00932', 'Completed', 300, 'Credit Card', 'System Seed', '2026-04-27T05:44:40.990Z');

INSERT INTO public.order_items (order_id, product_id, name, quantity, unit_price, subtotal)
VALUES ('1ef47444-cb2f-4459-979f-2f21e500806d', '83a6812d-2665-4ce5-871a-78a4eab3ce80', 'Americano', 3, 100, 300);

INSERT INTO public.orders (id, order_id, status, amount, payment_method, cashier_name, created_at)
VALUES ('dd2fc399-d0f0-4480-a678-98462a0d605b', 'ORD-00933', 'Completed', 460, 'Maya', 'System Seed', '2026-04-28T06:48:19.990Z');

INSERT INTO public.order_items (order_id, product_id, name, quantity, unit_price, subtotal)
VALUES ('dd2fc399-d0f0-4480-a678-98462a0d605b', '3a6a55c0-70f3-4417-a252-db77d9e511c0', 'Latte', 2, 120, 240);

INSERT INTO public.order_items (order_id, product_id, name, quantity, unit_price, subtotal)
VALUES ('dd2fc399-d0f0-4480-a678-98462a0d605b', '48233f0a-6e57-4a45-b033-627d13f1be78', 'Cappuccino', 1, 120, 120);

INSERT INTO public.order_items (order_id, product_id, name, quantity, unit_price, subtotal)
VALUES ('dd2fc399-d0f0-4480-a678-98462a0d605b', '83a6812d-2665-4ce5-871a-78a4eab3ce80', 'Americano', 1, 100, 100);

INSERT INTO public.orders (id, order_id, status, amount, payment_method, cashier_name, created_at)
VALUES ('e1e56f05-8eb5-4f1e-81a6-a3728b32ce27', 'ORD-00934', 'Completed', 400, 'Maya', 'System Seed', '2026-04-27T23:00:52.990Z');

INSERT INTO public.order_items (order_id, product_id, name, quantity, unit_price, subtotal)
VALUES ('e1e56f05-8eb5-4f1e-81a6-a3728b32ce27', '48233f0a-6e57-4a45-b033-627d13f1be78', 'Cappuccino', 1, 120, 120);

INSERT INTO public.order_items (order_id, product_id, name, quantity, unit_price, subtotal)
VALUES ('e1e56f05-8eb5-4f1e-81a6-a3728b32ce27', '1b5c6269-ce45-4413-acb8-21813cd7f9cf', 'Mocha', 2, 140, 280);

INSERT INTO public.orders (id, order_id, status, amount, payment_method, cashier_name, created_at)
VALUES ('5ee2ec64-0228-48e7-8934-9e55d5b4323b', 'ORD-00935', 'Completed', 530, 'Maya', 'System Seed', '2026-04-28T11:45:01.990Z');

INSERT INTO public.order_items (order_id, product_id, name, quantity, unit_price, subtotal)
VALUES ('5ee2ec64-0228-48e7-8934-9e55d5b4323b', 'dfe22f11-84a3-41d2-a268-149f012eae60', 'Sparkling Lemonade', 3, 110, 330);

INSERT INTO public.order_items (order_id, product_id, name, quantity, unit_price, subtotal)
VALUES ('5ee2ec64-0228-48e7-8934-9e55d5b4323b', '83a6812d-2665-4ce5-871a-78a4eab3ce80', 'Americano', 2, 100, 200);

INSERT INTO public.orders (id, order_id, status, amount, payment_method, cashier_name, created_at)
VALUES ('6238cde6-cd94-49e7-bd7a-1e6d592a3448', 'ORD-00936', 'Completed', 100, 'GCash', 'System Seed', '2026-04-28T05:39:34.990Z');

INSERT INTO public.order_items (order_id, product_id, name, quantity, unit_price, subtotal)
VALUES ('6238cde6-cd94-49e7-bd7a-1e6d592a3448', '83a6812d-2665-4ce5-871a-78a4eab3ce80', 'Americano', 1, 100, 100);

INSERT INTO public.orders (id, order_id, status, amount, payment_method, cashier_name, created_at)
VALUES ('405c870e-61db-46af-ac2d-00027af418b4', 'ORD-00937', 'Completed', 80, 'GCash', 'System Seed', '2026-04-28T07:27:50.990Z');

INSERT INTO public.order_items (order_id, product_id, name, quantity, unit_price, subtotal)
VALUES ('405c870e-61db-46af-ac2d-00027af418b4', '65f0b94f-ccbe-4b50-a175-66810ae10f44', 'Croissant', 1, 80, 80);

INSERT INTO public.orders (id, order_id, status, amount, payment_method, cashier_name, created_at)
VALUES ('e5842827-f63f-408b-856d-38672f780a1a', 'ORD-00938', 'Void (Consumed)', 830, 'GCash', 'System Seed', '2026-04-28T01:38:05.990Z');

INSERT INTO public.order_items (order_id, product_id, name, quantity, unit_price, subtotal)
VALUES ('e5842827-f63f-408b-856d-38672f780a1a', 'fe6b02e6-9366-4abd-874c-fcb832e0e282', 'Green Tea', 3, 90, 270);

INSERT INTO public.order_items (order_id, product_id, name, quantity, unit_price, subtotal)
VALUES ('e5842827-f63f-408b-856d-38672f780a1a', 'fe6b02e6-9366-4abd-874c-fcb832e0e282', 'Green Tea', 3, 90, 270);

INSERT INTO public.order_items (order_id, product_id, name, quantity, unit_price, subtotal)
VALUES ('e5842827-f63f-408b-856d-38672f780a1a', '83a6812d-2665-4ce5-871a-78a4eab3ce80', 'Americano', 1, 100, 100);

INSERT INTO public.order_items (order_id, product_id, name, quantity, unit_price, subtotal)
VALUES ('e5842827-f63f-408b-856d-38672f780a1a', '36c93748-7c86-4ddb-ba49-1bd1a164bf42', 'Blueberry Muffin', 2, 95, 190);

INSERT INTO public.orders (id, order_id, status, amount, payment_method, cashier_name, created_at)
VALUES ('3781876d-7cb4-44cc-b1c3-49344566a968', 'ORD-00939', 'Completed', 890, 'Maya', 'System Seed', '2026-04-28T11:42:31.990Z');

INSERT INTO public.order_items (order_id, product_id, name, quantity, unit_price, subtotal)
VALUES ('3781876d-7cb4-44cc-b1c3-49344566a968', '65f0b94f-ccbe-4b50-a175-66810ae10f44', 'Croissant', 3, 80, 240);

INSERT INTO public.order_items (order_id, product_id, name, quantity, unit_price, subtotal)
VALUES ('3781876d-7cb4-44cc-b1c3-49344566a968', '36c93748-7c86-4ddb-ba49-1bd1a164bf42', 'Blueberry Muffin', 2, 95, 190);

INSERT INTO public.order_items (order_id, product_id, name, quantity, unit_price, subtotal)
VALUES ('3781876d-7cb4-44cc-b1c3-49344566a968', '48233f0a-6e57-4a45-b033-627d13f1be78', 'Cappuccino', 2, 120, 240);

INSERT INTO public.order_items (order_id, product_id, name, quantity, unit_price, subtotal)
VALUES ('3781876d-7cb4-44cc-b1c3-49344566a968', 'dfe22f11-84a3-41d2-a268-149f012eae60', 'Sparkling Lemonade', 2, 110, 220);

INSERT INTO public.orders (id, order_id, status, amount, payment_method, cashier_name, created_at)
VALUES ('8f7e709b-17f3-4be6-9e9f-66e546f39493', 'ORD-00940', 'Void (Not Made)', 95, 'Maya', 'System Seed', '2026-04-28T03:23:23.990Z');

INSERT INTO public.order_items (order_id, product_id, name, quantity, unit_price, subtotal)
VALUES ('8f7e709b-17f3-4be6-9e9f-66e546f39493', '36c93748-7c86-4ddb-ba49-1bd1a164bf42', 'Blueberry Muffin', 1, 95, 95);

INSERT INTO public.orders (id, order_id, status, amount, payment_method, cashier_name, created_at)
VALUES ('862299d1-4545-49fb-a741-c94f9ff642c2', 'ORD-00941', 'Void (Consumed)', 940, 'Credit Card', 'System Seed', '2026-04-28T01:55:37.990Z');

INSERT INTO public.order_items (order_id, product_id, name, quantity, unit_price, subtotal)
VALUES ('862299d1-4545-49fb-a741-c94f9ff642c2', '65f0b94f-ccbe-4b50-a175-66810ae10f44', 'Croissant', 2, 80, 160);

INSERT INTO public.order_items (order_id, product_id, name, quantity, unit_price, subtotal)
VALUES ('862299d1-4545-49fb-a741-c94f9ff642c2', '1b5c6269-ce45-4413-acb8-21813cd7f9cf', 'Mocha', 3, 140, 420);

INSERT INTO public.order_items (order_id, product_id, name, quantity, unit_price, subtotal)
VALUES ('862299d1-4545-49fb-a741-c94f9ff642c2', '65f0b94f-ccbe-4b50-a175-66810ae10f44', 'Croissant', 3, 80, 240);

INSERT INTO public.order_items (order_id, product_id, name, quantity, unit_price, subtotal)
VALUES ('862299d1-4545-49fb-a741-c94f9ff642c2', '3a6a55c0-70f3-4417-a252-db77d9e511c0', 'Latte', 1, 120, 120);

INSERT INTO public.orders (id, order_id, status, amount, payment_method, cashier_name, created_at)
VALUES ('e8256bf0-32d9-409a-8e11-fe6d96596ee8', 'ORD-00942', 'Completed', 840, 'Cash', 'System Seed', '2026-04-28T02:02:04.990Z');

INSERT INTO public.order_items (order_id, product_id, name, quantity, unit_price, subtotal)
VALUES ('e8256bf0-32d9-409a-8e11-fe6d96596ee8', '48233f0a-6e57-4a45-b033-627d13f1be78', 'Cappuccino', 2, 120, 240);

INSERT INTO public.order_items (order_id, product_id, name, quantity, unit_price, subtotal)
VALUES ('e8256bf0-32d9-409a-8e11-fe6d96596ee8', '3a6a55c0-70f3-4417-a252-db77d9e511c0', 'Latte', 3, 120, 360);

INSERT INTO public.order_items (order_id, product_id, name, quantity, unit_price, subtotal)
VALUES ('e8256bf0-32d9-409a-8e11-fe6d96596ee8', '3a6a55c0-70f3-4417-a252-db77d9e511c0', 'Latte', 2, 120, 240);

INSERT INTO public.orders (id, order_id, status, amount, payment_method, cashier_name, created_at)
VALUES ('683794aa-0ae9-42ae-a519-bb3bc696a332', 'ORD-00943', 'Completed', 405, 'Cash', 'System Seed', '2026-04-28T06:08:41.990Z');

INSERT INTO public.order_items (order_id, product_id, name, quantity, unit_price, subtotal)
VALUES ('683794aa-0ae9-42ae-a519-bb3bc696a332', '36c93748-7c86-4ddb-ba49-1bd1a164bf42', 'Blueberry Muffin', 3, 95, 285);

INSERT INTO public.order_items (order_id, product_id, name, quantity, unit_price, subtotal)
VALUES ('683794aa-0ae9-42ae-a519-bb3bc696a332', '48233f0a-6e57-4a45-b033-627d13f1be78', 'Cappuccino', 1, 120, 120);

INSERT INTO public.orders (id, order_id, status, amount, payment_method, cashier_name, created_at)
VALUES ('248c3dac-0305-4560-b15c-a00e28c0363b', 'ORD-00944', 'Void (Not Made)', 780, 'Credit Card', 'System Seed', '2026-04-28T02:48:51.990Z');

INSERT INTO public.order_items (order_id, product_id, name, quantity, unit_price, subtotal)
VALUES ('248c3dac-0305-4560-b15c-a00e28c0363b', '83a6812d-2665-4ce5-871a-78a4eab3ce80', 'Americano', 1, 100, 100);

INSERT INTO public.order_items (order_id, product_id, name, quantity, unit_price, subtotal)
VALUES ('248c3dac-0305-4560-b15c-a00e28c0363b', 'dfe22f11-84a3-41d2-a268-149f012eae60', 'Sparkling Lemonade', 3, 110, 330);

INSERT INTO public.order_items (order_id, product_id, name, quantity, unit_price, subtotal)
VALUES ('248c3dac-0305-4560-b15c-a00e28c0363b', 'fe6b02e6-9366-4abd-874c-fcb832e0e282', 'Green Tea', 3, 90, 270);

INSERT INTO public.order_items (order_id, product_id, name, quantity, unit_price, subtotal)
VALUES ('248c3dac-0305-4560-b15c-a00e28c0363b', '65f0b94f-ccbe-4b50-a175-66810ae10f44', 'Croissant', 1, 80, 80);

INSERT INTO public.orders (id, order_id, status, amount, payment_method, cashier_name, created_at)
VALUES ('e3e21e37-5c2a-4fce-a80b-e274b9e532b4', 'ORD-00945', 'Completed', 400, 'Credit Card', 'System Seed', '2026-04-28T03:58:09.990Z');

INSERT INTO public.order_items (order_id, product_id, name, quantity, unit_price, subtotal)
VALUES ('e3e21e37-5c2a-4fce-a80b-e274b9e532b4', '1b5c6269-ce45-4413-acb8-21813cd7f9cf', 'Mocha', 1, 140, 140);

INSERT INTO public.order_items (order_id, product_id, name, quantity, unit_price, subtotal)
VALUES ('e3e21e37-5c2a-4fce-a80b-e274b9e532b4', '65f0b94f-ccbe-4b50-a175-66810ae10f44', 'Croissant', 1, 80, 80);

INSERT INTO public.order_items (order_id, product_id, name, quantity, unit_price, subtotal)
VALUES ('e3e21e37-5c2a-4fce-a80b-e274b9e532b4', 'fe6b02e6-9366-4abd-874c-fcb832e0e282', 'Green Tea', 2, 90, 180);

INSERT INTO public.orders (id, order_id, status, amount, payment_method, cashier_name, created_at)
VALUES ('ab268531-9531-470d-9b76-cb79ec27baff', 'ORD-00946', 'Completed', 540, 'Maya', 'System Seed', '2026-04-28T10:48:15.990Z');

INSERT INTO public.order_items (order_id, product_id, name, quantity, unit_price, subtotal)
VALUES ('ab268531-9531-470d-9b76-cb79ec27baff', 'dfe22f11-84a3-41d2-a268-149f012eae60', 'Sparkling Lemonade', 3, 110, 330);

INSERT INTO public.order_items (order_id, product_id, name, quantity, unit_price, subtotal)
VALUES ('ab268531-9531-470d-9b76-cb79ec27baff', '83a6812d-2665-4ce5-871a-78a4eab3ce80', 'Americano', 1, 100, 100);

INSERT INTO public.order_items (order_id, product_id, name, quantity, unit_price, subtotal)
VALUES ('ab268531-9531-470d-9b76-cb79ec27baff', 'dfe22f11-84a3-41d2-a268-149f012eae60', 'Sparkling Lemonade', 1, 110, 110);

INSERT INTO public.orders (id, order_id, status, amount, payment_method, cashier_name, created_at)
VALUES ('ce502751-4972-487b-979e-6c107456267b', 'ORD-00947', 'Void (Consumed)', 640, 'Cash', 'System Seed', '2026-04-28T03:09:17.990Z');

INSERT INTO public.order_items (order_id, product_id, name, quantity, unit_price, subtotal)
VALUES ('ce502751-4972-487b-979e-6c107456267b', '3a6a55c0-70f3-4417-a252-db77d9e511c0', 'Latte', 3, 120, 360);

INSERT INTO public.order_items (order_id, product_id, name, quantity, unit_price, subtotal)
VALUES ('ce502751-4972-487b-979e-6c107456267b', '83a6812d-2665-4ce5-871a-78a4eab3ce80', 'Americano', 2, 100, 200);

INSERT INTO public.order_items (order_id, product_id, name, quantity, unit_price, subtotal)
VALUES ('ce502751-4972-487b-979e-6c107456267b', '65f0b94f-ccbe-4b50-a175-66810ae10f44', 'Croissant', 1, 80, 80);

INSERT INTO public.orders (id, order_id, status, amount, payment_method, cashier_name, created_at)
VALUES ('6323e27a-968b-41f5-9a4d-225803471d52', 'ORD-00948', 'Completed', 430, 'Maya', 'System Seed', '2026-04-28T06:30:12.990Z');

INSERT INTO public.order_items (order_id, product_id, name, quantity, unit_price, subtotal)
VALUES ('6323e27a-968b-41f5-9a4d-225803471d52', '36c93748-7c86-4ddb-ba49-1bd1a164bf42', 'Blueberry Muffin', 2, 95, 190);

INSERT INTO public.order_items (order_id, product_id, name, quantity, unit_price, subtotal)
VALUES ('6323e27a-968b-41f5-9a4d-225803471d52', '3a6a55c0-70f3-4417-a252-db77d9e511c0', 'Latte', 2, 120, 240);

INSERT INTO public.orders (id, order_id, status, amount, payment_method, cashier_name, created_at)
VALUES ('b0b959fe-3a9a-48e5-90e2-467320a34674', 'ORD-00949', 'Completed', 300, 'Credit Card', 'System Seed', '2026-04-28T01:22:42.990Z');

INSERT INTO public.order_items (order_id, product_id, name, quantity, unit_price, subtotal)
VALUES ('b0b959fe-3a9a-48e5-90e2-467320a34674', '83a6812d-2665-4ce5-871a-78a4eab3ce80', 'Americano', 1, 100, 100);

INSERT INTO public.order_items (order_id, product_id, name, quantity, unit_price, subtotal)
VALUES ('b0b959fe-3a9a-48e5-90e2-467320a34674', '83a6812d-2665-4ce5-871a-78a4eab3ce80', 'Americano', 2, 100, 200);

INSERT INTO public.orders (id, order_id, status, amount, payment_method, cashier_name, created_at)
VALUES ('d133fc73-f249-4faa-891c-f518c5628787', 'ORD-00950', 'Void (Not Made)', 880, 'Cash', 'System Seed', '2026-04-28T06:31:47.990Z');

INSERT INTO public.order_items (order_id, product_id, name, quantity, unit_price, subtotal)
VALUES ('d133fc73-f249-4faa-891c-f518c5628787', '48233f0a-6e57-4a45-b033-627d13f1be78', 'Cappuccino', 2, 120, 240);

INSERT INTO public.order_items (order_id, product_id, name, quantity, unit_price, subtotal)
VALUES ('d133fc73-f249-4faa-891c-f518c5628787', 'dfe22f11-84a3-41d2-a268-149f012eae60', 'Sparkling Lemonade', 2, 110, 220);

INSERT INTO public.order_items (order_id, product_id, name, quantity, unit_price, subtotal)
VALUES ('d133fc73-f249-4faa-891c-f518c5628787', '1b5c6269-ce45-4413-acb8-21813cd7f9cf', 'Mocha', 2, 140, 280);

INSERT INTO public.order_items (order_id, product_id, name, quantity, unit_price, subtotal)
VALUES ('d133fc73-f249-4faa-891c-f518c5628787', '1b5c6269-ce45-4413-acb8-21813cd7f9cf', 'Mocha', 1, 140, 140);

INSERT INTO public.orders (id, order_id, status, amount, payment_method, cashier_name, created_at)
VALUES ('7c87a2a9-1955-4635-b5b2-d05089e947dc', 'ORD-00951', 'Completed', 850, 'Credit Card', 'System Seed', '2026-04-28T02:33:47.990Z');

INSERT INTO public.order_items (order_id, product_id, name, quantity, unit_price, subtotal)
VALUES ('7c87a2a9-1955-4635-b5b2-d05089e947dc', '83a6812d-2665-4ce5-871a-78a4eab3ce80', 'Americano', 3, 100, 300);

INSERT INTO public.order_items (order_id, product_id, name, quantity, unit_price, subtotal)
VALUES ('7c87a2a9-1955-4635-b5b2-d05089e947dc', 'fe6b02e6-9366-4abd-874c-fcb832e0e282', 'Green Tea', 3, 90, 270);

INSERT INTO public.order_items (order_id, product_id, name, quantity, unit_price, subtotal)
VALUES ('7c87a2a9-1955-4635-b5b2-d05089e947dc', '1b5c6269-ce45-4413-acb8-21813cd7f9cf', 'Mocha', 2, 140, 280);

INSERT INTO public.orders (id, order_id, status, amount, payment_method, cashier_name, created_at)
VALUES ('64534c1b-b0a0-4197-8393-1de0bf37d830', 'ORD-00952', 'Void (Not Made)', 380, 'Maya', 'System Seed', '2026-04-28T03:34:21.990Z');

INSERT INTO public.order_items (order_id, product_id, name, quantity, unit_price, subtotal)
VALUES ('64534c1b-b0a0-4197-8393-1de0bf37d830', '65f0b94f-ccbe-4b50-a175-66810ae10f44', 'Croissant', 2, 80, 160);

INSERT INTO public.order_items (order_id, product_id, name, quantity, unit_price, subtotal)
VALUES ('64534c1b-b0a0-4197-8393-1de0bf37d830', 'dfe22f11-84a3-41d2-a268-149f012eae60', 'Sparkling Lemonade', 2, 110, 220);

INSERT INTO public.orders (id, order_id, status, amount, payment_method, cashier_name, created_at)
VALUES ('a705be5c-3f7e-41f4-bb73-5cf00408cf2e', 'ORD-00953', 'Completed', 830, 'Maya', 'System Seed', '2026-04-28T11:18:52.990Z');

INSERT INTO public.order_items (order_id, product_id, name, quantity, unit_price, subtotal)
VALUES ('a705be5c-3f7e-41f4-bb73-5cf00408cf2e', '48233f0a-6e57-4a45-b033-627d13f1be78', 'Cappuccino', 3, 120, 360);

INSERT INTO public.order_items (order_id, product_id, name, quantity, unit_price, subtotal)
VALUES ('a705be5c-3f7e-41f4-bb73-5cf00408cf2e', 'fe6b02e6-9366-4abd-874c-fcb832e0e282', 'Green Tea', 3, 90, 270);

INSERT INTO public.order_items (order_id, product_id, name, quantity, unit_price, subtotal)
VALUES ('a705be5c-3f7e-41f4-bb73-5cf00408cf2e', '83a6812d-2665-4ce5-871a-78a4eab3ce80', 'Americano', 2, 100, 200);

INSERT INTO public.orders (id, order_id, status, amount, payment_method, cashier_name, created_at)
VALUES ('9a2ffeba-5493-48f5-a409-321f806a555e', 'ORD-00954', 'Void (Consumed)', 765, 'Credit Card', 'System Seed', '2026-04-28T08:49:30.990Z');

INSERT INTO public.order_items (order_id, product_id, name, quantity, unit_price, subtotal)
VALUES ('9a2ffeba-5493-48f5-a409-321f806a555e', '36c93748-7c86-4ddb-ba49-1bd1a164bf42', 'Blueberry Muffin', 3, 95, 285);

INSERT INTO public.order_items (order_id, product_id, name, quantity, unit_price, subtotal)
VALUES ('9a2ffeba-5493-48f5-a409-321f806a555e', '1b5c6269-ce45-4413-acb8-21813cd7f9cf', 'Mocha', 1, 140, 140);

INSERT INTO public.order_items (order_id, product_id, name, quantity, unit_price, subtotal)
VALUES ('9a2ffeba-5493-48f5-a409-321f806a555e', '48233f0a-6e57-4a45-b033-627d13f1be78', 'Cappuccino', 1, 120, 120);

INSERT INTO public.order_items (order_id, product_id, name, quantity, unit_price, subtotal)
VALUES ('9a2ffeba-5493-48f5-a409-321f806a555e', 'dfe22f11-84a3-41d2-a268-149f012eae60', 'Sparkling Lemonade', 2, 110, 220);

INSERT INTO public.orders (id, order_id, status, amount, payment_method, cashier_name, created_at)
VALUES ('ffd74c25-c3d2-41e5-862f-8a108e7947d8', 'ORD-00955', 'Completed', 835, 'GCash', 'System Seed', '2026-04-28T01:16:30.990Z');

INSERT INTO public.order_items (order_id, product_id, name, quantity, unit_price, subtotal)
VALUES ('ffd74c25-c3d2-41e5-862f-8a108e7947d8', '83a6812d-2665-4ce5-871a-78a4eab3ce80', 'Americano', 3, 100, 300);

INSERT INTO public.order_items (order_id, product_id, name, quantity, unit_price, subtotal)
VALUES ('ffd74c25-c3d2-41e5-862f-8a108e7947d8', '48233f0a-6e57-4a45-b033-627d13f1be78', 'Cappuccino', 3, 120, 360);

INSERT INTO public.order_items (order_id, product_id, name, quantity, unit_price, subtotal)
VALUES ('ffd74c25-c3d2-41e5-862f-8a108e7947d8', '36c93748-7c86-4ddb-ba49-1bd1a164bf42', 'Blueberry Muffin', 1, 95, 95);

INSERT INTO public.order_items (order_id, product_id, name, quantity, unit_price, subtotal)
VALUES ('ffd74c25-c3d2-41e5-862f-8a108e7947d8', '65f0b94f-ccbe-4b50-a175-66810ae10f44', 'Croissant', 1, 80, 80);

INSERT INTO public.orders (id, order_id, status, amount, payment_method, cashier_name, created_at)
VALUES ('37aa03e6-be92-48a0-9a0c-e55cbe68e9df', 'ORD-00956', 'Void (Consumed)', 270, 'GCash', 'System Seed', '2026-04-28T10:31:11.990Z');

INSERT INTO public.order_items (order_id, product_id, name, quantity, unit_price, subtotal)
VALUES ('37aa03e6-be92-48a0-9a0c-e55cbe68e9df', 'fe6b02e6-9366-4abd-874c-fcb832e0e282', 'Green Tea', 3, 90, 270);

INSERT INTO public.orders (id, order_id, status, amount, payment_method, cashier_name, created_at)
VALUES ('77908bc6-6ed9-4bce-a16a-a29920720e3f', 'ORD-00957', 'Completed', 110, 'Maya', 'System Seed', '2026-04-28T02:07:46.990Z');

INSERT INTO public.order_items (order_id, product_id, name, quantity, unit_price, subtotal)
VALUES ('77908bc6-6ed9-4bce-a16a-a29920720e3f', 'dfe22f11-84a3-41d2-a268-149f012eae60', 'Sparkling Lemonade', 1, 110, 110);

INSERT INTO public.orders (id, order_id, status, amount, payment_method, cashier_name, created_at)
VALUES ('ebc4b04c-564f-4b84-a6d7-52a3494188b4', 'ORD-00958', 'Void (Consumed)', 875, 'Cash', 'System Seed', '2026-04-28T04:51:13.990Z');

INSERT INTO public.order_items (order_id, product_id, name, quantity, unit_price, subtotal)
VALUES ('ebc4b04c-564f-4b84-a6d7-52a3494188b4', '65f0b94f-ccbe-4b50-a175-66810ae10f44', 'Croissant', 2, 80, 160);

INSERT INTO public.order_items (order_id, product_id, name, quantity, unit_price, subtotal)
VALUES ('ebc4b04c-564f-4b84-a6d7-52a3494188b4', '83a6812d-2665-4ce5-871a-78a4eab3ce80', 'Americano', 1, 100, 100);

INSERT INTO public.order_items (order_id, product_id, name, quantity, unit_price, subtotal)
VALUES ('ebc4b04c-564f-4b84-a6d7-52a3494188b4', 'dfe22f11-84a3-41d2-a268-149f012eae60', 'Sparkling Lemonade', 3, 110, 330);

INSERT INTO public.order_items (order_id, product_id, name, quantity, unit_price, subtotal)
VALUES ('ebc4b04c-564f-4b84-a6d7-52a3494188b4', '36c93748-7c86-4ddb-ba49-1bd1a164bf42', 'Blueberry Muffin', 3, 95, 285);

INSERT INTO public.orders (id, order_id, status, amount, payment_method, cashier_name, created_at)
VALUES ('264a9d86-df1d-4301-9f8b-c542c719e8e3', 'ORD-00959', 'Void (Consumed)', 640, 'Cash', 'System Seed', '2026-04-28T04:18:33.990Z');

INSERT INTO public.order_items (order_id, product_id, name, quantity, unit_price, subtotal)
VALUES ('264a9d86-df1d-4301-9f8b-c542c719e8e3', '1b5c6269-ce45-4413-acb8-21813cd7f9cf', 'Mocha', 2, 140, 280);

INSERT INTO public.order_items (order_id, product_id, name, quantity, unit_price, subtotal)
VALUES ('264a9d86-df1d-4301-9f8b-c542c719e8e3', '3a6a55c0-70f3-4417-a252-db77d9e511c0', 'Latte', 3, 120, 360);

INSERT INTO public.orders (id, order_id, status, amount, payment_method, cashier_name, created_at)
VALUES ('1bb9d3bc-c697-4171-b556-37283585cd0d', 'ORD-00960', 'Void (Not Made)', 610, 'GCash', 'System Seed', '2026-04-28T03:30:30.990Z');

INSERT INTO public.order_items (order_id, product_id, name, quantity, unit_price, subtotal)
VALUES ('1bb9d3bc-c697-4171-b556-37283585cd0d', '1b5c6269-ce45-4413-acb8-21813cd7f9cf', 'Mocha', 2, 140, 280);

INSERT INTO public.order_items (order_id, product_id, name, quantity, unit_price, subtotal)
VALUES ('1bb9d3bc-c697-4171-b556-37283585cd0d', 'dfe22f11-84a3-41d2-a268-149f012eae60', 'Sparkling Lemonade', 3, 110, 330);

INSERT INTO public.orders (id, order_id, status, amount, payment_method, cashier_name, created_at)
VALUES ('76c78df0-75bc-499b-bc48-af800a12f0dc', 'ORD-00961', 'Completed', 780, 'Maya', 'System Seed', '2026-04-28T04:32:41.990Z');

INSERT INTO public.order_items (order_id, product_id, name, quantity, unit_price, subtotal)
VALUES ('76c78df0-75bc-499b-bc48-af800a12f0dc', '83a6812d-2665-4ce5-871a-78a4eab3ce80', 'Americano', 3, 100, 300);

INSERT INTO public.order_items (order_id, product_id, name, quantity, unit_price, subtotal)
VALUES ('76c78df0-75bc-499b-bc48-af800a12f0dc', 'fe6b02e6-9366-4abd-874c-fcb832e0e282', 'Green Tea', 2, 90, 180);

INSERT INTO public.order_items (order_id, product_id, name, quantity, unit_price, subtotal)
VALUES ('76c78df0-75bc-499b-bc48-af800a12f0dc', '83a6812d-2665-4ce5-871a-78a4eab3ce80', 'Americano', 3, 100, 300);

INSERT INTO public.orders (id, order_id, status, amount, payment_method, cashier_name, created_at)
VALUES ('295eb8ce-bae8-4440-a250-570fcd0ff97f', 'ORD-00962', 'Completed', 180, 'GCash', 'System Seed', '2026-04-28T10:14:43.990Z');

INSERT INTO public.order_items (order_id, product_id, name, quantity, unit_price, subtotal)
VALUES ('295eb8ce-bae8-4440-a250-570fcd0ff97f', 'fe6b02e6-9366-4abd-874c-fcb832e0e282', 'Green Tea', 2, 90, 180);

INSERT INTO public.orders (id, order_id, status, amount, payment_method, cashier_name, created_at)
VALUES ('35efe4c7-d1ed-42d0-87c4-a655e8005b3e', 'ORD-00963', 'Completed', 1260, 'GCash', 'System Seed', '2026-04-28T01:20:38.990Z');

INSERT INTO public.order_items (order_id, product_id, name, quantity, unit_price, subtotal)
VALUES ('35efe4c7-d1ed-42d0-87c4-a655e8005b3e', '1b5c6269-ce45-4413-acb8-21813cd7f9cf', 'Mocha', 3, 140, 420);

INSERT INTO public.order_items (order_id, product_id, name, quantity, unit_price, subtotal)
VALUES ('35efe4c7-d1ed-42d0-87c4-a655e8005b3e', '48233f0a-6e57-4a45-b033-627d13f1be78', 'Cappuccino', 3, 120, 360);

INSERT INTO public.order_items (order_id, product_id, name, quantity, unit_price, subtotal)
VALUES ('35efe4c7-d1ed-42d0-87c4-a655e8005b3e', '3a6a55c0-70f3-4417-a252-db77d9e511c0', 'Latte', 3, 120, 360);

INSERT INTO public.order_items (order_id, product_id, name, quantity, unit_price, subtotal)
VALUES ('35efe4c7-d1ed-42d0-87c4-a655e8005b3e', '3a6a55c0-70f3-4417-a252-db77d9e511c0', 'Latte', 1, 120, 120);

INSERT INTO public.orders (id, order_id, status, amount, payment_method, cashier_name, created_at)
VALUES ('e98fed05-9977-493b-b897-0bd399dafab1', 'ORD-00964', 'Void (Consumed)', 665, 'Maya', 'System Seed', '2026-04-28T06:32:05.990Z');

INSERT INTO public.order_items (order_id, product_id, name, quantity, unit_price, subtotal)
VALUES ('e98fed05-9977-493b-b897-0bd399dafab1', 'dfe22f11-84a3-41d2-a268-149f012eae60', 'Sparkling Lemonade', 1, 110, 110);

INSERT INTO public.order_items (order_id, product_id, name, quantity, unit_price, subtotal)
VALUES ('e98fed05-9977-493b-b897-0bd399dafab1', 'fe6b02e6-9366-4abd-874c-fcb832e0e282', 'Green Tea', 3, 90, 270);

INSERT INTO public.order_items (order_id, product_id, name, quantity, unit_price, subtotal)
VALUES ('e98fed05-9977-493b-b897-0bd399dafab1', '36c93748-7c86-4ddb-ba49-1bd1a164bf42', 'Blueberry Muffin', 3, 95, 285);

INSERT INTO public.orders (id, order_id, status, amount, payment_method, cashier_name, created_at)
VALUES ('41d770a4-46c6-4f9a-ad2d-8f64c9473e3b', 'ORD-00965', 'Completed', 720, 'Credit Card', 'System Seed', '2026-04-28T02:11:09.990Z');

INSERT INTO public.order_items (order_id, product_id, name, quantity, unit_price, subtotal)
VALUES ('41d770a4-46c6-4f9a-ad2d-8f64c9473e3b', '48233f0a-6e57-4a45-b033-627d13f1be78', 'Cappuccino', 1, 120, 120);

INSERT INTO public.order_items (order_id, product_id, name, quantity, unit_price, subtotal)
VALUES ('41d770a4-46c6-4f9a-ad2d-8f64c9473e3b', '65f0b94f-ccbe-4b50-a175-66810ae10f44', 'Croissant', 3, 80, 240);

INSERT INTO public.order_items (order_id, product_id, name, quantity, unit_price, subtotal)
VALUES ('41d770a4-46c6-4f9a-ad2d-8f64c9473e3b', '3a6a55c0-70f3-4417-a252-db77d9e511c0', 'Latte', 1, 120, 120);

INSERT INTO public.order_items (order_id, product_id, name, quantity, unit_price, subtotal)
VALUES ('41d770a4-46c6-4f9a-ad2d-8f64c9473e3b', '65f0b94f-ccbe-4b50-a175-66810ae10f44', 'Croissant', 3, 80, 240);

INSERT INTO public.orders (id, order_id, status, amount, payment_method, cashier_name, created_at)
VALUES ('3032e3bb-0bca-4b37-813c-7527ac89f34f', 'ORD-00966', 'Void (Consumed)', 780, 'GCash', 'System Seed', '2026-04-28T02:43:54.990Z');

INSERT INTO public.order_items (order_id, product_id, name, quantity, unit_price, subtotal)
VALUES ('3032e3bb-0bca-4b37-813c-7527ac89f34f', '1b5c6269-ce45-4413-acb8-21813cd7f9cf', 'Mocha', 3, 140, 420);

INSERT INTO public.order_items (order_id, product_id, name, quantity, unit_price, subtotal)
VALUES ('3032e3bb-0bca-4b37-813c-7527ac89f34f', '48233f0a-6e57-4a45-b033-627d13f1be78', 'Cappuccino', 3, 120, 360);

INSERT INTO public.orders (id, order_id, status, amount, payment_method, cashier_name, created_at)
VALUES ('59c3ee3b-0478-40b3-be42-7aeb4f7df530', 'ORD-00967', 'Completed', 360, 'Credit Card', 'System Seed', '2026-04-28T09:04:41.990Z');

INSERT INTO public.order_items (order_id, product_id, name, quantity, unit_price, subtotal)
VALUES ('59c3ee3b-0478-40b3-be42-7aeb4f7df530', '3a6a55c0-70f3-4417-a252-db77d9e511c0', 'Latte', 3, 120, 360);

INSERT INTO public.orders (id, order_id, status, amount, payment_method, cashier_name, created_at)
VALUES ('9ae4f529-d84d-4ffb-b045-54ad5cde51e8', 'ORD-00968', 'Completed', 220, 'Credit Card', 'System Seed', '2026-04-28T08:25:46.990Z');

INSERT INTO public.order_items (order_id, product_id, name, quantity, unit_price, subtotal)
VALUES ('9ae4f529-d84d-4ffb-b045-54ad5cde51e8', '1b5c6269-ce45-4413-acb8-21813cd7f9cf', 'Mocha', 1, 140, 140);

INSERT INTO public.order_items (order_id, product_id, name, quantity, unit_price, subtotal)
VALUES ('9ae4f529-d84d-4ffb-b045-54ad5cde51e8', '65f0b94f-ccbe-4b50-a175-66810ae10f44', 'Croissant', 1, 80, 80);

INSERT INTO public.orders (id, order_id, status, amount, payment_method, cashier_name, created_at)
VALUES ('657cf25e-8749-4817-beb3-88931715f729', 'ORD-00969', 'Completed', 190, 'Credit Card', 'System Seed', '2026-04-28T08:07:11.990Z');

INSERT INTO public.order_items (order_id, product_id, name, quantity, unit_price, subtotal)
VALUES ('657cf25e-8749-4817-beb3-88931715f729', '36c93748-7c86-4ddb-ba49-1bd1a164bf42', 'Blueberry Muffin', 1, 95, 95);

INSERT INTO public.order_items (order_id, product_id, name, quantity, unit_price, subtotal)
VALUES ('657cf25e-8749-4817-beb3-88931715f729', '36c93748-7c86-4ddb-ba49-1bd1a164bf42', 'Blueberry Muffin', 1, 95, 95);

INSERT INTO public.orders (id, order_id, status, amount, payment_method, cashier_name, created_at)
VALUES ('5e8beec5-0d3e-490c-8ea5-657de09201f4', 'ORD-00970', 'Void (Not Made)', 120, 'Maya', 'System Seed', '2026-04-28T12:54:29.990Z');

INSERT INTO public.order_items (order_id, product_id, name, quantity, unit_price, subtotal)
VALUES ('5e8beec5-0d3e-490c-8ea5-657de09201f4', '3a6a55c0-70f3-4417-a252-db77d9e511c0', 'Latte', 1, 120, 120);

INSERT INTO public.orders (id, order_id, status, amount, payment_method, cashier_name, created_at)
VALUES ('7ebd2eff-08d7-491c-87dc-e11edea43245', 'ORD-00971', 'Completed', 550, 'Maya', 'System Seed', '2026-04-28T10:16:16.990Z');

INSERT INTO public.order_items (order_id, product_id, name, quantity, unit_price, subtotal)
VALUES ('7ebd2eff-08d7-491c-87dc-e11edea43245', '65f0b94f-ccbe-4b50-a175-66810ae10f44', 'Croissant', 2, 80, 160);

INSERT INTO public.order_items (order_id, product_id, name, quantity, unit_price, subtotal)
VALUES ('7ebd2eff-08d7-491c-87dc-e11edea43245', 'fe6b02e6-9366-4abd-874c-fcb832e0e282', 'Green Tea', 2, 90, 180);

INSERT INTO public.order_items (order_id, product_id, name, quantity, unit_price, subtotal)
VALUES ('7ebd2eff-08d7-491c-87dc-e11edea43245', 'dfe22f11-84a3-41d2-a268-149f012eae60', 'Sparkling Lemonade', 1, 110, 110);

INSERT INTO public.order_items (order_id, product_id, name, quantity, unit_price, subtotal)
VALUES ('7ebd2eff-08d7-491c-87dc-e11edea43245', '83a6812d-2665-4ce5-871a-78a4eab3ce80', 'Americano', 1, 100, 100);

INSERT INTO public.orders (id, order_id, status, amount, payment_method, cashier_name, created_at)
VALUES ('68c7666d-8436-4fcd-9552-cda88de998f6', 'ORD-00972', 'Completed', 490, 'Cash', 'System Seed', '2026-04-28T06:43:23.990Z');

INSERT INTO public.order_items (order_id, product_id, name, quantity, unit_price, subtotal)
VALUES ('68c7666d-8436-4fcd-9552-cda88de998f6', '36c93748-7c86-4ddb-ba49-1bd1a164bf42', 'Blueberry Muffin', 2, 95, 190);

INSERT INTO public.order_items (order_id, product_id, name, quantity, unit_price, subtotal)
VALUES ('68c7666d-8436-4fcd-9552-cda88de998f6', '83a6812d-2665-4ce5-871a-78a4eab3ce80', 'Americano', 3, 100, 300);

INSERT INTO public.orders (id, order_id, status, amount, payment_method, cashier_name, created_at)
VALUES ('ea10ee9d-24a0-4788-869f-2641d50c8268', 'ORD-00973', 'Completed', 220, 'GCash', 'System Seed', '2026-04-29T07:43:32.990Z');

INSERT INTO public.order_items (order_id, product_id, name, quantity, unit_price, subtotal)
VALUES ('ea10ee9d-24a0-4788-869f-2641d50c8268', 'dfe22f11-84a3-41d2-a268-149f012eae60', 'Sparkling Lemonade', 2, 110, 220);

INSERT INTO public.orders (id, order_id, status, amount, payment_method, cashier_name, created_at)
VALUES ('f6bf87cd-984f-4017-a370-03e9fd4bd46d', 'ORD-00974', 'Completed', 680, 'Credit Card', 'System Seed', '2026-04-29T05:29:35.990Z');

INSERT INTO public.order_items (order_id, product_id, name, quantity, unit_price, subtotal)
VALUES ('f6bf87cd-984f-4017-a370-03e9fd4bd46d', '48233f0a-6e57-4a45-b033-627d13f1be78', 'Cappuccino', 2, 120, 240);

INSERT INTO public.order_items (order_id, product_id, name, quantity, unit_price, subtotal)
VALUES ('f6bf87cd-984f-4017-a370-03e9fd4bd46d', 'dfe22f11-84a3-41d2-a268-149f012eae60', 'Sparkling Lemonade', 3, 110, 330);

INSERT INTO public.order_items (order_id, product_id, name, quantity, unit_price, subtotal)
VALUES ('f6bf87cd-984f-4017-a370-03e9fd4bd46d', 'dfe22f11-84a3-41d2-a268-149f012eae60', 'Sparkling Lemonade', 1, 110, 110);

INSERT INTO public.orders (id, order_id, status, amount, payment_method, cashier_name, created_at)
VALUES ('04ddc7bf-4c12-4203-ad9f-a73d9dd0b02f', 'ORD-00975', 'Completed', 260, 'GCash', 'System Seed', '2026-04-29T12:44:35.990Z');

INSERT INTO public.order_items (order_id, product_id, name, quantity, unit_price, subtotal)
VALUES ('04ddc7bf-4c12-4203-ad9f-a73d9dd0b02f', '48233f0a-6e57-4a45-b033-627d13f1be78', 'Cappuccino', 1, 120, 120);

INSERT INTO public.order_items (order_id, product_id, name, quantity, unit_price, subtotal)
VALUES ('04ddc7bf-4c12-4203-ad9f-a73d9dd0b02f', '1b5c6269-ce45-4413-acb8-21813cd7f9cf', 'Mocha', 1, 140, 140);

INSERT INTO public.orders (id, order_id, status, amount, payment_method, cashier_name, created_at)
VALUES ('97e85490-4fc1-4cee-a60d-05c1ffe6c21c', 'ORD-00976', 'Completed', 330, 'Maya', 'System Seed', '2026-04-29T10:30:02.990Z');

INSERT INTO public.order_items (order_id, product_id, name, quantity, unit_price, subtotal)
VALUES ('97e85490-4fc1-4cee-a60d-05c1ffe6c21c', '3a6a55c0-70f3-4417-a252-db77d9e511c0', 'Latte', 2, 120, 240);

INSERT INTO public.order_items (order_id, product_id, name, quantity, unit_price, subtotal)
VALUES ('97e85490-4fc1-4cee-a60d-05c1ffe6c21c', 'fe6b02e6-9366-4abd-874c-fcb832e0e282', 'Green Tea', 1, 90, 90);

INSERT INTO public.orders (id, order_id, status, amount, payment_method, cashier_name, created_at)
VALUES ('92bf3f0a-125a-4757-8569-a30c0478e7cb', 'ORD-00977', 'Void (Consumed)', 240, 'Maya', 'System Seed', '2026-04-29T00:28:30.990Z');

INSERT INTO public.order_items (order_id, product_id, name, quantity, unit_price, subtotal)
VALUES ('92bf3f0a-125a-4757-8569-a30c0478e7cb', '3a6a55c0-70f3-4417-a252-db77d9e511c0', 'Latte', 2, 120, 240);

INSERT INTO public.orders (id, order_id, status, amount, payment_method, cashier_name, created_at)
VALUES ('822817e3-dada-42b6-acb9-7f35febeb7b4', 'ORD-00978', 'Completed', 340, 'Cash', 'System Seed', '2026-04-29T12:33:55.990Z');

INSERT INTO public.order_items (order_id, product_id, name, quantity, unit_price, subtotal)
VALUES ('822817e3-dada-42b6-acb9-7f35febeb7b4', 'fe6b02e6-9366-4abd-874c-fcb832e0e282', 'Green Tea', 2, 90, 180);

INSERT INTO public.order_items (order_id, product_id, name, quantity, unit_price, subtotal)
VALUES ('822817e3-dada-42b6-acb9-7f35febeb7b4', '65f0b94f-ccbe-4b50-a175-66810ae10f44', 'Croissant', 2, 80, 160);

INSERT INTO public.orders (id, order_id, status, amount, payment_method, cashier_name, created_at)
VALUES ('cf4605db-b4b0-4e13-b7d3-389386e5eed8', 'ORD-00979', 'Completed', 80, 'GCash', 'System Seed', '2026-04-29T02:02:26.990Z');

INSERT INTO public.order_items (order_id, product_id, name, quantity, unit_price, subtotal)
VALUES ('cf4605db-b4b0-4e13-b7d3-389386e5eed8', '65f0b94f-ccbe-4b50-a175-66810ae10f44', 'Croissant', 1, 80, 80);

INSERT INTO public.orders (id, order_id, status, amount, payment_method, cashier_name, created_at)
VALUES ('f76d2188-d0cf-427e-ae3f-0528097023b7', 'ORD-00980', 'Completed', 860, 'Credit Card', 'System Seed', '2026-04-29T01:58:23.990Z');

INSERT INTO public.order_items (order_id, product_id, name, quantity, unit_price, subtotal)
VALUES ('f76d2188-d0cf-427e-ae3f-0528097023b7', '83a6812d-2665-4ce5-871a-78a4eab3ce80', 'Americano', 2, 100, 200);

INSERT INTO public.order_items (order_id, product_id, name, quantity, unit_price, subtotal)
VALUES ('f76d2188-d0cf-427e-ae3f-0528097023b7', '48233f0a-6e57-4a45-b033-627d13f1be78', 'Cappuccino', 3, 120, 360);

INSERT INTO public.order_items (order_id, product_id, name, quantity, unit_price, subtotal)
VALUES ('f76d2188-d0cf-427e-ae3f-0528097023b7', '48233f0a-6e57-4a45-b033-627d13f1be78', 'Cappuccino', 1, 120, 120);

INSERT INTO public.order_items (order_id, product_id, name, quantity, unit_price, subtotal)
VALUES ('f76d2188-d0cf-427e-ae3f-0528097023b7', 'fe6b02e6-9366-4abd-874c-fcb832e0e282', 'Green Tea', 2, 90, 180);

INSERT INTO public.orders (id, order_id, status, amount, payment_method, cashier_name, created_at)
VALUES ('d316867e-f28c-4472-9675-51c9b0206b12', 'ORD-00981', 'Void (Consumed)', 880, 'GCash', 'System Seed', '2026-04-29T01:14:33.990Z');

INSERT INTO public.order_items (order_id, product_id, name, quantity, unit_price, subtotal)
VALUES ('d316867e-f28c-4472-9675-51c9b0206b12', '65f0b94f-ccbe-4b50-a175-66810ae10f44', 'Croissant', 2, 80, 160);

INSERT INTO public.order_items (order_id, product_id, name, quantity, unit_price, subtotal)
VALUES ('d316867e-f28c-4472-9675-51c9b0206b12', '48233f0a-6e57-4a45-b033-627d13f1be78', 'Cappuccino', 3, 120, 360);

INSERT INTO public.order_items (order_id, product_id, name, quantity, unit_price, subtotal)
VALUES ('d316867e-f28c-4472-9675-51c9b0206b12', '65f0b94f-ccbe-4b50-a175-66810ae10f44', 'Croissant', 1, 80, 80);

INSERT INTO public.order_items (order_id, product_id, name, quantity, unit_price, subtotal)
VALUES ('d316867e-f28c-4472-9675-51c9b0206b12', '1b5c6269-ce45-4413-acb8-21813cd7f9cf', 'Mocha', 2, 140, 280);

INSERT INTO public.orders (id, order_id, status, amount, payment_method, cashier_name, created_at)
VALUES ('960db164-2348-4333-8fe3-1dd298420651', 'ORD-00982', 'Completed', 590, 'Maya', 'System Seed', '2026-04-29T11:44:11.990Z');

INSERT INTO public.order_items (order_id, product_id, name, quantity, unit_price, subtotal)
VALUES ('960db164-2348-4333-8fe3-1dd298420651', 'fe6b02e6-9366-4abd-874c-fcb832e0e282', 'Green Tea', 1, 90, 90);

INSERT INTO public.order_items (order_id, product_id, name, quantity, unit_price, subtotal)
VALUES ('960db164-2348-4333-8fe3-1dd298420651', '65f0b94f-ccbe-4b50-a175-66810ae10f44', 'Croissant', 3, 80, 240);

INSERT INTO public.order_items (order_id, product_id, name, quantity, unit_price, subtotal)
VALUES ('960db164-2348-4333-8fe3-1dd298420651', '83a6812d-2665-4ce5-871a-78a4eab3ce80', 'Americano', 1, 100, 100);

INSERT INTO public.order_items (order_id, product_id, name, quantity, unit_price, subtotal)
VALUES ('960db164-2348-4333-8fe3-1dd298420651', '65f0b94f-ccbe-4b50-a175-66810ae10f44', 'Croissant', 2, 80, 160);

INSERT INTO public.orders (id, order_id, status, amount, payment_method, cashier_name, created_at)
VALUES ('e03ea78e-2dae-4f6d-af47-9e4f1d5bcc12', 'ORD-00983', 'Completed', 285, 'Maya', 'System Seed', '2026-04-29T03:40:55.990Z');

INSERT INTO public.order_items (order_id, product_id, name, quantity, unit_price, subtotal)
VALUES ('e03ea78e-2dae-4f6d-af47-9e4f1d5bcc12', '36c93748-7c86-4ddb-ba49-1bd1a164bf42', 'Blueberry Muffin', 3, 95, 285);

INSERT INTO public.orders (id, order_id, status, amount, payment_method, cashier_name, created_at)
VALUES ('7ef2b371-15ee-41b3-8815-5db7e7b5c844', 'ORD-00984', 'Completed', 845, 'Maya', 'System Seed', '2026-04-29T08:37:16.990Z');

INSERT INTO public.order_items (order_id, product_id, name, quantity, unit_price, subtotal)
VALUES ('7ef2b371-15ee-41b3-8815-5db7e7b5c844', '36c93748-7c86-4ddb-ba49-1bd1a164bf42', 'Blueberry Muffin', 2, 95, 190);

INSERT INTO public.order_items (order_id, product_id, name, quantity, unit_price, subtotal)
VALUES ('7ef2b371-15ee-41b3-8815-5db7e7b5c844', '83a6812d-2665-4ce5-871a-78a4eab3ce80', 'Americano', 1, 100, 100);

INSERT INTO public.order_items (order_id, product_id, name, quantity, unit_price, subtotal)
VALUES ('7ef2b371-15ee-41b3-8815-5db7e7b5c844', '36c93748-7c86-4ddb-ba49-1bd1a164bf42', 'Blueberry Muffin', 3, 95, 285);

INSERT INTO public.order_items (order_id, product_id, name, quantity, unit_price, subtotal)
VALUES ('7ef2b371-15ee-41b3-8815-5db7e7b5c844', 'fe6b02e6-9366-4abd-874c-fcb832e0e282', 'Green Tea', 3, 90, 270);

INSERT INTO public.orders (id, order_id, status, amount, payment_method, cashier_name, created_at)
VALUES ('f7945427-f6ea-4306-a8be-04bc5de83d56', 'ORD-00985', 'Completed', 595, 'GCash', 'System Seed', '2026-04-29T08:35:04.990Z');

INSERT INTO public.order_items (order_id, product_id, name, quantity, unit_price, subtotal)
VALUES ('f7945427-f6ea-4306-a8be-04bc5de83d56', '3a6a55c0-70f3-4417-a252-db77d9e511c0', 'Latte', 1, 120, 120);

INSERT INTO public.order_items (order_id, product_id, name, quantity, unit_price, subtotal)
VALUES ('f7945427-f6ea-4306-a8be-04bc5de83d56', '36c93748-7c86-4ddb-ba49-1bd1a164bf42', 'Blueberry Muffin', 2, 95, 190);

INSERT INTO public.order_items (order_id, product_id, name, quantity, unit_price, subtotal)
VALUES ('f7945427-f6ea-4306-a8be-04bc5de83d56', '36c93748-7c86-4ddb-ba49-1bd1a164bf42', 'Blueberry Muffin', 3, 95, 285);

INSERT INTO public.orders (id, order_id, status, amount, payment_method, cashier_name, created_at)
VALUES ('99044751-30f1-4330-9d2e-316ce8ea1f90', 'ORD-00986', 'Void (Not Made)', 680, 'Maya', 'System Seed', '2026-04-29T04:39:35.990Z');

INSERT INTO public.order_items (order_id, product_id, name, quantity, unit_price, subtotal)
VALUES ('99044751-30f1-4330-9d2e-316ce8ea1f90', '36c93748-7c86-4ddb-ba49-1bd1a164bf42', 'Blueberry Muffin', 2, 95, 190);

INSERT INTO public.order_items (order_id, product_id, name, quantity, unit_price, subtotal)
VALUES ('99044751-30f1-4330-9d2e-316ce8ea1f90', '36c93748-7c86-4ddb-ba49-1bd1a164bf42', 'Blueberry Muffin', 2, 95, 190);

INSERT INTO public.order_items (order_id, product_id, name, quantity, unit_price, subtotal)
VALUES ('99044751-30f1-4330-9d2e-316ce8ea1f90', '83a6812d-2665-4ce5-871a-78a4eab3ce80', 'Americano', 3, 100, 300);

INSERT INTO public.orders (id, order_id, status, amount, payment_method, cashier_name, created_at)
VALUES ('3303f964-955f-49c5-acfb-a3968f16f6d6', 'ORD-00987', 'Completed', 520, 'GCash', 'System Seed', '2026-04-29T11:12:13.990Z');

INSERT INTO public.order_items (order_id, product_id, name, quantity, unit_price, subtotal)
VALUES ('3303f964-955f-49c5-acfb-a3968f16f6d6', '48233f0a-6e57-4a45-b033-627d13f1be78', 'Cappuccino', 2, 120, 240);

INSERT INTO public.order_items (order_id, product_id, name, quantity, unit_price, subtotal)
VALUES ('3303f964-955f-49c5-acfb-a3968f16f6d6', '1b5c6269-ce45-4413-acb8-21813cd7f9cf', 'Mocha', 2, 140, 280);

INSERT INTO public.orders (id, order_id, status, amount, payment_method, cashier_name, created_at)
VALUES ('4813b81c-ab54-407f-8421-a129b194cc8a', 'ORD-00988', 'Completed', 980, 'Cash', 'System Seed', '2026-04-29T01:37:19.990Z');

INSERT INTO public.order_items (order_id, product_id, name, quantity, unit_price, subtotal)
VALUES ('4813b81c-ab54-407f-8421-a129b194cc8a', '65f0b94f-ccbe-4b50-a175-66810ae10f44', 'Croissant', 1, 80, 80);

INSERT INTO public.order_items (order_id, product_id, name, quantity, unit_price, subtotal)
VALUES ('4813b81c-ab54-407f-8421-a129b194cc8a', 'fe6b02e6-9366-4abd-874c-fcb832e0e282', 'Green Tea', 2, 90, 180);

INSERT INTO public.order_items (order_id, product_id, name, quantity, unit_price, subtotal)
VALUES ('4813b81c-ab54-407f-8421-a129b194cc8a', '48233f0a-6e57-4a45-b033-627d13f1be78', 'Cappuccino', 3, 120, 360);

INSERT INTO public.order_items (order_id, product_id, name, quantity, unit_price, subtotal)
VALUES ('4813b81c-ab54-407f-8421-a129b194cc8a', '3a6a55c0-70f3-4417-a252-db77d9e511c0', 'Latte', 3, 120, 360);

INSERT INTO public.orders (id, order_id, status, amount, payment_method, cashier_name, created_at)
VALUES ('65178774-2cbe-4db0-a7e1-8ceab1a0f5be', 'ORD-00989', 'Void (Consumed)', 500, 'Maya', 'System Seed', '2026-04-29T09:26:43.990Z');

INSERT INTO public.order_items (order_id, product_id, name, quantity, unit_price, subtotal)
VALUES ('65178774-2cbe-4db0-a7e1-8ceab1a0f5be', '1b5c6269-ce45-4413-acb8-21813cd7f9cf', 'Mocha', 1, 140, 140);

INSERT INTO public.order_items (order_id, product_id, name, quantity, unit_price, subtotal)
VALUES ('65178774-2cbe-4db0-a7e1-8ceab1a0f5be', '83a6812d-2665-4ce5-871a-78a4eab3ce80', 'Americano', 2, 100, 200);

INSERT INTO public.order_items (order_id, product_id, name, quantity, unit_price, subtotal)
VALUES ('65178774-2cbe-4db0-a7e1-8ceab1a0f5be', '65f0b94f-ccbe-4b50-a175-66810ae10f44', 'Croissant', 2, 80, 160);

INSERT INTO public.orders (id, order_id, status, amount, payment_method, cashier_name, created_at)
VALUES ('7b44f666-9a65-4b5b-93f6-1fdf13b14e04', 'ORD-00990', 'Void (Not Made)', 550, 'Maya', 'System Seed', '2026-04-29T00:02:37.990Z');

INSERT INTO public.order_items (order_id, product_id, name, quantity, unit_price, subtotal)
VALUES ('7b44f666-9a65-4b5b-93f6-1fdf13b14e04', 'fe6b02e6-9366-4abd-874c-fcb832e0e282', 'Green Tea', 3, 90, 270);

INSERT INTO public.order_items (order_id, product_id, name, quantity, unit_price, subtotal)
VALUES ('7b44f666-9a65-4b5b-93f6-1fdf13b14e04', '1b5c6269-ce45-4413-acb8-21813cd7f9cf', 'Mocha', 2, 140, 280);

INSERT INTO public.orders (id, order_id, status, amount, payment_method, cashier_name, created_at)
VALUES ('12e6b3dc-e67b-40cf-9990-11c63e6b7af2', 'ORD-00991', 'Void (Not Made)', 190, 'Cash', 'System Seed', '2026-04-29T01:11:24.990Z');

INSERT INTO public.order_items (order_id, product_id, name, quantity, unit_price, subtotal)
VALUES ('12e6b3dc-e67b-40cf-9990-11c63e6b7af2', '36c93748-7c86-4ddb-ba49-1bd1a164bf42', 'Blueberry Muffin', 2, 95, 190);

INSERT INTO public.orders (id, order_id, status, amount, payment_method, cashier_name, created_at)
VALUES ('9e0022d5-7c97-4243-8674-29f4229e37e0', 'ORD-00992', 'Void (Not Made)', 595, 'Cash', 'System Seed', '2026-04-29T02:25:49.990Z');

INSERT INTO public.order_items (order_id, product_id, name, quantity, unit_price, subtotal)
VALUES ('9e0022d5-7c97-4243-8674-29f4229e37e0', '36c93748-7c86-4ddb-ba49-1bd1a164bf42', 'Blueberry Muffin', 1, 95, 95);

INSERT INTO public.order_items (order_id, product_id, name, quantity, unit_price, subtotal)
VALUES ('9e0022d5-7c97-4243-8674-29f4229e37e0', '36c93748-7c86-4ddb-ba49-1bd1a164bf42', 'Blueberry Muffin', 3, 95, 285);

INSERT INTO public.order_items (order_id, product_id, name, quantity, unit_price, subtotal)
VALUES ('9e0022d5-7c97-4243-8674-29f4229e37e0', '48233f0a-6e57-4a45-b033-627d13f1be78', 'Cappuccino', 1, 120, 120);

INSERT INTO public.order_items (order_id, product_id, name, quantity, unit_price, subtotal)
VALUES ('9e0022d5-7c97-4243-8674-29f4229e37e0', '36c93748-7c86-4ddb-ba49-1bd1a164bf42', 'Blueberry Muffin', 1, 95, 95);

INSERT INTO public.orders (id, order_id, status, amount, payment_method, cashier_name, created_at)
VALUES ('29c19d67-8aea-46f0-8750-0375d421d1ed', 'ORD-00993', 'Completed', 840, 'Credit Card', 'System Seed', '2026-04-29T11:49:54.990Z');

INSERT INTO public.order_items (order_id, product_id, name, quantity, unit_price, subtotal)
VALUES ('29c19d67-8aea-46f0-8750-0375d421d1ed', 'fe6b02e6-9366-4abd-874c-fcb832e0e282', 'Green Tea', 3, 90, 270);

INSERT INTO public.order_items (order_id, product_id, name, quantity, unit_price, subtotal)
VALUES ('29c19d67-8aea-46f0-8750-0375d421d1ed', '3a6a55c0-70f3-4417-a252-db77d9e511c0', 'Latte', 2, 120, 240);

INSERT INTO public.order_items (order_id, product_id, name, quantity, unit_price, subtotal)
VALUES ('29c19d67-8aea-46f0-8750-0375d421d1ed', 'dfe22f11-84a3-41d2-a268-149f012eae60', 'Sparkling Lemonade', 3, 110, 330);

INSERT INTO public.orders (id, order_id, status, amount, payment_method, cashier_name, created_at)
VALUES ('731b8a60-9ce6-404c-ae6b-70fdf49b9424', 'ORD-00994', 'Completed', 800, 'Maya', 'System Seed', '2026-04-29T05:54:54.990Z');

INSERT INTO public.order_items (order_id, product_id, name, quantity, unit_price, subtotal)
VALUES ('731b8a60-9ce6-404c-ae6b-70fdf49b9424', '48233f0a-6e57-4a45-b033-627d13f1be78', 'Cappuccino', 2, 120, 240);

INSERT INTO public.order_items (order_id, product_id, name, quantity, unit_price, subtotal)
VALUES ('731b8a60-9ce6-404c-ae6b-70fdf49b9424', '48233f0a-6e57-4a45-b033-627d13f1be78', 'Cappuccino', 1, 120, 120);

INSERT INTO public.order_items (order_id, product_id, name, quantity, unit_price, subtotal)
VALUES ('731b8a60-9ce6-404c-ae6b-70fdf49b9424', '48233f0a-6e57-4a45-b033-627d13f1be78', 'Cappuccino', 2, 120, 240);

INSERT INTO public.order_items (order_id, product_id, name, quantity, unit_price, subtotal)
VALUES ('731b8a60-9ce6-404c-ae6b-70fdf49b9424', '83a6812d-2665-4ce5-871a-78a4eab3ce80', 'Americano', 2, 100, 200);

INSERT INTO public.orders (id, order_id, status, amount, payment_method, cashier_name, created_at)
VALUES ('765c5a12-a1a0-4669-85f8-b2f6c99a7930', 'ORD-00995', 'Completed', 460, 'GCash', 'System Seed', '2026-04-29T05:41:10.990Z');

INSERT INTO public.order_items (order_id, product_id, name, quantity, unit_price, subtotal)
VALUES ('765c5a12-a1a0-4669-85f8-b2f6c99a7930', 'dfe22f11-84a3-41d2-a268-149f012eae60', 'Sparkling Lemonade', 2, 110, 220);

INSERT INTO public.order_items (order_id, product_id, name, quantity, unit_price, subtotal)
VALUES ('765c5a12-a1a0-4669-85f8-b2f6c99a7930', '65f0b94f-ccbe-4b50-a175-66810ae10f44', 'Croissant', 2, 80, 160);

INSERT INTO public.order_items (order_id, product_id, name, quantity, unit_price, subtotal)
VALUES ('765c5a12-a1a0-4669-85f8-b2f6c99a7930', '65f0b94f-ccbe-4b50-a175-66810ae10f44', 'Croissant', 1, 80, 80);

INSERT INTO public.orders (id, order_id, status, amount, payment_method, cashier_name, created_at)
VALUES ('13332634-248f-47b4-9de3-238780841a1b', 'ORD-00996', 'Completed', 780, 'Cash', 'System Seed', '2026-04-29T05:25:38.990Z');

INSERT INTO public.order_items (order_id, product_id, name, quantity, unit_price, subtotal)
VALUES ('13332634-248f-47b4-9de3-238780841a1b', '48233f0a-6e57-4a45-b033-627d13f1be78', 'Cappuccino', 3, 120, 360);

INSERT INTO public.order_items (order_id, product_id, name, quantity, unit_price, subtotal)
VALUES ('13332634-248f-47b4-9de3-238780841a1b', '3a6a55c0-70f3-4417-a252-db77d9e511c0', 'Latte', 2, 120, 240);

INSERT INTO public.order_items (order_id, product_id, name, quantity, unit_price, subtotal)
VALUES ('13332634-248f-47b4-9de3-238780841a1b', 'fe6b02e6-9366-4abd-874c-fcb832e0e282', 'Green Tea', 2, 90, 180);

INSERT INTO public.orders (id, order_id, status, amount, payment_method, cashier_name, created_at)
VALUES ('6d7ea665-9bfe-4f72-9364-6bb181c7d688', 'ORD-00997', 'Completed', 550, 'Maya', 'System Seed', '2026-04-29T08:34:02.990Z');

INSERT INTO public.order_items (order_id, product_id, name, quantity, unit_price, subtotal)
VALUES ('6d7ea665-9bfe-4f72-9364-6bb181c7d688', '3a6a55c0-70f3-4417-a252-db77d9e511c0', 'Latte', 2, 120, 240);

INSERT INTO public.order_items (order_id, product_id, name, quantity, unit_price, subtotal)
VALUES ('6d7ea665-9bfe-4f72-9364-6bb181c7d688', '48233f0a-6e57-4a45-b033-627d13f1be78', 'Cappuccino', 1, 120, 120);

INSERT INTO public.order_items (order_id, product_id, name, quantity, unit_price, subtotal)
VALUES ('6d7ea665-9bfe-4f72-9364-6bb181c7d688', '36c93748-7c86-4ddb-ba49-1bd1a164bf42', 'Blueberry Muffin', 2, 95, 190);

INSERT INTO public.orders (id, order_id, status, amount, payment_method, cashier_name, created_at)
VALUES ('6ced6139-f3b8-49f6-93c6-f6138739cc4d', 'ORD-00998', 'Completed', 850, 'Maya', 'System Seed', '2026-04-29T06:17:55.990Z');

INSERT INTO public.order_items (order_id, product_id, name, quantity, unit_price, subtotal)
VALUES ('6ced6139-f3b8-49f6-93c6-f6138739cc4d', '48233f0a-6e57-4a45-b033-627d13f1be78', 'Cappuccino', 2, 120, 240);

INSERT INTO public.order_items (order_id, product_id, name, quantity, unit_price, subtotal)
VALUES ('6ced6139-f3b8-49f6-93c6-f6138739cc4d', '36c93748-7c86-4ddb-ba49-1bd1a164bf42', 'Blueberry Muffin', 1, 95, 95);

INSERT INTO public.order_items (order_id, product_id, name, quantity, unit_price, subtotal)
VALUES ('6ced6139-f3b8-49f6-93c6-f6138739cc4d', '1b5c6269-ce45-4413-acb8-21813cd7f9cf', 'Mocha', 3, 140, 420);

INSERT INTO public.order_items (order_id, product_id, name, quantity, unit_price, subtotal)
VALUES ('6ced6139-f3b8-49f6-93c6-f6138739cc4d', '36c93748-7c86-4ddb-ba49-1bd1a164bf42', 'Blueberry Muffin', 1, 95, 95);

INSERT INTO public.orders (id, order_id, status, amount, payment_method, cashier_name, created_at)
VALUES ('56791fa7-1ac6-46e7-81ad-cb04ebc53aec', 'ORD-00999', 'Completed', 460, 'GCash', 'System Seed', '2026-04-29T09:23:40.990Z');

INSERT INTO public.order_items (order_id, product_id, name, quantity, unit_price, subtotal)
VALUES ('56791fa7-1ac6-46e7-81ad-cb04ebc53aec', '48233f0a-6e57-4a45-b033-627d13f1be78', 'Cappuccino', 2, 120, 240);

INSERT INTO public.order_items (order_id, product_id, name, quantity, unit_price, subtotal)
VALUES ('56791fa7-1ac6-46e7-81ad-cb04ebc53aec', 'dfe22f11-84a3-41d2-a268-149f012eae60', 'Sparkling Lemonade', 2, 110, 220);

INSERT INTO public.orders (id, order_id, status, amount, payment_method, cashier_name, created_at)
VALUES ('d4245534-4733-469f-aabf-21430eba555c', 'ORD-01000', 'Void (Not Made)', 605, 'Credit Card', 'System Seed', '2026-04-28T23:14:59.990Z');

INSERT INTO public.order_items (order_id, product_id, name, quantity, unit_price, subtotal)
VALUES ('d4245534-4733-469f-aabf-21430eba555c', '48233f0a-6e57-4a45-b033-627d13f1be78', 'Cappuccino', 2, 120, 240);

INSERT INTO public.order_items (order_id, product_id, name, quantity, unit_price, subtotal)
VALUES ('d4245534-4733-469f-aabf-21430eba555c', '65f0b94f-ccbe-4b50-a175-66810ae10f44', 'Croissant', 1, 80, 80);

INSERT INTO public.order_items (order_id, product_id, name, quantity, unit_price, subtotal)
VALUES ('d4245534-4733-469f-aabf-21430eba555c', '36c93748-7c86-4ddb-ba49-1bd1a164bf42', 'Blueberry Muffin', 3, 95, 285);

INSERT INTO public.orders (id, order_id, status, amount, payment_method, cashier_name, created_at)
VALUES ('bdad4be5-62dd-4109-bc4a-957045c4d54a', 'ORD-01001', 'Completed', 580, 'GCash', 'System Seed', '2026-04-29T07:05:03.990Z');

INSERT INTO public.order_items (order_id, product_id, name, quantity, unit_price, subtotal)
VALUES ('bdad4be5-62dd-4109-bc4a-957045c4d54a', '1b5c6269-ce45-4413-acb8-21813cd7f9cf', 'Mocha', 2, 140, 280);

INSERT INTO public.order_items (order_id, product_id, name, quantity, unit_price, subtotal)
VALUES ('bdad4be5-62dd-4109-bc4a-957045c4d54a', '83a6812d-2665-4ce5-871a-78a4eab3ce80', 'Americano', 2, 100, 200);

INSERT INTO public.order_items (order_id, product_id, name, quantity, unit_price, subtotal)
VALUES ('bdad4be5-62dd-4109-bc4a-957045c4d54a', '83a6812d-2665-4ce5-871a-78a4eab3ce80', 'Americano', 1, 100, 100);

INSERT INTO public.orders (id, order_id, status, amount, payment_method, cashier_name, created_at)
VALUES ('12a52887-b140-4fcf-a0bf-f5407e2cb222', 'ORD-01002', 'Void (Not Made)', 820, 'GCash', 'System Seed', '2026-04-29T06:29:50.990Z');

INSERT INTO public.order_items (order_id, product_id, name, quantity, unit_price, subtotal)
VALUES ('12a52887-b140-4fcf-a0bf-f5407e2cb222', '65f0b94f-ccbe-4b50-a175-66810ae10f44', 'Croissant', 3, 80, 240);

INSERT INTO public.order_items (order_id, product_id, name, quantity, unit_price, subtotal)
VALUES ('12a52887-b140-4fcf-a0bf-f5407e2cb222', '1b5c6269-ce45-4413-acb8-21813cd7f9cf', 'Mocha', 3, 140, 420);

INSERT INTO public.order_items (order_id, product_id, name, quantity, unit_price, subtotal)
VALUES ('12a52887-b140-4fcf-a0bf-f5407e2cb222', '65f0b94f-ccbe-4b50-a175-66810ae10f44', 'Croissant', 2, 80, 160);

INSERT INTO public.orders (id, order_id, status, amount, payment_method, cashier_name, created_at)
VALUES ('42768a8c-6892-436e-9760-aa69ed067f0a', 'ORD-01003', 'Void (Not Made)', 360, 'GCash', 'System Seed', '2026-04-29T00:11:29.990Z');

INSERT INTO public.order_items (order_id, product_id, name, quantity, unit_price, subtotal)
VALUES ('42768a8c-6892-436e-9760-aa69ed067f0a', 'dfe22f11-84a3-41d2-a268-149f012eae60', 'Sparkling Lemonade', 2, 110, 220);

INSERT INTO public.order_items (order_id, product_id, name, quantity, unit_price, subtotal)
VALUES ('42768a8c-6892-436e-9760-aa69ed067f0a', '1b5c6269-ce45-4413-acb8-21813cd7f9cf', 'Mocha', 1, 140, 140);

INSERT INTO public.orders (id, order_id, status, amount, payment_method, cashier_name, created_at)
VALUES ('62817b0d-d386-4065-a835-5545bc67c9bd', 'ORD-01004', 'Void (Consumed)', 690, 'GCash', 'System Seed', '2026-04-29T01:16:01.990Z');

INSERT INTO public.order_items (order_id, product_id, name, quantity, unit_price, subtotal)
VALUES ('62817b0d-d386-4065-a835-5545bc67c9bd', '3a6a55c0-70f3-4417-a252-db77d9e511c0', 'Latte', 3, 120, 360);

INSERT INTO public.order_items (order_id, product_id, name, quantity, unit_price, subtotal)
VALUES ('62817b0d-d386-4065-a835-5545bc67c9bd', '48233f0a-6e57-4a45-b033-627d13f1be78', 'Cappuccino', 2, 120, 240);

INSERT INTO public.order_items (order_id, product_id, name, quantity, unit_price, subtotal)
VALUES ('62817b0d-d386-4065-a835-5545bc67c9bd', 'fe6b02e6-9366-4abd-874c-fcb832e0e282', 'Green Tea', 1, 90, 90);

INSERT INTO public.orders (id, order_id, status, amount, payment_method, cashier_name, created_at)
VALUES ('ee4ccc90-47fc-41a4-ac74-548af9da48aa', 'ORD-01005', 'Completed', 450, 'Cash', 'System Seed', '2026-04-30T05:59:11.990Z');

INSERT INTO public.order_items (order_id, product_id, name, quantity, unit_price, subtotal)
VALUES ('ee4ccc90-47fc-41a4-ac74-548af9da48aa', 'fe6b02e6-9366-4abd-874c-fcb832e0e282', 'Green Tea', 3, 90, 270);

INSERT INTO public.order_items (order_id, product_id, name, quantity, unit_price, subtotal)
VALUES ('ee4ccc90-47fc-41a4-ac74-548af9da48aa', 'fe6b02e6-9366-4abd-874c-fcb832e0e282', 'Green Tea', 2, 90, 180);

INSERT INTO public.orders (id, order_id, status, amount, payment_method, cashier_name, created_at)
VALUES ('9de966f1-e56f-4b28-8dc0-2780ccfd7ab8', 'ORD-01006', 'Completed', 950, 'Maya', 'System Seed', '2026-04-30T02:46:28.990Z');

INSERT INTO public.order_items (order_id, product_id, name, quantity, unit_price, subtotal)
VALUES ('9de966f1-e56f-4b28-8dc0-2780ccfd7ab8', '1b5c6269-ce45-4413-acb8-21813cd7f9cf', 'Mocha', 1, 140, 140);

INSERT INTO public.order_items (order_id, product_id, name, quantity, unit_price, subtotal)
VALUES ('9de966f1-e56f-4b28-8dc0-2780ccfd7ab8', '65f0b94f-ccbe-4b50-a175-66810ae10f44', 'Croissant', 3, 80, 240);

INSERT INTO public.order_items (order_id, product_id, name, quantity, unit_price, subtotal)
VALUES ('9de966f1-e56f-4b28-8dc0-2780ccfd7ab8', '83a6812d-2665-4ce5-871a-78a4eab3ce80', 'Americano', 3, 100, 300);

INSERT INTO public.order_items (order_id, product_id, name, quantity, unit_price, subtotal)
VALUES ('9de966f1-e56f-4b28-8dc0-2780ccfd7ab8', 'fe6b02e6-9366-4abd-874c-fcb832e0e282', 'Green Tea', 3, 90, 270);

INSERT INTO public.orders (id, order_id, status, amount, payment_method, cashier_name, created_at)
VALUES ('56318f6c-0b83-4b80-86d7-9ea150d8e0df', 'ORD-01007', 'Completed', 750, 'Maya', 'System Seed', '2026-04-30T01:48:27.990Z');

INSERT INTO public.order_items (order_id, product_id, name, quantity, unit_price, subtotal)
VALUES ('56318f6c-0b83-4b80-86d7-9ea150d8e0df', '36c93748-7c86-4ddb-ba49-1bd1a164bf42', 'Blueberry Muffin', 3, 95, 285);

INSERT INTO public.order_items (order_id, product_id, name, quantity, unit_price, subtotal)
VALUES ('56318f6c-0b83-4b80-86d7-9ea150d8e0df', '36c93748-7c86-4ddb-ba49-1bd1a164bf42', 'Blueberry Muffin', 2, 95, 190);

INSERT INTO public.order_items (order_id, product_id, name, quantity, unit_price, subtotal)
VALUES ('56318f6c-0b83-4b80-86d7-9ea150d8e0df', '36c93748-7c86-4ddb-ba49-1bd1a164bf42', 'Blueberry Muffin', 1, 95, 95);

INSERT INTO public.order_items (order_id, product_id, name, quantity, unit_price, subtotal)
VALUES ('56318f6c-0b83-4b80-86d7-9ea150d8e0df', 'fe6b02e6-9366-4abd-874c-fcb832e0e282', 'Green Tea', 2, 90, 180);

INSERT INTO public.orders (id, order_id, status, amount, payment_method, cashier_name, created_at)
VALUES ('9738288a-3360-4d8c-a592-4c8a8f754fc0', 'ORD-01008', 'Completed', 565, 'Credit Card', 'System Seed', '2026-04-30T11:05:39.990Z');

INSERT INTO public.order_items (order_id, product_id, name, quantity, unit_price, subtotal)
VALUES ('9738288a-3360-4d8c-a592-4c8a8f754fc0', '36c93748-7c86-4ddb-ba49-1bd1a164bf42', 'Blueberry Muffin', 3, 95, 285);

INSERT INTO public.order_items (order_id, product_id, name, quantity, unit_price, subtotal)
VALUES ('9738288a-3360-4d8c-a592-4c8a8f754fc0', '3a6a55c0-70f3-4417-a252-db77d9e511c0', 'Latte', 1, 120, 120);

INSERT INTO public.order_items (order_id, product_id, name, quantity, unit_price, subtotal)
VALUES ('9738288a-3360-4d8c-a592-4c8a8f754fc0', '65f0b94f-ccbe-4b50-a175-66810ae10f44', 'Croissant', 2, 80, 160);

INSERT INTO public.orders (id, order_id, status, amount, payment_method, cashier_name, created_at)
VALUES ('1ce2001f-7cd0-4d9d-ae93-4085e697ea06', 'ORD-01009', 'Completed', 280, 'Cash', 'System Seed', '2026-04-29T23:52:04.990Z');

INSERT INTO public.order_items (order_id, product_id, name, quantity, unit_price, subtotal)
VALUES ('1ce2001f-7cd0-4d9d-ae93-4085e697ea06', '1b5c6269-ce45-4413-acb8-21813cd7f9cf', 'Mocha', 2, 140, 280);

INSERT INTO public.orders (id, order_id, status, amount, payment_method, cashier_name, created_at)
VALUES ('33260a5c-0001-45c4-907d-f136c8c51b43', 'ORD-01010', 'Void (Consumed)', 285, 'Cash', 'System Seed', '2026-04-30T07:40:05.990Z');

INSERT INTO public.order_items (order_id, product_id, name, quantity, unit_price, subtotal)
VALUES ('33260a5c-0001-45c4-907d-f136c8c51b43', '36c93748-7c86-4ddb-ba49-1bd1a164bf42', 'Blueberry Muffin', 3, 95, 285);

INSERT INTO public.orders (id, order_id, status, amount, payment_method, cashier_name, created_at)
VALUES ('e40f6a0a-c548-455a-beda-e5712aa7d060', 'ORD-01011', 'Void (Consumed)', 360, 'Credit Card', 'System Seed', '2026-04-30T00:29:29.990Z');

INSERT INTO public.order_items (order_id, product_id, name, quantity, unit_price, subtotal)
VALUES ('e40f6a0a-c548-455a-beda-e5712aa7d060', '65f0b94f-ccbe-4b50-a175-66810ae10f44', 'Croissant', 2, 80, 160);

INSERT INTO public.order_items (order_id, product_id, name, quantity, unit_price, subtotal)
VALUES ('e40f6a0a-c548-455a-beda-e5712aa7d060', '83a6812d-2665-4ce5-871a-78a4eab3ce80', 'Americano', 2, 100, 200);

INSERT INTO public.orders (id, order_id, status, amount, payment_method, cashier_name, created_at)
VALUES ('8a026399-1366-48fd-922d-a8938d6c278e', 'ORD-01012', 'Void (Not Made)', 570, 'Credit Card', 'System Seed', '2026-04-29T23:00:47.990Z');

INSERT INTO public.order_items (order_id, product_id, name, quantity, unit_price, subtotal)
VALUES ('8a026399-1366-48fd-922d-a8938d6c278e', 'fe6b02e6-9366-4abd-874c-fcb832e0e282', 'Green Tea', 3, 90, 270);

INSERT INTO public.order_items (order_id, product_id, name, quantity, unit_price, subtotal)
VALUES ('8a026399-1366-48fd-922d-a8938d6c278e', '83a6812d-2665-4ce5-871a-78a4eab3ce80', 'Americano', 2, 100, 200);

INSERT INTO public.order_items (order_id, product_id, name, quantity, unit_price, subtotal)
VALUES ('8a026399-1366-48fd-922d-a8938d6c278e', '83a6812d-2665-4ce5-871a-78a4eab3ce80', 'Americano', 1, 100, 100);

INSERT INTO public.orders (id, order_id, status, amount, payment_method, cashier_name, created_at)
VALUES ('5c7e2111-cea5-4b2a-9f5c-28f993b90910', 'ORD-01013', 'Completed', 785, 'GCash', 'System Seed', '2026-04-29T23:22:03.990Z');

INSERT INTO public.order_items (order_id, product_id, name, quantity, unit_price, subtotal)
VALUES ('5c7e2111-cea5-4b2a-9f5c-28f993b90910', '36c93748-7c86-4ddb-ba49-1bd1a164bf42', 'Blueberry Muffin', 3, 95, 285);

INSERT INTO public.order_items (order_id, product_id, name, quantity, unit_price, subtotal)
VALUES ('5c7e2111-cea5-4b2a-9f5c-28f993b90910', '65f0b94f-ccbe-4b50-a175-66810ae10f44', 'Croissant', 2, 80, 160);

INSERT INTO public.order_items (order_id, product_id, name, quantity, unit_price, subtotal)
VALUES ('5c7e2111-cea5-4b2a-9f5c-28f993b90910', '83a6812d-2665-4ce5-871a-78a4eab3ce80', 'Americano', 2, 100, 200);

INSERT INTO public.order_items (order_id, product_id, name, quantity, unit_price, subtotal)
VALUES ('5c7e2111-cea5-4b2a-9f5c-28f993b90910', '1b5c6269-ce45-4413-acb8-21813cd7f9cf', 'Mocha', 1, 140, 140);

INSERT INTO public.orders (id, order_id, status, amount, payment_method, cashier_name, created_at)
VALUES ('8d303498-5df0-426e-8367-3951cb1cd31f', 'ORD-01014', 'Void (Not Made)', 100, 'Cash', 'System Seed', '2026-04-30T09:30:29.990Z');

INSERT INTO public.order_items (order_id, product_id, name, quantity, unit_price, subtotal)
VALUES ('8d303498-5df0-426e-8367-3951cb1cd31f', '83a6812d-2665-4ce5-871a-78a4eab3ce80', 'Americano', 1, 100, 100);

INSERT INTO public.orders (id, order_id, status, amount, payment_method, cashier_name, created_at)
VALUES ('12683b95-d452-4ff7-b7e3-1a9377c6090f', 'ORD-01015', 'Completed', 950, 'Maya', 'System Seed', '2026-04-30T12:05:55.990Z');

INSERT INTO public.order_items (order_id, product_id, name, quantity, unit_price, subtotal)
VALUES ('12683b95-d452-4ff7-b7e3-1a9377c6090f', '65f0b94f-ccbe-4b50-a175-66810ae10f44', 'Croissant', 3, 80, 240);

INSERT INTO public.order_items (order_id, product_id, name, quantity, unit_price, subtotal)
VALUES ('12683b95-d452-4ff7-b7e3-1a9377c6090f', '3a6a55c0-70f3-4417-a252-db77d9e511c0', 'Latte', 3, 120, 360);

INSERT INTO public.order_items (order_id, product_id, name, quantity, unit_price, subtotal)
VALUES ('12683b95-d452-4ff7-b7e3-1a9377c6090f', 'fe6b02e6-9366-4abd-874c-fcb832e0e282', 'Green Tea', 3, 90, 270);

INSERT INTO public.order_items (order_id, product_id, name, quantity, unit_price, subtotal)
VALUES ('12683b95-d452-4ff7-b7e3-1a9377c6090f', '65f0b94f-ccbe-4b50-a175-66810ae10f44', 'Croissant', 1, 80, 80);

INSERT INTO public.orders (id, order_id, status, amount, payment_method, cashier_name, created_at)
VALUES ('80b31189-0125-40b6-844d-720009bcc062', 'ORD-01016', 'Void (Not Made)', 255, 'Maya', 'System Seed', '2026-04-29T23:05:31.990Z');

INSERT INTO public.order_items (order_id, product_id, name, quantity, unit_price, subtotal)
VALUES ('80b31189-0125-40b6-844d-720009bcc062', '36c93748-7c86-4ddb-ba49-1bd1a164bf42', 'Blueberry Muffin', 1, 95, 95);

INSERT INTO public.order_items (order_id, product_id, name, quantity, unit_price, subtotal)
VALUES ('80b31189-0125-40b6-844d-720009bcc062', '65f0b94f-ccbe-4b50-a175-66810ae10f44', 'Croissant', 2, 80, 160);

INSERT INTO public.orders (id, order_id, status, amount, payment_method, cashier_name, created_at)
VALUES ('c13a6738-57db-4f94-9c38-ba729082c340', 'ORD-01017', 'Void (Not Made)', 600, 'Credit Card', 'System Seed', '2026-04-30T02:13:17.990Z');

INSERT INTO public.order_items (order_id, product_id, name, quantity, unit_price, subtotal)
VALUES ('c13a6738-57db-4f94-9c38-ba729082c340', '83a6812d-2665-4ce5-871a-78a4eab3ce80', 'Americano', 1, 100, 100);

INSERT INTO public.order_items (order_id, product_id, name, quantity, unit_price, subtotal)
VALUES ('c13a6738-57db-4f94-9c38-ba729082c340', '83a6812d-2665-4ce5-871a-78a4eab3ce80', 'Americano', 1, 100, 100);

INSERT INTO public.order_items (order_id, product_id, name, quantity, unit_price, subtotal)
VALUES ('c13a6738-57db-4f94-9c38-ba729082c340', '1b5c6269-ce45-4413-acb8-21813cd7f9cf', 'Mocha', 2, 140, 280);

INSERT INTO public.order_items (order_id, product_id, name, quantity, unit_price, subtotal)
VALUES ('c13a6738-57db-4f94-9c38-ba729082c340', '48233f0a-6e57-4a45-b033-627d13f1be78', 'Cappuccino', 1, 120, 120);

INSERT INTO public.orders (id, order_id, status, amount, payment_method, cashier_name, created_at)
VALUES ('85e448e8-7ff1-47b0-9b99-a7ac0dd33a99', 'ORD-01018', 'Completed', 370, 'Maya', 'System Seed', '2026-04-30T03:03:28.990Z');

INSERT INTO public.order_items (order_id, product_id, name, quantity, unit_price, subtotal)
VALUES ('85e448e8-7ff1-47b0-9b99-a7ac0dd33a99', 'fe6b02e6-9366-4abd-874c-fcb832e0e282', 'Green Tea', 2, 90, 180);

INSERT INTO public.order_items (order_id, product_id, name, quantity, unit_price, subtotal)
VALUES ('85e448e8-7ff1-47b0-9b99-a7ac0dd33a99', '36c93748-7c86-4ddb-ba49-1bd1a164bf42', 'Blueberry Muffin', 2, 95, 190);

INSERT INTO public.orders (id, order_id, status, amount, payment_method, cashier_name, created_at)
VALUES ('818f9adc-f24f-4333-866c-b9450cfa2d0e', 'ORD-01019', 'Void (Consumed)', 275, 'Maya', 'System Seed', '2026-04-30T07:42:15.990Z');

INSERT INTO public.order_items (order_id, product_id, name, quantity, unit_price, subtotal)
VALUES ('818f9adc-f24f-4333-866c-b9450cfa2d0e', 'fe6b02e6-9366-4abd-874c-fcb832e0e282', 'Green Tea', 2, 90, 180);

INSERT INTO public.order_items (order_id, product_id, name, quantity, unit_price, subtotal)
VALUES ('818f9adc-f24f-4333-866c-b9450cfa2d0e', '36c93748-7c86-4ddb-ba49-1bd1a164bf42', 'Blueberry Muffin', 1, 95, 95);

INSERT INTO public.orders (id, order_id, status, amount, payment_method, cashier_name, created_at)
VALUES ('71158570-2aaf-439e-8490-8b44b0beb4f6', 'ORD-01020', 'Completed', 160, 'Credit Card', 'System Seed', '2026-04-30T06:22:35.990Z');

INSERT INTO public.order_items (order_id, product_id, name, quantity, unit_price, subtotal)
VALUES ('71158570-2aaf-439e-8490-8b44b0beb4f6', '65f0b94f-ccbe-4b50-a175-66810ae10f44', 'Croissant', 2, 80, 160);

INSERT INTO public.orders (id, order_id, status, amount, payment_method, cashier_name, created_at)
VALUES ('bb5bdf43-61f9-409e-abf1-b6e25816ef8e', 'ORD-01021', 'Void (Consumed)', 120, 'Credit Card', 'System Seed', '2026-04-30T05:00:33.990Z');

INSERT INTO public.order_items (order_id, product_id, name, quantity, unit_price, subtotal)
VALUES ('bb5bdf43-61f9-409e-abf1-b6e25816ef8e', '48233f0a-6e57-4a45-b033-627d13f1be78', 'Cappuccino', 1, 120, 120);

INSERT INTO public.orders (id, order_id, status, amount, payment_method, cashier_name, created_at)
VALUES ('a94f4b5b-4b05-4c9c-9e88-6234c434ba57', 'ORD-01022', 'Completed', 460, 'Maya', 'System Seed', '2026-04-30T11:52:03.990Z');

INSERT INTO public.order_items (order_id, product_id, name, quantity, unit_price, subtotal)
VALUES ('a94f4b5b-4b05-4c9c-9e88-6234c434ba57', 'fe6b02e6-9366-4abd-874c-fcb832e0e282', 'Green Tea', 3, 90, 270);

INSERT INTO public.order_items (order_id, product_id, name, quantity, unit_price, subtotal)
VALUES ('a94f4b5b-4b05-4c9c-9e88-6234c434ba57', '36c93748-7c86-4ddb-ba49-1bd1a164bf42', 'Blueberry Muffin', 2, 95, 190);

INSERT INTO public.orders (id, order_id, status, amount, payment_method, cashier_name, created_at)
VALUES ('c65ab36a-3f1d-4601-9217-cf3c2f6c8f38', 'ORD-01023', 'Completed', 240, 'GCash', 'System Seed', '2026-04-29T23:38:10.990Z');

INSERT INTO public.order_items (order_id, product_id, name, quantity, unit_price, subtotal)
VALUES ('c65ab36a-3f1d-4601-9217-cf3c2f6c8f38', '48233f0a-6e57-4a45-b033-627d13f1be78', 'Cappuccino', 2, 120, 240);

INSERT INTO public.orders (id, order_id, status, amount, payment_method, cashier_name, created_at)
VALUES ('94e0d908-7564-494a-8251-fb26c7619835', 'ORD-01024', 'Void (Not Made)', 580, 'Cash', 'System Seed', '2026-05-01T12:28:25.990Z');

INSERT INTO public.order_items (order_id, product_id, name, quantity, unit_price, subtotal)
VALUES ('94e0d908-7564-494a-8251-fb26c7619835', 'dfe22f11-84a3-41d2-a268-149f012eae60', 'Sparkling Lemonade', 2, 110, 220);

INSERT INTO public.order_items (order_id, product_id, name, quantity, unit_price, subtotal)
VALUES ('94e0d908-7564-494a-8251-fb26c7619835', '48233f0a-6e57-4a45-b033-627d13f1be78', 'Cappuccino', 3, 120, 360);

INSERT INTO public.orders (id, order_id, status, amount, payment_method, cashier_name, created_at)
VALUES ('58d52144-4959-4adc-891e-ebb60af7f8fa', 'ORD-01025', 'Completed', 825, 'Maya', 'System Seed', '2026-05-01T07:50:24.990Z');

INSERT INTO public.order_items (order_id, product_id, name, quantity, unit_price, subtotal)
VALUES ('58d52144-4959-4adc-891e-ebb60af7f8fa', '36c93748-7c86-4ddb-ba49-1bd1a164bf42', 'Blueberry Muffin', 3, 95, 285);

INSERT INTO public.order_items (order_id, product_id, name, quantity, unit_price, subtotal)
VALUES ('58d52144-4959-4adc-891e-ebb60af7f8fa', '83a6812d-2665-4ce5-871a-78a4eab3ce80', 'Americano', 3, 100, 300);

INSERT INTO public.order_items (order_id, product_id, name, quantity, unit_price, subtotal)
VALUES ('58d52144-4959-4adc-891e-ebb60af7f8fa', '3a6a55c0-70f3-4417-a252-db77d9e511c0', 'Latte', 2, 120, 240);

INSERT INTO public.orders (id, order_id, status, amount, payment_method, cashier_name, created_at)
VALUES ('c733603f-6416-4b7c-bc26-30c44d144fe4', 'ORD-01026', 'Void (Consumed)', 110, 'Cash', 'System Seed', '2026-05-01T12:18:20.990Z');

INSERT INTO public.order_items (order_id, product_id, name, quantity, unit_price, subtotal)
VALUES ('c733603f-6416-4b7c-bc26-30c44d144fe4', 'dfe22f11-84a3-41d2-a268-149f012eae60', 'Sparkling Lemonade', 1, 110, 110);

INSERT INTO public.orders (id, order_id, status, amount, payment_method, cashier_name, created_at)
VALUES ('57eef923-5cdc-4ec9-a2f5-b5131604d3b4', 'ORD-01027', 'Completed', 240, 'Cash', 'System Seed', '2026-05-01T01:10:50.990Z');

INSERT INTO public.order_items (order_id, product_id, name, quantity, unit_price, subtotal)
VALUES ('57eef923-5cdc-4ec9-a2f5-b5131604d3b4', '3a6a55c0-70f3-4417-a252-db77d9e511c0', 'Latte', 2, 120, 240);

INSERT INTO public.orders (id, order_id, status, amount, payment_method, cashier_name, created_at)
VALUES ('6815cd37-d75e-4119-81af-60e1a34a9195', 'ORD-01028', 'Completed', 660, 'Credit Card', 'System Seed', '2026-05-01T10:21:50.990Z');

INSERT INTO public.order_items (order_id, product_id, name, quantity, unit_price, subtotal)
VALUES ('6815cd37-d75e-4119-81af-60e1a34a9195', '3a6a55c0-70f3-4417-a252-db77d9e511c0', 'Latte', 3, 120, 360);

INSERT INTO public.order_items (order_id, product_id, name, quantity, unit_price, subtotal)
VALUES ('6815cd37-d75e-4119-81af-60e1a34a9195', '48233f0a-6e57-4a45-b033-627d13f1be78', 'Cappuccino', 1, 120, 120);

INSERT INTO public.order_items (order_id, product_id, name, quantity, unit_price, subtotal)
VALUES ('6815cd37-d75e-4119-81af-60e1a34a9195', 'fe6b02e6-9366-4abd-874c-fcb832e0e282', 'Green Tea', 2, 90, 180);

INSERT INTO public.orders (id, order_id, status, amount, payment_method, cashier_name, created_at)
VALUES ('6c1c950d-0921-4c86-b5dd-15b0e3a0948a', 'ORD-01029', 'Void (Not Made)', 120, 'Maya', 'System Seed', '2026-05-01T01:20:53.990Z');

INSERT INTO public.order_items (order_id, product_id, name, quantity, unit_price, subtotal)
VALUES ('6c1c950d-0921-4c86-b5dd-15b0e3a0948a', '48233f0a-6e57-4a45-b033-627d13f1be78', 'Cappuccino', 1, 120, 120);

INSERT INTO public.orders (id, order_id, status, amount, payment_method, cashier_name, created_at)
VALUES ('34cd7194-4c0d-41a3-bf79-49541632678b', 'ORD-01030', 'Completed', 215, 'GCash', 'System Seed', '2026-05-01T01:11:10.990Z');

INSERT INTO public.order_items (order_id, product_id, name, quantity, unit_price, subtotal)
VALUES ('34cd7194-4c0d-41a3-bf79-49541632678b', '48233f0a-6e57-4a45-b033-627d13f1be78', 'Cappuccino', 1, 120, 120);

INSERT INTO public.order_items (order_id, product_id, name, quantity, unit_price, subtotal)
VALUES ('34cd7194-4c0d-41a3-bf79-49541632678b', '36c93748-7c86-4ddb-ba49-1bd1a164bf42', 'Blueberry Muffin', 1, 95, 95);

INSERT INTO public.orders (id, order_id, status, amount, payment_method, cashier_name, created_at)
VALUES ('9779295a-efda-4d5b-a796-6f5dff48d07a', 'ORD-01031', 'Completed', 240, 'GCash', 'System Seed', '2026-05-01T08:25:19.990Z');

INSERT INTO public.order_items (order_id, product_id, name, quantity, unit_price, subtotal)
VALUES ('9779295a-efda-4d5b-a796-6f5dff48d07a', '48233f0a-6e57-4a45-b033-627d13f1be78', 'Cappuccino', 2, 120, 240);

INSERT INTO public.orders (id, order_id, status, amount, payment_method, cashier_name, created_at)
VALUES ('93ed34a7-688d-42c7-a788-2ce1c262a61b', 'ORD-01032', 'Completed', 680, 'Credit Card', 'System Seed', '2026-05-01T05:29:10.990Z');

INSERT INTO public.order_items (order_id, product_id, name, quantity, unit_price, subtotal)
VALUES ('93ed34a7-688d-42c7-a788-2ce1c262a61b', '3a6a55c0-70f3-4417-a252-db77d9e511c0', 'Latte', 2, 120, 240);

INSERT INTO public.order_items (order_id, product_id, name, quantity, unit_price, subtotal)
VALUES ('93ed34a7-688d-42c7-a788-2ce1c262a61b', '83a6812d-2665-4ce5-871a-78a4eab3ce80', 'Americano', 3, 100, 300);

INSERT INTO public.order_items (order_id, product_id, name, quantity, unit_price, subtotal)
VALUES ('93ed34a7-688d-42c7-a788-2ce1c262a61b', '1b5c6269-ce45-4413-acb8-21813cd7f9cf', 'Mocha', 1, 140, 140);

INSERT INTO public.orders (id, order_id, status, amount, payment_method, cashier_name, created_at)
VALUES ('74cf3e03-a646-44f7-9351-fd3cddf869a0', 'ORD-01033', 'Completed', 820, 'GCash', 'System Seed', '2026-04-30T23:05:11.990Z');

INSERT INTO public.order_items (order_id, product_id, name, quantity, unit_price, subtotal)
VALUES ('74cf3e03-a646-44f7-9351-fd3cddf869a0', '1b5c6269-ce45-4413-acb8-21813cd7f9cf', 'Mocha', 3, 140, 420);

INSERT INTO public.order_items (order_id, product_id, name, quantity, unit_price, subtotal)
VALUES ('74cf3e03-a646-44f7-9351-fd3cddf869a0', '65f0b94f-ccbe-4b50-a175-66810ae10f44', 'Croissant', 3, 80, 240);

INSERT INTO public.order_items (order_id, product_id, name, quantity, unit_price, subtotal)
VALUES ('74cf3e03-a646-44f7-9351-fd3cddf869a0', '65f0b94f-ccbe-4b50-a175-66810ae10f44', 'Croissant', 2, 80, 160);

INSERT INTO public.orders (id, order_id, status, amount, payment_method, cashier_name, created_at)
VALUES ('63c4f5e9-517a-4fb8-94cd-6a00111ee2e9', 'ORD-01034', 'Completed', 980, 'Cash', 'System Seed', '2026-05-01T12:55:47.990Z');

INSERT INTO public.order_items (order_id, product_id, name, quantity, unit_price, subtotal)
VALUES ('63c4f5e9-517a-4fb8-94cd-6a00111ee2e9', '3a6a55c0-70f3-4417-a252-db77d9e511c0', 'Latte', 1, 120, 120);

INSERT INTO public.order_items (order_id, product_id, name, quantity, unit_price, subtotal)
VALUES ('63c4f5e9-517a-4fb8-94cd-6a00111ee2e9', '1b5c6269-ce45-4413-acb8-21813cd7f9cf', 'Mocha', 2, 140, 280);

INSERT INTO public.order_items (order_id, product_id, name, quantity, unit_price, subtotal)
VALUES ('63c4f5e9-517a-4fb8-94cd-6a00111ee2e9', '83a6812d-2665-4ce5-871a-78a4eab3ce80', 'Americano', 3, 100, 300);

INSERT INTO public.order_items (order_id, product_id, name, quantity, unit_price, subtotal)
VALUES ('63c4f5e9-517a-4fb8-94cd-6a00111ee2e9', '1b5c6269-ce45-4413-acb8-21813cd7f9cf', 'Mocha', 2, 140, 280);

INSERT INTO public.orders (id, order_id, status, amount, payment_method, cashier_name, created_at)
VALUES ('6dd286e2-7a10-472d-8e62-a5efa82dea5f', 'ORD-01035', 'Completed', 720, 'Credit Card', 'System Seed', '2026-05-01T12:34:19.990Z');

INSERT INTO public.order_items (order_id, product_id, name, quantity, unit_price, subtotal)
VALUES ('6dd286e2-7a10-472d-8e62-a5efa82dea5f', '36c93748-7c86-4ddb-ba49-1bd1a164bf42', 'Blueberry Muffin', 2, 95, 190);

INSERT INTO public.order_items (order_id, product_id, name, quantity, unit_price, subtotal)
VALUES ('6dd286e2-7a10-472d-8e62-a5efa82dea5f', '83a6812d-2665-4ce5-871a-78a4eab3ce80', 'Americano', 2, 100, 200);

INSERT INTO public.order_items (order_id, product_id, name, quantity, unit_price, subtotal)
VALUES ('6dd286e2-7a10-472d-8e62-a5efa82dea5f', 'dfe22f11-84a3-41d2-a268-149f012eae60', 'Sparkling Lemonade', 3, 110, 330);

INSERT INTO public.orders (id, order_id, status, amount, payment_method, cashier_name, created_at)
VALUES ('f22ee01a-55db-4778-817c-941831d2cadb', 'ORD-01036', 'Completed', 90, 'Maya', 'System Seed', '2026-05-01T08:49:41.990Z');

INSERT INTO public.order_items (order_id, product_id, name, quantity, unit_price, subtotal)
VALUES ('f22ee01a-55db-4778-817c-941831d2cadb', 'fe6b02e6-9366-4abd-874c-fcb832e0e282', 'Green Tea', 1, 90, 90);

INSERT INTO public.orders (id, order_id, status, amount, payment_method, cashier_name, created_at)
VALUES ('790f2027-ef6a-4ac4-93b7-c26d4b0a618e', 'ORD-01037', 'Void (Not Made)', 220, 'Credit Card', 'System Seed', '2026-05-01T00:06:10.990Z');

INSERT INTO public.order_items (order_id, product_id, name, quantity, unit_price, subtotal)
VALUES ('790f2027-ef6a-4ac4-93b7-c26d4b0a618e', 'dfe22f11-84a3-41d2-a268-149f012eae60', 'Sparkling Lemonade', 2, 110, 220);

INSERT INTO public.orders (id, order_id, status, amount, payment_method, cashier_name, created_at)
VALUES ('9ef9db17-be73-47ad-a70a-09cd0a2073e8', 'ORD-01038', 'Void (Consumed)', 240, 'Maya', 'System Seed', '2026-05-01T02:55:52.990Z');

INSERT INTO public.order_items (order_id, product_id, name, quantity, unit_price, subtotal)
VALUES ('9ef9db17-be73-47ad-a70a-09cd0a2073e8', '65f0b94f-ccbe-4b50-a175-66810ae10f44', 'Croissant', 3, 80, 240);

INSERT INTO public.orders (id, order_id, status, amount, payment_method, cashier_name, created_at)
VALUES ('72ab4dfb-8d87-4019-bbc9-f16d19b76223', 'ORD-01039', 'Void (Consumed)', 635, 'Maya', 'System Seed', '2026-05-01T00:14:08.990Z');

INSERT INTO public.order_items (order_id, product_id, name, quantity, unit_price, subtotal)
VALUES ('72ab4dfb-8d87-4019-bbc9-f16d19b76223', 'dfe22f11-84a3-41d2-a268-149f012eae60', 'Sparkling Lemonade', 1, 110, 110);

INSERT INTO public.order_items (order_id, product_id, name, quantity, unit_price, subtotal)
VALUES ('72ab4dfb-8d87-4019-bbc9-f16d19b76223', '3a6a55c0-70f3-4417-a252-db77d9e511c0', 'Latte', 2, 120, 240);

INSERT INTO public.order_items (order_id, product_id, name, quantity, unit_price, subtotal)
VALUES ('72ab4dfb-8d87-4019-bbc9-f16d19b76223', '36c93748-7c86-4ddb-ba49-1bd1a164bf42', 'Blueberry Muffin', 3, 95, 285);

INSERT INTO public.orders (id, order_id, status, amount, payment_method, cashier_name, created_at)
VALUES ('f9534c23-2c4c-4949-a28a-dcc600dd61c9', 'ORD-01040', 'Completed', 690, 'Credit Card', 'System Seed', '2026-05-01T02:09:36.990Z');

INSERT INTO public.order_items (order_id, product_id, name, quantity, unit_price, subtotal)
VALUES ('f9534c23-2c4c-4949-a28a-dcc600dd61c9', '48233f0a-6e57-4a45-b033-627d13f1be78', 'Cappuccino', 3, 120, 360);

INSERT INTO public.order_items (order_id, product_id, name, quantity, unit_price, subtotal)
VALUES ('f9534c23-2c4c-4949-a28a-dcc600dd61c9', 'dfe22f11-84a3-41d2-a268-149f012eae60', 'Sparkling Lemonade', 3, 110, 330);

INSERT INTO public.orders (id, order_id, status, amount, payment_method, cashier_name, created_at)
VALUES ('0fa8544d-9af5-455e-ad0b-8df67e24feb3', 'ORD-01041', 'Completed', 360, 'Maya', 'System Seed', '2026-05-01T02:51:35.990Z');

INSERT INTO public.order_items (order_id, product_id, name, quantity, unit_price, subtotal)
VALUES ('0fa8544d-9af5-455e-ad0b-8df67e24feb3', '3a6a55c0-70f3-4417-a252-db77d9e511c0', 'Latte', 3, 120, 360);

INSERT INTO public.orders (id, order_id, status, amount, payment_method, cashier_name, created_at)
VALUES ('5beadff1-ae7b-4f22-9eb2-05ab3f7259f7', 'ORD-01042', 'Completed', 820, 'Credit Card', 'System Seed', '2026-05-01T05:41:35.990Z');

INSERT INTO public.order_items (order_id, product_id, name, quantity, unit_price, subtotal)
VALUES ('5beadff1-ae7b-4f22-9eb2-05ab3f7259f7', '83a6812d-2665-4ce5-871a-78a4eab3ce80', 'Americano', 3, 100, 300);

INSERT INTO public.order_items (order_id, product_id, name, quantity, unit_price, subtotal)
VALUES ('5beadff1-ae7b-4f22-9eb2-05ab3f7259f7', '65f0b94f-ccbe-4b50-a175-66810ae10f44', 'Croissant', 2, 80, 160);

INSERT INTO public.order_items (order_id, product_id, name, quantity, unit_price, subtotal)
VALUES ('5beadff1-ae7b-4f22-9eb2-05ab3f7259f7', '3a6a55c0-70f3-4417-a252-db77d9e511c0', 'Latte', 1, 120, 120);

INSERT INTO public.order_items (order_id, product_id, name, quantity, unit_price, subtotal)
VALUES ('5beadff1-ae7b-4f22-9eb2-05ab3f7259f7', '3a6a55c0-70f3-4417-a252-db77d9e511c0', 'Latte', 2, 120, 240);

INSERT INTO public.orders (id, order_id, status, amount, payment_method, cashier_name, created_at)
VALUES ('5e5bddd9-9f7c-425a-ac56-06c1c07e030a', 'ORD-01043', 'Completed', 640, 'Credit Card', 'System Seed', '2026-05-01T10:56:12.990Z');

INSERT INTO public.order_items (order_id, product_id, name, quantity, unit_price, subtotal)
VALUES ('5e5bddd9-9f7c-425a-ac56-06c1c07e030a', '1b5c6269-ce45-4413-acb8-21813cd7f9cf', 'Mocha', 2, 140, 280);

INSERT INTO public.order_items (order_id, product_id, name, quantity, unit_price, subtotal)
VALUES ('5e5bddd9-9f7c-425a-ac56-06c1c07e030a', '48233f0a-6e57-4a45-b033-627d13f1be78', 'Cappuccino', 3, 120, 360);

INSERT INTO public.orders (id, order_id, status, amount, payment_method, cashier_name, created_at)
VALUES ('5ece26ee-2e8c-46a5-9190-02450d8d42ee', 'ORD-01044', 'Completed', 570, 'GCash', 'System Seed', '2026-04-30T23:07:59.990Z');

INSERT INTO public.order_items (order_id, product_id, name, quantity, unit_price, subtotal)
VALUES ('5ece26ee-2e8c-46a5-9190-02450d8d42ee', 'dfe22f11-84a3-41d2-a268-149f012eae60', 'Sparkling Lemonade', 3, 110, 330);

INSERT INTO public.order_items (order_id, product_id, name, quantity, unit_price, subtotal)
VALUES ('5ece26ee-2e8c-46a5-9190-02450d8d42ee', '65f0b94f-ccbe-4b50-a175-66810ae10f44', 'Croissant', 3, 80, 240);

INSERT INTO public.orders (id, order_id, status, amount, payment_method, cashier_name, created_at)
VALUES ('d7418e59-2b47-46c3-846a-c758acd04ff3', 'ORD-01045', 'Completed', 825, 'GCash', 'System Seed', '2026-05-01T07:43:07.990Z');

INSERT INTO public.order_items (order_id, product_id, name, quantity, unit_price, subtotal)
VALUES ('d7418e59-2b47-46c3-846a-c758acd04ff3', '1b5c6269-ce45-4413-acb8-21813cd7f9cf', 'Mocha', 2, 140, 280);

INSERT INTO public.order_items (order_id, product_id, name, quantity, unit_price, subtotal)
VALUES ('d7418e59-2b47-46c3-846a-c758acd04ff3', '36c93748-7c86-4ddb-ba49-1bd1a164bf42', 'Blueberry Muffin', 3, 95, 285);

INSERT INTO public.order_items (order_id, product_id, name, quantity, unit_price, subtotal)
VALUES ('d7418e59-2b47-46c3-846a-c758acd04ff3', '48233f0a-6e57-4a45-b033-627d13f1be78', 'Cappuccino', 1, 120, 120);

INSERT INTO public.order_items (order_id, product_id, name, quantity, unit_price, subtotal)
VALUES ('d7418e59-2b47-46c3-846a-c758acd04ff3', '1b5c6269-ce45-4413-acb8-21813cd7f9cf', 'Mocha', 1, 140, 140);

INSERT INTO public.orders (id, order_id, status, amount, payment_method, cashier_name, created_at)
VALUES ('dbff4232-31c7-4ff8-bc15-c07941deea6b', 'ORD-01046', 'Void (Consumed)', 200, 'Cash', 'System Seed', '2026-05-01T06:32:06.990Z');

INSERT INTO public.order_items (order_id, product_id, name, quantity, unit_price, subtotal)
VALUES ('dbff4232-31c7-4ff8-bc15-c07941deea6b', '83a6812d-2665-4ce5-871a-78a4eab3ce80', 'Americano', 2, 100, 200);

INSERT INTO public.orders (id, order_id, status, amount, payment_method, cashier_name, created_at)
VALUES ('e7e07f1f-cad4-4d61-bf41-01b62c94fe55', 'ORD-01047', 'Void (Consumed)', 560, 'Credit Card', 'System Seed', '2026-05-01T12:11:34.990Z');

INSERT INTO public.order_items (order_id, product_id, name, quantity, unit_price, subtotal)
VALUES ('e7e07f1f-cad4-4d61-bf41-01b62c94fe55', 'fe6b02e6-9366-4abd-874c-fcb832e0e282', 'Green Tea', 1, 90, 90);

INSERT INTO public.order_items (order_id, product_id, name, quantity, unit_price, subtotal)
VALUES ('e7e07f1f-cad4-4d61-bf41-01b62c94fe55', '1b5c6269-ce45-4413-acb8-21813cd7f9cf', 'Mocha', 2, 140, 280);

INSERT INTO public.order_items (order_id, product_id, name, quantity, unit_price, subtotal)
VALUES ('e7e07f1f-cad4-4d61-bf41-01b62c94fe55', '36c93748-7c86-4ddb-ba49-1bd1a164bf42', 'Blueberry Muffin', 2, 95, 190);

INSERT INTO public.orders (id, order_id, status, amount, payment_method, cashier_name, created_at)
VALUES ('ffa9b1c2-e933-46d5-a709-218198fb28d8', 'ORD-01048', 'Completed', 900, 'Cash', 'System Seed', '2026-05-01T02:13:11.990Z');

INSERT INTO public.order_items (order_id, product_id, name, quantity, unit_price, subtotal)
VALUES ('ffa9b1c2-e933-46d5-a709-218198fb28d8', 'fe6b02e6-9366-4abd-874c-fcb832e0e282', 'Green Tea', 3, 90, 270);

INSERT INTO public.order_items (order_id, product_id, name, quantity, unit_price, subtotal)
VALUES ('ffa9b1c2-e933-46d5-a709-218198fb28d8', '3a6a55c0-70f3-4417-a252-db77d9e511c0', 'Latte', 2, 120, 240);

INSERT INTO public.order_items (order_id, product_id, name, quantity, unit_price, subtotal)
VALUES ('ffa9b1c2-e933-46d5-a709-218198fb28d8', '36c93748-7c86-4ddb-ba49-1bd1a164bf42', 'Blueberry Muffin', 2, 95, 190);

INSERT INTO public.order_items (order_id, product_id, name, quantity, unit_price, subtotal)
VALUES ('ffa9b1c2-e933-46d5-a709-218198fb28d8', '83a6812d-2665-4ce5-871a-78a4eab3ce80', 'Americano', 2, 100, 200);

INSERT INTO public.orders (id, order_id, status, amount, payment_method, cashier_name, created_at)
VALUES ('7c83d779-7aa6-4201-9979-fb797771e21f', 'ORD-01049', 'Completed', 950, 'Cash', 'System Seed', '2026-05-01T08:38:22.990Z');

INSERT INTO public.order_items (order_id, product_id, name, quantity, unit_price, subtotal)
VALUES ('7c83d779-7aa6-4201-9979-fb797771e21f', '65f0b94f-ccbe-4b50-a175-66810ae10f44', 'Croissant', 3, 80, 240);

INSERT INTO public.order_items (order_id, product_id, name, quantity, unit_price, subtotal)
VALUES ('7c83d779-7aa6-4201-9979-fb797771e21f', 'fe6b02e6-9366-4abd-874c-fcb832e0e282', 'Green Tea', 3, 90, 270);

INSERT INTO public.order_items (order_id, product_id, name, quantity, unit_price, subtotal)
VALUES ('7c83d779-7aa6-4201-9979-fb797771e21f', '3a6a55c0-70f3-4417-a252-db77d9e511c0', 'Latte', 3, 120, 360);

INSERT INTO public.order_items (order_id, product_id, name, quantity, unit_price, subtotal)
VALUES ('7c83d779-7aa6-4201-9979-fb797771e21f', '65f0b94f-ccbe-4b50-a175-66810ae10f44', 'Croissant', 1, 80, 80);

INSERT INTO public.orders (id, order_id, status, amount, payment_method, cashier_name, created_at)
VALUES ('9ae5fbc5-9fcc-4740-b73e-17221c109a2f', 'ORD-01050', 'Completed', 665, 'Credit Card', 'System Seed', '2026-05-01T02:55:58.990Z');

INSERT INTO public.order_items (order_id, product_id, name, quantity, unit_price, subtotal)
VALUES ('9ae5fbc5-9fcc-4740-b73e-17221c109a2f', '83a6812d-2665-4ce5-871a-78a4eab3ce80', 'Americano', 1, 100, 100);

INSERT INTO public.order_items (order_id, product_id, name, quantity, unit_price, subtotal)
VALUES ('9ae5fbc5-9fcc-4740-b73e-17221c109a2f', '36c93748-7c86-4ddb-ba49-1bd1a164bf42', 'Blueberry Muffin', 3, 95, 285);

INSERT INTO public.order_items (order_id, product_id, name, quantity, unit_price, subtotal)
VALUES ('9ae5fbc5-9fcc-4740-b73e-17221c109a2f', '65f0b94f-ccbe-4b50-a175-66810ae10f44', 'Croissant', 2, 80, 160);

INSERT INTO public.order_items (order_id, product_id, name, quantity, unit_price, subtotal)
VALUES ('9ae5fbc5-9fcc-4740-b73e-17221c109a2f', '3a6a55c0-70f3-4417-a252-db77d9e511c0', 'Latte', 1, 120, 120);

INSERT INTO public.orders (id, order_id, status, amount, payment_method, cashier_name, created_at)
VALUES ('4bb2353b-343d-436b-bc50-d994fff903dd', 'ORD-01051', 'Completed', 425, 'GCash', 'System Seed', '2026-05-01T09:39:07.990Z');

INSERT INTO public.order_items (order_id, product_id, name, quantity, unit_price, subtotal)
VALUES ('4bb2353b-343d-436b-bc50-d994fff903dd', 'dfe22f11-84a3-41d2-a268-149f012eae60', 'Sparkling Lemonade', 3, 110, 330);

INSERT INTO public.order_items (order_id, product_id, name, quantity, unit_price, subtotal)
VALUES ('4bb2353b-343d-436b-bc50-d994fff903dd', '36c93748-7c86-4ddb-ba49-1bd1a164bf42', 'Blueberry Muffin', 1, 95, 95);

INSERT INTO public.orders (id, order_id, status, amount, payment_method, cashier_name, created_at)
VALUES ('ddda195e-a4ed-4959-b4c4-7808491f2bd0', 'ORD-01052', 'Completed', 240, 'GCash', 'System Seed', '2026-05-01T07:48:47.990Z');

INSERT INTO public.order_items (order_id, product_id, name, quantity, unit_price, subtotal)
VALUES ('ddda195e-a4ed-4959-b4c4-7808491f2bd0', '3a6a55c0-70f3-4417-a252-db77d9e511c0', 'Latte', 2, 120, 240);

INSERT INTO public.orders (id, order_id, status, amount, payment_method, cashier_name, created_at)
VALUES ('3e0965f6-20f0-41b0-a7ed-1a57109e8974', 'ORD-01053', 'Completed', 390, 'Cash', 'System Seed', '2026-05-01T12:47:44.990Z');

INSERT INTO public.order_items (order_id, product_id, name, quantity, unit_price, subtotal)
VALUES ('3e0965f6-20f0-41b0-a7ed-1a57109e8974', 'dfe22f11-84a3-41d2-a268-149f012eae60', 'Sparkling Lemonade', 1, 110, 110);

INSERT INTO public.order_items (order_id, product_id, name, quantity, unit_price, subtotal)
VALUES ('3e0965f6-20f0-41b0-a7ed-1a57109e8974', '1b5c6269-ce45-4413-acb8-21813cd7f9cf', 'Mocha', 2, 140, 280);

INSERT INTO public.orders (id, order_id, status, amount, payment_method, cashier_name, created_at)
VALUES ('243237f1-2e67-4f2c-abe0-7905eb1ac52a', 'ORD-01054', 'Completed', 670, 'Cash', 'System Seed', '2026-05-01T02:48:39.990Z');

INSERT INTO public.order_items (order_id, product_id, name, quantity, unit_price, subtotal)
VALUES ('243237f1-2e67-4f2c-abe0-7905eb1ac52a', '48233f0a-6e57-4a45-b033-627d13f1be78', 'Cappuccino', 1, 120, 120);

INSERT INTO public.order_items (order_id, product_id, name, quantity, unit_price, subtotal)
VALUES ('243237f1-2e67-4f2c-abe0-7905eb1ac52a', '48233f0a-6e57-4a45-b033-627d13f1be78', 'Cappuccino', 3, 120, 360);

INSERT INTO public.order_items (order_id, product_id, name, quantity, unit_price, subtotal)
VALUES ('243237f1-2e67-4f2c-abe0-7905eb1ac52a', '36c93748-7c86-4ddb-ba49-1bd1a164bf42', 'Blueberry Muffin', 2, 95, 190);

INSERT INTO public.orders (id, order_id, status, amount, payment_method, cashier_name, created_at)
VALUES ('302dd66b-1ead-4e9f-9c0c-6d2f8d07a5e9', 'ORD-01055', 'Completed', 780, 'Cash', 'System Seed', '2026-05-01T04:35:45.990Z');

INSERT INTO public.order_items (order_id, product_id, name, quantity, unit_price, subtotal)
VALUES ('302dd66b-1ead-4e9f-9c0c-6d2f8d07a5e9', '3a6a55c0-70f3-4417-a252-db77d9e511c0', 'Latte', 1, 120, 120);

INSERT INTO public.order_items (order_id, product_id, name, quantity, unit_price, subtotal)
VALUES ('302dd66b-1ead-4e9f-9c0c-6d2f8d07a5e9', '1b5c6269-ce45-4413-acb8-21813cd7f9cf', 'Mocha', 3, 140, 420);

INSERT INTO public.order_items (order_id, product_id, name, quantity, unit_price, subtotal)
VALUES ('302dd66b-1ead-4e9f-9c0c-6d2f8d07a5e9', '3a6a55c0-70f3-4417-a252-db77d9e511c0', 'Latte', 2, 120, 240);

INSERT INTO public.orders (id, order_id, status, amount, payment_method, cashier_name, created_at)
VALUES ('59b434e6-363c-4ed6-995c-3b863a79a741', 'ORD-01056', 'Completed', 285, 'Credit Card', 'System Seed', '2026-05-01T07:27:35.990Z');

INSERT INTO public.order_items (order_id, product_id, name, quantity, unit_price, subtotal)
VALUES ('59b434e6-363c-4ed6-995c-3b863a79a741', '36c93748-7c86-4ddb-ba49-1bd1a164bf42', 'Blueberry Muffin', 1, 95, 95);

INSERT INTO public.order_items (order_id, product_id, name, quantity, unit_price, subtotal)
VALUES ('59b434e6-363c-4ed6-995c-3b863a79a741', '36c93748-7c86-4ddb-ba49-1bd1a164bf42', 'Blueberry Muffin', 2, 95, 190);

INSERT INTO public.orders (id, order_id, status, amount, payment_method, cashier_name, created_at)
VALUES ('90dcd4af-8b38-4c56-8a61-73035b637263', 'ORD-01057', 'Completed', 200, 'Cash', 'System Seed', '2026-04-30T23:17:45.990Z');

INSERT INTO public.order_items (order_id, product_id, name, quantity, unit_price, subtotal)
VALUES ('90dcd4af-8b38-4c56-8a61-73035b637263', '83a6812d-2665-4ce5-871a-78a4eab3ce80', 'Americano', 2, 100, 200);

INSERT INTO public.orders (id, order_id, status, amount, payment_method, cashier_name, created_at)
VALUES ('cc457ba7-8e85-475c-828c-09d6ce690382', 'ORD-01058', 'Completed', 600, 'Credit Card', 'System Seed', '2026-05-01T23:26:27.990Z');

INSERT INTO public.order_items (order_id, product_id, name, quantity, unit_price, subtotal)
VALUES ('cc457ba7-8e85-475c-828c-09d6ce690382', 'fe6b02e6-9366-4abd-874c-fcb832e0e282', 'Green Tea', 3, 90, 270);

INSERT INTO public.order_items (order_id, product_id, name, quantity, unit_price, subtotal)
VALUES ('cc457ba7-8e85-475c-828c-09d6ce690382', 'dfe22f11-84a3-41d2-a268-149f012eae60', 'Sparkling Lemonade', 3, 110, 330);

INSERT INTO public.orders (id, order_id, status, amount, payment_method, cashier_name, created_at)
VALUES ('6b393774-7753-4044-8048-ee5f008ad749', 'ORD-01059', 'Completed', 200, 'Cash', 'System Seed', '2026-05-02T11:44:27.990Z');

INSERT INTO public.order_items (order_id, product_id, name, quantity, unit_price, subtotal)
VALUES ('6b393774-7753-4044-8048-ee5f008ad749', '83a6812d-2665-4ce5-871a-78a4eab3ce80', 'Americano', 2, 100, 200);

INSERT INTO public.orders (id, order_id, status, amount, payment_method, cashier_name, created_at)
VALUES ('68e85d3a-0b26-48d4-a14f-886e901102dd', 'ORD-01060', 'Void (Consumed)', 335, 'Cash', 'System Seed', '2026-05-02T05:00:01.990Z');

INSERT INTO public.order_items (order_id, product_id, name, quantity, unit_price, subtotal)
VALUES ('68e85d3a-0b26-48d4-a14f-886e901102dd', '48233f0a-6e57-4a45-b033-627d13f1be78', 'Cappuccino', 2, 120, 240);

INSERT INTO public.order_items (order_id, product_id, name, quantity, unit_price, subtotal)
VALUES ('68e85d3a-0b26-48d4-a14f-886e901102dd', '36c93748-7c86-4ddb-ba49-1bd1a164bf42', 'Blueberry Muffin', 1, 95, 95);

INSERT INTO public.orders (id, order_id, status, amount, payment_method, cashier_name, created_at)
VALUES ('1f1426ca-a198-4a38-b870-05db672a147c', 'ORD-01061', 'Completed', 230, 'Credit Card', 'System Seed', '2026-05-02T01:58:23.990Z');

INSERT INTO public.order_items (order_id, product_id, name, quantity, unit_price, subtotal)
VALUES ('1f1426ca-a198-4a38-b870-05db672a147c', '3a6a55c0-70f3-4417-a252-db77d9e511c0', 'Latte', 1, 120, 120);

INSERT INTO public.order_items (order_id, product_id, name, quantity, unit_price, subtotal)
VALUES ('1f1426ca-a198-4a38-b870-05db672a147c', 'dfe22f11-84a3-41d2-a268-149f012eae60', 'Sparkling Lemonade', 1, 110, 110);

INSERT INTO public.orders (id, order_id, status, amount, payment_method, cashier_name, created_at)
VALUES ('fbab6791-cd07-4f4f-98dc-d732d0d75883', 'ORD-01062', 'Void (Consumed)', 390, 'Maya', 'System Seed', '2026-05-02T02:12:43.990Z');

INSERT INTO public.order_items (order_id, product_id, name, quantity, unit_price, subtotal)
VALUES ('fbab6791-cd07-4f4f-98dc-d732d0d75883', 'fe6b02e6-9366-4abd-874c-fcb832e0e282', 'Green Tea', 3, 90, 270);

INSERT INTO public.order_items (order_id, product_id, name, quantity, unit_price, subtotal)
VALUES ('fbab6791-cd07-4f4f-98dc-d732d0d75883', '3a6a55c0-70f3-4417-a252-db77d9e511c0', 'Latte', 1, 120, 120);

INSERT INTO public.orders (id, order_id, status, amount, payment_method, cashier_name, created_at)
VALUES ('ae00733d-32cd-420a-b789-401e88f09be5', 'ORD-01063', 'Void (Consumed)', 990, 'GCash', 'System Seed', '2026-05-02T10:42:50.990Z');

INSERT INTO public.order_items (order_id, product_id, name, quantity, unit_price, subtotal)
VALUES ('ae00733d-32cd-420a-b789-401e88f09be5', '48233f0a-6e57-4a45-b033-627d13f1be78', 'Cappuccino', 2, 120, 240);

INSERT INTO public.order_items (order_id, product_id, name, quantity, unit_price, subtotal)
VALUES ('ae00733d-32cd-420a-b789-401e88f09be5', '3a6a55c0-70f3-4417-a252-db77d9e511c0', 'Latte', 3, 120, 360);

INSERT INTO public.order_items (order_id, product_id, name, quantity, unit_price, subtotal)
VALUES ('ae00733d-32cd-420a-b789-401e88f09be5', '36c93748-7c86-4ddb-ba49-1bd1a164bf42', 'Blueberry Muffin', 2, 95, 190);

INSERT INTO public.order_items (order_id, product_id, name, quantity, unit_price, subtotal)
VALUES ('ae00733d-32cd-420a-b789-401e88f09be5', '83a6812d-2665-4ce5-871a-78a4eab3ce80', 'Americano', 2, 100, 200);

INSERT INTO public.orders (id, order_id, status, amount, payment_method, cashier_name, created_at)
VALUES ('c6878e33-31b9-473a-ba81-b5a36f5c7b23', 'ORD-01064', 'Completed', 800, 'Credit Card', 'System Seed', '2026-05-02T07:04:58.990Z');

INSERT INTO public.order_items (order_id, product_id, name, quantity, unit_price, subtotal)
VALUES ('c6878e33-31b9-473a-ba81-b5a36f5c7b23', '83a6812d-2665-4ce5-871a-78a4eab3ce80', 'Americano', 2, 100, 200);

INSERT INTO public.order_items (order_id, product_id, name, quantity, unit_price, subtotal)
VALUES ('c6878e33-31b9-473a-ba81-b5a36f5c7b23', '48233f0a-6e57-4a45-b033-627d13f1be78', 'Cappuccino', 3, 120, 360);

INSERT INTO public.order_items (order_id, product_id, name, quantity, unit_price, subtotal)
VALUES ('c6878e33-31b9-473a-ba81-b5a36f5c7b23', '3a6a55c0-70f3-4417-a252-db77d9e511c0', 'Latte', 2, 120, 240);

INSERT INTO public.orders (id, order_id, status, amount, payment_method, cashier_name, created_at)
VALUES ('06a9667b-1d46-4139-8ce6-a146bbed6097', 'ORD-01065', 'Completed', 280, 'GCash', 'System Seed', '2026-05-01T23:15:48.990Z');

INSERT INTO public.order_items (order_id, product_id, name, quantity, unit_price, subtotal)
VALUES ('06a9667b-1d46-4139-8ce6-a146bbed6097', '1b5c6269-ce45-4413-acb8-21813cd7f9cf', 'Mocha', 2, 140, 280);

INSERT INTO public.orders (id, order_id, status, amount, payment_method, cashier_name, created_at)
VALUES ('6002fb10-23ad-411b-864f-c1a350c5756c', 'ORD-01066', 'Completed', 870, 'GCash', 'System Seed', '2026-05-02T07:12:42.990Z');

INSERT INTO public.order_items (order_id, product_id, name, quantity, unit_price, subtotal)
VALUES ('6002fb10-23ad-411b-864f-c1a350c5756c', 'dfe22f11-84a3-41d2-a268-149f012eae60', 'Sparkling Lemonade', 2, 110, 220);

INSERT INTO public.order_items (order_id, product_id, name, quantity, unit_price, subtotal)
VALUES ('6002fb10-23ad-411b-864f-c1a350c5756c', '83a6812d-2665-4ce5-871a-78a4eab3ce80', 'Americano', 1, 100, 100);

INSERT INTO public.order_items (order_id, product_id, name, quantity, unit_price, subtotal)
VALUES ('6002fb10-23ad-411b-864f-c1a350c5756c', '36c93748-7c86-4ddb-ba49-1bd1a164bf42', 'Blueberry Muffin', 2, 95, 190);

INSERT INTO public.order_items (order_id, product_id, name, quantity, unit_price, subtotal)
VALUES ('6002fb10-23ad-411b-864f-c1a350c5756c', '3a6a55c0-70f3-4417-a252-db77d9e511c0', 'Latte', 3, 120, 360);

INSERT INTO public.orders (id, order_id, status, amount, payment_method, cashier_name, created_at)
VALUES ('6294d57a-d85e-4fb9-9cab-55188c9ebcf7', 'ORD-01067', 'Completed', 855, 'Credit Card', 'System Seed', '2026-05-02T03:35:27.990Z');

INSERT INTO public.order_items (order_id, product_id, name, quantity, unit_price, subtotal)
VALUES ('6294d57a-d85e-4fb9-9cab-55188c9ebcf7', '48233f0a-6e57-4a45-b033-627d13f1be78', 'Cappuccino', 3, 120, 360);

INSERT INTO public.order_items (order_id, product_id, name, quantity, unit_price, subtotal)
VALUES ('6294d57a-d85e-4fb9-9cab-55188c9ebcf7', '3a6a55c0-70f3-4417-a252-db77d9e511c0', 'Latte', 2, 120, 240);

INSERT INTO public.order_items (order_id, product_id, name, quantity, unit_price, subtotal)
VALUES ('6294d57a-d85e-4fb9-9cab-55188c9ebcf7', '65f0b94f-ccbe-4b50-a175-66810ae10f44', 'Croissant', 2, 80, 160);

INSERT INTO public.order_items (order_id, product_id, name, quantity, unit_price, subtotal)
VALUES ('6294d57a-d85e-4fb9-9cab-55188c9ebcf7', '36c93748-7c86-4ddb-ba49-1bd1a164bf42', 'Blueberry Muffin', 1, 95, 95);

INSERT INTO public.orders (id, order_id, status, amount, payment_method, cashier_name, created_at)
VALUES ('59e10577-6c5f-4f44-9fd9-50ba675bf62e', 'ORD-01068', 'Void (Consumed)', 480, 'Credit Card', 'System Seed', '2026-05-02T02:38:45.990Z');

INSERT INTO public.order_items (order_id, product_id, name, quantity, unit_price, subtotal)
VALUES ('59e10577-6c5f-4f44-9fd9-50ba675bf62e', '3a6a55c0-70f3-4417-a252-db77d9e511c0', 'Latte', 2, 120, 240);

INSERT INTO public.order_items (order_id, product_id, name, quantity, unit_price, subtotal)
VALUES ('59e10577-6c5f-4f44-9fd9-50ba675bf62e', '48233f0a-6e57-4a45-b033-627d13f1be78', 'Cappuccino', 2, 120, 240);

INSERT INTO public.orders (id, order_id, status, amount, payment_method, cashier_name, created_at)
VALUES ('ef95e4bf-cd04-49b3-adfc-8d5bc181d6fc', 'ORD-01069', 'Completed', 870, 'Cash', 'System Seed', '2026-05-02T06:24:41.990Z');

INSERT INTO public.order_items (order_id, product_id, name, quantity, unit_price, subtotal)
VALUES ('ef95e4bf-cd04-49b3-adfc-8d5bc181d6fc', '1b5c6269-ce45-4413-acb8-21813cd7f9cf', 'Mocha', 1, 140, 140);

INSERT INTO public.order_items (order_id, product_id, name, quantity, unit_price, subtotal)
VALUES ('ef95e4bf-cd04-49b3-adfc-8d5bc181d6fc', 'dfe22f11-84a3-41d2-a268-149f012eae60', 'Sparkling Lemonade', 3, 110, 330);

INSERT INTO public.order_items (order_id, product_id, name, quantity, unit_price, subtotal)
VALUES ('ef95e4bf-cd04-49b3-adfc-8d5bc181d6fc', '3a6a55c0-70f3-4417-a252-db77d9e511c0', 'Latte', 2, 120, 240);

INSERT INTO public.order_items (order_id, product_id, name, quantity, unit_price, subtotal)
VALUES ('ef95e4bf-cd04-49b3-adfc-8d5bc181d6fc', '65f0b94f-ccbe-4b50-a175-66810ae10f44', 'Croissant', 2, 80, 160);

INSERT INTO public.orders (id, order_id, status, amount, payment_method, cashier_name, created_at)
VALUES ('b4e8995a-ad0a-4036-85b2-1eeacc3429f9', 'ORD-01070', 'Completed', 230, 'GCash', 'System Seed', '2026-05-02T04:39:47.990Z');

INSERT INTO public.order_items (order_id, product_id, name, quantity, unit_price, subtotal)
VALUES ('b4e8995a-ad0a-4036-85b2-1eeacc3429f9', 'dfe22f11-84a3-41d2-a268-149f012eae60', 'Sparkling Lemonade', 1, 110, 110);

INSERT INTO public.order_items (order_id, product_id, name, quantity, unit_price, subtotal)
VALUES ('b4e8995a-ad0a-4036-85b2-1eeacc3429f9', '3a6a55c0-70f3-4417-a252-db77d9e511c0', 'Latte', 1, 120, 120);

INSERT INTO public.orders (id, order_id, status, amount, payment_method, cashier_name, created_at)
VALUES ('251b137c-bf99-4a55-818c-c89288862cff', 'ORD-01071', 'Void (Not Made)', 360, 'GCash', 'System Seed', '2026-05-02T01:46:32.990Z');

INSERT INTO public.order_items (order_id, product_id, name, quantity, unit_price, subtotal)
VALUES ('251b137c-bf99-4a55-818c-c89288862cff', '48233f0a-6e57-4a45-b033-627d13f1be78', 'Cappuccino', 3, 120, 360);

INSERT INTO public.orders (id, order_id, status, amount, payment_method, cashier_name, created_at)
VALUES ('c35bf9ea-4e69-49e3-b0d1-f1a881582779', 'ORD-01072', 'Completed', 200, 'Maya', 'System Seed', '2026-05-02T06:30:39.990Z');

INSERT INTO public.order_items (order_id, product_id, name, quantity, unit_price, subtotal)
VALUES ('c35bf9ea-4e69-49e3-b0d1-f1a881582779', '65f0b94f-ccbe-4b50-a175-66810ae10f44', 'Croissant', 1, 80, 80);

INSERT INTO public.order_items (order_id, product_id, name, quantity, unit_price, subtotal)
VALUES ('c35bf9ea-4e69-49e3-b0d1-f1a881582779', '48233f0a-6e57-4a45-b033-627d13f1be78', 'Cappuccino', 1, 120, 120);

INSERT INTO public.orders (id, order_id, status, amount, payment_method, cashier_name, created_at)
VALUES ('96a372ac-df23-4a63-b21a-34fdbef67718', 'ORD-01073', 'Completed', 930, 'Cash', 'System Seed', '2026-05-01T23:31:54.990Z');

INSERT INTO public.order_items (order_id, product_id, name, quantity, unit_price, subtotal)
VALUES ('96a372ac-df23-4a63-b21a-34fdbef67718', '1b5c6269-ce45-4413-acb8-21813cd7f9cf', 'Mocha', 1, 140, 140);

INSERT INTO public.order_items (order_id, product_id, name, quantity, unit_price, subtotal)
VALUES ('96a372ac-df23-4a63-b21a-34fdbef67718', '1b5c6269-ce45-4413-acb8-21813cd7f9cf', 'Mocha', 2, 140, 280);

INSERT INTO public.order_items (order_id, product_id, name, quantity, unit_price, subtotal)
VALUES ('96a372ac-df23-4a63-b21a-34fdbef67718', 'fe6b02e6-9366-4abd-874c-fcb832e0e282', 'Green Tea', 2, 90, 180);

INSERT INTO public.order_items (order_id, product_id, name, quantity, unit_price, subtotal)
VALUES ('96a372ac-df23-4a63-b21a-34fdbef67718', 'dfe22f11-84a3-41d2-a268-149f012eae60', 'Sparkling Lemonade', 3, 110, 330);

INSERT INTO public.orders (id, order_id, status, amount, payment_method, cashier_name, created_at)
VALUES ('b306c5a9-00ba-4b1e-8b0c-864718579027', 'ORD-01074', 'Completed', 830, 'Maya', 'System Seed', '2026-05-02T12:50:35.990Z');

INSERT INTO public.order_items (order_id, product_id, name, quantity, unit_price, subtotal)
VALUES ('b306c5a9-00ba-4b1e-8b0c-864718579027', '65f0b94f-ccbe-4b50-a175-66810ae10f44', 'Croissant', 3, 80, 240);

INSERT INTO public.order_items (order_id, product_id, name, quantity, unit_price, subtotal)
VALUES ('b306c5a9-00ba-4b1e-8b0c-864718579027', '48233f0a-6e57-4a45-b033-627d13f1be78', 'Cappuccino', 1, 120, 120);

INSERT INTO public.order_items (order_id, product_id, name, quantity, unit_price, subtotal)
VALUES ('b306c5a9-00ba-4b1e-8b0c-864718579027', '48233f0a-6e57-4a45-b033-627d13f1be78', 'Cappuccino', 3, 120, 360);

INSERT INTO public.order_items (order_id, product_id, name, quantity, unit_price, subtotal)
VALUES ('b306c5a9-00ba-4b1e-8b0c-864718579027', 'dfe22f11-84a3-41d2-a268-149f012eae60', 'Sparkling Lemonade', 1, 110, 110);

INSERT INTO public.orders (id, order_id, status, amount, payment_method, cashier_name, created_at)
VALUES ('84003bf0-d5a0-4bc1-8e06-58db1443aeba', 'ORD-01075', 'Completed', 705, 'Credit Card', 'System Seed', '2026-05-02T10:23:06.990Z');

INSERT INTO public.order_items (order_id, product_id, name, quantity, unit_price, subtotal)
VALUES ('84003bf0-d5a0-4bc1-8e06-58db1443aeba', '36c93748-7c86-4ddb-ba49-1bd1a164bf42', 'Blueberry Muffin', 2, 95, 190);

INSERT INTO public.order_items (order_id, product_id, name, quantity, unit_price, subtotal)
VALUES ('84003bf0-d5a0-4bc1-8e06-58db1443aeba', '1b5c6269-ce45-4413-acb8-21813cd7f9cf', 'Mocha', 3, 140, 420);

INSERT INTO public.order_items (order_id, product_id, name, quantity, unit_price, subtotal)
VALUES ('84003bf0-d5a0-4bc1-8e06-58db1443aeba', '36c93748-7c86-4ddb-ba49-1bd1a164bf42', 'Blueberry Muffin', 1, 95, 95);

INSERT INTO public.orders (id, order_id, status, amount, payment_method, cashier_name, created_at)
VALUES ('fc912df6-4e14-4486-9816-e93672f317a3', 'ORD-01076', 'Completed', 295, 'Maya', 'System Seed', '2026-05-02T02:35:22.990Z');

INSERT INTO public.order_items (order_id, product_id, name, quantity, unit_price, subtotal)
VALUES ('fc912df6-4e14-4486-9816-e93672f317a3', 'fe6b02e6-9366-4abd-874c-fcb832e0e282', 'Green Tea', 1, 90, 90);

INSERT INTO public.order_items (order_id, product_id, name, quantity, unit_price, subtotal)
VALUES ('fc912df6-4e14-4486-9816-e93672f317a3', '36c93748-7c86-4ddb-ba49-1bd1a164bf42', 'Blueberry Muffin', 1, 95, 95);

INSERT INTO public.order_items (order_id, product_id, name, quantity, unit_price, subtotal)
VALUES ('fc912df6-4e14-4486-9816-e93672f317a3', 'dfe22f11-84a3-41d2-a268-149f012eae60', 'Sparkling Lemonade', 1, 110, 110);

INSERT INTO public.orders (id, order_id, status, amount, payment_method, cashier_name, created_at)
VALUES ('bee7a64b-9a2c-4e06-bc0e-06c10ef596cd', 'ORD-01077', 'Completed', 510, 'GCash', 'System Seed', '2026-05-03T01:15:09.990Z');

INSERT INTO public.order_items (order_id, product_id, name, quantity, unit_price, subtotal)
VALUES ('bee7a64b-9a2c-4e06-bc0e-06c10ef596cd', 'dfe22f11-84a3-41d2-a268-149f012eae60', 'Sparkling Lemonade', 3, 110, 330);

INSERT INTO public.order_items (order_id, product_id, name, quantity, unit_price, subtotal)
VALUES ('bee7a64b-9a2c-4e06-bc0e-06c10ef596cd', 'fe6b02e6-9366-4abd-874c-fcb832e0e282', 'Green Tea', 2, 90, 180);

INSERT INTO public.orders (id, order_id, status, amount, payment_method, cashier_name, created_at)
VALUES ('5d7c3bb4-dfbb-4bb0-8910-73a138a1ad48', 'ORD-01078', 'Completed', 430, 'Cash', 'System Seed', '2026-05-03T06:45:54.990Z');

INSERT INTO public.order_items (order_id, product_id, name, quantity, unit_price, subtotal)
VALUES ('5d7c3bb4-dfbb-4bb0-8910-73a138a1ad48', '36c93748-7c86-4ddb-ba49-1bd1a164bf42', 'Blueberry Muffin', 2, 95, 190);

INSERT INTO public.order_items (order_id, product_id, name, quantity, unit_price, subtotal)
VALUES ('5d7c3bb4-dfbb-4bb0-8910-73a138a1ad48', '3a6a55c0-70f3-4417-a252-db77d9e511c0', 'Latte', 2, 120, 240);

INSERT INTO public.orders (id, order_id, status, amount, payment_method, cashier_name, created_at)
VALUES ('e84d9eb5-31e7-448b-93c4-59a155e539ec', 'ORD-01079', 'Completed', 800, 'Maya', 'System Seed', '2026-05-03T01:57:13.990Z');

INSERT INTO public.order_items (order_id, product_id, name, quantity, unit_price, subtotal)
VALUES ('e84d9eb5-31e7-448b-93c4-59a155e539ec', '3a6a55c0-70f3-4417-a252-db77d9e511c0', 'Latte', 2, 120, 240);

INSERT INTO public.order_items (order_id, product_id, name, quantity, unit_price, subtotal)
VALUES ('e84d9eb5-31e7-448b-93c4-59a155e539ec', '48233f0a-6e57-4a45-b033-627d13f1be78', 'Cappuccino', 1, 120, 120);

INSERT INTO public.order_items (order_id, product_id, name, quantity, unit_price, subtotal)
VALUES ('e84d9eb5-31e7-448b-93c4-59a155e539ec', '83a6812d-2665-4ce5-871a-78a4eab3ce80', 'Americano', 2, 100, 200);

INSERT INTO public.order_items (order_id, product_id, name, quantity, unit_price, subtotal)
VALUES ('e84d9eb5-31e7-448b-93c4-59a155e539ec', '65f0b94f-ccbe-4b50-a175-66810ae10f44', 'Croissant', 3, 80, 240);

INSERT INTO public.orders (id, order_id, status, amount, payment_method, cashier_name, created_at)
VALUES ('fdf29a4e-f77b-457b-b553-0c5508dc25b4', 'ORD-01080', 'Completed', 1085, 'Cash', 'System Seed', '2026-05-03T08:09:35.990Z');

INSERT INTO public.order_items (order_id, product_id, name, quantity, unit_price, subtotal)
VALUES ('fdf29a4e-f77b-457b-b553-0c5508dc25b4', '48233f0a-6e57-4a45-b033-627d13f1be78', 'Cappuccino', 3, 120, 360);

INSERT INTO public.order_items (order_id, product_id, name, quantity, unit_price, subtotal)
VALUES ('fdf29a4e-f77b-457b-b553-0c5508dc25b4', '36c93748-7c86-4ddb-ba49-1bd1a164bf42', 'Blueberry Muffin', 3, 95, 285);

INSERT INTO public.order_items (order_id, product_id, name, quantity, unit_price, subtotal)
VALUES ('fdf29a4e-f77b-457b-b553-0c5508dc25b4', '65f0b94f-ccbe-4b50-a175-66810ae10f44', 'Croissant', 3, 80, 240);

INSERT INTO public.order_items (order_id, product_id, name, quantity, unit_price, subtotal)
VALUES ('fdf29a4e-f77b-457b-b553-0c5508dc25b4', '83a6812d-2665-4ce5-871a-78a4eab3ce80', 'Americano', 2, 100, 200);

INSERT INTO public.orders (id, order_id, status, amount, payment_method, cashier_name, created_at)
VALUES ('6a82bb87-584e-49d2-8e46-8bdaf81a10b7', 'ORD-01081', 'Completed', 240, 'Cash', 'System Seed', '2026-05-03T04:26:34.990Z');

INSERT INTO public.order_items (order_id, product_id, name, quantity, unit_price, subtotal)
VALUES ('6a82bb87-584e-49d2-8e46-8bdaf81a10b7', '48233f0a-6e57-4a45-b033-627d13f1be78', 'Cappuccino', 2, 120, 240);

INSERT INTO public.orders (id, order_id, status, amount, payment_method, cashier_name, created_at)
VALUES ('9ad31228-4038-427d-92cf-47e41da06d55', 'ORD-01082', 'Void (Consumed)', 430, 'Maya', 'System Seed', '2026-05-03T05:33:31.990Z');

INSERT INTO public.order_items (order_id, product_id, name, quantity, unit_price, subtotal)
VALUES ('9ad31228-4038-427d-92cf-47e41da06d55', '3a6a55c0-70f3-4417-a252-db77d9e511c0', 'Latte', 2, 120, 240);

INSERT INTO public.order_items (order_id, product_id, name, quantity, unit_price, subtotal)
VALUES ('9ad31228-4038-427d-92cf-47e41da06d55', '36c93748-7c86-4ddb-ba49-1bd1a164bf42', 'Blueberry Muffin', 2, 95, 190);

INSERT INTO public.orders (id, order_id, status, amount, payment_method, cashier_name, created_at)
VALUES ('a48d75e7-9166-4c33-9d01-16419cf741c0', 'ORD-01083', 'Completed', 940, 'Maya', 'System Seed', '2026-05-03T08:20:21.990Z');

INSERT INTO public.order_items (order_id, product_id, name, quantity, unit_price, subtotal)
VALUES ('a48d75e7-9166-4c33-9d01-16419cf741c0', 'fe6b02e6-9366-4abd-874c-fcb832e0e282', 'Green Tea', 1, 90, 90);

INSERT INTO public.order_items (order_id, product_id, name, quantity, unit_price, subtotal)
VALUES ('a48d75e7-9166-4c33-9d01-16419cf741c0', '48233f0a-6e57-4a45-b033-627d13f1be78', 'Cappuccino', 3, 120, 360);

INSERT INTO public.order_items (order_id, product_id, name, quantity, unit_price, subtotal)
VALUES ('a48d75e7-9166-4c33-9d01-16419cf741c0', 'dfe22f11-84a3-41d2-a268-149f012eae60', 'Sparkling Lemonade', 2, 110, 220);

INSERT INTO public.order_items (order_id, product_id, name, quantity, unit_price, subtotal)
VALUES ('a48d75e7-9166-4c33-9d01-16419cf741c0', 'fe6b02e6-9366-4abd-874c-fcb832e0e282', 'Green Tea', 3, 90, 270);

INSERT INTO public.orders (id, order_id, status, amount, payment_method, cashier_name, created_at)
VALUES ('75769508-ccdc-401c-9eed-e1055a1e2811', 'ORD-01084', 'Completed', 915, 'Credit Card', 'System Seed', '2026-05-03T06:30:10.990Z');

INSERT INTO public.order_items (order_id, product_id, name, quantity, unit_price, subtotal)
VALUES ('75769508-ccdc-401c-9eed-e1055a1e2811', '65f0b94f-ccbe-4b50-a175-66810ae10f44', 'Croissant', 3, 80, 240);

INSERT INTO public.order_items (order_id, product_id, name, quantity, unit_price, subtotal)
VALUES ('75769508-ccdc-401c-9eed-e1055a1e2811', '36c93748-7c86-4ddb-ba49-1bd1a164bf42', 'Blueberry Muffin', 1, 95, 95);

INSERT INTO public.order_items (order_id, product_id, name, quantity, unit_price, subtotal)
VALUES ('75769508-ccdc-401c-9eed-e1055a1e2811', '48233f0a-6e57-4a45-b033-627d13f1be78', 'Cappuccino', 3, 120, 360);

INSERT INTO public.order_items (order_id, product_id, name, quantity, unit_price, subtotal)
VALUES ('75769508-ccdc-401c-9eed-e1055a1e2811', 'dfe22f11-84a3-41d2-a268-149f012eae60', 'Sparkling Lemonade', 2, 110, 220);

INSERT INTO public.orders (id, order_id, status, amount, payment_method, cashier_name, created_at)
VALUES ('a78e768b-7057-45ab-943e-2fb6c618f7c7', 'ORD-01085', 'Void (Not Made)', 535, 'Credit Card', 'System Seed', '2026-05-03T12:56:33.990Z');

INSERT INTO public.order_items (order_id, product_id, name, quantity, unit_price, subtotal)
VALUES ('a78e768b-7057-45ab-943e-2fb6c618f7c7', '65f0b94f-ccbe-4b50-a175-66810ae10f44', 'Croissant', 1, 80, 80);

INSERT INTO public.order_items (order_id, product_id, name, quantity, unit_price, subtotal)
VALUES ('a78e768b-7057-45ab-943e-2fb6c618f7c7', '3a6a55c0-70f3-4417-a252-db77d9e511c0', 'Latte', 1, 120, 120);

INSERT INTO public.order_items (order_id, product_id, name, quantity, unit_price, subtotal)
VALUES ('a78e768b-7057-45ab-943e-2fb6c618f7c7', '36c93748-7c86-4ddb-ba49-1bd1a164bf42', 'Blueberry Muffin', 1, 95, 95);

INSERT INTO public.order_items (order_id, product_id, name, quantity, unit_price, subtotal)
VALUES ('a78e768b-7057-45ab-943e-2fb6c618f7c7', '48233f0a-6e57-4a45-b033-627d13f1be78', 'Cappuccino', 2, 120, 240);

INSERT INTO public.orders (id, order_id, status, amount, payment_method, cashier_name, created_at)
VALUES ('29af28cc-0119-4e83-98f1-5972cf743411', 'ORD-01086', 'Void (Consumed)', 880, 'GCash', 'System Seed', '2026-05-03T01:28:04.990Z');

INSERT INTO public.order_items (order_id, product_id, name, quantity, unit_price, subtotal)
VALUES ('29af28cc-0119-4e83-98f1-5972cf743411', 'fe6b02e6-9366-4abd-874c-fcb832e0e282', 'Green Tea', 2, 90, 180);

INSERT INTO public.order_items (order_id, product_id, name, quantity, unit_price, subtotal)
VALUES ('29af28cc-0119-4e83-98f1-5972cf743411', '48233f0a-6e57-4a45-b033-627d13f1be78', 'Cappuccino', 2, 120, 240);

INSERT INTO public.order_items (order_id, product_id, name, quantity, unit_price, subtotal)
VALUES ('29af28cc-0119-4e83-98f1-5972cf743411', '3a6a55c0-70f3-4417-a252-db77d9e511c0', 'Latte', 2, 120, 240);

INSERT INTO public.order_items (order_id, product_id, name, quantity, unit_price, subtotal)
VALUES ('29af28cc-0119-4e83-98f1-5972cf743411', 'dfe22f11-84a3-41d2-a268-149f012eae60', 'Sparkling Lemonade', 2, 110, 220);

INSERT INTO public.orders (id, order_id, status, amount, payment_method, cashier_name, created_at)
VALUES ('b4e9bb04-f347-4571-81d5-4dbd9eecd3e3', 'ORD-01087', 'Completed', 1020, 'Credit Card', 'System Seed', '2026-05-03T10:15:52.990Z');

INSERT INTO public.order_items (order_id, product_id, name, quantity, unit_price, subtotal)
VALUES ('b4e9bb04-f347-4571-81d5-4dbd9eecd3e3', '48233f0a-6e57-4a45-b033-627d13f1be78', 'Cappuccino', 2, 120, 240);

INSERT INTO public.order_items (order_id, product_id, name, quantity, unit_price, subtotal)
VALUES ('b4e9bb04-f347-4571-81d5-4dbd9eecd3e3', '1b5c6269-ce45-4413-acb8-21813cd7f9cf', 'Mocha', 3, 140, 420);

INSERT INTO public.order_items (order_id, product_id, name, quantity, unit_price, subtotal)
VALUES ('b4e9bb04-f347-4571-81d5-4dbd9eecd3e3', '48233f0a-6e57-4a45-b033-627d13f1be78', 'Cappuccino', 3, 120, 360);

INSERT INTO public.orders (id, order_id, status, amount, payment_method, cashier_name, created_at)
VALUES ('00b5dee9-645e-4649-9bf3-89583385f06a', 'ORD-01088', 'Completed', 380, 'Cash', 'System Seed', '2026-05-02T23:11:01.990Z');

INSERT INTO public.order_items (order_id, product_id, name, quantity, unit_price, subtotal)
VALUES ('00b5dee9-645e-4649-9bf3-89583385f06a', '1b5c6269-ce45-4413-acb8-21813cd7f9cf', 'Mocha', 1, 140, 140);

INSERT INTO public.order_items (order_id, product_id, name, quantity, unit_price, subtotal)
VALUES ('00b5dee9-645e-4649-9bf3-89583385f06a', '48233f0a-6e57-4a45-b033-627d13f1be78', 'Cappuccino', 2, 120, 240);

INSERT INTO public.orders (id, order_id, status, amount, payment_method, cashier_name, created_at)
VALUES ('d876acdf-e009-49a8-8db4-33624d9bd051', 'ORD-01089', 'Completed', 285, 'Maya', 'System Seed', '2026-05-02T23:23:00.990Z');

INSERT INTO public.order_items (order_id, product_id, name, quantity, unit_price, subtotal)
VALUES ('d876acdf-e009-49a8-8db4-33624d9bd051', '36c93748-7c86-4ddb-ba49-1bd1a164bf42', 'Blueberry Muffin', 3, 95, 285);

INSERT INTO public.orders (id, order_id, status, amount, payment_method, cashier_name, created_at)
VALUES ('3de5c7df-b54e-462b-b0c9-e3b6ce5894e5', 'ORD-01090', 'Completed', 1020, 'Cash', 'System Seed', '2026-05-03T08:25:31.990Z');

INSERT INTO public.order_items (order_id, product_id, name, quantity, unit_price, subtotal)
VALUES ('3de5c7df-b54e-462b-b0c9-e3b6ce5894e5', '3a6a55c0-70f3-4417-a252-db77d9e511c0', 'Latte', 1, 120, 120);

INSERT INTO public.order_items (order_id, product_id, name, quantity, unit_price, subtotal)
VALUES ('3de5c7df-b54e-462b-b0c9-e3b6ce5894e5', '48233f0a-6e57-4a45-b033-627d13f1be78', 'Cappuccino', 2, 120, 240);

INSERT INTO public.order_items (order_id, product_id, name, quantity, unit_price, subtotal)
VALUES ('3de5c7df-b54e-462b-b0c9-e3b6ce5894e5', '83a6812d-2665-4ce5-871a-78a4eab3ce80', 'Americano', 3, 100, 300);

INSERT INTO public.order_items (order_id, product_id, name, quantity, unit_price, subtotal)
VALUES ('3de5c7df-b54e-462b-b0c9-e3b6ce5894e5', '3a6a55c0-70f3-4417-a252-db77d9e511c0', 'Latte', 3, 120, 360);

INSERT INTO public.orders (id, order_id, status, amount, payment_method, cashier_name, created_at)
VALUES ('480ad460-0eb6-47dd-8b11-23e9ec990c2f', 'ORD-01091', 'Void (Consumed)', 790, 'Cash', 'System Seed', '2026-05-02T23:57:13.990Z');

INSERT INTO public.order_items (order_id, product_id, name, quantity, unit_price, subtotal)
VALUES ('480ad460-0eb6-47dd-8b11-23e9ec990c2f', '36c93748-7c86-4ddb-ba49-1bd1a164bf42', 'Blueberry Muffin', 2, 95, 190);

INSERT INTO public.order_items (order_id, product_id, name, quantity, unit_price, subtotal)
VALUES ('480ad460-0eb6-47dd-8b11-23e9ec990c2f', 'dfe22f11-84a3-41d2-a268-149f012eae60', 'Sparkling Lemonade', 3, 110, 330);

INSERT INTO public.order_items (order_id, product_id, name, quantity, unit_price, subtotal)
VALUES ('480ad460-0eb6-47dd-8b11-23e9ec990c2f', 'fe6b02e6-9366-4abd-874c-fcb832e0e282', 'Green Tea', 1, 90, 90);

INSERT INTO public.order_items (order_id, product_id, name, quantity, unit_price, subtotal)
VALUES ('480ad460-0eb6-47dd-8b11-23e9ec990c2f', 'fe6b02e6-9366-4abd-874c-fcb832e0e282', 'Green Tea', 2, 90, 180);

INSERT INTO public.orders (id, order_id, status, amount, payment_method, cashier_name, created_at)
VALUES ('bfdb0606-5883-4444-ad52-48524264eaf9', 'ORD-01092', 'Completed', 810, 'GCash', 'System Seed', '2026-05-03T11:54:42.990Z');

INSERT INTO public.order_items (order_id, product_id, name, quantity, unit_price, subtotal)
VALUES ('bfdb0606-5883-4444-ad52-48524264eaf9', 'dfe22f11-84a3-41d2-a268-149f012eae60', 'Sparkling Lemonade', 3, 110, 330);

INSERT INTO public.order_items (order_id, product_id, name, quantity, unit_price, subtotal)
VALUES ('bfdb0606-5883-4444-ad52-48524264eaf9', '3a6a55c0-70f3-4417-a252-db77d9e511c0', 'Latte', 3, 120, 360);

INSERT INTO public.order_items (order_id, product_id, name, quantity, unit_price, subtotal)
VALUES ('bfdb0606-5883-4444-ad52-48524264eaf9', '3a6a55c0-70f3-4417-a252-db77d9e511c0', 'Latte', 1, 120, 120);

INSERT INTO public.orders (id, order_id, status, amount, payment_method, cashier_name, created_at)
VALUES ('a0e988dc-1eb5-4c21-bc46-c0ded51fac2a', 'ORD-01093', 'Void (Consumed)', 440, 'GCash', 'System Seed', '2026-05-03T06:29:08.990Z');

INSERT INTO public.order_items (order_id, product_id, name, quantity, unit_price, subtotal)
VALUES ('a0e988dc-1eb5-4c21-bc46-c0ded51fac2a', '65f0b94f-ccbe-4b50-a175-66810ae10f44', 'Croissant', 3, 80, 240);

INSERT INTO public.order_items (order_id, product_id, name, quantity, unit_price, subtotal)
VALUES ('a0e988dc-1eb5-4c21-bc46-c0ded51fac2a', '83a6812d-2665-4ce5-871a-78a4eab3ce80', 'Americano', 2, 100, 200);

INSERT INTO public.orders (id, order_id, status, amount, payment_method, cashier_name, created_at)
VALUES ('ee2b2293-0c3c-49b7-8b7f-1feeac591c26', 'ORD-01094', 'Completed', 340, 'Credit Card', 'System Seed', '2026-05-03T09:04:51.990Z');

INSERT INTO public.order_items (order_id, product_id, name, quantity, unit_price, subtotal)
VALUES ('ee2b2293-0c3c-49b7-8b7f-1feeac591c26', '83a6812d-2665-4ce5-871a-78a4eab3ce80', 'Americano', 2, 100, 200);

INSERT INTO public.order_items (order_id, product_id, name, quantity, unit_price, subtotal)
VALUES ('ee2b2293-0c3c-49b7-8b7f-1feeac591c26', '1b5c6269-ce45-4413-acb8-21813cd7f9cf', 'Mocha', 1, 140, 140);

INSERT INTO public.orders (id, order_id, status, amount, payment_method, cashier_name, created_at)
VALUES ('fc0d2dcc-4ac7-4c7c-aa1a-734d184d3eda', 'ORD-01095', 'Completed', 835, 'Credit Card', 'System Seed', '2026-05-03T08:31:58.990Z');

INSERT INTO public.order_items (order_id, product_id, name, quantity, unit_price, subtotal)
VALUES ('fc0d2dcc-4ac7-4c7c-aa1a-734d184d3eda', 'fe6b02e6-9366-4abd-874c-fcb832e0e282', 'Green Tea', 2, 90, 180);

INSERT INTO public.order_items (order_id, product_id, name, quantity, unit_price, subtotal)
VALUES ('fc0d2dcc-4ac7-4c7c-aa1a-734d184d3eda', '3a6a55c0-70f3-4417-a252-db77d9e511c0', 'Latte', 3, 120, 360);

INSERT INTO public.order_items (order_id, product_id, name, quantity, unit_price, subtotal)
VALUES ('fc0d2dcc-4ac7-4c7c-aa1a-734d184d3eda', '83a6812d-2665-4ce5-871a-78a4eab3ce80', 'Americano', 2, 100, 200);

INSERT INTO public.order_items (order_id, product_id, name, quantity, unit_price, subtotal)
VALUES ('fc0d2dcc-4ac7-4c7c-aa1a-734d184d3eda', '36c93748-7c86-4ddb-ba49-1bd1a164bf42', 'Blueberry Muffin', 1, 95, 95);

INSERT INTO public.orders (id, order_id, status, amount, payment_method, cashier_name, created_at)
VALUES ('1e82a945-8e70-4aaa-b8e5-d90cd8ef1137', 'ORD-01096', 'Completed', 780, 'Cash', 'System Seed', '2026-05-03T01:29:35.990Z');

INSERT INTO public.order_items (order_id, product_id, name, quantity, unit_price, subtotal)
VALUES ('1e82a945-8e70-4aaa-b8e5-d90cd8ef1137', '48233f0a-6e57-4a45-b033-627d13f1be78', 'Cappuccino', 3, 120, 360);

INSERT INTO public.order_items (order_id, product_id, name, quantity, unit_price, subtotal)
VALUES ('1e82a945-8e70-4aaa-b8e5-d90cd8ef1137', '83a6812d-2665-4ce5-871a-78a4eab3ce80', 'Americano', 2, 100, 200);

INSERT INTO public.order_items (order_id, product_id, name, quantity, unit_price, subtotal)
VALUES ('1e82a945-8e70-4aaa-b8e5-d90cd8ef1137', 'dfe22f11-84a3-41d2-a268-149f012eae60', 'Sparkling Lemonade', 2, 110, 220);

INSERT INTO public.orders (id, order_id, status, amount, payment_method, cashier_name, created_at)
VALUES ('27471158-eac2-4621-a466-964e017c1be1', 'ORD-01097', 'Completed', 330, 'Cash', 'System Seed', '2026-05-03T05:28:10.990Z');

INSERT INTO public.order_items (order_id, product_id, name, quantity, unit_price, subtotal)
VALUES ('27471158-eac2-4621-a466-964e017c1be1', 'dfe22f11-84a3-41d2-a268-149f012eae60', 'Sparkling Lemonade', 3, 110, 330);

INSERT INTO public.orders (id, order_id, status, amount, payment_method, cashier_name, created_at)
VALUES ('4f75605d-b6b5-4b46-ac27-680154caf65f', 'ORD-01098', 'Completed', 580, 'GCash', 'System Seed', '2026-05-04T02:55:26.990Z');

INSERT INTO public.order_items (order_id, product_id, name, quantity, unit_price, subtotal)
VALUES ('4f75605d-b6b5-4b46-ac27-680154caf65f', 'dfe22f11-84a3-41d2-a268-149f012eae60', 'Sparkling Lemonade', 2, 110, 220);

INSERT INTO public.order_items (order_id, product_id, name, quantity, unit_price, subtotal)
VALUES ('4f75605d-b6b5-4b46-ac27-680154caf65f', 'fe6b02e6-9366-4abd-874c-fcb832e0e282', 'Green Tea', 2, 90, 180);

INSERT INTO public.order_items (order_id, product_id, name, quantity, unit_price, subtotal)
VALUES ('4f75605d-b6b5-4b46-ac27-680154caf65f', 'fe6b02e6-9366-4abd-874c-fcb832e0e282', 'Green Tea', 2, 90, 180);

INSERT INTO public.orders (id, order_id, status, amount, payment_method, cashier_name, created_at)
VALUES ('b07251a4-d220-436d-8336-320bff593783', 'ORD-01099', 'Completed', 730, 'GCash', 'System Seed', '2026-05-04T03:54:59.990Z');

INSERT INTO public.order_items (order_id, product_id, name, quantity, unit_price, subtotal)
VALUES ('b07251a4-d220-436d-8336-320bff593783', '48233f0a-6e57-4a45-b033-627d13f1be78', 'Cappuccino', 3, 120, 360);

INSERT INTO public.order_items (order_id, product_id, name, quantity, unit_price, subtotal)
VALUES ('b07251a4-d220-436d-8336-320bff593783', '83a6812d-2665-4ce5-871a-78a4eab3ce80', 'Americano', 2, 100, 200);

INSERT INTO public.order_items (order_id, product_id, name, quantity, unit_price, subtotal)
VALUES ('b07251a4-d220-436d-8336-320bff593783', '65f0b94f-ccbe-4b50-a175-66810ae10f44', 'Croissant', 1, 80, 80);

INSERT INTO public.order_items (order_id, product_id, name, quantity, unit_price, subtotal)
VALUES ('b07251a4-d220-436d-8336-320bff593783', 'fe6b02e6-9366-4abd-874c-fcb832e0e282', 'Green Tea', 1, 90, 90);

INSERT INTO public.orders (id, order_id, status, amount, payment_method, cashier_name, created_at)
VALUES ('44a4d97f-2118-480c-b40f-068218be8b1c', 'ORD-01100', 'Void (Not Made)', 900, 'Credit Card', 'System Seed', '2026-05-04T02:16:00.990Z');

INSERT INTO public.order_items (order_id, product_id, name, quantity, unit_price, subtotal)
VALUES ('44a4d97f-2118-480c-b40f-068218be8b1c', '3a6a55c0-70f3-4417-a252-db77d9e511c0', 'Latte', 1, 120, 120);

INSERT INTO public.order_items (order_id, product_id, name, quantity, unit_price, subtotal)
VALUES ('44a4d97f-2118-480c-b40f-068218be8b1c', '48233f0a-6e57-4a45-b033-627d13f1be78', 'Cappuccino', 2, 120, 240);

INSERT INTO public.order_items (order_id, product_id, name, quantity, unit_price, subtotal)
VALUES ('44a4d97f-2118-480c-b40f-068218be8b1c', 'fe6b02e6-9366-4abd-874c-fcb832e0e282', 'Green Tea', 2, 90, 180);

INSERT INTO public.order_items (order_id, product_id, name, quantity, unit_price, subtotal)
VALUES ('44a4d97f-2118-480c-b40f-068218be8b1c', '3a6a55c0-70f3-4417-a252-db77d9e511c0', 'Latte', 3, 120, 360);

INSERT INTO public.orders (id, order_id, status, amount, payment_method, cashier_name, created_at)
VALUES ('dce786d8-cad8-48c2-8a1b-e751fa49a007', 'ORD-01101', 'Void (Consumed)', 330, 'Maya', 'System Seed', '2026-05-04T01:36:33.990Z');

INSERT INTO public.order_items (order_id, product_id, name, quantity, unit_price, subtotal)
VALUES ('dce786d8-cad8-48c2-8a1b-e751fa49a007', 'fe6b02e6-9366-4abd-874c-fcb832e0e282', 'Green Tea', 1, 90, 90);

INSERT INTO public.order_items (order_id, product_id, name, quantity, unit_price, subtotal)
VALUES ('dce786d8-cad8-48c2-8a1b-e751fa49a007', '65f0b94f-ccbe-4b50-a175-66810ae10f44', 'Croissant', 3, 80, 240);

INSERT INTO public.orders (id, order_id, status, amount, payment_method, cashier_name, created_at)
VALUES ('bc915088-b383-4603-afe5-521bc2c4279e', 'ORD-01102', 'Void (Consumed)', 670, 'GCash', 'System Seed', '2026-05-04T09:05:30.990Z');

INSERT INTO public.order_items (order_id, product_id, name, quantity, unit_price, subtotal)
VALUES ('bc915088-b383-4603-afe5-521bc2c4279e', '1b5c6269-ce45-4413-acb8-21813cd7f9cf', 'Mocha', 1, 140, 140);

INSERT INTO public.order_items (order_id, product_id, name, quantity, unit_price, subtotal)
VALUES ('bc915088-b383-4603-afe5-521bc2c4279e', '83a6812d-2665-4ce5-871a-78a4eab3ce80', 'Americano', 2, 100, 200);

INSERT INTO public.order_items (order_id, product_id, name, quantity, unit_price, subtotal)
VALUES ('bc915088-b383-4603-afe5-521bc2c4279e', 'dfe22f11-84a3-41d2-a268-149f012eae60', 'Sparkling Lemonade', 3, 110, 330);

INSERT INTO public.orders (id, order_id, status, amount, payment_method, cashier_name, created_at)
VALUES ('bf47d92b-1088-48f6-afbb-3f4a2a52de12', 'ORD-01103', 'Void (Consumed)', 900, 'Cash', 'System Seed', '2026-05-04T05:46:58.990Z');

INSERT INTO public.order_items (order_id, product_id, name, quantity, unit_price, subtotal)
VALUES ('bf47d92b-1088-48f6-afbb-3f4a2a52de12', '1b5c6269-ce45-4413-acb8-21813cd7f9cf', 'Mocha', 3, 140, 420);

INSERT INTO public.order_items (order_id, product_id, name, quantity, unit_price, subtotal)
VALUES ('bf47d92b-1088-48f6-afbb-3f4a2a52de12', '48233f0a-6e57-4a45-b033-627d13f1be78', 'Cappuccino', 2, 120, 240);

INSERT INTO public.order_items (order_id, product_id, name, quantity, unit_price, subtotal)
VALUES ('bf47d92b-1088-48f6-afbb-3f4a2a52de12', '65f0b94f-ccbe-4b50-a175-66810ae10f44', 'Croissant', 3, 80, 240);

INSERT INTO public.orders (id, order_id, status, amount, payment_method, cashier_name, created_at)
VALUES ('f3f2b0b3-6397-4327-a695-0c4e9e4d3d03', 'ORD-01104', 'Completed', 840, 'Maya', 'System Seed', '2026-05-04T10:00:37.990Z');

INSERT INTO public.order_items (order_id, product_id, name, quantity, unit_price, subtotal)
VALUES ('f3f2b0b3-6397-4327-a695-0c4e9e4d3d03', '3a6a55c0-70f3-4417-a252-db77d9e511c0', 'Latte', 2, 120, 240);

INSERT INTO public.order_items (order_id, product_id, name, quantity, unit_price, subtotal)
VALUES ('f3f2b0b3-6397-4327-a695-0c4e9e4d3d03', '48233f0a-6e57-4a45-b033-627d13f1be78', 'Cappuccino', 2, 120, 240);

INSERT INTO public.order_items (order_id, product_id, name, quantity, unit_price, subtotal)
VALUES ('f3f2b0b3-6397-4327-a695-0c4e9e4d3d03', '48233f0a-6e57-4a45-b033-627d13f1be78', 'Cappuccino', 3, 120, 360);

INSERT INTO public.orders (id, order_id, status, amount, payment_method, cashier_name, created_at)
VALUES ('1b2e43c2-8489-4550-931f-a7992c6ecfa0', 'ORD-01105', 'Completed', 180, 'Cash', 'System Seed', '2026-05-04T03:43:40.990Z');

INSERT INTO public.order_items (order_id, product_id, name, quantity, unit_price, subtotal)
VALUES ('1b2e43c2-8489-4550-931f-a7992c6ecfa0', 'fe6b02e6-9366-4abd-874c-fcb832e0e282', 'Green Tea', 2, 90, 180);

INSERT INTO public.orders (id, order_id, status, amount, payment_method, cashier_name, created_at)
VALUES ('c8adbbf7-6372-40c0-91e4-2a77199139a8', 'ORD-01106', 'Completed', 970, 'Maya', 'System Seed', '2026-05-04T02:58:47.990Z');

INSERT INTO public.order_items (order_id, product_id, name, quantity, unit_price, subtotal)
VALUES ('c8adbbf7-6372-40c0-91e4-2a77199139a8', 'fe6b02e6-9366-4abd-874c-fcb832e0e282', 'Green Tea', 3, 90, 270);

INSERT INTO public.order_items (order_id, product_id, name, quantity, unit_price, subtotal)
VALUES ('c8adbbf7-6372-40c0-91e4-2a77199139a8', '1b5c6269-ce45-4413-acb8-21813cd7f9cf', 'Mocha', 3, 140, 420);

INSERT INTO public.order_items (order_id, product_id, name, quantity, unit_price, subtotal)
VALUES ('c8adbbf7-6372-40c0-91e4-2a77199139a8', '1b5c6269-ce45-4413-acb8-21813cd7f9cf', 'Mocha', 2, 140, 280);

INSERT INTO public.orders (id, order_id, status, amount, payment_method, cashier_name, created_at)
VALUES ('3de5053b-5876-4d08-b721-c227dc7da671', 'ORD-01107', 'Completed', 80, 'Credit Card', 'System Seed', '2026-05-04T10:44:43.990Z');

INSERT INTO public.order_items (order_id, product_id, name, quantity, unit_price, subtotal)
VALUES ('3de5053b-5876-4d08-b721-c227dc7da671', '65f0b94f-ccbe-4b50-a175-66810ae10f44', 'Croissant', 1, 80, 80);

INSERT INTO public.orders (id, order_id, status, amount, payment_method, cashier_name, created_at)
VALUES ('e6d9d504-459e-4ac1-aee1-e31fa272430b', 'ORD-01108', 'Completed', 680, 'GCash', 'System Seed', '2026-05-03T23:33:26.990Z');

INSERT INTO public.order_items (order_id, product_id, name, quantity, unit_price, subtotal)
VALUES ('e6d9d504-459e-4ac1-aee1-e31fa272430b', 'fe6b02e6-9366-4abd-874c-fcb832e0e282', 'Green Tea', 2, 90, 180);

INSERT INTO public.order_items (order_id, product_id, name, quantity, unit_price, subtotal)
VALUES ('e6d9d504-459e-4ac1-aee1-e31fa272430b', 'fe6b02e6-9366-4abd-874c-fcb832e0e282', 'Green Tea', 3, 90, 270);

INSERT INTO public.order_items (order_id, product_id, name, quantity, unit_price, subtotal)
VALUES ('e6d9d504-459e-4ac1-aee1-e31fa272430b', 'dfe22f11-84a3-41d2-a268-149f012eae60', 'Sparkling Lemonade', 1, 110, 110);

INSERT INTO public.order_items (order_id, product_id, name, quantity, unit_price, subtotal)
VALUES ('e6d9d504-459e-4ac1-aee1-e31fa272430b', '48233f0a-6e57-4a45-b033-627d13f1be78', 'Cappuccino', 1, 120, 120);

INSERT INTO public.orders (id, order_id, status, amount, payment_method, cashier_name, created_at)
VALUES ('328ec1f6-cdf9-4556-8b3e-502a2b21205f', 'ORD-01109', 'Completed', 560, 'Credit Card', 'System Seed', '2026-05-04T08:23:49.990Z');

INSERT INTO public.order_items (order_id, product_id, name, quantity, unit_price, subtotal)
VALUES ('328ec1f6-cdf9-4556-8b3e-502a2b21205f', '1b5c6269-ce45-4413-acb8-21813cd7f9cf', 'Mocha', 1, 140, 140);

INSERT INTO public.order_items (order_id, product_id, name, quantity, unit_price, subtotal)
VALUES ('328ec1f6-cdf9-4556-8b3e-502a2b21205f', '1b5c6269-ce45-4413-acb8-21813cd7f9cf', 'Mocha', 3, 140, 420);

INSERT INTO public.orders (id, order_id, status, amount, payment_method, cashier_name, created_at)
VALUES ('2ac0e81a-1f7a-464c-9212-4bf3d57c3b51', 'ORD-01110', 'Completed', 560, 'GCash', 'System Seed', '2026-05-04T07:50:00.990Z');

INSERT INTO public.order_items (order_id, product_id, name, quantity, unit_price, subtotal)
VALUES ('2ac0e81a-1f7a-464c-9212-4bf3d57c3b51', '3a6a55c0-70f3-4417-a252-db77d9e511c0', 'Latte', 3, 120, 360);

INSERT INTO public.order_items (order_id, product_id, name, quantity, unit_price, subtotal)
VALUES ('2ac0e81a-1f7a-464c-9212-4bf3d57c3b51', '83a6812d-2665-4ce5-871a-78a4eab3ce80', 'Americano', 2, 100, 200);

INSERT INTO public.orders (id, order_id, status, amount, payment_method, cashier_name, created_at)
VALUES ('9cc01b54-d1c9-4ef3-95cf-6f36af66d71b', 'ORD-01111', 'Completed', 240, 'Cash', 'System Seed', '2026-05-04T03:01:07.990Z');

INSERT INTO public.order_items (order_id, product_id, name, quantity, unit_price, subtotal)
VALUES ('9cc01b54-d1c9-4ef3-95cf-6f36af66d71b', '3a6a55c0-70f3-4417-a252-db77d9e511c0', 'Latte', 2, 120, 240);

INSERT INTO public.orders (id, order_id, status, amount, payment_method, cashier_name, created_at)
VALUES ('8c2abb87-e7c9-438d-92fc-16d0bad73e86', 'ORD-01112', 'Completed', 890, 'Credit Card', 'System Seed', '2026-05-04T04:48:17.990Z');

INSERT INTO public.order_items (order_id, product_id, name, quantity, unit_price, subtotal)
VALUES ('8c2abb87-e7c9-438d-92fc-16d0bad73e86', '48233f0a-6e57-4a45-b033-627d13f1be78', 'Cappuccino', 3, 120, 360);

INSERT INTO public.order_items (order_id, product_id, name, quantity, unit_price, subtotal)
VALUES ('8c2abb87-e7c9-438d-92fc-16d0bad73e86', '1b5c6269-ce45-4413-acb8-21813cd7f9cf', 'Mocha', 3, 140, 420);

INSERT INTO public.order_items (order_id, product_id, name, quantity, unit_price, subtotal)
VALUES ('8c2abb87-e7c9-438d-92fc-16d0bad73e86', 'dfe22f11-84a3-41d2-a268-149f012eae60', 'Sparkling Lemonade', 1, 110, 110);

INSERT INTO public.orders (id, order_id, status, amount, payment_method, cashier_name, created_at)
VALUES ('39a79234-9241-419a-9018-5f85bc8ba78f', 'ORD-01113', 'Completed', 740, 'Cash', 'System Seed', '2026-05-04T04:20:48.990Z');

INSERT INTO public.order_items (order_id, product_id, name, quantity, unit_price, subtotal)
VALUES ('39a79234-9241-419a-9018-5f85bc8ba78f', '3a6a55c0-70f3-4417-a252-db77d9e511c0', 'Latte', 3, 120, 360);

INSERT INTO public.order_items (order_id, product_id, name, quantity, unit_price, subtotal)
VALUES ('39a79234-9241-419a-9018-5f85bc8ba78f', '65f0b94f-ccbe-4b50-a175-66810ae10f44', 'Croissant', 1, 80, 80);

INSERT INTO public.order_items (order_id, product_id, name, quantity, unit_price, subtotal)
VALUES ('39a79234-9241-419a-9018-5f85bc8ba78f', '83a6812d-2665-4ce5-871a-78a4eab3ce80', 'Americano', 3, 100, 300);

INSERT INTO public.orders (id, order_id, status, amount, payment_method, cashier_name, created_at)
VALUES ('c09a04d1-2fcc-4b24-b4a1-38f5c036abe8', 'ORD-01114', 'Completed', 720, 'Maya', 'System Seed', '2026-05-05T10:33:37.990Z');

INSERT INTO public.order_items (order_id, product_id, name, quantity, unit_price, subtotal)
VALUES ('c09a04d1-2fcc-4b24-b4a1-38f5c036abe8', '1b5c6269-ce45-4413-acb8-21813cd7f9cf', 'Mocha', 2, 140, 280);

INSERT INTO public.order_items (order_id, product_id, name, quantity, unit_price, subtotal)
VALUES ('c09a04d1-2fcc-4b24-b4a1-38f5c036abe8', '3a6a55c0-70f3-4417-a252-db77d9e511c0', 'Latte', 1, 120, 120);

INSERT INTO public.order_items (order_id, product_id, name, quantity, unit_price, subtotal)
VALUES ('c09a04d1-2fcc-4b24-b4a1-38f5c036abe8', 'dfe22f11-84a3-41d2-a268-149f012eae60', 'Sparkling Lemonade', 2, 110, 220);

INSERT INTO public.order_items (order_id, product_id, name, quantity, unit_price, subtotal)
VALUES ('c09a04d1-2fcc-4b24-b4a1-38f5c036abe8', '83a6812d-2665-4ce5-871a-78a4eab3ce80', 'Americano', 1, 100, 100);

INSERT INTO public.orders (id, order_id, status, amount, payment_method, cashier_name, created_at)
VALUES ('0152e9c7-3dc7-4ffb-9ffd-a7cf3e8b3bd0', 'ORD-01115', 'Void (Consumed)', 545, 'Credit Card', 'System Seed', '2026-05-05T06:16:35.990Z');

INSERT INTO public.order_items (order_id, product_id, name, quantity, unit_price, subtotal)
VALUES ('0152e9c7-3dc7-4ffb-9ffd-a7cf3e8b3bd0', 'fe6b02e6-9366-4abd-874c-fcb832e0e282', 'Green Tea', 2, 90, 180);

INSERT INTO public.order_items (order_id, product_id, name, quantity, unit_price, subtotal)
VALUES ('0152e9c7-3dc7-4ffb-9ffd-a7cf3e8b3bd0', '65f0b94f-ccbe-4b50-a175-66810ae10f44', 'Croissant', 1, 80, 80);

INSERT INTO public.order_items (order_id, product_id, name, quantity, unit_price, subtotal)
VALUES ('0152e9c7-3dc7-4ffb-9ffd-a7cf3e8b3bd0', '36c93748-7c86-4ddb-ba49-1bd1a164bf42', 'Blueberry Muffin', 3, 95, 285);

INSERT INTO public.orders (id, order_id, status, amount, payment_method, cashier_name, created_at)
VALUES ('f9385c59-6924-4e90-b25e-737022df2c96', 'ORD-01116', 'Completed', 695, 'Cash', 'System Seed', '2026-05-05T05:50:54.990Z');

INSERT INTO public.order_items (order_id, product_id, name, quantity, unit_price, subtotal)
VALUES ('f9385c59-6924-4e90-b25e-737022df2c96', '36c93748-7c86-4ddb-ba49-1bd1a164bf42', 'Blueberry Muffin', 2, 95, 190);

INSERT INTO public.order_items (order_id, product_id, name, quantity, unit_price, subtotal)
VALUES ('f9385c59-6924-4e90-b25e-737022df2c96', '36c93748-7c86-4ddb-ba49-1bd1a164bf42', 'Blueberry Muffin', 3, 95, 285);

INSERT INTO public.order_items (order_id, product_id, name, quantity, unit_price, subtotal)
VALUES ('f9385c59-6924-4e90-b25e-737022df2c96', 'dfe22f11-84a3-41d2-a268-149f012eae60', 'Sparkling Lemonade', 2, 110, 220);

INSERT INTO public.orders (id, order_id, status, amount, payment_method, cashier_name, created_at)
VALUES ('3425e88d-5729-47d2-9622-8667076307a1', 'ORD-01117', 'Void (Not Made)', 360, 'Maya', 'System Seed', '2026-05-05T11:25:32.990Z');

INSERT INTO public.order_items (order_id, product_id, name, quantity, unit_price, subtotal)
VALUES ('3425e88d-5729-47d2-9622-8667076307a1', '48233f0a-6e57-4a45-b033-627d13f1be78', 'Cappuccino', 3, 120, 360);

INSERT INTO public.orders (id, order_id, status, amount, payment_method, cashier_name, created_at)
VALUES ('a47679e3-86e8-45a0-b1aa-4cc133ab2d32', 'ORD-01118', 'Completed', 680, 'Cash', 'System Seed', '2026-05-05T11:47:53.990Z');

INSERT INTO public.order_items (order_id, product_id, name, quantity, unit_price, subtotal)
VALUES ('a47679e3-86e8-45a0-b1aa-4cc133ab2d32', 'dfe22f11-84a3-41d2-a268-149f012eae60', 'Sparkling Lemonade', 1, 110, 110);

INSERT INTO public.order_items (order_id, product_id, name, quantity, unit_price, subtotal)
VALUES ('a47679e3-86e8-45a0-b1aa-4cc133ab2d32', '36c93748-7c86-4ddb-ba49-1bd1a164bf42', 'Blueberry Muffin', 2, 95, 190);

INSERT INTO public.order_items (order_id, product_id, name, quantity, unit_price, subtotal)
VALUES ('a47679e3-86e8-45a0-b1aa-4cc133ab2d32', '36c93748-7c86-4ddb-ba49-1bd1a164bf42', 'Blueberry Muffin', 3, 95, 285);

INSERT INTO public.order_items (order_id, product_id, name, quantity, unit_price, subtotal)
VALUES ('a47679e3-86e8-45a0-b1aa-4cc133ab2d32', '36c93748-7c86-4ddb-ba49-1bd1a164bf42', 'Blueberry Muffin', 1, 95, 95);

INSERT INTO public.orders (id, order_id, status, amount, payment_method, cashier_name, created_at)
VALUES ('3a749260-49e2-45fc-a7af-9cdc8158a6fa', 'ORD-01119', 'Completed', 250, 'Credit Card', 'System Seed', '2026-05-05T12:50:39.990Z');

INSERT INTO public.order_items (order_id, product_id, name, quantity, unit_price, subtotal)
VALUES ('3a749260-49e2-45fc-a7af-9cdc8158a6fa', 'dfe22f11-84a3-41d2-a268-149f012eae60', 'Sparkling Lemonade', 1, 110, 110);

INSERT INTO public.order_items (order_id, product_id, name, quantity, unit_price, subtotal)
VALUES ('3a749260-49e2-45fc-a7af-9cdc8158a6fa', '1b5c6269-ce45-4413-acb8-21813cd7f9cf', 'Mocha', 1, 140, 140);

INSERT INTO public.orders (id, order_id, status, amount, payment_method, cashier_name, created_at)
VALUES ('923875a9-780d-45ba-b10c-c361bd96950c', 'ORD-01120', 'Void (Not Made)', 840, 'GCash', 'System Seed', '2026-05-05T12:10:23.990Z');

INSERT INTO public.order_items (order_id, product_id, name, quantity, unit_price, subtotal)
VALUES ('923875a9-780d-45ba-b10c-c361bd96950c', '83a6812d-2665-4ce5-871a-78a4eab3ce80', 'Americano', 3, 100, 300);

INSERT INTO public.order_items (order_id, product_id, name, quantity, unit_price, subtotal)
VALUES ('923875a9-780d-45ba-b10c-c361bd96950c', '83a6812d-2665-4ce5-871a-78a4eab3ce80', 'Americano', 3, 100, 300);

INSERT INTO public.order_items (order_id, product_id, name, quantity, unit_price, subtotal)
VALUES ('923875a9-780d-45ba-b10c-c361bd96950c', '3a6a55c0-70f3-4417-a252-db77d9e511c0', 'Latte', 2, 120, 240);

INSERT INTO public.orders (id, order_id, status, amount, payment_method, cashier_name, created_at)
VALUES ('a78c458a-ef22-43d9-ab38-4b1ed9fa89e8', 'ORD-01121', 'Void (Consumed)', 285, 'Credit Card', 'System Seed', '2026-05-05T12:55:36.990Z');

INSERT INTO public.order_items (order_id, product_id, name, quantity, unit_price, subtotal)
VALUES ('a78c458a-ef22-43d9-ab38-4b1ed9fa89e8', '36c93748-7c86-4ddb-ba49-1bd1a164bf42', 'Blueberry Muffin', 1, 95, 95);

INSERT INTO public.order_items (order_id, product_id, name, quantity, unit_price, subtotal)
VALUES ('a78c458a-ef22-43d9-ab38-4b1ed9fa89e8', '36c93748-7c86-4ddb-ba49-1bd1a164bf42', 'Blueberry Muffin', 2, 95, 190);

INSERT INTO public.orders (id, order_id, status, amount, payment_method, cashier_name, created_at)
VALUES ('6745ccc5-0503-484c-9d72-73175c36d593', 'ORD-01122', 'Void (Not Made)', 230, 'Maya', 'System Seed', '2026-05-04T23:15:28.990Z');

INSERT INTO public.order_items (order_id, product_id, name, quantity, unit_price, subtotal)
VALUES ('6745ccc5-0503-484c-9d72-73175c36d593', 'dfe22f11-84a3-41d2-a268-149f012eae60', 'Sparkling Lemonade', 1, 110, 110);

INSERT INTO public.order_items (order_id, product_id, name, quantity, unit_price, subtotal)
VALUES ('6745ccc5-0503-484c-9d72-73175c36d593', '48233f0a-6e57-4a45-b033-627d13f1be78', 'Cappuccino', 1, 120, 120);

INSERT INTO public.orders (id, order_id, status, amount, payment_method, cashier_name, created_at)
VALUES ('27fcea5b-5ede-4bf1-ad27-752e1796f483', 'ORD-01123', 'Completed', 1150, 'Maya', 'System Seed', '2026-05-05T00:20:07.990Z');

INSERT INTO public.order_items (order_id, product_id, name, quantity, unit_price, subtotal)
VALUES ('27fcea5b-5ede-4bf1-ad27-752e1796f483', '1b5c6269-ce45-4413-acb8-21813cd7f9cf', 'Mocha', 2, 140, 280);

INSERT INTO public.order_items (order_id, product_id, name, quantity, unit_price, subtotal)
VALUES ('27fcea5b-5ede-4bf1-ad27-752e1796f483', '3a6a55c0-70f3-4417-a252-db77d9e511c0', 'Latte', 2, 120, 240);

INSERT INTO public.order_items (order_id, product_id, name, quantity, unit_price, subtotal)
VALUES ('27fcea5b-5ede-4bf1-ad27-752e1796f483', 'fe6b02e6-9366-4abd-874c-fcb832e0e282', 'Green Tea', 3, 90, 270);

INSERT INTO public.order_items (order_id, product_id, name, quantity, unit_price, subtotal)
VALUES ('27fcea5b-5ede-4bf1-ad27-752e1796f483', '3a6a55c0-70f3-4417-a252-db77d9e511c0', 'Latte', 3, 120, 360);

INSERT INTO public.orders (id, order_id, status, amount, payment_method, cashier_name, created_at)
VALUES ('13f23ca2-854a-41a3-9aad-f35049985392', 'ORD-01124', 'Void (Not Made)', 480, 'GCash', 'System Seed', '2026-05-05T09:32:36.990Z');

INSERT INTO public.order_items (order_id, product_id, name, quantity, unit_price, subtotal)
VALUES ('13f23ca2-854a-41a3-9aad-f35049985392', '48233f0a-6e57-4a45-b033-627d13f1be78', 'Cappuccino', 2, 120, 240);

INSERT INTO public.order_items (order_id, product_id, name, quantity, unit_price, subtotal)
VALUES ('13f23ca2-854a-41a3-9aad-f35049985392', '3a6a55c0-70f3-4417-a252-db77d9e511c0', 'Latte', 2, 120, 240);

INSERT INTO public.orders (id, order_id, status, amount, payment_method, cashier_name, created_at)
VALUES ('af200b33-a26f-4320-a443-d2a3a17ff5bf', 'ORD-01125', 'Completed', 670, 'Maya', 'System Seed', '2026-05-05T00:13:56.990Z');

INSERT INTO public.order_items (order_id, product_id, name, quantity, unit_price, subtotal)
VALUES ('af200b33-a26f-4320-a443-d2a3a17ff5bf', '65f0b94f-ccbe-4b50-a175-66810ae10f44', 'Croissant', 2, 80, 160);

INSERT INTO public.order_items (order_id, product_id, name, quantity, unit_price, subtotal)
VALUES ('af200b33-a26f-4320-a443-d2a3a17ff5bf', 'fe6b02e6-9366-4abd-874c-fcb832e0e282', 'Green Tea', 2, 90, 180);

INSERT INTO public.order_items (order_id, product_id, name, quantity, unit_price, subtotal)
VALUES ('af200b33-a26f-4320-a443-d2a3a17ff5bf', 'fe6b02e6-9366-4abd-874c-fcb832e0e282', 'Green Tea', 1, 90, 90);

INSERT INTO public.order_items (order_id, product_id, name, quantity, unit_price, subtotal)
VALUES ('af200b33-a26f-4320-a443-d2a3a17ff5bf', '3a6a55c0-70f3-4417-a252-db77d9e511c0', 'Latte', 2, 120, 240);

INSERT INTO public.orders (id, order_id, status, amount, payment_method, cashier_name, created_at)
VALUES ('ba20c795-4f3e-44a0-b719-a93efecebc50', 'ORD-01126', 'Completed', 555, 'Maya', 'System Seed', '2026-05-05T06:46:38.990Z');

INSERT INTO public.order_items (order_id, product_id, name, quantity, unit_price, subtotal)
VALUES ('ba20c795-4f3e-44a0-b719-a93efecebc50', '36c93748-7c86-4ddb-ba49-1bd1a164bf42', 'Blueberry Muffin', 3, 95, 285);

INSERT INTO public.order_items (order_id, product_id, name, quantity, unit_price, subtotal)
VALUES ('ba20c795-4f3e-44a0-b719-a93efecebc50', '36c93748-7c86-4ddb-ba49-1bd1a164bf42', 'Blueberry Muffin', 2, 95, 190);

INSERT INTO public.order_items (order_id, product_id, name, quantity, unit_price, subtotal)
VALUES ('ba20c795-4f3e-44a0-b719-a93efecebc50', '65f0b94f-ccbe-4b50-a175-66810ae10f44', 'Croissant', 1, 80, 80);

INSERT INTO public.orders (id, order_id, status, amount, payment_method, cashier_name, created_at)
VALUES ('9cfdbfb7-f14d-455e-8f95-749bb96c952a', 'ORD-01127', 'Void (Not Made)', 560, 'Credit Card', 'System Seed', '2026-05-05T08:56:50.990Z');

INSERT INTO public.order_items (order_id, product_id, name, quantity, unit_price, subtotal)
VALUES ('9cfdbfb7-f14d-455e-8f95-749bb96c952a', 'dfe22f11-84a3-41d2-a268-149f012eae60', 'Sparkling Lemonade', 2, 110, 220);

INSERT INTO public.order_items (order_id, product_id, name, quantity, unit_price, subtotal)
VALUES ('9cfdbfb7-f14d-455e-8f95-749bb96c952a', '65f0b94f-ccbe-4b50-a175-66810ae10f44', 'Croissant', 3, 80, 240);

INSERT INTO public.order_items (order_id, product_id, name, quantity, unit_price, subtotal)
VALUES ('9cfdbfb7-f14d-455e-8f95-749bb96c952a', '83a6812d-2665-4ce5-871a-78a4eab3ce80', 'Americano', 1, 100, 100);

INSERT INTO public.orders (id, order_id, status, amount, payment_method, cashier_name, created_at)
VALUES ('25701e41-dce9-4e6e-a414-a13a6c00313a', 'ORD-01128', 'Completed', 380, 'Maya', 'System Seed', '2026-05-05T11:25:38.990Z');

INSERT INTO public.order_items (order_id, product_id, name, quantity, unit_price, subtotal)
VALUES ('25701e41-dce9-4e6e-a414-a13a6c00313a', '83a6812d-2665-4ce5-871a-78a4eab3ce80', 'Americano', 1, 100, 100);

INSERT INTO public.order_items (order_id, product_id, name, quantity, unit_price, subtotal)
VALUES ('25701e41-dce9-4e6e-a414-a13a6c00313a', '65f0b94f-ccbe-4b50-a175-66810ae10f44', 'Croissant', 2, 80, 160);

INSERT INTO public.order_items (order_id, product_id, name, quantity, unit_price, subtotal)
VALUES ('25701e41-dce9-4e6e-a414-a13a6c00313a', '3a6a55c0-70f3-4417-a252-db77d9e511c0', 'Latte', 1, 120, 120);

INSERT INTO public.orders (id, order_id, status, amount, payment_method, cashier_name, created_at)
VALUES ('4f41315f-0fce-496f-9bda-37dec4ecf537', 'ORD-01129', 'Completed', 220, 'Cash', 'System Seed', '2026-05-05T12:58:29.990Z');

INSERT INTO public.order_items (order_id, product_id, name, quantity, unit_price, subtotal)
VALUES ('4f41315f-0fce-496f-9bda-37dec4ecf537', 'dfe22f11-84a3-41d2-a268-149f012eae60', 'Sparkling Lemonade', 2, 110, 220);

INSERT INTO public.orders (id, order_id, status, amount, payment_method, cashier_name, created_at)
VALUES ('89ed74bc-cdbe-4e92-9e57-c29b39a45c6d', 'ORD-01130', 'Completed', 300, 'GCash', 'System Seed', '2026-05-05T08:06:29.990Z');

INSERT INTO public.order_items (order_id, product_id, name, quantity, unit_price, subtotal)
VALUES ('89ed74bc-cdbe-4e92-9e57-c29b39a45c6d', '83a6812d-2665-4ce5-871a-78a4eab3ce80', 'Americano', 3, 100, 300);

INSERT INTO public.orders (id, order_id, status, amount, payment_method, cashier_name, created_at)
VALUES ('d8170b80-bee4-49c0-8bc9-e1cecc89940f', 'ORD-01131', 'Void (Not Made)', 320, 'Maya', 'System Seed', '2026-05-05T05:48:31.990Z');

INSERT INTO public.order_items (order_id, product_id, name, quantity, unit_price, subtotal)
VALUES ('d8170b80-bee4-49c0-8bc9-e1cecc89940f', '83a6812d-2665-4ce5-871a-78a4eab3ce80', 'Americano', 1, 100, 100);

INSERT INTO public.order_items (order_id, product_id, name, quantity, unit_price, subtotal)
VALUES ('d8170b80-bee4-49c0-8bc9-e1cecc89940f', 'dfe22f11-84a3-41d2-a268-149f012eae60', 'Sparkling Lemonade', 2, 110, 220);

INSERT INTO public.orders (id, order_id, status, amount, payment_method, cashier_name, created_at)
VALUES ('0a99ca4d-b1e7-4eb2-be58-813acd8d182e', 'ORD-01132', 'Completed', 140, 'Maya', 'System Seed', '2026-05-05T01:33:59.990Z');

INSERT INTO public.order_items (order_id, product_id, name, quantity, unit_price, subtotal)
VALUES ('0a99ca4d-b1e7-4eb2-be58-813acd8d182e', '1b5c6269-ce45-4413-acb8-21813cd7f9cf', 'Mocha', 1, 140, 140);

INSERT INTO public.orders (id, order_id, status, amount, payment_method, cashier_name, created_at)
VALUES ('3d1a82aa-966d-4622-b0d7-51d0079b23b8', 'ORD-01133', 'Completed', 690, 'Cash', 'System Seed', '2026-05-05T12:15:32.990Z');

INSERT INTO public.order_items (order_id, product_id, name, quantity, unit_price, subtotal)
VALUES ('3d1a82aa-966d-4622-b0d7-51d0079b23b8', 'fe6b02e6-9366-4abd-874c-fcb832e0e282', 'Green Tea', 1, 90, 90);

INSERT INTO public.order_items (order_id, product_id, name, quantity, unit_price, subtotal)
VALUES ('3d1a82aa-966d-4622-b0d7-51d0079b23b8', '48233f0a-6e57-4a45-b033-627d13f1be78', 'Cappuccino', 3, 120, 360);

INSERT INTO public.order_items (order_id, product_id, name, quantity, unit_price, subtotal)
VALUES ('3d1a82aa-966d-4622-b0d7-51d0079b23b8', '65f0b94f-ccbe-4b50-a175-66810ae10f44', 'Croissant', 3, 80, 240);

INSERT INTO public.orders (id, order_id, status, amount, payment_method, cashier_name, created_at)
VALUES ('de4641d7-ba60-4b6b-bba8-41db0ea66eda', 'ORD-01134', 'Completed', 220, 'Maya', 'System Seed', '2026-05-05T05:36:28.990Z');

INSERT INTO public.order_items (order_id, product_id, name, quantity, unit_price, subtotal)
VALUES ('de4641d7-ba60-4b6b-bba8-41db0ea66eda', 'dfe22f11-84a3-41d2-a268-149f012eae60', 'Sparkling Lemonade', 2, 110, 220);

INSERT INTO public.orders (id, order_id, status, amount, payment_method, cashier_name, created_at)
VALUES ('995d73ec-d987-4147-a138-373419911930', 'ORD-01135', 'Void (Not Made)', 360, 'Cash', 'System Seed', '2026-05-05T02:20:16.990Z');

INSERT INTO public.order_items (order_id, product_id, name, quantity, unit_price, subtotal)
VALUES ('995d73ec-d987-4147-a138-373419911930', '3a6a55c0-70f3-4417-a252-db77d9e511c0', 'Latte', 1, 120, 120);

INSERT INTO public.order_items (order_id, product_id, name, quantity, unit_price, subtotal)
VALUES ('995d73ec-d987-4147-a138-373419911930', '3a6a55c0-70f3-4417-a252-db77d9e511c0', 'Latte', 2, 120, 240);

INSERT INTO public.orders (id, order_id, status, amount, payment_method, cashier_name, created_at)
VALUES ('29099549-71bf-4a54-a9be-8d300aeb7161', 'ORD-01136', 'Void (Not Made)', 200, 'Credit Card', 'System Seed', '2026-05-05T05:34:05.990Z');

INSERT INTO public.order_items (order_id, product_id, name, quantity, unit_price, subtotal)
VALUES ('29099549-71bf-4a54-a9be-8d300aeb7161', '83a6812d-2665-4ce5-871a-78a4eab3ce80', 'Americano', 2, 100, 200);

INSERT INTO public.orders (id, order_id, status, amount, payment_method, cashier_name, created_at)
VALUES ('631862f7-3739-4ae2-b224-02b897a29576', 'ORD-01137', 'Completed', 160, 'Credit Card', 'System Seed', '2026-05-05T05:06:57.990Z');

INSERT INTO public.order_items (order_id, product_id, name, quantity, unit_price, subtotal)
VALUES ('631862f7-3739-4ae2-b224-02b897a29576', '65f0b94f-ccbe-4b50-a175-66810ae10f44', 'Croissant', 2, 80, 160);

INSERT INTO public.orders (id, order_id, status, amount, payment_method, cashier_name, created_at)
VALUES ('756d267c-8f8c-49d3-9126-5d164d1274e1', 'ORD-01138', 'Completed', 90, 'Credit Card', 'System Seed', '2026-05-05T11:21:37.990Z');

INSERT INTO public.order_items (order_id, product_id, name, quantity, unit_price, subtotal)
VALUES ('756d267c-8f8c-49d3-9126-5d164d1274e1', 'fe6b02e6-9366-4abd-874c-fcb832e0e282', 'Green Tea', 1, 90, 90);

INSERT INTO public.orders (id, order_id, status, amount, payment_method, cashier_name, created_at)
VALUES ('1f5afa09-02ba-48a7-afff-b0b61e984c96', 'ORD-01139', 'Completed', 190, 'GCash', 'System Seed', '2026-05-05T02:53:35.990Z');

INSERT INTO public.order_items (order_id, product_id, name, quantity, unit_price, subtotal)
VALUES ('1f5afa09-02ba-48a7-afff-b0b61e984c96', '36c93748-7c86-4ddb-ba49-1bd1a164bf42', 'Blueberry Muffin', 1, 95, 95);

INSERT INTO public.order_items (order_id, product_id, name, quantity, unit_price, subtotal)
VALUES ('1f5afa09-02ba-48a7-afff-b0b61e984c96', '36c93748-7c86-4ddb-ba49-1bd1a164bf42', 'Blueberry Muffin', 1, 95, 95);

INSERT INTO public.orders (id, order_id, status, amount, payment_method, cashier_name, created_at)
VALUES ('2f79c5d6-b0bb-421d-a792-57abf33ef6a2', 'ORD-01140', 'Void (Not Made)', 210, 'GCash', 'System Seed', '2026-05-06T07:05:57.990Z');

INSERT INTO public.order_items (order_id, product_id, name, quantity, unit_price, subtotal)
VALUES ('2f79c5d6-b0bb-421d-a792-57abf33ef6a2', '48233f0a-6e57-4a45-b033-627d13f1be78', 'Cappuccino', 1, 120, 120);

INSERT INTO public.order_items (order_id, product_id, name, quantity, unit_price, subtotal)
VALUES ('2f79c5d6-b0bb-421d-a792-57abf33ef6a2', 'fe6b02e6-9366-4abd-874c-fcb832e0e282', 'Green Tea', 1, 90, 90);

INSERT INTO public.orders (id, order_id, status, amount, payment_method, cashier_name, created_at)
VALUES ('17c92a36-f6f2-4ebd-b971-e96fca438c7f', 'ORD-01141', 'Completed', 360, 'Maya', 'System Seed', '2026-05-06T03:32:16.990Z');

INSERT INTO public.order_items (order_id, product_id, name, quantity, unit_price, subtotal)
VALUES ('17c92a36-f6f2-4ebd-b971-e96fca438c7f', '48233f0a-6e57-4a45-b033-627d13f1be78', 'Cappuccino', 1, 120, 120);

INSERT INTO public.order_items (order_id, product_id, name, quantity, unit_price, subtotal)
VALUES ('17c92a36-f6f2-4ebd-b971-e96fca438c7f', '3a6a55c0-70f3-4417-a252-db77d9e511c0', 'Latte', 2, 120, 240);

INSERT INTO public.orders (id, order_id, status, amount, payment_method, cashier_name, created_at)
VALUES ('7e59544a-13cd-46d3-8d16-f9d8a8685c3c', 'ORD-01142', 'Completed', 280, 'Cash', 'System Seed', '2026-05-06T05:49:55.990Z');

INSERT INTO public.order_items (order_id, product_id, name, quantity, unit_price, subtotal)
VALUES ('7e59544a-13cd-46d3-8d16-f9d8a8685c3c', '1b5c6269-ce45-4413-acb8-21813cd7f9cf', 'Mocha', 2, 140, 280);

INSERT INTO public.orders (id, order_id, status, amount, payment_method, cashier_name, created_at)
VALUES ('4ab1a57b-3b44-4541-bcd0-893ee1f825d1', 'ORD-01143', 'Completed', 390, 'GCash', 'System Seed', '2026-05-06T08:57:23.990Z');

INSERT INTO public.order_items (order_id, product_id, name, quantity, unit_price, subtotal)
VALUES ('4ab1a57b-3b44-4541-bcd0-893ee1f825d1', '65f0b94f-ccbe-4b50-a175-66810ae10f44', 'Croissant', 2, 80, 160);

INSERT INTO public.order_items (order_id, product_id, name, quantity, unit_price, subtotal)
VALUES ('4ab1a57b-3b44-4541-bcd0-893ee1f825d1', 'dfe22f11-84a3-41d2-a268-149f012eae60', 'Sparkling Lemonade', 1, 110, 110);

INSERT INTO public.order_items (order_id, product_id, name, quantity, unit_price, subtotal)
VALUES ('4ab1a57b-3b44-4541-bcd0-893ee1f825d1', '48233f0a-6e57-4a45-b033-627d13f1be78', 'Cappuccino', 1, 120, 120);

INSERT INTO public.orders (id, order_id, status, amount, payment_method, cashier_name, created_at)
VALUES ('05f312bb-695d-4abe-aebe-548dbf26ed71', 'ORD-01144', 'Void (Consumed)', 645, 'Credit Card', 'System Seed', '2026-05-06T01:02:10.990Z');

INSERT INTO public.order_items (order_id, product_id, name, quantity, unit_price, subtotal)
VALUES ('05f312bb-695d-4abe-aebe-548dbf26ed71', '36c93748-7c86-4ddb-ba49-1bd1a164bf42', 'Blueberry Muffin', 3, 95, 285);

INSERT INTO public.order_items (order_id, product_id, name, quantity, unit_price, subtotal)
VALUES ('05f312bb-695d-4abe-aebe-548dbf26ed71', '3a6a55c0-70f3-4417-a252-db77d9e511c0', 'Latte', 3, 120, 360);

INSERT INTO public.orders (id, order_id, status, amount, payment_method, cashier_name, created_at)
VALUES ('d412df1d-d588-4ff4-8cdf-049366116ec3', 'ORD-01145', 'Void (Consumed)', 745, 'Credit Card', 'System Seed', '2026-05-06T08:04:08.990Z');

INSERT INTO public.order_items (order_id, product_id, name, quantity, unit_price, subtotal)
VALUES ('d412df1d-d588-4ff4-8cdf-049366116ec3', '3a6a55c0-70f3-4417-a252-db77d9e511c0', 'Latte', 3, 120, 360);

INSERT INTO public.order_items (order_id, product_id, name, quantity, unit_price, subtotal)
VALUES ('d412df1d-d588-4ff4-8cdf-049366116ec3', 'dfe22f11-84a3-41d2-a268-149f012eae60', 'Sparkling Lemonade', 1, 110, 110);

INSERT INTO public.order_items (order_id, product_id, name, quantity, unit_price, subtotal)
VALUES ('d412df1d-d588-4ff4-8cdf-049366116ec3', 'fe6b02e6-9366-4abd-874c-fcb832e0e282', 'Green Tea', 2, 90, 180);

INSERT INTO public.order_items (order_id, product_id, name, quantity, unit_price, subtotal)
VALUES ('d412df1d-d588-4ff4-8cdf-049366116ec3', '36c93748-7c86-4ddb-ba49-1bd1a164bf42', 'Blueberry Muffin', 1, 95, 95);

INSERT INTO public.orders (id, order_id, status, amount, payment_method, cashier_name, created_at)
VALUES ('a8f413a1-0a9e-433a-b047-eda507660955', 'ORD-01146', 'Void (Consumed)', 550, 'Credit Card', 'System Seed', '2026-05-06T08:04:25.990Z');

INSERT INTO public.order_items (order_id, product_id, name, quantity, unit_price, subtotal)
VALUES ('a8f413a1-0a9e-433a-b047-eda507660955', '65f0b94f-ccbe-4b50-a175-66810ae10f44', 'Croissant', 1, 80, 80);

INSERT INTO public.order_items (order_id, product_id, name, quantity, unit_price, subtotal)
VALUES ('a8f413a1-0a9e-433a-b047-eda507660955', 'dfe22f11-84a3-41d2-a268-149f012eae60', 'Sparkling Lemonade', 2, 110, 220);

INSERT INTO public.order_items (order_id, product_id, name, quantity, unit_price, subtotal)
VALUES ('a8f413a1-0a9e-433a-b047-eda507660955', '65f0b94f-ccbe-4b50-a175-66810ae10f44', 'Croissant', 2, 80, 160);

INSERT INTO public.order_items (order_id, product_id, name, quantity, unit_price, subtotal)
VALUES ('a8f413a1-0a9e-433a-b047-eda507660955', 'fe6b02e6-9366-4abd-874c-fcb832e0e282', 'Green Tea', 1, 90, 90);

INSERT INTO public.orders (id, order_id, status, amount, payment_method, cashier_name, created_at)
VALUES ('5620f427-d118-4243-9832-17223f5659fa', 'ORD-01147', 'Void (Not Made)', 240, 'Cash', 'System Seed', '2026-05-06T06:59:21.990Z');

INSERT INTO public.order_items (order_id, product_id, name, quantity, unit_price, subtotal)
VALUES ('5620f427-d118-4243-9832-17223f5659fa', '65f0b94f-ccbe-4b50-a175-66810ae10f44', 'Croissant', 3, 80, 240);

INSERT INTO public.orders (id, order_id, status, amount, payment_method, cashier_name, created_at)
VALUES ('d3d02ac2-a117-494f-9b4c-77bde380dae0', 'ORD-01148', 'Completed', 790, 'Credit Card', 'System Seed', '2026-05-06T08:16:42.990Z');

INSERT INTO public.order_items (order_id, product_id, name, quantity, unit_price, subtotal)
VALUES ('d3d02ac2-a117-494f-9b4c-77bde380dae0', '3a6a55c0-70f3-4417-a252-db77d9e511c0', 'Latte', 2, 120, 240);

INSERT INTO public.order_items (order_id, product_id, name, quantity, unit_price, subtotal)
VALUES ('d3d02ac2-a117-494f-9b4c-77bde380dae0', '1b5c6269-ce45-4413-acb8-21813cd7f9cf', 'Mocha', 2, 140, 280);

INSERT INTO public.order_items (order_id, product_id, name, quantity, unit_price, subtotal)
VALUES ('d3d02ac2-a117-494f-9b4c-77bde380dae0', 'fe6b02e6-9366-4abd-874c-fcb832e0e282', 'Green Tea', 3, 90, 270);

INSERT INTO public.orders (id, order_id, status, amount, payment_method, cashier_name, created_at)
VALUES ('f3474840-ecde-46ad-a055-1be94f50d963', 'ORD-01149', 'Completed', 725, 'Cash', 'System Seed', '2026-05-06T12:41:44.990Z');

INSERT INTO public.order_items (order_id, product_id, name, quantity, unit_price, subtotal)
VALUES ('f3474840-ecde-46ad-a055-1be94f50d963', '65f0b94f-ccbe-4b50-a175-66810ae10f44', 'Croissant', 1, 80, 80);

INSERT INTO public.order_items (order_id, product_id, name, quantity, unit_price, subtotal)
VALUES ('f3474840-ecde-46ad-a055-1be94f50d963', '48233f0a-6e57-4a45-b033-627d13f1be78', 'Cappuccino', 1, 120, 120);

INSERT INTO public.order_items (order_id, product_id, name, quantity, unit_price, subtotal)
VALUES ('f3474840-ecde-46ad-a055-1be94f50d963', '36c93748-7c86-4ddb-ba49-1bd1a164bf42', 'Blueberry Muffin', 3, 95, 285);

INSERT INTO public.order_items (order_id, product_id, name, quantity, unit_price, subtotal)
VALUES ('f3474840-ecde-46ad-a055-1be94f50d963', '48233f0a-6e57-4a45-b033-627d13f1be78', 'Cappuccino', 2, 120, 240);

INSERT INTO public.orders (id, order_id, status, amount, payment_method, cashier_name, created_at)
VALUES ('7d7f1672-ec86-486c-8efc-149f3d3c1b83', 'ORD-01150', 'Completed', 670, 'Maya', 'System Seed', '2026-05-06T04:24:15.990Z');

INSERT INTO public.order_items (order_id, product_id, name, quantity, unit_price, subtotal)
VALUES ('7d7f1672-ec86-486c-8efc-149f3d3c1b83', 'dfe22f11-84a3-41d2-a268-149f012eae60', 'Sparkling Lemonade', 2, 110, 220);

INSERT INTO public.order_items (order_id, product_id, name, quantity, unit_price, subtotal)
VALUES ('7d7f1672-ec86-486c-8efc-149f3d3c1b83', '65f0b94f-ccbe-4b50-a175-66810ae10f44', 'Croissant', 2, 80, 160);

INSERT INTO public.order_items (order_id, product_id, name, quantity, unit_price, subtotal)
VALUES ('7d7f1672-ec86-486c-8efc-149f3d3c1b83', '83a6812d-2665-4ce5-871a-78a4eab3ce80', 'Americano', 1, 100, 100);

INSERT INTO public.order_items (order_id, product_id, name, quantity, unit_price, subtotal)
VALUES ('7d7f1672-ec86-486c-8efc-149f3d3c1b83', '36c93748-7c86-4ddb-ba49-1bd1a164bf42', 'Blueberry Muffin', 2, 95, 190);

INSERT INTO public.orders (id, order_id, status, amount, payment_method, cashier_name, created_at)
VALUES ('e16eb798-b7e0-42e4-9dd0-44228f9fc09a', 'ORD-01151', 'Completed', 280, 'Maya', 'System Seed', '2026-05-06T00:39:39.990Z');

INSERT INTO public.order_items (order_id, product_id, name, quantity, unit_price, subtotal)
VALUES ('e16eb798-b7e0-42e4-9dd0-44228f9fc09a', '1b5c6269-ce45-4413-acb8-21813cd7f9cf', 'Mocha', 2, 140, 280);

INSERT INTO public.orders (id, order_id, status, amount, payment_method, cashier_name, created_at)
VALUES ('ae6880ab-67c5-4fba-9b6a-b7d9d40d9baa', 'ORD-01152', 'Completed', 860, 'Cash', 'System Seed', '2026-05-05T23:42:01.990Z');

INSERT INTO public.order_items (order_id, product_id, name, quantity, unit_price, subtotal)
VALUES ('ae6880ab-67c5-4fba-9b6a-b7d9d40d9baa', '83a6812d-2665-4ce5-871a-78a4eab3ce80', 'Americano', 2, 100, 200);

INSERT INTO public.order_items (order_id, product_id, name, quantity, unit_price, subtotal)
VALUES ('ae6880ab-67c5-4fba-9b6a-b7d9d40d9baa', 'fe6b02e6-9366-4abd-874c-fcb832e0e282', 'Green Tea', 2, 90, 180);

INSERT INTO public.order_items (order_id, product_id, name, quantity, unit_price, subtotal)
VALUES ('ae6880ab-67c5-4fba-9b6a-b7d9d40d9baa', '65f0b94f-ccbe-4b50-a175-66810ae10f44', 'Croissant', 3, 80, 240);

INSERT INTO public.order_items (order_id, product_id, name, quantity, unit_price, subtotal)
VALUES ('ae6880ab-67c5-4fba-9b6a-b7d9d40d9baa', '3a6a55c0-70f3-4417-a252-db77d9e511c0', 'Latte', 2, 120, 240);

INSERT INTO public.orders (id, order_id, status, amount, payment_method, cashier_name, created_at)
VALUES ('b15280bf-28d4-4aa9-8d00-edc69e406ca8', 'ORD-01153', 'Completed', 920, 'Maya', 'System Seed', '2026-05-06T08:09:13.990Z');

INSERT INTO public.order_items (order_id, product_id, name, quantity, unit_price, subtotal)
VALUES ('b15280bf-28d4-4aa9-8d00-edc69e406ca8', '83a6812d-2665-4ce5-871a-78a4eab3ce80', 'Americano', 3, 100, 300);

INSERT INTO public.order_items (order_id, product_id, name, quantity, unit_price, subtotal)
VALUES ('b15280bf-28d4-4aa9-8d00-edc69e406ca8', 'dfe22f11-84a3-41d2-a268-149f012eae60', 'Sparkling Lemonade', 2, 110, 220);

INSERT INTO public.order_items (order_id, product_id, name, quantity, unit_price, subtotal)
VALUES ('b15280bf-28d4-4aa9-8d00-edc69e406ca8', '83a6812d-2665-4ce5-871a-78a4eab3ce80', 'Americano', 1, 100, 100);

INSERT INTO public.order_items (order_id, product_id, name, quantity, unit_price, subtotal)
VALUES ('b15280bf-28d4-4aa9-8d00-edc69e406ca8', '83a6812d-2665-4ce5-871a-78a4eab3ce80', 'Americano', 3, 100, 300);

INSERT INTO public.orders (id, order_id, status, amount, payment_method, cashier_name, created_at)
VALUES ('99ae6d0c-0082-4694-b9dc-d6d86d819a10', 'ORD-01154', 'Void (Consumed)', 475, 'Credit Card', 'System Seed', '2026-05-06T04:00:50.990Z');

INSERT INTO public.order_items (order_id, product_id, name, quantity, unit_price, subtotal)
VALUES ('99ae6d0c-0082-4694-b9dc-d6d86d819a10', 'dfe22f11-84a3-41d2-a268-149f012eae60', 'Sparkling Lemonade', 1, 110, 110);

INSERT INTO public.order_items (order_id, product_id, name, quantity, unit_price, subtotal)
VALUES ('99ae6d0c-0082-4694-b9dc-d6d86d819a10', '36c93748-7c86-4ddb-ba49-1bd1a164bf42', 'Blueberry Muffin', 1, 95, 95);

INSERT INTO public.order_items (order_id, product_id, name, quantity, unit_price, subtotal)
VALUES ('99ae6d0c-0082-4694-b9dc-d6d86d819a10', 'fe6b02e6-9366-4abd-874c-fcb832e0e282', 'Green Tea', 3, 90, 270);

INSERT INTO public.orders (id, order_id, status, amount, payment_method, cashier_name, created_at)
VALUES ('cb3ebf6c-e4fb-47bd-ab82-21fc530e2fec', 'ORD-01155', 'Completed', 140, 'Credit Card', 'System Seed', '2026-05-06T10:18:40.990Z');

INSERT INTO public.order_items (order_id, product_id, name, quantity, unit_price, subtotal)
VALUES ('cb3ebf6c-e4fb-47bd-ab82-21fc530e2fec', '1b5c6269-ce45-4413-acb8-21813cd7f9cf', 'Mocha', 1, 140, 140);

INSERT INTO public.orders (id, order_id, status, amount, payment_method, cashier_name, created_at)
VALUES ('9d03bb50-06d6-4ec9-a7aa-564fe5274154', 'ORD-01156', 'Completed', 220, 'Maya', 'System Seed', '2026-05-06T10:29:38.990Z');

INSERT INTO public.order_items (order_id, product_id, name, quantity, unit_price, subtotal)
VALUES ('9d03bb50-06d6-4ec9-a7aa-564fe5274154', 'dfe22f11-84a3-41d2-a268-149f012eae60', 'Sparkling Lemonade', 2, 110, 220);

INSERT INTO public.orders (id, order_id, status, amount, payment_method, cashier_name, created_at)
VALUES ('9fb707c1-1837-4a0e-bb60-dabfad6ed79a', 'ORD-01157', 'Completed', 560, 'Cash', 'System Seed', '2026-05-06T05:18:10.990Z');

INSERT INTO public.order_items (order_id, product_id, name, quantity, unit_price, subtotal)
VALUES ('9fb707c1-1837-4a0e-bb60-dabfad6ed79a', '65f0b94f-ccbe-4b50-a175-66810ae10f44', 'Croissant', 2, 80, 160);

INSERT INTO public.order_items (order_id, product_id, name, quantity, unit_price, subtotal)
VALUES ('9fb707c1-1837-4a0e-bb60-dabfad6ed79a', '65f0b94f-ccbe-4b50-a175-66810ae10f44', 'Croissant', 2, 80, 160);

INSERT INTO public.order_items (order_id, product_id, name, quantity, unit_price, subtotal)
VALUES ('9fb707c1-1837-4a0e-bb60-dabfad6ed79a', '3a6a55c0-70f3-4417-a252-db77d9e511c0', 'Latte', 2, 120, 240);

INSERT INTO public.orders (id, order_id, status, amount, payment_method, cashier_name, created_at)
VALUES ('86d0564e-dd2d-4f2b-82b8-6e12789de104', 'ORD-01158', 'Completed', 270, 'Cash', 'System Seed', '2026-05-06T09:39:25.990Z');

INSERT INTO public.order_items (order_id, product_id, name, quantity, unit_price, subtotal)
VALUES ('86d0564e-dd2d-4f2b-82b8-6e12789de104', 'fe6b02e6-9366-4abd-874c-fcb832e0e282', 'Green Tea', 2, 90, 180);

INSERT INTO public.order_items (order_id, product_id, name, quantity, unit_price, subtotal)
VALUES ('86d0564e-dd2d-4f2b-82b8-6e12789de104', 'fe6b02e6-9366-4abd-874c-fcb832e0e282', 'Green Tea', 1, 90, 90);

INSERT INTO public.orders (id, order_id, status, amount, payment_method, cashier_name, created_at)
VALUES ('259fa06b-6e1d-4ad7-96de-9c1c8852f78a', 'ORD-01159', 'Void (Consumed)', 665, 'Cash', 'System Seed', '2026-05-06T04:45:45.990Z');

INSERT INTO public.order_items (order_id, product_id, name, quantity, unit_price, subtotal)
VALUES ('259fa06b-6e1d-4ad7-96de-9c1c8852f78a', '1b5c6269-ce45-4413-acb8-21813cd7f9cf', 'Mocha', 2, 140, 280);

INSERT INTO public.order_items (order_id, product_id, name, quantity, unit_price, subtotal)
VALUES ('259fa06b-6e1d-4ad7-96de-9c1c8852f78a', '83a6812d-2665-4ce5-871a-78a4eab3ce80', 'Americano', 1, 100, 100);

INSERT INTO public.order_items (order_id, product_id, name, quantity, unit_price, subtotal)
VALUES ('259fa06b-6e1d-4ad7-96de-9c1c8852f78a', '36c93748-7c86-4ddb-ba49-1bd1a164bf42', 'Blueberry Muffin', 3, 95, 285);

INSERT INTO public.orders (id, order_id, status, amount, payment_method, cashier_name, created_at)
VALUES ('d65e66d2-2287-4256-8620-b8275b094977', 'ORD-01160', 'Void (Consumed)', 540, 'Cash', 'System Seed', '2026-05-06T05:38:18.990Z');

INSERT INTO public.order_items (order_id, product_id, name, quantity, unit_price, subtotal)
VALUES ('d65e66d2-2287-4256-8620-b8275b094977', 'fe6b02e6-9366-4abd-874c-fcb832e0e282', 'Green Tea', 3, 90, 270);

INSERT INTO public.order_items (order_id, product_id, name, quantity, unit_price, subtotal)
VALUES ('d65e66d2-2287-4256-8620-b8275b094977', 'fe6b02e6-9366-4abd-874c-fcb832e0e282', 'Green Tea', 3, 90, 270);

INSERT INTO public.orders (id, order_id, status, amount, payment_method, cashier_name, created_at)
VALUES ('7573537f-abb8-49fb-a64b-8f4c79043ea7', 'ORD-01161', 'Completed', 850, 'Cash', 'System Seed', '2026-05-05T23:49:03.990Z');

INSERT INTO public.order_items (order_id, product_id, name, quantity, unit_price, subtotal)
VALUES ('7573537f-abb8-49fb-a64b-8f4c79043ea7', '48233f0a-6e57-4a45-b033-627d13f1be78', 'Cappuccino', 2, 120, 240);

INSERT INTO public.order_items (order_id, product_id, name, quantity, unit_price, subtotal)
VALUES ('7573537f-abb8-49fb-a64b-8f4c79043ea7', 'dfe22f11-84a3-41d2-a268-149f012eae60', 'Sparkling Lemonade', 3, 110, 330);

INSERT INTO public.order_items (order_id, product_id, name, quantity, unit_price, subtotal)
VALUES ('7573537f-abb8-49fb-a64b-8f4c79043ea7', '1b5c6269-ce45-4413-acb8-21813cd7f9cf', 'Mocha', 2, 140, 280);

INSERT INTO public.orders (id, order_id, status, amount, payment_method, cashier_name, created_at)
VALUES ('14575500-4c5d-40c6-926e-2c0f2fb337a4', 'ORD-01162', 'Completed', 525, 'Maya', 'System Seed', '2026-05-06T05:39:16.990Z');

INSERT INTO public.order_items (order_id, product_id, name, quantity, unit_price, subtotal)
VALUES ('14575500-4c5d-40c6-926e-2c0f2fb337a4', '36c93748-7c86-4ddb-ba49-1bd1a164bf42', 'Blueberry Muffin', 3, 95, 285);

INSERT INTO public.order_items (order_id, product_id, name, quantity, unit_price, subtotal)
VALUES ('14575500-4c5d-40c6-926e-2c0f2fb337a4', '3a6a55c0-70f3-4417-a252-db77d9e511c0', 'Latte', 2, 120, 240);

INSERT INTO public.orders (id, order_id, status, amount, payment_method, cashier_name, created_at)
VALUES ('2ab1fe23-2a35-4217-9461-73d01cf98063', 'ORD-01163', 'Completed', 995, 'Credit Card', 'System Seed', '2026-05-06T01:17:28.990Z');

INSERT INTO public.order_items (order_id, product_id, name, quantity, unit_price, subtotal)
VALUES ('2ab1fe23-2a35-4217-9461-73d01cf98063', '83a6812d-2665-4ce5-871a-78a4eab3ce80', 'Americano', 2, 100, 200);

INSERT INTO public.order_items (order_id, product_id, name, quantity, unit_price, subtotal)
VALUES ('2ab1fe23-2a35-4217-9461-73d01cf98063', '36c93748-7c86-4ddb-ba49-1bd1a164bf42', 'Blueberry Muffin', 1, 95, 95);

INSERT INTO public.order_items (order_id, product_id, name, quantity, unit_price, subtotal)
VALUES ('2ab1fe23-2a35-4217-9461-73d01cf98063', '1b5c6269-ce45-4413-acb8-21813cd7f9cf', 'Mocha', 3, 140, 420);

INSERT INTO public.order_items (order_id, product_id, name, quantity, unit_price, subtotal)
VALUES ('2ab1fe23-2a35-4217-9461-73d01cf98063', '1b5c6269-ce45-4413-acb8-21813cd7f9cf', 'Mocha', 2, 140, 280);

INSERT INTO public.orders (id, order_id, status, amount, payment_method, cashier_name, created_at)
VALUES ('e497758a-7a61-4fb0-b5d2-a6ea261c18dd', 'ORD-01164', 'Void (Consumed)', 95, 'Cash', 'System Seed', '2026-05-06T04:41:43.990Z');

INSERT INTO public.order_items (order_id, product_id, name, quantity, unit_price, subtotal)
VALUES ('e497758a-7a61-4fb0-b5d2-a6ea261c18dd', '36c93748-7c86-4ddb-ba49-1bd1a164bf42', 'Blueberry Muffin', 1, 95, 95);

INSERT INTO public.orders (id, order_id, status, amount, payment_method, cashier_name, created_at)
VALUES ('6beb0144-573b-4a8d-9dcf-5e76fbdad5eb', 'ORD-01165', 'Void (Not Made)', 960, 'Credit Card', 'System Seed', '2026-05-07T08:09:45.990Z');

INSERT INTO public.order_items (order_id, product_id, name, quantity, unit_price, subtotal)
VALUES ('6beb0144-573b-4a8d-9dcf-5e76fbdad5eb', '1b5c6269-ce45-4413-acb8-21813cd7f9cf', 'Mocha', 2, 140, 280);

INSERT INTO public.order_items (order_id, product_id, name, quantity, unit_price, subtotal)
VALUES ('6beb0144-573b-4a8d-9dcf-5e76fbdad5eb', '3a6a55c0-70f3-4417-a252-db77d9e511c0', 'Latte', 2, 120, 240);

INSERT INTO public.order_items (order_id, product_id, name, quantity, unit_price, subtotal)
VALUES ('6beb0144-573b-4a8d-9dcf-5e76fbdad5eb', '83a6812d-2665-4ce5-871a-78a4eab3ce80', 'Americano', 3, 100, 300);

INSERT INTO public.order_items (order_id, product_id, name, quantity, unit_price, subtotal)
VALUES ('6beb0144-573b-4a8d-9dcf-5e76fbdad5eb', '1b5c6269-ce45-4413-acb8-21813cd7f9cf', 'Mocha', 1, 140, 140);

INSERT INTO public.orders (id, order_id, status, amount, payment_method, cashier_name, created_at)
VALUES ('e3c2561c-e0ba-4747-82b2-5f184fe0f75f', 'ORD-01166', 'Completed', 1180, 'Credit Card', 'System Seed', '2026-05-07T12:45:42.990Z');

INSERT INTO public.order_items (order_id, product_id, name, quantity, unit_price, subtotal)
VALUES ('e3c2561c-e0ba-4747-82b2-5f184fe0f75f', '65f0b94f-ccbe-4b50-a175-66810ae10f44', 'Croissant', 3, 80, 240);

INSERT INTO public.order_items (order_id, product_id, name, quantity, unit_price, subtotal)
VALUES ('e3c2561c-e0ba-4747-82b2-5f184fe0f75f', '3a6a55c0-70f3-4417-a252-db77d9e511c0', 'Latte', 2, 120, 240);

INSERT INTO public.order_items (order_id, product_id, name, quantity, unit_price, subtotal)
VALUES ('e3c2561c-e0ba-4747-82b2-5f184fe0f75f', '1b5c6269-ce45-4413-acb8-21813cd7f9cf', 'Mocha', 3, 140, 420);

INSERT INTO public.order_items (order_id, product_id, name, quantity, unit_price, subtotal)
VALUES ('e3c2561c-e0ba-4747-82b2-5f184fe0f75f', '1b5c6269-ce45-4413-acb8-21813cd7f9cf', 'Mocha', 2, 140, 280);

INSERT INTO public.orders (id, order_id, status, amount, payment_method, cashier_name, created_at)
VALUES ('2b94201b-411d-4e00-8cc3-45fe101a8121', 'ORD-01167', 'Completed', 940, 'Credit Card', 'System Seed', '2026-05-06T23:22:47.990Z');

INSERT INTO public.order_items (order_id, product_id, name, quantity, unit_price, subtotal)
VALUES ('2b94201b-411d-4e00-8cc3-45fe101a8121', '48233f0a-6e57-4a45-b033-627d13f1be78', 'Cappuccino', 3, 120, 360);

INSERT INTO public.order_items (order_id, product_id, name, quantity, unit_price, subtotal)
VALUES ('2b94201b-411d-4e00-8cc3-45fe101a8121', '83a6812d-2665-4ce5-871a-78a4eab3ce80', 'Americano', 3, 100, 300);

INSERT INTO public.order_items (order_id, product_id, name, quantity, unit_price, subtotal)
VALUES ('2b94201b-411d-4e00-8cc3-45fe101a8121', '1b5c6269-ce45-4413-acb8-21813cd7f9cf', 'Mocha', 1, 140, 140);

INSERT INTO public.order_items (order_id, product_id, name, quantity, unit_price, subtotal)
VALUES ('2b94201b-411d-4e00-8cc3-45fe101a8121', '1b5c6269-ce45-4413-acb8-21813cd7f9cf', 'Mocha', 1, 140, 140);

INSERT INTO public.orders (id, order_id, status, amount, payment_method, cashier_name, created_at)
VALUES ('6a2db9ba-e3ab-45d8-b903-b913b7c18781', 'ORD-01168', 'Void (Consumed)', 1050, 'Maya', 'System Seed', '2026-05-07T06:50:18.990Z');

INSERT INTO public.order_items (order_id, product_id, name, quantity, unit_price, subtotal)
VALUES ('6a2db9ba-e3ab-45d8-b903-b913b7c18781', 'dfe22f11-84a3-41d2-a268-149f012eae60', 'Sparkling Lemonade', 3, 110, 330);

INSERT INTO public.order_items (order_id, product_id, name, quantity, unit_price, subtotal)
VALUES ('6a2db9ba-e3ab-45d8-b903-b913b7c18781', '1b5c6269-ce45-4413-acb8-21813cd7f9cf', 'Mocha', 3, 140, 420);

INSERT INTO public.order_items (order_id, product_id, name, quantity, unit_price, subtotal)
VALUES ('6a2db9ba-e3ab-45d8-b903-b913b7c18781', '83a6812d-2665-4ce5-871a-78a4eab3ce80', 'Americano', 3, 100, 300);

INSERT INTO public.orders (id, order_id, status, amount, payment_method, cashier_name, created_at)
VALUES ('1a19db95-c6ff-437e-8e3c-ade3515c487f', 'ORD-01169', 'Void (Not Made)', 755, 'Cash', 'System Seed', '2026-05-07T04:47:54.990Z');

INSERT INTO public.order_items (order_id, product_id, name, quantity, unit_price, subtotal)
VALUES ('1a19db95-c6ff-437e-8e3c-ade3515c487f', '3a6a55c0-70f3-4417-a252-db77d9e511c0', 'Latte', 2, 120, 240);

INSERT INTO public.order_items (order_id, product_id, name, quantity, unit_price, subtotal)
VALUES ('1a19db95-c6ff-437e-8e3c-ade3515c487f', '36c93748-7c86-4ddb-ba49-1bd1a164bf42', 'Blueberry Muffin', 1, 95, 95);

INSERT INTO public.order_items (order_id, product_id, name, quantity, unit_price, subtotal)
VALUES ('1a19db95-c6ff-437e-8e3c-ade3515c487f', '48233f0a-6e57-4a45-b033-627d13f1be78', 'Cappuccino', 2, 120, 240);

INSERT INTO public.order_items (order_id, product_id, name, quantity, unit_price, subtotal)
VALUES ('1a19db95-c6ff-437e-8e3c-ade3515c487f', 'fe6b02e6-9366-4abd-874c-fcb832e0e282', 'Green Tea', 2, 90, 180);

INSERT INTO public.orders (id, order_id, status, amount, payment_method, cashier_name, created_at)
VALUES ('1b53d2ef-257e-4051-b77b-7ca8f61eaaa8', 'ORD-01170', 'Completed', 600, 'Cash', 'System Seed', '2026-05-07T12:20:29.990Z');

INSERT INTO public.order_items (order_id, product_id, name, quantity, unit_price, subtotal)
VALUES ('1b53d2ef-257e-4051-b77b-7ca8f61eaaa8', '3a6a55c0-70f3-4417-a252-db77d9e511c0', 'Latte', 2, 120, 240);

INSERT INTO public.order_items (order_id, product_id, name, quantity, unit_price, subtotal)
VALUES ('1b53d2ef-257e-4051-b77b-7ca8f61eaaa8', '48233f0a-6e57-4a45-b033-627d13f1be78', 'Cappuccino', 3, 120, 360);

INSERT INTO public.orders (id, order_id, status, amount, payment_method, cashier_name, created_at)
VALUES ('6791c3fb-880e-4a6b-b08f-36b0cd105fcc', 'ORD-01171', 'Void (Not Made)', 380, 'GCash', 'System Seed', '2026-05-07T05:55:15.990Z');

INSERT INTO public.order_items (order_id, product_id, name, quantity, unit_price, subtotal)
VALUES ('6791c3fb-880e-4a6b-b08f-36b0cd105fcc', '65f0b94f-ccbe-4b50-a175-66810ae10f44', 'Croissant', 3, 80, 240);

INSERT INTO public.order_items (order_id, product_id, name, quantity, unit_price, subtotal)
VALUES ('6791c3fb-880e-4a6b-b08f-36b0cd105fcc', '1b5c6269-ce45-4413-acb8-21813cd7f9cf', 'Mocha', 1, 140, 140);

INSERT INTO public.orders (id, order_id, status, amount, payment_method, cashier_name, created_at)
VALUES ('1151f84c-2481-4b8b-8ffa-344c4ab1a060', 'ORD-01172', 'Completed', 1075, 'Credit Card', 'System Seed', '2026-05-07T01:08:02.990Z');

INSERT INTO public.order_items (order_id, product_id, name, quantity, unit_price, subtotal)
VALUES ('1151f84c-2481-4b8b-8ffa-344c4ab1a060', '36c93748-7c86-4ddb-ba49-1bd1a164bf42', 'Blueberry Muffin', 2, 95, 190);

INSERT INTO public.order_items (order_id, product_id, name, quantity, unit_price, subtotal)
VALUES ('1151f84c-2481-4b8b-8ffa-344c4ab1a060', '1b5c6269-ce45-4413-acb8-21813cd7f9cf', 'Mocha', 3, 140, 420);

INSERT INTO public.order_items (order_id, product_id, name, quantity, unit_price, subtotal)
VALUES ('1151f84c-2481-4b8b-8ffa-344c4ab1a060', 'fe6b02e6-9366-4abd-874c-fcb832e0e282', 'Green Tea', 2, 90, 180);

INSERT INTO public.order_items (order_id, product_id, name, quantity, unit_price, subtotal)
VALUES ('1151f84c-2481-4b8b-8ffa-344c4ab1a060', '36c93748-7c86-4ddb-ba49-1bd1a164bf42', 'Blueberry Muffin', 3, 95, 285);

INSERT INTO public.orders (id, order_id, status, amount, payment_method, cashier_name, created_at)
VALUES ('91eda27a-c164-4cab-b3e7-2e028efa4db6', 'ORD-01173', 'Completed', 475, 'GCash', 'System Seed', '2026-05-07T05:02:08.990Z');

INSERT INTO public.order_items (order_id, product_id, name, quantity, unit_price, subtotal)
VALUES ('91eda27a-c164-4cab-b3e7-2e028efa4db6', '36c93748-7c86-4ddb-ba49-1bd1a164bf42', 'Blueberry Muffin', 1, 95, 95);

INSERT INTO public.order_items (order_id, product_id, name, quantity, unit_price, subtotal)
VALUES ('91eda27a-c164-4cab-b3e7-2e028efa4db6', '3a6a55c0-70f3-4417-a252-db77d9e511c0', 'Latte', 2, 120, 240);

INSERT INTO public.order_items (order_id, product_id, name, quantity, unit_price, subtotal)
VALUES ('91eda27a-c164-4cab-b3e7-2e028efa4db6', '1b5c6269-ce45-4413-acb8-21813cd7f9cf', 'Mocha', 1, 140, 140);

INSERT INTO public.orders (id, order_id, status, amount, payment_method, cashier_name, created_at)
VALUES ('f458f0a6-8654-4183-8275-7f507069081e', 'ORD-01174', 'Void (Consumed)', 790, 'Credit Card', 'System Seed', '2026-05-07T01:16:02.990Z');

INSERT INTO public.order_items (order_id, product_id, name, quantity, unit_price, subtotal)
VALUES ('f458f0a6-8654-4183-8275-7f507069081e', 'fe6b02e6-9366-4abd-874c-fcb832e0e282', 'Green Tea', 2, 90, 180);

INSERT INTO public.order_items (order_id, product_id, name, quantity, unit_price, subtotal)
VALUES ('f458f0a6-8654-4183-8275-7f507069081e', '83a6812d-2665-4ce5-871a-78a4eab3ce80', 'Americano', 3, 100, 300);

INSERT INTO public.order_items (order_id, product_id, name, quantity, unit_price, subtotal)
VALUES ('f458f0a6-8654-4183-8275-7f507069081e', '3a6a55c0-70f3-4417-a252-db77d9e511c0', 'Latte', 1, 120, 120);

INSERT INTO public.order_items (order_id, product_id, name, quantity, unit_price, subtotal)
VALUES ('f458f0a6-8654-4183-8275-7f507069081e', '36c93748-7c86-4ddb-ba49-1bd1a164bf42', 'Blueberry Muffin', 2, 95, 190);

INSERT INTO public.orders (id, order_id, status, amount, payment_method, cashier_name, created_at)
VALUES ('57fca53e-6994-4ef1-9ade-3c071a6d2af1', 'ORD-01175', 'Completed', 510, 'Credit Card', 'System Seed', '2026-05-07T07:34:29.990Z');

INSERT INTO public.order_items (order_id, product_id, name, quantity, unit_price, subtotal)
VALUES ('57fca53e-6994-4ef1-9ade-3c071a6d2af1', 'fe6b02e6-9366-4abd-874c-fcb832e0e282', 'Green Tea', 1, 90, 90);

INSERT INTO public.order_items (order_id, product_id, name, quantity, unit_price, subtotal)
VALUES ('57fca53e-6994-4ef1-9ade-3c071a6d2af1', 'fe6b02e6-9366-4abd-874c-fcb832e0e282', 'Green Tea', 1, 90, 90);

INSERT INTO public.order_items (order_id, product_id, name, quantity, unit_price, subtotal)
VALUES ('57fca53e-6994-4ef1-9ade-3c071a6d2af1', 'dfe22f11-84a3-41d2-a268-149f012eae60', 'Sparkling Lemonade', 3, 110, 330);

INSERT INTO public.orders (id, order_id, status, amount, payment_method, cashier_name, created_at)
VALUES ('9c3ddc6d-978c-42bf-baac-4054e1e475fc', 'ORD-01176', 'Completed', 95, 'GCash', 'System Seed', '2026-05-07T04:16:45.990Z');

INSERT INTO public.order_items (order_id, product_id, name, quantity, unit_price, subtotal)
VALUES ('9c3ddc6d-978c-42bf-baac-4054e1e475fc', '36c93748-7c86-4ddb-ba49-1bd1a164bf42', 'Blueberry Muffin', 1, 95, 95);

INSERT INTO public.orders (id, order_id, status, amount, payment_method, cashier_name, created_at)
VALUES ('b01b9df4-cc23-4f35-a078-26ebf40c100a', 'ORD-01177', 'Completed', 885, 'Cash', 'System Seed', '2026-05-07T11:18:36.990Z');

INSERT INTO public.order_items (order_id, product_id, name, quantity, unit_price, subtotal)
VALUES ('b01b9df4-cc23-4f35-a078-26ebf40c100a', '3a6a55c0-70f3-4417-a252-db77d9e511c0', 'Latte', 2, 120, 240);

INSERT INTO public.order_items (order_id, product_id, name, quantity, unit_price, subtotal)
VALUES ('b01b9df4-cc23-4f35-a078-26ebf40c100a', '36c93748-7c86-4ddb-ba49-1bd1a164bf42', 'Blueberry Muffin', 3, 95, 285);

INSERT INTO public.order_items (order_id, product_id, name, quantity, unit_price, subtotal)
VALUES ('b01b9df4-cc23-4f35-a078-26ebf40c100a', '48233f0a-6e57-4a45-b033-627d13f1be78', 'Cappuccino', 1, 120, 120);

INSERT INTO public.order_items (order_id, product_id, name, quantity, unit_price, subtotal)
VALUES ('b01b9df4-cc23-4f35-a078-26ebf40c100a', '48233f0a-6e57-4a45-b033-627d13f1be78', 'Cappuccino', 2, 120, 240);

INSERT INTO public.orders (id, order_id, status, amount, payment_method, cashier_name, created_at)
VALUES ('37a9bd10-4c29-4ac8-8af7-559f78a7d9af', 'ORD-01178', 'Void (Not Made)', 430, 'Maya', 'System Seed', '2026-05-07T03:59:48.990Z');

INSERT INTO public.order_items (order_id, product_id, name, quantity, unit_price, subtotal)
VALUES ('37a9bd10-4c29-4ac8-8af7-559f78a7d9af', '36c93748-7c86-4ddb-ba49-1bd1a164bf42', 'Blueberry Muffin', 2, 95, 190);

INSERT INTO public.order_items (order_id, product_id, name, quantity, unit_price, subtotal)
VALUES ('37a9bd10-4c29-4ac8-8af7-559f78a7d9af', '83a6812d-2665-4ce5-871a-78a4eab3ce80', 'Americano', 1, 100, 100);

INSERT INTO public.order_items (order_id, product_id, name, quantity, unit_price, subtotal)
VALUES ('37a9bd10-4c29-4ac8-8af7-559f78a7d9af', '1b5c6269-ce45-4413-acb8-21813cd7f9cf', 'Mocha', 1, 140, 140);

INSERT INTO public.orders (id, order_id, status, amount, payment_method, cashier_name, created_at)
VALUES ('864656de-1515-49ab-a3db-67f8cfe8fd25', 'ORD-01179', 'Completed', 520, 'Cash', 'System Seed', '2026-05-07T12:16:18.990Z');

INSERT INTO public.order_items (order_id, product_id, name, quantity, unit_price, subtotal)
VALUES ('864656de-1515-49ab-a3db-67f8cfe8fd25', '1b5c6269-ce45-4413-acb8-21813cd7f9cf', 'Mocha', 3, 140, 420);

INSERT INTO public.order_items (order_id, product_id, name, quantity, unit_price, subtotal)
VALUES ('864656de-1515-49ab-a3db-67f8cfe8fd25', '83a6812d-2665-4ce5-871a-78a4eab3ce80', 'Americano', 1, 100, 100);

INSERT INTO public.orders (id, order_id, status, amount, payment_method, cashier_name, created_at)
VALUES ('aa22aa7e-316c-4724-806e-9faa16460dc5', 'ORD-01180', 'Void (Not Made)', 885, 'Cash', 'System Seed', '2026-05-07T09:45:25.990Z');

INSERT INTO public.order_items (order_id, product_id, name, quantity, unit_price, subtotal)
VALUES ('aa22aa7e-316c-4724-806e-9faa16460dc5', '36c93748-7c86-4ddb-ba49-1bd1a164bf42', 'Blueberry Muffin', 3, 95, 285);

INSERT INTO public.order_items (order_id, product_id, name, quantity, unit_price, subtotal)
VALUES ('aa22aa7e-316c-4724-806e-9faa16460dc5', '3a6a55c0-70f3-4417-a252-db77d9e511c0', 'Latte', 2, 120, 240);

INSERT INTO public.order_items (order_id, product_id, name, quantity, unit_price, subtotal)
VALUES ('aa22aa7e-316c-4724-806e-9faa16460dc5', '48233f0a-6e57-4a45-b033-627d13f1be78', 'Cappuccino', 3, 120, 360);

INSERT INTO public.orders (id, order_id, status, amount, payment_method, cashier_name, created_at)
VALUES ('fced5f6d-6b78-4494-b6b5-cd8a31c53285', 'ORD-01181', 'Void (Consumed)', 270, 'Maya', 'System Seed', '2026-05-07T07:58:12.990Z');

INSERT INTO public.order_items (order_id, product_id, name, quantity, unit_price, subtotal)
VALUES ('fced5f6d-6b78-4494-b6b5-cd8a31c53285', 'fe6b02e6-9366-4abd-874c-fcb832e0e282', 'Green Tea', 3, 90, 270);

INSERT INTO public.orders (id, order_id, status, amount, payment_method, cashier_name, created_at)
VALUES ('687f71ae-cf2c-4248-b2ed-586675e94d97', 'ORD-01182', 'Completed', 660, 'Maya', 'System Seed', '2026-05-07T04:33:37.990Z');

INSERT INTO public.order_items (order_id, product_id, name, quantity, unit_price, subtotal)
VALUES ('687f71ae-cf2c-4248-b2ed-586675e94d97', '48233f0a-6e57-4a45-b033-627d13f1be78', 'Cappuccino', 3, 120, 360);

INSERT INTO public.order_items (order_id, product_id, name, quantity, unit_price, subtotal)
VALUES ('687f71ae-cf2c-4248-b2ed-586675e94d97', '65f0b94f-ccbe-4b50-a175-66810ae10f44', 'Croissant', 1, 80, 80);

INSERT INTO public.order_items (order_id, product_id, name, quantity, unit_price, subtotal)
VALUES ('687f71ae-cf2c-4248-b2ed-586675e94d97', 'dfe22f11-84a3-41d2-a268-149f012eae60', 'Sparkling Lemonade', 2, 110, 220);

INSERT INTO public.orders (id, order_id, status, amount, payment_method, cashier_name, created_at)
VALUES ('91f84eb0-ec5b-49f9-a26a-b7cb3e0f861d', 'ORD-01183', 'Completed', 950, 'GCash', 'System Seed', '2026-05-07T10:18:12.990Z');

INSERT INTO public.order_items (order_id, product_id, name, quantity, unit_price, subtotal)
VALUES ('91f84eb0-ec5b-49f9-a26a-b7cb3e0f861d', 'dfe22f11-84a3-41d2-a268-149f012eae60', 'Sparkling Lemonade', 3, 110, 330);

INSERT INTO public.order_items (order_id, product_id, name, quantity, unit_price, subtotal)
VALUES ('91f84eb0-ec5b-49f9-a26a-b7cb3e0f861d', '1b5c6269-ce45-4413-acb8-21813cd7f9cf', 'Mocha', 3, 140, 420);

INSERT INTO public.order_items (order_id, product_id, name, quantity, unit_price, subtotal)
VALUES ('91f84eb0-ec5b-49f9-a26a-b7cb3e0f861d', '83a6812d-2665-4ce5-871a-78a4eab3ce80', 'Americano', 2, 100, 200);

INSERT INTO public.orders (id, order_id, status, amount, payment_method, cashier_name, created_at)
VALUES ('ed1e16b9-340e-41fc-82d0-6693ee56d46b', 'ORD-01184', 'Completed', 825, 'GCash', 'System Seed', '2026-05-06T23:50:40.990Z');

INSERT INTO public.order_items (order_id, product_id, name, quantity, unit_price, subtotal)
VALUES ('ed1e16b9-340e-41fc-82d0-6693ee56d46b', '3a6a55c0-70f3-4417-a252-db77d9e511c0', 'Latte', 3, 120, 360);

INSERT INTO public.order_items (order_id, product_id, name, quantity, unit_price, subtotal)
VALUES ('ed1e16b9-340e-41fc-82d0-6693ee56d46b', 'fe6b02e6-9366-4abd-874c-fcb832e0e282', 'Green Tea', 2, 90, 180);

INSERT INTO public.order_items (order_id, product_id, name, quantity, unit_price, subtotal)
VALUES ('ed1e16b9-340e-41fc-82d0-6693ee56d46b', '36c93748-7c86-4ddb-ba49-1bd1a164bf42', 'Blueberry Muffin', 3, 95, 285);

INSERT INTO public.orders (id, order_id, status, amount, payment_method, cashier_name, created_at)
VALUES ('2bce4e09-bdfb-4188-9574-22e17c68713c', 'ORD-01185', 'Void (Not Made)', 940, 'GCash', 'System Seed', '2026-05-08T02:15:02.990Z');

INSERT INTO public.order_items (order_id, product_id, name, quantity, unit_price, subtotal)
VALUES ('2bce4e09-bdfb-4188-9574-22e17c68713c', '1b5c6269-ce45-4413-acb8-21813cd7f9cf', 'Mocha', 3, 140, 420);

INSERT INTO public.order_items (order_id, product_id, name, quantity, unit_price, subtotal)
VALUES ('2bce4e09-bdfb-4188-9574-22e17c68713c', '83a6812d-2665-4ce5-871a-78a4eab3ce80', 'Americano', 2, 100, 200);

INSERT INTO public.order_items (order_id, product_id, name, quantity, unit_price, subtotal)
VALUES ('2bce4e09-bdfb-4188-9574-22e17c68713c', '83a6812d-2665-4ce5-871a-78a4eab3ce80', 'Americano', 1, 100, 100);

INSERT INTO public.order_items (order_id, product_id, name, quantity, unit_price, subtotal)
VALUES ('2bce4e09-bdfb-4188-9574-22e17c68713c', 'dfe22f11-84a3-41d2-a268-149f012eae60', 'Sparkling Lemonade', 2, 110, 220);

INSERT INTO public.orders (id, order_id, status, amount, payment_method, cashier_name, created_at)
VALUES ('d44eb5bc-2a7a-4dff-b7b8-4aa44363db25', 'ORD-01186', 'Void (Not Made)', 280, 'GCash', 'System Seed', '2026-05-08T09:51:45.990Z');

INSERT INTO public.order_items (order_id, product_id, name, quantity, unit_price, subtotal)
VALUES ('d44eb5bc-2a7a-4dff-b7b8-4aa44363db25', '1b5c6269-ce45-4413-acb8-21813cd7f9cf', 'Mocha', 2, 140, 280);

INSERT INTO public.orders (id, order_id, status, amount, payment_method, cashier_name, created_at)
VALUES ('592d5129-3a86-43ea-a9f9-a3a1ee087c38', 'ORD-01187', 'Void (Consumed)', 590, 'Credit Card', 'System Seed', '2026-05-08T06:38:25.990Z');

INSERT INTO public.order_items (order_id, product_id, name, quantity, unit_price, subtotal)
VALUES ('592d5129-3a86-43ea-a9f9-a3a1ee087c38', '36c93748-7c86-4ddb-ba49-1bd1a164bf42', 'Blueberry Muffin', 2, 95, 190);

INSERT INTO public.order_items (order_id, product_id, name, quantity, unit_price, subtotal)
VALUES ('592d5129-3a86-43ea-a9f9-a3a1ee087c38', '3a6a55c0-70f3-4417-a252-db77d9e511c0', 'Latte', 2, 120, 240);

INSERT INTO public.order_items (order_id, product_id, name, quantity, unit_price, subtotal)
VALUES ('592d5129-3a86-43ea-a9f9-a3a1ee087c38', '65f0b94f-ccbe-4b50-a175-66810ae10f44', 'Croissant', 2, 80, 160);

INSERT INTO public.orders (id, order_id, status, amount, payment_method, cashier_name, created_at)
VALUES ('dad3ad00-eaae-417b-949b-3b11b618a3a3', 'ORD-01188', 'Completed', 110, 'Maya', 'System Seed', '2026-05-08T08:59:24.990Z');

INSERT INTO public.order_items (order_id, product_id, name, quantity, unit_price, subtotal)
VALUES ('dad3ad00-eaae-417b-949b-3b11b618a3a3', 'dfe22f11-84a3-41d2-a268-149f012eae60', 'Sparkling Lemonade', 1, 110, 110);

INSERT INTO public.orders (id, order_id, status, amount, payment_method, cashier_name, created_at)
VALUES ('bfadf1a5-5711-4195-a28c-95e5b38c990f', 'ORD-01189', 'Completed', 80, 'Credit Card', 'System Seed', '2026-05-08T07:21:28.990Z');

INSERT INTO public.order_items (order_id, product_id, name, quantity, unit_price, subtotal)
VALUES ('bfadf1a5-5711-4195-a28c-95e5b38c990f', '65f0b94f-ccbe-4b50-a175-66810ae10f44', 'Croissant', 1, 80, 80);

INSERT INTO public.orders (id, order_id, status, amount, payment_method, cashier_name, created_at)
VALUES ('c32c1fca-470d-4f2b-aa99-3191bf2ab222', 'ORD-01190', 'Completed', 870, 'GCash', 'System Seed', '2026-05-08T03:40:51.990Z');

INSERT INTO public.order_items (order_id, product_id, name, quantity, unit_price, subtotal)
VALUES ('c32c1fca-470d-4f2b-aa99-3191bf2ab222', '36c93748-7c86-4ddb-ba49-1bd1a164bf42', 'Blueberry Muffin', 2, 95, 190);

INSERT INTO public.order_items (order_id, product_id, name, quantity, unit_price, subtotal)
VALUES ('c32c1fca-470d-4f2b-aa99-3191bf2ab222', 'dfe22f11-84a3-41d2-a268-149f012eae60', 'Sparkling Lemonade', 3, 110, 330);

INSERT INTO public.order_items (order_id, product_id, name, quantity, unit_price, subtotal)
VALUES ('c32c1fca-470d-4f2b-aa99-3191bf2ab222', 'dfe22f11-84a3-41d2-a268-149f012eae60', 'Sparkling Lemonade', 1, 110, 110);

INSERT INTO public.order_items (order_id, product_id, name, quantity, unit_price, subtotal)
VALUES ('c32c1fca-470d-4f2b-aa99-3191bf2ab222', '48233f0a-6e57-4a45-b033-627d13f1be78', 'Cappuccino', 2, 120, 240);

INSERT INTO public.orders (id, order_id, status, amount, payment_method, cashier_name, created_at)
VALUES ('8c556149-2070-4e02-9a1b-05e747752848', 'ORD-01191', 'Void (Consumed)', 620, 'Maya', 'System Seed', '2026-05-08T05:54:24.990Z');

INSERT INTO public.order_items (order_id, product_id, name, quantity, unit_price, subtotal)
VALUES ('8c556149-2070-4e02-9a1b-05e747752848', '65f0b94f-ccbe-4b50-a175-66810ae10f44', 'Croissant', 1, 80, 80);

INSERT INTO public.order_items (order_id, product_id, name, quantity, unit_price, subtotal)
VALUES ('8c556149-2070-4e02-9a1b-05e747752848', '65f0b94f-ccbe-4b50-a175-66810ae10f44', 'Croissant', 2, 80, 160);

INSERT INTO public.order_items (order_id, product_id, name, quantity, unit_price, subtotal)
VALUES ('8c556149-2070-4e02-9a1b-05e747752848', '36c93748-7c86-4ddb-ba49-1bd1a164bf42', 'Blueberry Muffin', 1, 95, 95);

INSERT INTO public.order_items (order_id, product_id, name, quantity, unit_price, subtotal)
VALUES ('8c556149-2070-4e02-9a1b-05e747752848', '36c93748-7c86-4ddb-ba49-1bd1a164bf42', 'Blueberry Muffin', 3, 95, 285);

INSERT INTO public.orders (id, order_id, status, amount, payment_method, cashier_name, created_at)
VALUES ('f81da495-ec5c-46fd-a2fe-f9eb552b4453', 'ORD-01192', 'Completed', 600, 'Cash', 'System Seed', '2026-05-08T09:21:57.990Z');

INSERT INTO public.order_items (order_id, product_id, name, quantity, unit_price, subtotal)
VALUES ('f81da495-ec5c-46fd-a2fe-f9eb552b4453', '3a6a55c0-70f3-4417-a252-db77d9e511c0', 'Latte', 1, 120, 120);

INSERT INTO public.order_items (order_id, product_id, name, quantity, unit_price, subtotal)
VALUES ('f81da495-ec5c-46fd-a2fe-f9eb552b4453', '1b5c6269-ce45-4413-acb8-21813cd7f9cf', 'Mocha', 2, 140, 280);

INSERT INTO public.order_items (order_id, product_id, name, quantity, unit_price, subtotal)
VALUES ('f81da495-ec5c-46fd-a2fe-f9eb552b4453', '83a6812d-2665-4ce5-871a-78a4eab3ce80', 'Americano', 2, 100, 200);

INSERT INTO public.orders (id, order_id, status, amount, payment_method, cashier_name, created_at)
VALUES ('ed82c2e4-116c-4cf5-bfbf-a188f31a4a65', 'ORD-01193', 'Completed', 490, 'GCash', 'System Seed', '2026-05-08T07:40:22.990Z');

INSERT INTO public.order_items (order_id, product_id, name, quantity, unit_price, subtotal)
VALUES ('ed82c2e4-116c-4cf5-bfbf-a188f31a4a65', '48233f0a-6e57-4a45-b033-627d13f1be78', 'Cappuccino', 2, 120, 240);

INSERT INTO public.order_items (order_id, product_id, name, quantity, unit_price, subtotal)
VALUES ('ed82c2e4-116c-4cf5-bfbf-a188f31a4a65', 'dfe22f11-84a3-41d2-a268-149f012eae60', 'Sparkling Lemonade', 1, 110, 110);

INSERT INTO public.order_items (order_id, product_id, name, quantity, unit_price, subtotal)
VALUES ('ed82c2e4-116c-4cf5-bfbf-a188f31a4a65', '1b5c6269-ce45-4413-acb8-21813cd7f9cf', 'Mocha', 1, 140, 140);

INSERT INTO public.orders (id, order_id, status, amount, payment_method, cashier_name, created_at)
VALUES ('f69d7b77-61a0-4bea-975a-7c0a4844253a', 'ORD-01194', 'Completed', 190, 'Cash', 'System Seed', '2026-05-08T10:47:45.990Z');

INSERT INTO public.order_items (order_id, product_id, name, quantity, unit_price, subtotal)
VALUES ('f69d7b77-61a0-4bea-975a-7c0a4844253a', '36c93748-7c86-4ddb-ba49-1bd1a164bf42', 'Blueberry Muffin', 2, 95, 190);

INSERT INTO public.orders (id, order_id, status, amount, payment_method, cashier_name, created_at)
VALUES ('76a3c050-728b-41d4-8e74-3a48bd6d1349', 'ORD-01195', 'Void (Not Made)', 600, 'Credit Card', 'System Seed', '2026-05-08T00:48:18.990Z');

INSERT INTO public.order_items (order_id, product_id, name, quantity, unit_price, subtotal)
VALUES ('76a3c050-728b-41d4-8e74-3a48bd6d1349', '65f0b94f-ccbe-4b50-a175-66810ae10f44', 'Croissant', 1, 80, 80);

INSERT INTO public.order_items (order_id, product_id, name, quantity, unit_price, subtotal)
VALUES ('76a3c050-728b-41d4-8e74-3a48bd6d1349', '1b5c6269-ce45-4413-acb8-21813cd7f9cf', 'Mocha', 2, 140, 280);

INSERT INTO public.order_items (order_id, product_id, name, quantity, unit_price, subtotal)
VALUES ('76a3c050-728b-41d4-8e74-3a48bd6d1349', '3a6a55c0-70f3-4417-a252-db77d9e511c0', 'Latte', 2, 120, 240);

INSERT INTO public.orders (id, order_id, status, amount, payment_method, cashier_name, created_at)
VALUES ('e5bc2e92-0e78-4d07-bdd7-541fe66b6241', 'ORD-01196', 'Completed', 585, 'Credit Card', 'System Seed', '2026-05-08T09:11:53.990Z');

INSERT INTO public.order_items (order_id, product_id, name, quantity, unit_price, subtotal)
VALUES ('e5bc2e92-0e78-4d07-bdd7-541fe66b6241', '1b5c6269-ce45-4413-acb8-21813cd7f9cf', 'Mocha', 1, 140, 140);

INSERT INTO public.order_items (order_id, product_id, name, quantity, unit_price, subtotal)
VALUES ('e5bc2e92-0e78-4d07-bdd7-541fe66b6241', '36c93748-7c86-4ddb-ba49-1bd1a164bf42', 'Blueberry Muffin', 1, 95, 95);

INSERT INTO public.order_items (order_id, product_id, name, quantity, unit_price, subtotal)
VALUES ('e5bc2e92-0e78-4d07-bdd7-541fe66b6241', '36c93748-7c86-4ddb-ba49-1bd1a164bf42', 'Blueberry Muffin', 2, 95, 190);

INSERT INTO public.order_items (order_id, product_id, name, quantity, unit_price, subtotal)
VALUES ('e5bc2e92-0e78-4d07-bdd7-541fe66b6241', '65f0b94f-ccbe-4b50-a175-66810ae10f44', 'Croissant', 2, 80, 160);

INSERT INTO public.orders (id, order_id, status, amount, payment_method, cashier_name, created_at)
VALUES ('775f78b6-d54e-4907-b7a0-da5f8e841ef9', 'ORD-01197', 'Completed', 360, 'Cash', 'System Seed', '2026-05-08T12:29:37.990Z');

INSERT INTO public.order_items (order_id, product_id, name, quantity, unit_price, subtotal)
VALUES ('775f78b6-d54e-4907-b7a0-da5f8e841ef9', '3a6a55c0-70f3-4417-a252-db77d9e511c0', 'Latte', 3, 120, 360);

INSERT INTO public.orders (id, order_id, status, amount, payment_method, cashier_name, created_at)
VALUES ('905d2522-adc7-40db-b740-13bd6612e2a2', 'ORD-01198', 'Completed', 300, 'GCash', 'System Seed', '2026-05-08T06:40:56.990Z');

INSERT INTO public.order_items (order_id, product_id, name, quantity, unit_price, subtotal)
VALUES ('905d2522-adc7-40db-b740-13bd6612e2a2', '36c93748-7c86-4ddb-ba49-1bd1a164bf42', 'Blueberry Muffin', 2, 95, 190);

INSERT INTO public.order_items (order_id, product_id, name, quantity, unit_price, subtotal)
VALUES ('905d2522-adc7-40db-b740-13bd6612e2a2', 'dfe22f11-84a3-41d2-a268-149f012eae60', 'Sparkling Lemonade', 1, 110, 110);

INSERT INTO public.orders (id, order_id, status, amount, payment_method, cashier_name, created_at)
VALUES ('616d132f-886f-4c06-9cd7-5d5339a7377f', 'ORD-01199', 'Completed', 690, 'Credit Card', 'System Seed', '2026-05-08T12:32:32.990Z');

INSERT INTO public.order_items (order_id, product_id, name, quantity, unit_price, subtotal)
VALUES ('616d132f-886f-4c06-9cd7-5d5339a7377f', 'dfe22f11-84a3-41d2-a268-149f012eae60', 'Sparkling Lemonade', 1, 110, 110);

INSERT INTO public.order_items (order_id, product_id, name, quantity, unit_price, subtotal)
VALUES ('616d132f-886f-4c06-9cd7-5d5339a7377f', '83a6812d-2665-4ce5-871a-78a4eab3ce80', 'Americano', 2, 100, 200);

INSERT INTO public.order_items (order_id, product_id, name, quantity, unit_price, subtotal)
VALUES ('616d132f-886f-4c06-9cd7-5d5339a7377f', '83a6812d-2665-4ce5-871a-78a4eab3ce80', 'Americano', 3, 100, 300);

INSERT INTO public.order_items (order_id, product_id, name, quantity, unit_price, subtotal)
VALUES ('616d132f-886f-4c06-9cd7-5d5339a7377f', '65f0b94f-ccbe-4b50-a175-66810ae10f44', 'Croissant', 1, 80, 80);

INSERT INTO public.orders (id, order_id, status, amount, payment_method, cashier_name, created_at)
VALUES ('0c91676a-4433-419a-bce9-e2ffb6d1b351', 'ORD-01200', 'Completed', 900, 'Credit Card', 'System Seed', '2026-05-08T07:47:54.990Z');

INSERT INTO public.order_items (order_id, product_id, name, quantity, unit_price, subtotal)
VALUES ('0c91676a-4433-419a-bce9-e2ffb6d1b351', '1b5c6269-ce45-4413-acb8-21813cd7f9cf', 'Mocha', 3, 140, 420);

INSERT INTO public.order_items (order_id, product_id, name, quantity, unit_price, subtotal)
VALUES ('0c91676a-4433-419a-bce9-e2ffb6d1b351', '3a6a55c0-70f3-4417-a252-db77d9e511c0', 'Latte', 3, 120, 360);

INSERT INTO public.order_items (order_id, product_id, name, quantity, unit_price, subtotal)
VALUES ('0c91676a-4433-419a-bce9-e2ffb6d1b351', '3a6a55c0-70f3-4417-a252-db77d9e511c0', 'Latte', 1, 120, 120);

INSERT INTO public.orders (id, order_id, status, amount, payment_method, cashier_name, created_at)
VALUES ('b229ab71-0d0c-4820-b725-713281ef9eb6', 'ORD-01201', 'Void (Consumed)', 285, 'Maya', 'System Seed', '2026-05-08T01:17:01.990Z');

INSERT INTO public.order_items (order_id, product_id, name, quantity, unit_price, subtotal)
VALUES ('b229ab71-0d0c-4820-b725-713281ef9eb6', '36c93748-7c86-4ddb-ba49-1bd1a164bf42', 'Blueberry Muffin', 3, 95, 285);

INSERT INTO public.orders (id, order_id, status, amount, payment_method, cashier_name, created_at)
VALUES ('85346590-9ad4-405d-b194-60f1d884c5b1', 'ORD-01202', 'Completed', 240, 'Cash', 'System Seed', '2026-05-08T02:29:43.990Z');

INSERT INTO public.order_items (order_id, product_id, name, quantity, unit_price, subtotal)
VALUES ('85346590-9ad4-405d-b194-60f1d884c5b1', '83a6812d-2665-4ce5-871a-78a4eab3ce80', 'Americano', 1, 100, 100);

INSERT INTO public.order_items (order_id, product_id, name, quantity, unit_price, subtotal)
VALUES ('85346590-9ad4-405d-b194-60f1d884c5b1', '1b5c6269-ce45-4413-acb8-21813cd7f9cf', 'Mocha', 1, 140, 140);

INSERT INTO public.orders (id, order_id, status, amount, payment_method, cashier_name, created_at)
VALUES ('918f79fa-bb97-487f-9fee-3dee813c2b22', 'ORD-01203', 'Completed', 570, 'Cash', 'System Seed', '2026-05-08T10:32:13.990Z');

INSERT INTO public.order_items (order_id, product_id, name, quantity, unit_price, subtotal)
VALUES ('918f79fa-bb97-487f-9fee-3dee813c2b22', '65f0b94f-ccbe-4b50-a175-66810ae10f44', 'Croissant', 3, 80, 240);

INSERT INTO public.order_items (order_id, product_id, name, quantity, unit_price, subtotal)
VALUES ('918f79fa-bb97-487f-9fee-3dee813c2b22', 'dfe22f11-84a3-41d2-a268-149f012eae60', 'Sparkling Lemonade', 3, 110, 330);

INSERT INTO public.orders (id, order_id, status, amount, payment_method, cashier_name, created_at)
VALUES ('ec9a8ec8-05da-4fc0-8e53-bd0b60914991', 'ORD-01204', 'Completed', 330, 'Maya', 'System Seed', '2026-05-08T02:36:38.990Z');

INSERT INTO public.order_items (order_id, product_id, name, quantity, unit_price, subtotal)
VALUES ('ec9a8ec8-05da-4fc0-8e53-bd0b60914991', 'fe6b02e6-9366-4abd-874c-fcb832e0e282', 'Green Tea', 1, 90, 90);

INSERT INTO public.order_items (order_id, product_id, name, quantity, unit_price, subtotal)
VALUES ('ec9a8ec8-05da-4fc0-8e53-bd0b60914991', '48233f0a-6e57-4a45-b033-627d13f1be78', 'Cappuccino', 2, 120, 240);

INSERT INTO public.orders (id, order_id, status, amount, payment_method, cashier_name, created_at)
VALUES ('ad5aae3a-85a1-4ae2-bd68-7f11c51f082f', 'ORD-01205', 'Completed', 370, 'GCash', 'System Seed', '2026-05-08T08:39:15.990Z');

INSERT INTO public.order_items (order_id, product_id, name, quantity, unit_price, subtotal)
VALUES ('ad5aae3a-85a1-4ae2-bd68-7f11c51f082f', 'fe6b02e6-9366-4abd-874c-fcb832e0e282', 'Green Tea', 2, 90, 180);

INSERT INTO public.order_items (order_id, product_id, name, quantity, unit_price, subtotal)
VALUES ('ad5aae3a-85a1-4ae2-bd68-7f11c51f082f', '65f0b94f-ccbe-4b50-a175-66810ae10f44', 'Croissant', 1, 80, 80);

INSERT INTO public.order_items (order_id, product_id, name, quantity, unit_price, subtotal)
VALUES ('ad5aae3a-85a1-4ae2-bd68-7f11c51f082f', 'dfe22f11-84a3-41d2-a268-149f012eae60', 'Sparkling Lemonade', 1, 110, 110);

INSERT INTO public.orders (id, order_id, status, amount, payment_method, cashier_name, created_at)
VALUES ('ae8f3453-2605-4b00-909c-c0503287f5d8', 'ORD-01206', 'Completed', 630, 'Credit Card', 'System Seed', '2026-05-08T10:40:51.990Z');

INSERT INTO public.order_items (order_id, product_id, name, quantity, unit_price, subtotal)
VALUES ('ae8f3453-2605-4b00-909c-c0503287f5d8', '83a6812d-2665-4ce5-871a-78a4eab3ce80', 'Americano', 1, 100, 100);

INSERT INTO public.order_items (order_id, product_id, name, quantity, unit_price, subtotal)
VALUES ('ae8f3453-2605-4b00-909c-c0503287f5d8', 'dfe22f11-84a3-41d2-a268-149f012eae60', 'Sparkling Lemonade', 1, 110, 110);

INSERT INTO public.order_items (order_id, product_id, name, quantity, unit_price, subtotal)
VALUES ('ae8f3453-2605-4b00-909c-c0503287f5d8', '1b5c6269-ce45-4413-acb8-21813cd7f9cf', 'Mocha', 3, 140, 420);

INSERT INTO public.orders (id, order_id, status, amount, payment_method, cashier_name, created_at)
VALUES ('5de43eb0-7091-4ae7-acc0-a6675ea66d95', 'ORD-01207', 'Completed', 850, 'Credit Card', 'System Seed', '2026-05-08T12:47:47.990Z');

INSERT INTO public.order_items (order_id, product_id, name, quantity, unit_price, subtotal)
VALUES ('5de43eb0-7091-4ae7-acc0-a6675ea66d95', '1b5c6269-ce45-4413-acb8-21813cd7f9cf', 'Mocha', 2, 140, 280);

INSERT INTO public.order_items (order_id, product_id, name, quantity, unit_price, subtotal)
VALUES ('5de43eb0-7091-4ae7-acc0-a6675ea66d95', 'dfe22f11-84a3-41d2-a268-149f012eae60', 'Sparkling Lemonade', 3, 110, 330);

INSERT INTO public.order_items (order_id, product_id, name, quantity, unit_price, subtotal)
VALUES ('5de43eb0-7091-4ae7-acc0-a6675ea66d95', '65f0b94f-ccbe-4b50-a175-66810ae10f44', 'Croissant', 3, 80, 240);

INSERT INTO public.orders (id, order_id, status, amount, payment_method, cashier_name, created_at)
VALUES ('c18238b7-681c-4f73-a72c-6a7a8224fb05', 'ORD-01208', 'Completed', 840, 'Cash', 'System Seed', '2026-05-08T02:58:03.990Z');

INSERT INTO public.order_items (order_id, product_id, name, quantity, unit_price, subtotal)
VALUES ('c18238b7-681c-4f73-a72c-6a7a8224fb05', '83a6812d-2665-4ce5-871a-78a4eab3ce80', 'Americano', 3, 100, 300);

INSERT INTO public.order_items (order_id, product_id, name, quantity, unit_price, subtotal)
VALUES ('c18238b7-681c-4f73-a72c-6a7a8224fb05', '48233f0a-6e57-4a45-b033-627d13f1be78', 'Cappuccino', 1, 120, 120);

INSERT INTO public.order_items (order_id, product_id, name, quantity, unit_price, subtotal)
VALUES ('c18238b7-681c-4f73-a72c-6a7a8224fb05', '1b5c6269-ce45-4413-acb8-21813cd7f9cf', 'Mocha', 3, 140, 420);

INSERT INTO public.orders (id, order_id, status, amount, payment_method, cashier_name, created_at)
VALUES ('803f2a4e-677e-4081-b120-844dc0daf851', 'ORD-01209', 'Completed', 90, 'GCash', 'System Seed', '2026-05-09T00:42:13.990Z');

INSERT INTO public.order_items (order_id, product_id, name, quantity, unit_price, subtotal)
VALUES ('803f2a4e-677e-4081-b120-844dc0daf851', 'fe6b02e6-9366-4abd-874c-fcb832e0e282', 'Green Tea', 1, 90, 90);

INSERT INTO public.orders (id, order_id, status, amount, payment_method, cashier_name, created_at)
VALUES ('6a68ce3d-6220-4dab-a174-d5584a07df7d', 'ORD-01210', 'Completed', 550, 'Maya', 'System Seed', '2026-05-09T12:07:48.990Z');

INSERT INTO public.order_items (order_id, product_id, name, quantity, unit_price, subtotal)
VALUES ('6a68ce3d-6220-4dab-a174-d5584a07df7d', '3a6a55c0-70f3-4417-a252-db77d9e511c0', 'Latte', 3, 120, 360);

INSERT INTO public.order_items (order_id, product_id, name, quantity, unit_price, subtotal)
VALUES ('6a68ce3d-6220-4dab-a174-d5584a07df7d', '36c93748-7c86-4ddb-ba49-1bd1a164bf42', 'Blueberry Muffin', 2, 95, 190);

INSERT INTO public.orders (id, order_id, status, amount, payment_method, cashier_name, created_at)
VALUES ('51c10a78-bfe7-4819-86e1-8d10e3579a01', 'ORD-01211', 'Completed', 600, 'Maya', 'System Seed', '2026-05-09T08:29:02.990Z');

INSERT INTO public.order_items (order_id, product_id, name, quantity, unit_price, subtotal)
VALUES ('51c10a78-bfe7-4819-86e1-8d10e3579a01', '48233f0a-6e57-4a45-b033-627d13f1be78', 'Cappuccino', 2, 120, 240);

INSERT INTO public.order_items (order_id, product_id, name, quantity, unit_price, subtotal)
VALUES ('51c10a78-bfe7-4819-86e1-8d10e3579a01', '48233f0a-6e57-4a45-b033-627d13f1be78', 'Cappuccino', 3, 120, 360);

INSERT INTO public.orders (id, order_id, status, amount, payment_method, cashier_name, created_at)
VALUES ('1d244849-f620-405b-9695-05057551bbb2', 'ORD-01212', 'Void (Not Made)', 570, 'Maya', 'System Seed', '2026-05-09T04:10:00.990Z');

INSERT INTO public.order_items (order_id, product_id, name, quantity, unit_price, subtotal)
VALUES ('1d244849-f620-405b-9695-05057551bbb2', 'dfe22f11-84a3-41d2-a268-149f012eae60', 'Sparkling Lemonade', 3, 110, 330);

INSERT INTO public.order_items (order_id, product_id, name, quantity, unit_price, subtotal)
VALUES ('1d244849-f620-405b-9695-05057551bbb2', '3a6a55c0-70f3-4417-a252-db77d9e511c0', 'Latte', 2, 120, 240);

INSERT INTO public.orders (id, order_id, status, amount, payment_method, cashier_name, created_at)
VALUES ('f8e5b679-f3c6-4744-85bb-d15e8e9acb08', 'ORD-01213', 'Completed', 340, 'Cash', 'System Seed', '2026-05-09T02:36:18.990Z');

INSERT INTO public.order_items (order_id, product_id, name, quantity, unit_price, subtotal)
VALUES ('f8e5b679-f3c6-4744-85bb-d15e8e9acb08', '1b5c6269-ce45-4413-acb8-21813cd7f9cf', 'Mocha', 1, 140, 140);

INSERT INTO public.order_items (order_id, product_id, name, quantity, unit_price, subtotal)
VALUES ('f8e5b679-f3c6-4744-85bb-d15e8e9acb08', '83a6812d-2665-4ce5-871a-78a4eab3ce80', 'Americano', 2, 100, 200);

INSERT INTO public.orders (id, order_id, status, amount, payment_method, cashier_name, created_at)
VALUES ('c9df3237-9599-4e85-9a7b-784749324e77', 'ORD-01214', 'Void (Consumed)', 780, 'Maya', 'System Seed', '2026-05-09T07:44:40.990Z');

INSERT INTO public.order_items (order_id, product_id, name, quantity, unit_price, subtotal)
VALUES ('c9df3237-9599-4e85-9a7b-784749324e77', '1b5c6269-ce45-4413-acb8-21813cd7f9cf', 'Mocha', 3, 140, 420);

INSERT INTO public.order_items (order_id, product_id, name, quantity, unit_price, subtotal)
VALUES ('c9df3237-9599-4e85-9a7b-784749324e77', '48233f0a-6e57-4a45-b033-627d13f1be78', 'Cappuccino', 2, 120, 240);

INSERT INTO public.order_items (order_id, product_id, name, quantity, unit_price, subtotal)
VALUES ('c9df3237-9599-4e85-9a7b-784749324e77', '3a6a55c0-70f3-4417-a252-db77d9e511c0', 'Latte', 1, 120, 120);

INSERT INTO public.orders (id, order_id, status, amount, payment_method, cashier_name, created_at)
VALUES ('38270f2e-53f3-4ce3-9e8a-c62765bf9699', 'ORD-01215', 'Completed', 670, 'GCash', 'System Seed', '2026-05-09T06:40:32.990Z');

INSERT INTO public.order_items (order_id, product_id, name, quantity, unit_price, subtotal)
VALUES ('38270f2e-53f3-4ce3-9e8a-c62765bf9699', 'dfe22f11-84a3-41d2-a268-149f012eae60', 'Sparkling Lemonade', 1, 110, 110);

INSERT INTO public.order_items (order_id, product_id, name, quantity, unit_price, subtotal)
VALUES ('38270f2e-53f3-4ce3-9e8a-c62765bf9699', '1b5c6269-ce45-4413-acb8-21813cd7f9cf', 'Mocha', 1, 140, 140);

INSERT INTO public.order_items (order_id, product_id, name, quantity, unit_price, subtotal)
VALUES ('38270f2e-53f3-4ce3-9e8a-c62765bf9699', '1b5c6269-ce45-4413-acb8-21813cd7f9cf', 'Mocha', 3, 140, 420);

INSERT INTO public.orders (id, order_id, status, amount, payment_method, cashier_name, created_at)
VALUES ('973f9e96-0cef-467e-9b92-7b0af2c27c89', 'ORD-01216', 'Completed', 430, 'Cash', 'System Seed', '2026-05-09T11:29:32.990Z');

INSERT INTO public.order_items (order_id, product_id, name, quantity, unit_price, subtotal)
VALUES ('973f9e96-0cef-467e-9b92-7b0af2c27c89', '36c93748-7c86-4ddb-ba49-1bd1a164bf42', 'Blueberry Muffin', 2, 95, 190);

INSERT INTO public.order_items (order_id, product_id, name, quantity, unit_price, subtotal)
VALUES ('973f9e96-0cef-467e-9b92-7b0af2c27c89', '48233f0a-6e57-4a45-b033-627d13f1be78', 'Cappuccino', 2, 120, 240);

INSERT INTO public.orders (id, order_id, status, amount, payment_method, cashier_name, created_at)
VALUES ('e9cf6667-853f-456a-a1e0-713ccb228371', 'ORD-01217', 'Completed', 285, 'GCash', 'System Seed', '2026-05-09T02:07:23.990Z');

INSERT INTO public.order_items (order_id, product_id, name, quantity, unit_price, subtotal)
VALUES ('e9cf6667-853f-456a-a1e0-713ccb228371', '36c93748-7c86-4ddb-ba49-1bd1a164bf42', 'Blueberry Muffin', 3, 95, 285);

INSERT INTO public.orders (id, order_id, status, amount, payment_method, cashier_name, created_at)
VALUES ('375db549-80e7-41ed-8cdb-aa0f861b3d38', 'ORD-01218', 'Completed', 840, 'GCash', 'System Seed', '2026-05-09T11:15:13.990Z');

INSERT INTO public.order_items (order_id, product_id, name, quantity, unit_price, subtotal)
VALUES ('375db549-80e7-41ed-8cdb-aa0f861b3d38', 'dfe22f11-84a3-41d2-a268-149f012eae60', 'Sparkling Lemonade', 3, 110, 330);

INSERT INTO public.order_items (order_id, product_id, name, quantity, unit_price, subtotal)
VALUES ('375db549-80e7-41ed-8cdb-aa0f861b3d38', '36c93748-7c86-4ddb-ba49-1bd1a164bf42', 'Blueberry Muffin', 2, 95, 190);

INSERT INTO public.order_items (order_id, product_id, name, quantity, unit_price, subtotal)
VALUES ('375db549-80e7-41ed-8cdb-aa0f861b3d38', '65f0b94f-ccbe-4b50-a175-66810ae10f44', 'Croissant', 2, 80, 160);

INSERT INTO public.order_items (order_id, product_id, name, quantity, unit_price, subtotal)
VALUES ('375db549-80e7-41ed-8cdb-aa0f861b3d38', '65f0b94f-ccbe-4b50-a175-66810ae10f44', 'Croissant', 2, 80, 160);

INSERT INTO public.orders (id, order_id, status, amount, payment_method, cashier_name, created_at)
VALUES ('a15f2d1e-5d38-4ef0-a276-9228ab9dee8a', 'ORD-01219', 'Completed', 240, 'Maya', 'System Seed', '2026-05-09T07:18:45.990Z');

INSERT INTO public.order_items (order_id, product_id, name, quantity, unit_price, subtotal)
VALUES ('a15f2d1e-5d38-4ef0-a276-9228ab9dee8a', '83a6812d-2665-4ce5-871a-78a4eab3ce80', 'Americano', 1, 100, 100);

INSERT INTO public.order_items (order_id, product_id, name, quantity, unit_price, subtotal)
VALUES ('a15f2d1e-5d38-4ef0-a276-9228ab9dee8a', '1b5c6269-ce45-4413-acb8-21813cd7f9cf', 'Mocha', 1, 140, 140);

INSERT INTO public.orders (id, order_id, status, amount, payment_method, cashier_name, created_at)
VALUES ('ab429ec3-6011-48e4-9c15-9261b8e1a042', 'ORD-01220', 'Void (Consumed)', 780, 'Credit Card', 'System Seed', '2026-05-09T12:38:08.990Z');

INSERT INTO public.order_items (order_id, product_id, name, quantity, unit_price, subtotal)
VALUES ('ab429ec3-6011-48e4-9c15-9261b8e1a042', 'dfe22f11-84a3-41d2-a268-149f012eae60', 'Sparkling Lemonade', 2, 110, 220);

INSERT INTO public.order_items (order_id, product_id, name, quantity, unit_price, subtotal)
VALUES ('ab429ec3-6011-48e4-9c15-9261b8e1a042', '65f0b94f-ccbe-4b50-a175-66810ae10f44', 'Croissant', 2, 80, 160);

INSERT INTO public.order_items (order_id, product_id, name, quantity, unit_price, subtotal)
VALUES ('ab429ec3-6011-48e4-9c15-9261b8e1a042', '1b5c6269-ce45-4413-acb8-21813cd7f9cf', 'Mocha', 2, 140, 280);

INSERT INTO public.order_items (order_id, product_id, name, quantity, unit_price, subtotal)
VALUES ('ab429ec3-6011-48e4-9c15-9261b8e1a042', '48233f0a-6e57-4a45-b033-627d13f1be78', 'Cappuccino', 1, 120, 120);

INSERT INTO public.orders (id, order_id, status, amount, payment_method, cashier_name, created_at)
VALUES ('be38c49f-9176-4bc0-8045-1a149be2edae', 'ORD-01221', 'Void (Not Made)', 580, 'GCash', 'System Seed', '2026-05-09T04:04:36.990Z');

INSERT INTO public.order_items (order_id, product_id, name, quantity, unit_price, subtotal)
VALUES ('be38c49f-9176-4bc0-8045-1a149be2edae', 'dfe22f11-84a3-41d2-a268-149f012eae60', 'Sparkling Lemonade', 2, 110, 220);

INSERT INTO public.order_items (order_id, product_id, name, quantity, unit_price, subtotal)
VALUES ('be38c49f-9176-4bc0-8045-1a149be2edae', '3a6a55c0-70f3-4417-a252-db77d9e511c0', 'Latte', 3, 120, 360);

INSERT INTO public.orders (id, order_id, status, amount, payment_method, cashier_name, created_at)
VALUES ('3edd145c-5ca2-44bc-874d-3bcc377036a5', 'ORD-01222', 'Completed', 910, 'GCash', 'System Seed', '2026-05-09T07:54:29.990Z');

INSERT INTO public.order_items (order_id, product_id, name, quantity, unit_price, subtotal)
VALUES ('3edd145c-5ca2-44bc-874d-3bcc377036a5', 'fe6b02e6-9366-4abd-874c-fcb832e0e282', 'Green Tea', 3, 90, 270);

INSERT INTO public.order_items (order_id, product_id, name, quantity, unit_price, subtotal)
VALUES ('3edd145c-5ca2-44bc-874d-3bcc377036a5', 'dfe22f11-84a3-41d2-a268-149f012eae60', 'Sparkling Lemonade', 2, 110, 220);

INSERT INTO public.order_items (order_id, product_id, name, quantity, unit_price, subtotal)
VALUES ('3edd145c-5ca2-44bc-874d-3bcc377036a5', '1b5c6269-ce45-4413-acb8-21813cd7f9cf', 'Mocha', 3, 140, 420);

INSERT INTO public.orders (id, order_id, status, amount, payment_method, cashier_name, created_at)
VALUES ('8ef7988a-d6b0-42c7-b16e-942b8d9a6fff', 'ORD-01223', 'Completed', 735, 'Maya', 'System Seed', '2026-05-09T03:33:07.990Z');

INSERT INTO public.order_items (order_id, product_id, name, quantity, unit_price, subtotal)
VALUES ('8ef7988a-d6b0-42c7-b16e-942b8d9a6fff', '48233f0a-6e57-4a45-b033-627d13f1be78', 'Cappuccino', 1, 120, 120);

INSERT INTO public.order_items (order_id, product_id, name, quantity, unit_price, subtotal)
VALUES ('8ef7988a-d6b0-42c7-b16e-942b8d9a6fff', '1b5c6269-ce45-4413-acb8-21813cd7f9cf', 'Mocha', 1, 140, 140);

INSERT INTO public.order_items (order_id, product_id, name, quantity, unit_price, subtotal)
VALUES ('8ef7988a-d6b0-42c7-b16e-942b8d9a6fff', '36c93748-7c86-4ddb-ba49-1bd1a164bf42', 'Blueberry Muffin', 2, 95, 190);

INSERT INTO public.order_items (order_id, product_id, name, quantity, unit_price, subtotal)
VALUES ('8ef7988a-d6b0-42c7-b16e-942b8d9a6fff', '36c93748-7c86-4ddb-ba49-1bd1a164bf42', 'Blueberry Muffin', 3, 95, 285);

INSERT INTO public.orders (id, order_id, status, amount, payment_method, cashier_name, created_at)
VALUES ('d7ffabff-fc67-494f-a920-3696dc230370', 'ORD-01224', 'Completed', 455, 'Credit Card', 'System Seed', '2026-05-10T09:37:32.990Z');

INSERT INTO public.order_items (order_id, product_id, name, quantity, unit_price, subtotal)
VALUES ('d7ffabff-fc67-494f-a920-3696dc230370', '36c93748-7c86-4ddb-ba49-1bd1a164bf42', 'Blueberry Muffin', 1, 95, 95);

INSERT INTO public.order_items (order_id, product_id, name, quantity, unit_price, subtotal)
VALUES ('d7ffabff-fc67-494f-a920-3696dc230370', '3a6a55c0-70f3-4417-a252-db77d9e511c0', 'Latte', 1, 120, 120);

INSERT INTO public.order_items (order_id, product_id, name, quantity, unit_price, subtotal)
VALUES ('d7ffabff-fc67-494f-a920-3696dc230370', '65f0b94f-ccbe-4b50-a175-66810ae10f44', 'Croissant', 3, 80, 240);

INSERT INTO public.orders (id, order_id, status, amount, payment_method, cashier_name, created_at)
VALUES ('affd973b-5bb2-4f4c-831e-92fd85437e8d', 'ORD-01225', 'Completed', 270, 'GCash', 'System Seed', '2026-05-10T06:21:56.990Z');

INSERT INTO public.order_items (order_id, product_id, name, quantity, unit_price, subtotal)
VALUES ('affd973b-5bb2-4f4c-831e-92fd85437e8d', 'fe6b02e6-9366-4abd-874c-fcb832e0e282', 'Green Tea', 3, 90, 270);

INSERT INTO public.orders (id, order_id, status, amount, payment_method, cashier_name, created_at)
VALUES ('ad5655ed-81bd-42ca-9b09-0495e889146d', 'ORD-01226', 'Completed', 280, 'Maya', 'System Seed', '2026-05-10T00:12:14.990Z');

INSERT INTO public.order_items (order_id, product_id, name, quantity, unit_price, subtotal)
VALUES ('ad5655ed-81bd-42ca-9b09-0495e889146d', '65f0b94f-ccbe-4b50-a175-66810ae10f44', 'Croissant', 1, 80, 80);

INSERT INTO public.order_items (order_id, product_id, name, quantity, unit_price, subtotal)
VALUES ('ad5655ed-81bd-42ca-9b09-0495e889146d', '83a6812d-2665-4ce5-871a-78a4eab3ce80', 'Americano', 2, 100, 200);

INSERT INTO public.orders (id, order_id, status, amount, payment_method, cashier_name, created_at)
VALUES ('b8f0d453-69b4-40ff-9d82-e77df4e855ab', 'ORD-01227', 'Completed', 620, 'Cash', 'System Seed', '2026-05-10T10:53:50.990Z');

INSERT INTO public.order_items (order_id, product_id, name, quantity, unit_price, subtotal)
VALUES ('b8f0d453-69b4-40ff-9d82-e77df4e855ab', '1b5c6269-ce45-4413-acb8-21813cd7f9cf', 'Mocha', 1, 140, 140);

INSERT INTO public.order_items (order_id, product_id, name, quantity, unit_price, subtotal)
VALUES ('b8f0d453-69b4-40ff-9d82-e77df4e855ab', '3a6a55c0-70f3-4417-a252-db77d9e511c0', 'Latte', 2, 120, 240);

INSERT INTO public.order_items (order_id, product_id, name, quantity, unit_price, subtotal)
VALUES ('b8f0d453-69b4-40ff-9d82-e77df4e855ab', '3a6a55c0-70f3-4417-a252-db77d9e511c0', 'Latte', 2, 120, 240);

INSERT INTO public.orders (id, order_id, status, amount, payment_method, cashier_name, created_at)
VALUES ('00a2aa39-2682-4cb0-a433-d5b15b7bfbbe', 'ORD-01228', 'Completed', 80, 'GCash', 'System Seed', '2026-05-10T10:29:44.990Z');

INSERT INTO public.order_items (order_id, product_id, name, quantity, unit_price, subtotal)
VALUES ('00a2aa39-2682-4cb0-a433-d5b15b7bfbbe', '65f0b94f-ccbe-4b50-a175-66810ae10f44', 'Croissant', 1, 80, 80);

INSERT INTO public.orders (id, order_id, status, amount, payment_method, cashier_name, created_at)
VALUES ('8e5b4862-00a4-40b1-8b4d-c8a737ce999e', 'ORD-01229', 'Completed', 840, 'GCash', 'System Seed', '2026-05-10T09:25:00.990Z');

INSERT INTO public.order_items (order_id, product_id, name, quantity, unit_price, subtotal)
VALUES ('8e5b4862-00a4-40b1-8b4d-c8a737ce999e', '65f0b94f-ccbe-4b50-a175-66810ae10f44', 'Croissant', 2, 80, 160);

INSERT INTO public.order_items (order_id, product_id, name, quantity, unit_price, subtotal)
VALUES ('8e5b4862-00a4-40b1-8b4d-c8a737ce999e', '83a6812d-2665-4ce5-871a-78a4eab3ce80', 'Americano', 2, 100, 200);

INSERT INTO public.order_items (order_id, product_id, name, quantity, unit_price, subtotal)
VALUES ('8e5b4862-00a4-40b1-8b4d-c8a737ce999e', '83a6812d-2665-4ce5-871a-78a4eab3ce80', 'Americano', 3, 100, 300);

INSERT INTO public.order_items (order_id, product_id, name, quantity, unit_price, subtotal)
VALUES ('8e5b4862-00a4-40b1-8b4d-c8a737ce999e', 'fe6b02e6-9366-4abd-874c-fcb832e0e282', 'Green Tea', 2, 90, 180);

INSERT INTO public.orders (id, order_id, status, amount, payment_method, cashier_name, created_at)
VALUES ('1c985671-42b3-432a-83dc-61bc59b6ebb7', 'ORD-01230', 'Completed', 480, 'Credit Card', 'System Seed', '2026-05-10T12:48:33.990Z');

INSERT INTO public.order_items (order_id, product_id, name, quantity, unit_price, subtotal)
VALUES ('1c985671-42b3-432a-83dc-61bc59b6ebb7', '3a6a55c0-70f3-4417-a252-db77d9e511c0', 'Latte', 3, 120, 360);

INSERT INTO public.order_items (order_id, product_id, name, quantity, unit_price, subtotal)
VALUES ('1c985671-42b3-432a-83dc-61bc59b6ebb7', '48233f0a-6e57-4a45-b033-627d13f1be78', 'Cappuccino', 1, 120, 120);

INSERT INTO public.orders (id, order_id, status, amount, payment_method, cashier_name, created_at)
VALUES ('223011af-c870-4432-a4a5-051f7deddc0d', 'ORD-01231', 'Completed', 110, 'Cash', 'System Seed', '2026-05-10T07:29:18.990Z');

INSERT INTO public.order_items (order_id, product_id, name, quantity, unit_price, subtotal)
VALUES ('223011af-c870-4432-a4a5-051f7deddc0d', 'dfe22f11-84a3-41d2-a268-149f012eae60', 'Sparkling Lemonade', 1, 110, 110);

INSERT INTO public.orders (id, order_id, status, amount, payment_method, cashier_name, created_at)
VALUES ('7a18d184-5f36-42c2-8316-0dac7e877dcf', 'ORD-01232', 'Completed', 110, 'GCash', 'System Seed', '2026-05-09T23:51:53.990Z');

INSERT INTO public.order_items (order_id, product_id, name, quantity, unit_price, subtotal)
VALUES ('7a18d184-5f36-42c2-8316-0dac7e877dcf', 'dfe22f11-84a3-41d2-a268-149f012eae60', 'Sparkling Lemonade', 1, 110, 110);

INSERT INTO public.orders (id, order_id, status, amount, payment_method, cashier_name, created_at)
VALUES ('02ed7c3b-7e0d-4d39-898f-364838a8e4df', 'ORD-01233', 'Completed', 910, 'Credit Card', 'System Seed', '2026-05-10T00:53:13.990Z');

INSERT INTO public.order_items (order_id, product_id, name, quantity, unit_price, subtotal)
VALUES ('02ed7c3b-7e0d-4d39-898f-364838a8e4df', '83a6812d-2665-4ce5-871a-78a4eab3ce80', 'Americano', 3, 100, 300);

INSERT INTO public.order_items (order_id, product_id, name, quantity, unit_price, subtotal)
VALUES ('02ed7c3b-7e0d-4d39-898f-364838a8e4df', '36c93748-7c86-4ddb-ba49-1bd1a164bf42', 'Blueberry Muffin', 2, 95, 190);

INSERT INTO public.order_items (order_id, product_id, name, quantity, unit_price, subtotal)
VALUES ('02ed7c3b-7e0d-4d39-898f-364838a8e4df', '1b5c6269-ce45-4413-acb8-21813cd7f9cf', 'Mocha', 3, 140, 420);

INSERT INTO public.orders (id, order_id, status, amount, payment_method, cashier_name, created_at)
VALUES ('e6a08411-a881-472e-9490-aad8031fc068', 'ORD-01234', 'Completed', 310, 'GCash', 'System Seed', '2026-05-10T04:58:27.990Z');

INSERT INTO public.order_items (order_id, product_id, name, quantity, unit_price, subtotal)
VALUES ('e6a08411-a881-472e-9490-aad8031fc068', 'dfe22f11-84a3-41d2-a268-149f012eae60', 'Sparkling Lemonade', 1, 110, 110);

INSERT INTO public.order_items (order_id, product_id, name, quantity, unit_price, subtotal)
VALUES ('e6a08411-a881-472e-9490-aad8031fc068', '83a6812d-2665-4ce5-871a-78a4eab3ce80', 'Americano', 2, 100, 200);

INSERT INTO public.orders (id, order_id, status, amount, payment_method, cashier_name, created_at)
VALUES ('c1f2c80a-f81b-4621-8c30-cbf2afc466da', 'ORD-01235', 'Completed', 240, 'GCash', 'System Seed', '2026-05-10T06:56:18.990Z');

INSERT INTO public.order_items (order_id, product_id, name, quantity, unit_price, subtotal)
VALUES ('c1f2c80a-f81b-4621-8c30-cbf2afc466da', '65f0b94f-ccbe-4b50-a175-66810ae10f44', 'Croissant', 3, 80, 240);

INSERT INTO public.orders (id, order_id, status, amount, payment_method, cashier_name, created_at)
VALUES ('f3bd8c3c-e9d3-48cf-b914-6bd70c842bc5', 'ORD-01236', 'Completed', 260, 'GCash', 'System Seed', '2026-05-10T10:43:56.990Z');

INSERT INTO public.order_items (order_id, product_id, name, quantity, unit_price, subtotal)
VALUES ('f3bd8c3c-e9d3-48cf-b914-6bd70c842bc5', '3a6a55c0-70f3-4417-a252-db77d9e511c0', 'Latte', 1, 120, 120);

INSERT INTO public.order_items (order_id, product_id, name, quantity, unit_price, subtotal)
VALUES ('f3bd8c3c-e9d3-48cf-b914-6bd70c842bc5', '1b5c6269-ce45-4413-acb8-21813cd7f9cf', 'Mocha', 1, 140, 140);

INSERT INTO public.orders (id, order_id, status, amount, payment_method, cashier_name, created_at)
VALUES ('25b6a4f5-d328-434c-b1bb-fcf248fd3156', 'ORD-01237', 'Completed', 650, 'GCash', 'System Seed', '2026-05-10T02:18:34.990Z');

INSERT INTO public.order_items (order_id, product_id, name, quantity, unit_price, subtotal)
VALUES ('25b6a4f5-d328-434c-b1bb-fcf248fd3156', 'fe6b02e6-9366-4abd-874c-fcb832e0e282', 'Green Tea', 3, 90, 270);

INSERT INTO public.order_items (order_id, product_id, name, quantity, unit_price, subtotal)
VALUES ('25b6a4f5-d328-434c-b1bb-fcf248fd3156', '36c93748-7c86-4ddb-ba49-1bd1a164bf42', 'Blueberry Muffin', 1, 95, 95);

INSERT INTO public.order_items (order_id, product_id, name, quantity, unit_price, subtotal)
VALUES ('25b6a4f5-d328-434c-b1bb-fcf248fd3156', '36c93748-7c86-4ddb-ba49-1bd1a164bf42', 'Blueberry Muffin', 3, 95, 285);

INSERT INTO public.orders (id, order_id, status, amount, payment_method, cashier_name, created_at)
VALUES ('c7321b9e-6842-42b0-9fd7-35f3725c666b', 'ORD-01238', 'Completed', 360, 'Maya', 'System Seed', '2026-05-10T09:19:12.990Z');

INSERT INTO public.order_items (order_id, product_id, name, quantity, unit_price, subtotal)
VALUES ('c7321b9e-6842-42b0-9fd7-35f3725c666b', '48233f0a-6e57-4a45-b033-627d13f1be78', 'Cappuccino', 3, 120, 360);

INSERT INTO public.orders (id, order_id, status, amount, payment_method, cashier_name, created_at)
VALUES ('59e434c0-9232-46ae-8c9e-022c4d8a2ed3', 'ORD-01239', 'Completed', 785, 'GCash', 'System Seed', '2026-05-09T23:48:14.990Z');

INSERT INTO public.order_items (order_id, product_id, name, quantity, unit_price, subtotal)
VALUES ('59e434c0-9232-46ae-8c9e-022c4d8a2ed3', '3a6a55c0-70f3-4417-a252-db77d9e511c0', 'Latte', 3, 120, 360);

INSERT INTO public.order_items (order_id, product_id, name, quantity, unit_price, subtotal)
VALUES ('59e434c0-9232-46ae-8c9e-022c4d8a2ed3', '36c93748-7c86-4ddb-ba49-1bd1a164bf42', 'Blueberry Muffin', 1, 95, 95);

INSERT INTO public.order_items (order_id, product_id, name, quantity, unit_price, subtotal)
VALUES ('59e434c0-9232-46ae-8c9e-022c4d8a2ed3', 'dfe22f11-84a3-41d2-a268-149f012eae60', 'Sparkling Lemonade', 3, 110, 330);

INSERT INTO public.orders (id, order_id, status, amount, payment_method, cashier_name, created_at)
VALUES ('87085715-d058-4439-9304-a22eae37366f', 'ORD-01240', 'Void (Not Made)', 400, 'Credit Card', 'System Seed', '2026-05-10T04:48:13.990Z');

INSERT INTO public.order_items (order_id, product_id, name, quantity, unit_price, subtotal)
VALUES ('87085715-d058-4439-9304-a22eae37366f', 'dfe22f11-84a3-41d2-a268-149f012eae60', 'Sparkling Lemonade', 1, 110, 110);

INSERT INTO public.order_items (order_id, product_id, name, quantity, unit_price, subtotal)
VALUES ('87085715-d058-4439-9304-a22eae37366f', 'fe6b02e6-9366-4abd-874c-fcb832e0e282', 'Green Tea', 1, 90, 90);

INSERT INTO public.order_items (order_id, product_id, name, quantity, unit_price, subtotal)
VALUES ('87085715-d058-4439-9304-a22eae37366f', '83a6812d-2665-4ce5-871a-78a4eab3ce80', 'Americano', 2, 100, 200);

INSERT INTO public.orders (id, order_id, status, amount, payment_method, cashier_name, created_at)
VALUES ('006275d5-f0d3-4ab3-8388-c527558bc5c4', 'ORD-01241', 'Completed', 1230, 'GCash', 'System Seed', '2026-05-10T01:54:37.990Z');

INSERT INTO public.order_items (order_id, product_id, name, quantity, unit_price, subtotal)
VALUES ('006275d5-f0d3-4ab3-8388-c527558bc5c4', 'dfe22f11-84a3-41d2-a268-149f012eae60', 'Sparkling Lemonade', 3, 110, 330);

INSERT INTO public.order_items (order_id, product_id, name, quantity, unit_price, subtotal)
VALUES ('006275d5-f0d3-4ab3-8388-c527558bc5c4', '83a6812d-2665-4ce5-871a-78a4eab3ce80', 'Americano', 3, 100, 300);

INSERT INTO public.order_items (order_id, product_id, name, quantity, unit_price, subtotal)
VALUES ('006275d5-f0d3-4ab3-8388-c527558bc5c4', '3a6a55c0-70f3-4417-a252-db77d9e511c0', 'Latte', 2, 120, 240);

INSERT INTO public.order_items (order_id, product_id, name, quantity, unit_price, subtotal)
VALUES ('006275d5-f0d3-4ab3-8388-c527558bc5c4', '48233f0a-6e57-4a45-b033-627d13f1be78', 'Cappuccino', 3, 120, 360);

INSERT INTO public.orders (id, order_id, status, amount, payment_method, cashier_name, created_at)
VALUES ('34321dc0-9acb-43ac-a4d5-0192c890affd', 'ORD-01242', 'Completed', 330, 'GCash', 'System Seed', '2026-05-10T09:09:16.990Z');

INSERT INTO public.order_items (order_id, product_id, name, quantity, unit_price, subtotal)
VALUES ('34321dc0-9acb-43ac-a4d5-0192c890affd', 'dfe22f11-84a3-41d2-a268-149f012eae60', 'Sparkling Lemonade', 3, 110, 330);

INSERT INTO public.orders (id, order_id, status, amount, payment_method, cashier_name, created_at)
VALUES ('f2c44b44-3dd0-4e83-8197-5e5d9918a552', 'ORD-01243', 'Completed', 610, 'Credit Card', 'System Seed', '2026-05-09T23:40:22.990Z');

INSERT INTO public.order_items (order_id, product_id, name, quantity, unit_price, subtotal)
VALUES ('f2c44b44-3dd0-4e83-8197-5e5d9918a552', '65f0b94f-ccbe-4b50-a175-66810ae10f44', 'Croissant', 3, 80, 240);

INSERT INTO public.order_items (order_id, product_id, name, quantity, unit_price, subtotal)
VALUES ('f2c44b44-3dd0-4e83-8197-5e5d9918a552', '83a6812d-2665-4ce5-871a-78a4eab3ce80', 'Americano', 1, 100, 100);

INSERT INTO public.order_items (order_id, product_id, name, quantity, unit_price, subtotal)
VALUES ('f2c44b44-3dd0-4e83-8197-5e5d9918a552', 'fe6b02e6-9366-4abd-874c-fcb832e0e282', 'Green Tea', 3, 90, 270);

INSERT INTO public.orders (id, order_id, status, amount, payment_method, cashier_name, created_at)
VALUES ('34908a78-362d-4070-872e-44a4b980efa3', 'ORD-01244', 'Completed', 230, 'GCash', 'System Seed', '2026-05-10T12:13:06.990Z');

INSERT INTO public.order_items (order_id, product_id, name, quantity, unit_price, subtotal)
VALUES ('34908a78-362d-4070-872e-44a4b980efa3', '3a6a55c0-70f3-4417-a252-db77d9e511c0', 'Latte', 1, 120, 120);

INSERT INTO public.order_items (order_id, product_id, name, quantity, unit_price, subtotal)
VALUES ('34908a78-362d-4070-872e-44a4b980efa3', 'dfe22f11-84a3-41d2-a268-149f012eae60', 'Sparkling Lemonade', 1, 110, 110);

INSERT INTO public.orders (id, order_id, status, amount, payment_method, cashier_name, created_at)
VALUES ('2fd1fc88-33b9-46dd-b87f-da18d74162e7', 'ORD-01245', 'Void (Not Made)', 400, 'GCash', 'System Seed', '2026-05-09T23:11:24.990Z');

INSERT INTO public.order_items (order_id, product_id, name, quantity, unit_price, subtotal)
VALUES ('2fd1fc88-33b9-46dd-b87f-da18d74162e7', '3a6a55c0-70f3-4417-a252-db77d9e511c0', 'Latte', 1, 120, 120);

INSERT INTO public.order_items (order_id, product_id, name, quantity, unit_price, subtotal)
VALUES ('2fd1fc88-33b9-46dd-b87f-da18d74162e7', '65f0b94f-ccbe-4b50-a175-66810ae10f44', 'Croissant', 1, 80, 80);

INSERT INTO public.order_items (order_id, product_id, name, quantity, unit_price, subtotal)
VALUES ('2fd1fc88-33b9-46dd-b87f-da18d74162e7', '83a6812d-2665-4ce5-871a-78a4eab3ce80', 'Americano', 2, 100, 200);

INSERT INTO public.orders (id, order_id, status, amount, payment_method, cashier_name, created_at)
VALUES ('ee519b02-2131-4802-8737-453ff948714a', 'ORD-01246', 'Completed', 110, 'GCash', 'System Seed', '2026-05-10T12:35:04.990Z');

INSERT INTO public.order_items (order_id, product_id, name, quantity, unit_price, subtotal)
VALUES ('ee519b02-2131-4802-8737-453ff948714a', 'dfe22f11-84a3-41d2-a268-149f012eae60', 'Sparkling Lemonade', 1, 110, 110);

INSERT INTO public.orders (id, order_id, status, amount, payment_method, cashier_name, created_at)
VALUES ('1068342e-923b-4fec-bd1a-1631f5c9b79d', 'ORD-01247', 'Completed', 1140, 'GCash', 'System Seed', '2026-05-10T05:45:35.990Z');

INSERT INTO public.order_items (order_id, product_id, name, quantity, unit_price, subtotal)
VALUES ('1068342e-923b-4fec-bd1a-1631f5c9b79d', '3a6a55c0-70f3-4417-a252-db77d9e511c0', 'Latte', 2, 120, 240);

INSERT INTO public.order_items (order_id, product_id, name, quantity, unit_price, subtotal)
VALUES ('1068342e-923b-4fec-bd1a-1631f5c9b79d', '3a6a55c0-70f3-4417-a252-db77d9e511c0', 'Latte', 1, 120, 120);

INSERT INTO public.order_items (order_id, product_id, name, quantity, unit_price, subtotal)
VALUES ('1068342e-923b-4fec-bd1a-1631f5c9b79d', '3a6a55c0-70f3-4417-a252-db77d9e511c0', 'Latte', 3, 120, 360);

INSERT INTO public.order_items (order_id, product_id, name, quantity, unit_price, subtotal)
VALUES ('1068342e-923b-4fec-bd1a-1631f5c9b79d', '1b5c6269-ce45-4413-acb8-21813cd7f9cf', 'Mocha', 3, 140, 420);

INSERT INTO public.orders (id, order_id, status, amount, payment_method, cashier_name, created_at)
VALUES ('e2d0406d-9ec9-40ae-8bd6-5fb4fb42566e', 'ORD-01248', 'Void (Not Made)', 320, 'GCash', 'System Seed', '2026-05-10T11:11:41.990Z');

INSERT INTO public.order_items (order_id, product_id, name, quantity, unit_price, subtotal)
VALUES ('e2d0406d-9ec9-40ae-8bd6-5fb4fb42566e', '65f0b94f-ccbe-4b50-a175-66810ae10f44', 'Croissant', 1, 80, 80);

INSERT INTO public.order_items (order_id, product_id, name, quantity, unit_price, subtotal)
VALUES ('e2d0406d-9ec9-40ae-8bd6-5fb4fb42566e', '48233f0a-6e57-4a45-b033-627d13f1be78', 'Cappuccino', 2, 120, 240);

INSERT INTO public.orders (id, order_id, status, amount, payment_method, cashier_name, created_at)
VALUES ('65097406-250e-4ab9-97df-987f94349687', 'ORD-01249', 'Completed', 500, 'Maya', 'System Seed', '2026-05-10T05:42:35.990Z');

INSERT INTO public.order_items (order_id, product_id, name, quantity, unit_price, subtotal)
VALUES ('65097406-250e-4ab9-97df-987f94349687', '1b5c6269-ce45-4413-acb8-21813cd7f9cf', 'Mocha', 2, 140, 280);

INSERT INTO public.order_items (order_id, product_id, name, quantity, unit_price, subtotal)
VALUES ('65097406-250e-4ab9-97df-987f94349687', 'dfe22f11-84a3-41d2-a268-149f012eae60', 'Sparkling Lemonade', 2, 110, 220);

INSERT INTO public.orders (id, order_id, status, amount, payment_method, cashier_name, created_at)
VALUES ('95d6ee09-38bb-418a-af6d-4dda200773f1', 'ORD-01250', 'Completed', 580, 'GCash', 'System Seed', '2026-05-10T07:57:56.990Z');

INSERT INTO public.order_items (order_id, product_id, name, quantity, unit_price, subtotal)
VALUES ('95d6ee09-38bb-418a-af6d-4dda200773f1', '3a6a55c0-70f3-4417-a252-db77d9e511c0', 'Latte', 1, 120, 120);

INSERT INTO public.order_items (order_id, product_id, name, quantity, unit_price, subtotal)
VALUES ('95d6ee09-38bb-418a-af6d-4dda200773f1', 'fe6b02e6-9366-4abd-874c-fcb832e0e282', 'Green Tea', 3, 90, 270);

INSERT INTO public.order_items (order_id, product_id, name, quantity, unit_price, subtotal)
VALUES ('95d6ee09-38bb-418a-af6d-4dda200773f1', '36c93748-7c86-4ddb-ba49-1bd1a164bf42', 'Blueberry Muffin', 2, 95, 190);

INSERT INTO public.orders (id, order_id, status, amount, payment_method, cashier_name, created_at)
VALUES ('28fd3f86-327d-46b5-bc13-aa353caa284a', 'ORD-01251', 'Completed', 440, 'Maya', 'System Seed', '2026-05-10T10:42:55.990Z');

INSERT INTO public.order_items (order_id, product_id, name, quantity, unit_price, subtotal)
VALUES ('28fd3f86-327d-46b5-bc13-aa353caa284a', '48233f0a-6e57-4a45-b033-627d13f1be78', 'Cappuccino', 3, 120, 360);

INSERT INTO public.order_items (order_id, product_id, name, quantity, unit_price, subtotal)
VALUES ('28fd3f86-327d-46b5-bc13-aa353caa284a', '65f0b94f-ccbe-4b50-a175-66810ae10f44', 'Croissant', 1, 80, 80);

INSERT INTO public.orders (id, order_id, status, amount, payment_method, cashier_name, created_at)
VALUES ('477ef440-4973-4f42-a078-e0b1bb5da423', 'ORD-01252', 'Void (Not Made)', 1065, 'Cash', 'System Seed', '2026-05-11T04:22:11.990Z');

INSERT INTO public.order_items (order_id, product_id, name, quantity, unit_price, subtotal)
VALUES ('477ef440-4973-4f42-a078-e0b1bb5da423', '83a6812d-2665-4ce5-871a-78a4eab3ce80', 'Americano', 2, 100, 200);

INSERT INTO public.order_items (order_id, product_id, name, quantity, unit_price, subtotal)
VALUES ('477ef440-4973-4f42-a078-e0b1bb5da423', '36c93748-7c86-4ddb-ba49-1bd1a164bf42', 'Blueberry Muffin', 3, 95, 285);

INSERT INTO public.order_items (order_id, product_id, name, quantity, unit_price, subtotal)
VALUES ('477ef440-4973-4f42-a078-e0b1bb5da423', '1b5c6269-ce45-4413-acb8-21813cd7f9cf', 'Mocha', 3, 140, 420);

INSERT INTO public.order_items (order_id, product_id, name, quantity, unit_price, subtotal)
VALUES ('477ef440-4973-4f42-a078-e0b1bb5da423', '65f0b94f-ccbe-4b50-a175-66810ae10f44', 'Croissant', 2, 80, 160);

INSERT INTO public.orders (id, order_id, status, amount, payment_method, cashier_name, created_at)
VALUES ('906ed161-0dcf-4b08-bac7-d1d79c4af15b', 'ORD-01253', 'Completed', 590, 'Maya', 'System Seed', '2026-05-11T10:22:14.990Z');

INSERT INTO public.order_items (order_id, product_id, name, quantity, unit_price, subtotal)
VALUES ('906ed161-0dcf-4b08-bac7-d1d79c4af15b', '48233f0a-6e57-4a45-b033-627d13f1be78', 'Cappuccino', 3, 120, 360);

INSERT INTO public.order_items (order_id, product_id, name, quantity, unit_price, subtotal)
VALUES ('906ed161-0dcf-4b08-bac7-d1d79c4af15b', '3a6a55c0-70f3-4417-a252-db77d9e511c0', 'Latte', 1, 120, 120);

INSERT INTO public.order_items (order_id, product_id, name, quantity, unit_price, subtotal)
VALUES ('906ed161-0dcf-4b08-bac7-d1d79c4af15b', 'dfe22f11-84a3-41d2-a268-149f012eae60', 'Sparkling Lemonade', 1, 110, 110);

INSERT INTO public.orders (id, order_id, status, amount, payment_method, cashier_name, created_at)
VALUES ('0ca59258-81f5-4b22-94df-fa31c8e2d728', 'ORD-01254', 'Completed', 435, 'GCash', 'System Seed', '2026-05-11T07:38:05.990Z');

INSERT INTO public.order_items (order_id, product_id, name, quantity, unit_price, subtotal)
VALUES ('0ca59258-81f5-4b22-94df-fa31c8e2d728', '36c93748-7c86-4ddb-ba49-1bd1a164bf42', 'Blueberry Muffin', 1, 95, 95);

INSERT INTO public.order_items (order_id, product_id, name, quantity, unit_price, subtotal)
VALUES ('0ca59258-81f5-4b22-94df-fa31c8e2d728', '83a6812d-2665-4ce5-871a-78a4eab3ce80', 'Americano', 1, 100, 100);

INSERT INTO public.order_items (order_id, product_id, name, quantity, unit_price, subtotal)
VALUES ('0ca59258-81f5-4b22-94df-fa31c8e2d728', '48233f0a-6e57-4a45-b033-627d13f1be78', 'Cappuccino', 2, 120, 240);

INSERT INTO public.orders (id, order_id, status, amount, payment_method, cashier_name, created_at)
VALUES ('4c00a065-0619-42f8-bee5-becf46b3de1c', 'ORD-01255', 'Completed', 180, 'Maya', 'System Seed', '2026-05-11T08:37:43.990Z');

INSERT INTO public.order_items (order_id, product_id, name, quantity, unit_price, subtotal)
VALUES ('4c00a065-0619-42f8-bee5-becf46b3de1c', 'fe6b02e6-9366-4abd-874c-fcb832e0e282', 'Green Tea', 2, 90, 180);

INSERT INTO public.orders (id, order_id, status, amount, payment_method, cashier_name, created_at)
VALUES ('76c9eb73-27ac-4404-928b-913df051c403', 'ORD-01256', 'Completed', 300, 'Maya', 'System Seed', '2026-05-11T12:01:03.990Z');

INSERT INTO public.order_items (order_id, product_id, name, quantity, unit_price, subtotal)
VALUES ('76c9eb73-27ac-4404-928b-913df051c403', '65f0b94f-ccbe-4b50-a175-66810ae10f44', 'Croissant', 2, 80, 160);

INSERT INTO public.order_items (order_id, product_id, name, quantity, unit_price, subtotal)
VALUES ('76c9eb73-27ac-4404-928b-913df051c403', '1b5c6269-ce45-4413-acb8-21813cd7f9cf', 'Mocha', 1, 140, 140);

INSERT INTO public.orders (id, order_id, status, amount, payment_method, cashier_name, created_at)
VALUES ('37358f62-9bcb-4fc5-b9e3-900379d9c52c', 'ORD-01257', 'Void (Consumed)', 160, 'Maya', 'System Seed', '2026-05-11T07:28:38.990Z');

INSERT INTO public.order_items (order_id, product_id, name, quantity, unit_price, subtotal)
VALUES ('37358f62-9bcb-4fc5-b9e3-900379d9c52c', '65f0b94f-ccbe-4b50-a175-66810ae10f44', 'Croissant', 2, 80, 160);

INSERT INTO public.orders (id, order_id, status, amount, payment_method, cashier_name, created_at)
VALUES ('ab4153f0-7ce9-4c77-929b-146c7f743345', 'ORD-01258', 'Completed', 440, 'Cash', 'System Seed', '2026-05-11T05:32:40.990Z');

INSERT INTO public.order_items (order_id, product_id, name, quantity, unit_price, subtotal)
VALUES ('ab4153f0-7ce9-4c77-929b-146c7f743345', '65f0b94f-ccbe-4b50-a175-66810ae10f44', 'Croissant', 2, 80, 160);

INSERT INTO public.order_items (order_id, product_id, name, quantity, unit_price, subtotal)
VALUES ('ab4153f0-7ce9-4c77-929b-146c7f743345', '1b5c6269-ce45-4413-acb8-21813cd7f9cf', 'Mocha', 2, 140, 280);

INSERT INTO public.orders (id, order_id, status, amount, payment_method, cashier_name, created_at)
VALUES ('0816630b-e4c9-4a9c-83f7-d931c383bc94', 'ORD-01259', 'Completed', 965, 'Cash', 'System Seed', '2026-05-11T06:06:06.990Z');

INSERT INTO public.order_items (order_id, product_id, name, quantity, unit_price, subtotal)
VALUES ('0816630b-e4c9-4a9c-83f7-d931c383bc94', '3a6a55c0-70f3-4417-a252-db77d9e511c0', 'Latte', 3, 120, 360);

INSERT INTO public.order_items (order_id, product_id, name, quantity, unit_price, subtotal)
VALUES ('0816630b-e4c9-4a9c-83f7-d931c383bc94', '65f0b94f-ccbe-4b50-a175-66810ae10f44', 'Croissant', 1, 80, 80);

INSERT INTO public.order_items (order_id, product_id, name, quantity, unit_price, subtotal)
VALUES ('0816630b-e4c9-4a9c-83f7-d931c383bc94', '36c93748-7c86-4ddb-ba49-1bd1a164bf42', 'Blueberry Muffin', 3, 95, 285);

INSERT INTO public.order_items (order_id, product_id, name, quantity, unit_price, subtotal)
VALUES ('0816630b-e4c9-4a9c-83f7-d931c383bc94', '48233f0a-6e57-4a45-b033-627d13f1be78', 'Cappuccino', 2, 120, 240);

INSERT INTO public.orders (id, order_id, status, amount, payment_method, cashier_name, created_at)
VALUES ('efaff245-d685-4b76-b2cd-8c2f45e8c05b', 'ORD-01260', 'Completed', 1080, 'Maya', 'System Seed', '2026-05-10T23:04:04.990Z');

INSERT INTO public.order_items (order_id, product_id, name, quantity, unit_price, subtotal)
VALUES ('efaff245-d685-4b76-b2cd-8c2f45e8c05b', 'dfe22f11-84a3-41d2-a268-149f012eae60', 'Sparkling Lemonade', 3, 110, 330);

INSERT INTO public.order_items (order_id, product_id, name, quantity, unit_price, subtotal)
VALUES ('efaff245-d685-4b76-b2cd-8c2f45e8c05b', '1b5c6269-ce45-4413-acb8-21813cd7f9cf', 'Mocha', 3, 140, 420);

INSERT INTO public.order_items (order_id, product_id, name, quantity, unit_price, subtotal)
VALUES ('efaff245-d685-4b76-b2cd-8c2f45e8c05b', 'dfe22f11-84a3-41d2-a268-149f012eae60', 'Sparkling Lemonade', 3, 110, 330);

INSERT INTO public.orders (id, order_id, status, amount, payment_method, cashier_name, created_at)
VALUES ('ecc108a1-fc55-4af6-979d-543099692981', 'ORD-01261', 'Void (Consumed)', 110, 'Cash', 'System Seed', '2026-05-11T00:23:21.990Z');

INSERT INTO public.order_items (order_id, product_id, name, quantity, unit_price, subtotal)
VALUES ('ecc108a1-fc55-4af6-979d-543099692981', 'dfe22f11-84a3-41d2-a268-149f012eae60', 'Sparkling Lemonade', 1, 110, 110);

INSERT INTO public.orders (id, order_id, status, amount, payment_method, cashier_name, created_at)
VALUES ('62707b22-e600-4f07-a212-25d43f0b8923', 'ORD-01262', 'Completed', 600, 'Maya', 'System Seed', '2026-05-11T06:14:01.990Z');

INSERT INTO public.order_items (order_id, product_id, name, quantity, unit_price, subtotal)
VALUES ('62707b22-e600-4f07-a212-25d43f0b8923', '48233f0a-6e57-4a45-b033-627d13f1be78', 'Cappuccino', 3, 120, 360);

INSERT INTO public.order_items (order_id, product_id, name, quantity, unit_price, subtotal)
VALUES ('62707b22-e600-4f07-a212-25d43f0b8923', '3a6a55c0-70f3-4417-a252-db77d9e511c0', 'Latte', 2, 120, 240);

INSERT INTO public.orders (id, order_id, status, amount, payment_method, cashier_name, created_at)
VALUES ('8e11a113-e21e-4cfe-bc64-a2b7ce634c20', 'ORD-01263', 'Completed', 610, 'GCash', 'System Seed', '2026-05-11T01:36:16.990Z');

INSERT INTO public.order_items (order_id, product_id, name, quantity, unit_price, subtotal)
VALUES ('8e11a113-e21e-4cfe-bc64-a2b7ce634c20', '36c93748-7c86-4ddb-ba49-1bd1a164bf42', 'Blueberry Muffin', 2, 95, 190);

INSERT INTO public.order_items (order_id, product_id, name, quantity, unit_price, subtotal)
VALUES ('8e11a113-e21e-4cfe-bc64-a2b7ce634c20', '1b5c6269-ce45-4413-acb8-21813cd7f9cf', 'Mocha', 3, 140, 420);

INSERT INTO public.orders (id, order_id, status, amount, payment_method, cashier_name, created_at)
VALUES ('3da280e5-1c60-486e-b539-ef3f9700391e', 'ORD-01264', 'Completed', 1025, 'Maya', 'System Seed', '2026-05-11T08:17:36.990Z');

INSERT INTO public.order_items (order_id, product_id, name, quantity, unit_price, subtotal)
VALUES ('3da280e5-1c60-486e-b539-ef3f9700391e', '36c93748-7c86-4ddb-ba49-1bd1a164bf42', 'Blueberry Muffin', 3, 95, 285);

INSERT INTO public.order_items (order_id, product_id, name, quantity, unit_price, subtotal)
VALUES ('3da280e5-1c60-486e-b539-ef3f9700391e', '3a6a55c0-70f3-4417-a252-db77d9e511c0', 'Latte', 2, 120, 240);

INSERT INTO public.order_items (order_id, product_id, name, quantity, unit_price, subtotal)
VALUES ('3da280e5-1c60-486e-b539-ef3f9700391e', '1b5c6269-ce45-4413-acb8-21813cd7f9cf', 'Mocha', 1, 140, 140);

INSERT INTO public.order_items (order_id, product_id, name, quantity, unit_price, subtotal)
VALUES ('3da280e5-1c60-486e-b539-ef3f9700391e', '3a6a55c0-70f3-4417-a252-db77d9e511c0', 'Latte', 3, 120, 360);

INSERT INTO public.orders (id, order_id, status, amount, payment_method, cashier_name, created_at)
VALUES ('74b6b7c9-4ad0-4af0-8d2a-534ee0672851', 'ORD-01265', 'Completed', 1085, 'GCash', 'System Seed', '2026-05-11T00:33:47.990Z');

INSERT INTO public.order_items (order_id, product_id, name, quantity, unit_price, subtotal)
VALUES ('74b6b7c9-4ad0-4af0-8d2a-534ee0672851', '36c93748-7c86-4ddb-ba49-1bd1a164bf42', 'Blueberry Muffin', 3, 95, 285);

INSERT INTO public.order_items (order_id, product_id, name, quantity, unit_price, subtotal)
VALUES ('74b6b7c9-4ad0-4af0-8d2a-534ee0672851', '83a6812d-2665-4ce5-871a-78a4eab3ce80', 'Americano', 3, 100, 300);

INSERT INTO public.order_items (order_id, product_id, name, quantity, unit_price, subtotal)
VALUES ('74b6b7c9-4ad0-4af0-8d2a-534ee0672851', '65f0b94f-ccbe-4b50-a175-66810ae10f44', 'Croissant', 1, 80, 80);

INSERT INTO public.order_items (order_id, product_id, name, quantity, unit_price, subtotal)
VALUES ('74b6b7c9-4ad0-4af0-8d2a-534ee0672851', '1b5c6269-ce45-4413-acb8-21813cd7f9cf', 'Mocha', 3, 140, 420);

INSERT INTO public.orders (id, order_id, status, amount, payment_method, cashier_name, created_at)
VALUES ('d0829e18-6f19-4e00-9eee-e4c6105f01d9', 'ORD-01266', 'Completed', 1060, 'Cash', 'System Seed', '2026-05-11T01:30:56.990Z');

INSERT INTO public.order_items (order_id, product_id, name, quantity, unit_price, subtotal)
VALUES ('d0829e18-6f19-4e00-9eee-e4c6105f01d9', '1b5c6269-ce45-4413-acb8-21813cd7f9cf', 'Mocha', 2, 140, 280);

INSERT INTO public.order_items (order_id, product_id, name, quantity, unit_price, subtotal)
VALUES ('d0829e18-6f19-4e00-9eee-e4c6105f01d9', '65f0b94f-ccbe-4b50-a175-66810ae10f44', 'Croissant', 3, 80, 240);

INSERT INTO public.order_items (order_id, product_id, name, quantity, unit_price, subtotal)
VALUES ('d0829e18-6f19-4e00-9eee-e4c6105f01d9', '3a6a55c0-70f3-4417-a252-db77d9e511c0', 'Latte', 1, 120, 120);

INSERT INTO public.order_items (order_id, product_id, name, quantity, unit_price, subtotal)
VALUES ('d0829e18-6f19-4e00-9eee-e4c6105f01d9', '1b5c6269-ce45-4413-acb8-21813cd7f9cf', 'Mocha', 3, 140, 420);

INSERT INTO public.orders (id, order_id, status, amount, payment_method, cashier_name, created_at)
VALUES ('d6339582-2571-423a-ab7e-3fef902bf694', 'ORD-01267', 'Completed', 1180, 'GCash', 'System Seed', '2026-05-11T09:56:23.990Z');

INSERT INTO public.order_items (order_id, product_id, name, quantity, unit_price, subtotal)
VALUES ('d6339582-2571-423a-ab7e-3fef902bf694', 'dfe22f11-84a3-41d2-a268-149f012eae60', 'Sparkling Lemonade', 2, 110, 220);

INSERT INTO public.order_items (order_id, product_id, name, quantity, unit_price, subtotal)
VALUES ('d6339582-2571-423a-ab7e-3fef902bf694', '48233f0a-6e57-4a45-b033-627d13f1be78', 'Cappuccino', 3, 120, 360);

INSERT INTO public.order_items (order_id, product_id, name, quantity, unit_price, subtotal)
VALUES ('d6339582-2571-423a-ab7e-3fef902bf694', '3a6a55c0-70f3-4417-a252-db77d9e511c0', 'Latte', 2, 120, 240);

INSERT INTO public.order_items (order_id, product_id, name, quantity, unit_price, subtotal)
VALUES ('d6339582-2571-423a-ab7e-3fef902bf694', '3a6a55c0-70f3-4417-a252-db77d9e511c0', 'Latte', 3, 120, 360);

INSERT INTO public.orders (id, order_id, status, amount, payment_method, cashier_name, created_at)
VALUES ('8cec1fb7-4b4f-4a81-9025-5aca3523c171', 'ORD-01268', 'Completed', 405, 'Credit Card', 'System Seed', '2026-05-11T01:38:00.990Z');

INSERT INTO public.order_items (order_id, product_id, name, quantity, unit_price, subtotal)
VALUES ('8cec1fb7-4b4f-4a81-9025-5aca3523c171', '36c93748-7c86-4ddb-ba49-1bd1a164bf42', 'Blueberry Muffin', 3, 95, 285);

INSERT INTO public.order_items (order_id, product_id, name, quantity, unit_price, subtotal)
VALUES ('8cec1fb7-4b4f-4a81-9025-5aca3523c171', '48233f0a-6e57-4a45-b033-627d13f1be78', 'Cappuccino', 1, 120, 120);

INSERT INTO public.orders (id, order_id, status, amount, payment_method, cashier_name, created_at)
VALUES ('060bd6e2-acd5-4e31-9909-a7644d78ab65', 'ORD-01269', 'Completed', 1000, 'Credit Card', 'System Seed', '2026-05-11T03:52:04.990Z');

INSERT INTO public.order_items (order_id, product_id, name, quantity, unit_price, subtotal)
VALUES ('060bd6e2-acd5-4e31-9909-a7644d78ab65', '1b5c6269-ce45-4413-acb8-21813cd7f9cf', 'Mocha', 3, 140, 420);

INSERT INTO public.order_items (order_id, product_id, name, quantity, unit_price, subtotal)
VALUES ('060bd6e2-acd5-4e31-9909-a7644d78ab65', 'dfe22f11-84a3-41d2-a268-149f012eae60', 'Sparkling Lemonade', 3, 110, 330);

INSERT INTO public.order_items (order_id, product_id, name, quantity, unit_price, subtotal)
VALUES ('060bd6e2-acd5-4e31-9909-a7644d78ab65', '1b5c6269-ce45-4413-acb8-21813cd7f9cf', 'Mocha', 1, 140, 140);

INSERT INTO public.order_items (order_id, product_id, name, quantity, unit_price, subtotal)
VALUES ('060bd6e2-acd5-4e31-9909-a7644d78ab65', 'dfe22f11-84a3-41d2-a268-149f012eae60', 'Sparkling Lemonade', 1, 110, 110);

INSERT INTO public.orders (id, order_id, status, amount, payment_method, cashier_name, created_at)
VALUES ('4a2d88b5-1f1f-42b9-ad6a-e4f9aeb2fd6c', 'ORD-01270', 'Completed', 240, 'Maya', 'System Seed', '2026-05-11T07:38:54.990Z');

INSERT INTO public.order_items (order_id, product_id, name, quantity, unit_price, subtotal)
VALUES ('4a2d88b5-1f1f-42b9-ad6a-e4f9aeb2fd6c', '65f0b94f-ccbe-4b50-a175-66810ae10f44', 'Croissant', 3, 80, 240);

INSERT INTO public.orders (id, order_id, status, amount, payment_method, cashier_name, created_at)
VALUES ('5756c768-eda4-4f43-8a25-678077a277f1', 'ORD-01271', 'Completed', 220, 'Cash', 'System Seed', '2026-05-11T01:08:54.990Z');

INSERT INTO public.order_items (order_id, product_id, name, quantity, unit_price, subtotal)
VALUES ('5756c768-eda4-4f43-8a25-678077a277f1', 'dfe22f11-84a3-41d2-a268-149f012eae60', 'Sparkling Lemonade', 2, 110, 220);

INSERT INTO public.orders (id, order_id, status, amount, payment_method, cashier_name, created_at)
VALUES ('89f4ef75-b440-406a-936b-11277d5f56f6', 'ORD-01272', 'Completed', 180, 'Maya', 'System Seed', '2026-05-11T10:34:04.990Z');

INSERT INTO public.order_items (order_id, product_id, name, quantity, unit_price, subtotal)
VALUES ('89f4ef75-b440-406a-936b-11277d5f56f6', 'fe6b02e6-9366-4abd-874c-fcb832e0e282', 'Green Tea', 2, 90, 180);

INSERT INTO public.orders (id, order_id, status, amount, payment_method, cashier_name, created_at)
VALUES ('b98fd11d-abaa-4c08-bd78-fbb101374ad2', 'ORD-01273', 'Completed', 585, 'Maya', 'System Seed', '2026-05-11T01:22:00.990Z');

INSERT INTO public.order_items (order_id, product_id, name, quantity, unit_price, subtotal)
VALUES ('b98fd11d-abaa-4c08-bd78-fbb101374ad2', '36c93748-7c86-4ddb-ba49-1bd1a164bf42', 'Blueberry Muffin', 2, 95, 190);

INSERT INTO public.order_items (order_id, product_id, name, quantity, unit_price, subtotal)
VALUES ('b98fd11d-abaa-4c08-bd78-fbb101374ad2', '36c93748-7c86-4ddb-ba49-1bd1a164bf42', 'Blueberry Muffin', 3, 95, 285);

INSERT INTO public.order_items (order_id, product_id, name, quantity, unit_price, subtotal)
VALUES ('b98fd11d-abaa-4c08-bd78-fbb101374ad2', 'dfe22f11-84a3-41d2-a268-149f012eae60', 'Sparkling Lemonade', 1, 110, 110);

INSERT INTO public.orders (id, order_id, status, amount, payment_method, cashier_name, created_at)
VALUES ('0a2e0bd1-fbde-44cc-9b37-e6d603a6534a', 'ORD-01274', 'Completed', 440, 'Cash', 'System Seed', '2026-05-11T10:44:03.990Z');

INSERT INTO public.order_items (order_id, product_id, name, quantity, unit_price, subtotal)
VALUES ('0a2e0bd1-fbde-44cc-9b37-e6d603a6534a', '83a6812d-2665-4ce5-871a-78a4eab3ce80', 'Americano', 3, 100, 300);

INSERT INTO public.order_items (order_id, product_id, name, quantity, unit_price, subtotal)
VALUES ('0a2e0bd1-fbde-44cc-9b37-e6d603a6534a', '1b5c6269-ce45-4413-acb8-21813cd7f9cf', 'Mocha', 1, 140, 140);

INSERT INTO public.orders (id, order_id, status, amount, payment_method, cashier_name, created_at)
VALUES ('82204ecf-d13b-4706-a432-d598ebd3f6d7', 'ORD-01275', 'Completed', 370, 'Maya', 'System Seed', '2026-05-10T23:33:13.990Z');

INSERT INTO public.order_items (order_id, product_id, name, quantity, unit_price, subtotal)
VALUES ('82204ecf-d13b-4706-a432-d598ebd3f6d7', 'fe6b02e6-9366-4abd-874c-fcb832e0e282', 'Green Tea', 2, 90, 180);

INSERT INTO public.order_items (order_id, product_id, name, quantity, unit_price, subtotal)
VALUES ('82204ecf-d13b-4706-a432-d598ebd3f6d7', '36c93748-7c86-4ddb-ba49-1bd1a164bf42', 'Blueberry Muffin', 2, 95, 190);

INSERT INTO public.orders (id, order_id, status, amount, payment_method, cashier_name, created_at)
VALUES ('83e3a3ec-5369-4a49-835a-c51b7ed30d5f', 'ORD-01276', 'Completed', 900, 'Credit Card', 'System Seed', '2026-05-11T02:54:45.990Z');

INSERT INTO public.order_items (order_id, product_id, name, quantity, unit_price, subtotal)
VALUES ('83e3a3ec-5369-4a49-835a-c51b7ed30d5f', '65f0b94f-ccbe-4b50-a175-66810ae10f44', 'Croissant', 2, 80, 160);

INSERT INTO public.order_items (order_id, product_id, name, quantity, unit_price, subtotal)
VALUES ('83e3a3ec-5369-4a49-835a-c51b7ed30d5f', 'fe6b02e6-9366-4abd-874c-fcb832e0e282', 'Green Tea', 3, 90, 270);

INSERT INTO public.order_items (order_id, product_id, name, quantity, unit_price, subtotal)
VALUES ('83e3a3ec-5369-4a49-835a-c51b7ed30d5f', '36c93748-7c86-4ddb-ba49-1bd1a164bf42', 'Blueberry Muffin', 2, 95, 190);

INSERT INTO public.order_items (order_id, product_id, name, quantity, unit_price, subtotal)
VALUES ('83e3a3ec-5369-4a49-835a-c51b7ed30d5f', '1b5c6269-ce45-4413-acb8-21813cd7f9cf', 'Mocha', 2, 140, 280);

INSERT INTO public.orders (id, order_id, status, amount, payment_method, cashier_name, created_at)
VALUES ('63898dbd-e7b7-4ce2-abda-cf9d8f07a11e', 'ORD-01277', 'Void (Not Made)', 500, 'Credit Card', 'System Seed', '2026-05-11T00:19:56.990Z');

INSERT INTO public.order_items (order_id, product_id, name, quantity, unit_price, subtotal)
VALUES ('63898dbd-e7b7-4ce2-abda-cf9d8f07a11e', '83a6812d-2665-4ce5-871a-78a4eab3ce80', 'Americano', 2, 100, 200);

INSERT INTO public.order_items (order_id, product_id, name, quantity, unit_price, subtotal)
VALUES ('63898dbd-e7b7-4ce2-abda-cf9d8f07a11e', '83a6812d-2665-4ce5-871a-78a4eab3ce80', 'Americano', 3, 100, 300);

INSERT INTO public.orders (id, order_id, status, amount, payment_method, cashier_name, created_at)
VALUES ('a568cc1a-658d-4d4a-95be-3836a342f8ae', 'ORD-01278', 'Completed', 95, 'Maya', 'System Seed', '2026-05-11T12:07:56.990Z');

INSERT INTO public.order_items (order_id, product_id, name, quantity, unit_price, subtotal)
VALUES ('a568cc1a-658d-4d4a-95be-3836a342f8ae', '36c93748-7c86-4ddb-ba49-1bd1a164bf42', 'Blueberry Muffin', 1, 95, 95);

INSERT INTO public.orders (id, order_id, status, amount, payment_method, cashier_name, created_at)
VALUES ('d36d5256-8229-4e70-bd3d-fdb9edff0cd5', 'ORD-01279', 'Void (Consumed)', 180, 'Maya', 'System Seed', '2026-05-11T09:34:17.990Z');

INSERT INTO public.order_items (order_id, product_id, name, quantity, unit_price, subtotal)
VALUES ('d36d5256-8229-4e70-bd3d-fdb9edff0cd5', 'fe6b02e6-9366-4abd-874c-fcb832e0e282', 'Green Tea', 2, 90, 180);

INSERT INTO public.orders (id, order_id, status, amount, payment_method, cashier_name, created_at)
VALUES ('a86b5cff-7ca3-4a14-a541-766a3c79a79d', 'ORD-01280', 'Completed', 500, 'Maya', 'System Seed', '2026-05-11T03:55:51.990Z');

INSERT INTO public.order_items (order_id, product_id, name, quantity, unit_price, subtotal)
VALUES ('a86b5cff-7ca3-4a14-a541-766a3c79a79d', 'dfe22f11-84a3-41d2-a268-149f012eae60', 'Sparkling Lemonade', 3, 110, 330);

INSERT INTO public.order_items (order_id, product_id, name, quantity, unit_price, subtotal)
VALUES ('a86b5cff-7ca3-4a14-a541-766a3c79a79d', 'fe6b02e6-9366-4abd-874c-fcb832e0e282', 'Green Tea', 1, 90, 90);

INSERT INTO public.order_items (order_id, product_id, name, quantity, unit_price, subtotal)
VALUES ('a86b5cff-7ca3-4a14-a541-766a3c79a79d', '65f0b94f-ccbe-4b50-a175-66810ae10f44', 'Croissant', 1, 80, 80);

INSERT INTO public.orders (id, order_id, status, amount, payment_method, cashier_name, created_at)
VALUES ('104fd10d-4a15-4da8-915b-599669c3e11c', 'ORD-01281', 'Completed', 360, 'GCash', 'System Seed', '2026-05-11T11:41:31.990Z');

INSERT INTO public.order_items (order_id, product_id, name, quantity, unit_price, subtotal)
VALUES ('104fd10d-4a15-4da8-915b-599669c3e11c', '3a6a55c0-70f3-4417-a252-db77d9e511c0', 'Latte', 3, 120, 360);

INSERT INTO public.orders (id, order_id, status, amount, payment_method, cashier_name, created_at)
VALUES ('6b4572c4-c693-4d42-a7d9-67b5c3aeba2c', 'ORD-01282', 'Completed', 605, 'GCash', 'System Seed', '2026-05-11T02:00:20.990Z');

INSERT INTO public.order_items (order_id, product_id, name, quantity, unit_price, subtotal)
VALUES ('6b4572c4-c693-4d42-a7d9-67b5c3aeba2c', '36c93748-7c86-4ddb-ba49-1bd1a164bf42', 'Blueberry Muffin', 2, 95, 190);

INSERT INTO public.order_items (order_id, product_id, name, quantity, unit_price, subtotal)
VALUES ('6b4572c4-c693-4d42-a7d9-67b5c3aeba2c', '36c93748-7c86-4ddb-ba49-1bd1a164bf42', 'Blueberry Muffin', 1, 95, 95);

INSERT INTO public.order_items (order_id, product_id, name, quantity, unit_price, subtotal)
VALUES ('6b4572c4-c693-4d42-a7d9-67b5c3aeba2c', '1b5c6269-ce45-4413-acb8-21813cd7f9cf', 'Mocha', 1, 140, 140);

INSERT INTO public.order_items (order_id, product_id, name, quantity, unit_price, subtotal)
VALUES ('6b4572c4-c693-4d42-a7d9-67b5c3aeba2c', 'fe6b02e6-9366-4abd-874c-fcb832e0e282', 'Green Tea', 2, 90, 180);

INSERT INTO public.orders (id, order_id, status, amount, payment_method, cashier_name, created_at)
VALUES ('f47a9cdf-776c-4e65-9c5f-4db81d25e4e2', 'ORD-01283', 'Completed', 335, 'GCash', 'System Seed', '2026-05-11T07:11:56.990Z');

INSERT INTO public.order_items (order_id, product_id, name, quantity, unit_price, subtotal)
VALUES ('f47a9cdf-776c-4e65-9c5f-4db81d25e4e2', '36c93748-7c86-4ddb-ba49-1bd1a164bf42', 'Blueberry Muffin', 1, 95, 95);

INSERT INTO public.order_items (order_id, product_id, name, quantity, unit_price, subtotal)
VALUES ('f47a9cdf-776c-4e65-9c5f-4db81d25e4e2', '48233f0a-6e57-4a45-b033-627d13f1be78', 'Cappuccino', 2, 120, 240);

INSERT INTO public.orders (id, order_id, status, amount, payment_method, cashier_name, created_at)
VALUES ('b37f2eb4-accc-4d68-a15c-165619ab164d', 'ORD-01284', 'Void (Not Made)', 290, 'GCash', 'System Seed', '2026-05-10T23:35:26.990Z');

INSERT INTO public.order_items (order_id, product_id, name, quantity, unit_price, subtotal)
VALUES ('b37f2eb4-accc-4d68-a15c-165619ab164d', 'fe6b02e6-9366-4abd-874c-fcb832e0e282', 'Green Tea', 2, 90, 180);

INSERT INTO public.order_items (order_id, product_id, name, quantity, unit_price, subtotal)
VALUES ('b37f2eb4-accc-4d68-a15c-165619ab164d', 'dfe22f11-84a3-41d2-a268-149f012eae60', 'Sparkling Lemonade', 1, 110, 110);

INSERT INTO public.orders (id, order_id, status, amount, payment_method, cashier_name, created_at)
VALUES ('9de519c5-ed06-45c6-aaf4-fc5ccc840cea', 'ORD-01285', 'Void (Not Made)', 420, 'Maya', 'System Seed', '2026-05-11T00:29:03.990Z');

INSERT INTO public.order_items (order_id, product_id, name, quantity, unit_price, subtotal)
VALUES ('9de519c5-ed06-45c6-aaf4-fc5ccc840cea', '1b5c6269-ce45-4413-acb8-21813cd7f9cf', 'Mocha', 3, 140, 420);

INSERT INTO public.orders (id, order_id, status, amount, payment_method, cashier_name, created_at)
VALUES ('2451c1f5-c875-4c55-a82e-95bb4c9dfa37', 'ORD-01286', 'Completed', 990, 'Maya', 'System Seed', '2026-05-11T11:08:56.990Z');

INSERT INTO public.order_items (order_id, product_id, name, quantity, unit_price, subtotal)
VALUES ('2451c1f5-c875-4c55-a82e-95bb4c9dfa37', '1b5c6269-ce45-4413-acb8-21813cd7f9cf', 'Mocha', 1, 140, 140);

INSERT INTO public.order_items (order_id, product_id, name, quantity, unit_price, subtotal)
VALUES ('2451c1f5-c875-4c55-a82e-95bb4c9dfa37', 'dfe22f11-84a3-41d2-a268-149f012eae60', 'Sparkling Lemonade', 3, 110, 330);

INSERT INTO public.order_items (order_id, product_id, name, quantity, unit_price, subtotal)
VALUES ('2451c1f5-c875-4c55-a82e-95bb4c9dfa37', '3a6a55c0-70f3-4417-a252-db77d9e511c0', 'Latte', 3, 120, 360);

INSERT INTO public.order_items (order_id, product_id, name, quantity, unit_price, subtotal)
VALUES ('2451c1f5-c875-4c55-a82e-95bb4c9dfa37', '65f0b94f-ccbe-4b50-a175-66810ae10f44', 'Croissant', 2, 80, 160);

INSERT INTO public.orders (id, order_id, status, amount, payment_method, cashier_name, created_at)
VALUES ('c4920c9c-03fd-4b6a-95c9-c2085be1bb20', 'ORD-01287', 'Completed', 460, 'Credit Card', 'System Seed', '2026-05-11T03:53:11.990Z');

INSERT INTO public.order_items (order_id, product_id, name, quantity, unit_price, subtotal)
VALUES ('c4920c9c-03fd-4b6a-95c9-c2085be1bb20', 'dfe22f11-84a3-41d2-a268-149f012eae60', 'Sparkling Lemonade', 2, 110, 220);

INSERT INTO public.order_items (order_id, product_id, name, quantity, unit_price, subtotal)
VALUES ('c4920c9c-03fd-4b6a-95c9-c2085be1bb20', '3a6a55c0-70f3-4417-a252-db77d9e511c0', 'Latte', 2, 120, 240);

INSERT INTO public.orders (id, order_id, status, amount, payment_method, cashier_name, created_at)
VALUES ('3e238a2f-8fbd-42db-bf17-797a1c0af614', 'ORD-01288', 'Completed', 220, 'Credit Card', 'System Seed', '2026-05-12T12:04:13.990Z');

INSERT INTO public.order_items (order_id, product_id, name, quantity, unit_price, subtotal)
VALUES ('3e238a2f-8fbd-42db-bf17-797a1c0af614', 'dfe22f11-84a3-41d2-a268-149f012eae60', 'Sparkling Lemonade', 2, 110, 220);

INSERT INTO public.orders (id, order_id, status, amount, payment_method, cashier_name, created_at)
VALUES ('415c61f3-5e55-40f6-be07-cd9506b0a853', 'ORD-01289', 'Completed', 305, 'Cash', 'System Seed', '2026-05-12T03:34:02.990Z');

INSERT INTO public.order_items (order_id, product_id, name, quantity, unit_price, subtotal)
VALUES ('415c61f3-5e55-40f6-be07-cd9506b0a853', '48233f0a-6e57-4a45-b033-627d13f1be78', 'Cappuccino', 1, 120, 120);

INSERT INTO public.order_items (order_id, product_id, name, quantity, unit_price, subtotal)
VALUES ('415c61f3-5e55-40f6-be07-cd9506b0a853', '36c93748-7c86-4ddb-ba49-1bd1a164bf42', 'Blueberry Muffin', 1, 95, 95);

INSERT INTO public.order_items (order_id, product_id, name, quantity, unit_price, subtotal)
VALUES ('415c61f3-5e55-40f6-be07-cd9506b0a853', 'fe6b02e6-9366-4abd-874c-fcb832e0e282', 'Green Tea', 1, 90, 90);

INSERT INTO public.orders (id, order_id, status, amount, payment_method, cashier_name, created_at)
VALUES ('d5053b92-8315-42ab-9445-d764d47716a7', 'ORD-01290', 'Completed', 630, 'GCash', 'System Seed', '2026-05-12T10:44:23.990Z');

INSERT INTO public.order_items (order_id, product_id, name, quantity, unit_price, subtotal)
VALUES ('d5053b92-8315-42ab-9445-d764d47716a7', '65f0b94f-ccbe-4b50-a175-66810ae10f44', 'Croissant', 1, 80, 80);

INSERT INTO public.order_items (order_id, product_id, name, quantity, unit_price, subtotal)
VALUES ('d5053b92-8315-42ab-9445-d764d47716a7', '1b5c6269-ce45-4413-acb8-21813cd7f9cf', 'Mocha', 2, 140, 280);

INSERT INTO public.order_items (order_id, product_id, name, quantity, unit_price, subtotal)
VALUES ('d5053b92-8315-42ab-9445-d764d47716a7', 'fe6b02e6-9366-4abd-874c-fcb832e0e282', 'Green Tea', 3, 90, 270);

INSERT INTO public.orders (id, order_id, status, amount, payment_method, cashier_name, created_at)
VALUES ('f5c55b44-71d9-48a8-b7c5-4c9765e1b0c6', 'ORD-01291', 'Void (Consumed)', 835, 'Credit Card', 'System Seed', '2026-05-12T00:49:54.990Z');

INSERT INTO public.order_items (order_id, product_id, name, quantity, unit_price, subtotal)
VALUES ('f5c55b44-71d9-48a8-b7c5-4c9765e1b0c6', '36c93748-7c86-4ddb-ba49-1bd1a164bf42', 'Blueberry Muffin', 2, 95, 190);

INSERT INTO public.order_items (order_id, product_id, name, quantity, unit_price, subtotal)
VALUES ('f5c55b44-71d9-48a8-b7c5-4c9765e1b0c6', 'fe6b02e6-9366-4abd-874c-fcb832e0e282', 'Green Tea', 3, 90, 270);

INSERT INTO public.order_items (order_id, product_id, name, quantity, unit_price, subtotal)
VALUES ('f5c55b44-71d9-48a8-b7c5-4c9765e1b0c6', '36c93748-7c86-4ddb-ba49-1bd1a164bf42', 'Blueberry Muffin', 3, 95, 285);

INSERT INTO public.order_items (order_id, product_id, name, quantity, unit_price, subtotal)
VALUES ('f5c55b44-71d9-48a8-b7c5-4c9765e1b0c6', 'fe6b02e6-9366-4abd-874c-fcb832e0e282', 'Green Tea', 1, 90, 90);

INSERT INTO public.orders (id, order_id, status, amount, payment_method, cashier_name, created_at)
VALUES ('57349f9f-076e-4c04-a6b0-c0415e76273f', 'ORD-01292', 'Void (Not Made)', 665, 'Credit Card', 'System Seed', '2026-05-12T03:36:14.990Z');

INSERT INTO public.order_items (order_id, product_id, name, quantity, unit_price, subtotal)
VALUES ('57349f9f-076e-4c04-a6b0-c0415e76273f', 'fe6b02e6-9366-4abd-874c-fcb832e0e282', 'Green Tea', 3, 90, 270);

INSERT INTO public.order_items (order_id, product_id, name, quantity, unit_price, subtotal)
VALUES ('57349f9f-076e-4c04-a6b0-c0415e76273f', '36c93748-7c86-4ddb-ba49-1bd1a164bf42', 'Blueberry Muffin', 3, 95, 285);

INSERT INTO public.order_items (order_id, product_id, name, quantity, unit_price, subtotal)
VALUES ('57349f9f-076e-4c04-a6b0-c0415e76273f', 'dfe22f11-84a3-41d2-a268-149f012eae60', 'Sparkling Lemonade', 1, 110, 110);

INSERT INTO public.orders (id, order_id, status, amount, payment_method, cashier_name, created_at)
VALUES ('b45fcc1b-4da7-4cdb-b71d-3f95b8ece581', 'ORD-01293', 'Completed', 140, 'Maya', 'System Seed', '2026-05-11T23:30:09.990Z');

INSERT INTO public.order_items (order_id, product_id, name, quantity, unit_price, subtotal)
VALUES ('b45fcc1b-4da7-4cdb-b71d-3f95b8ece581', '1b5c6269-ce45-4413-acb8-21813cd7f9cf', 'Mocha', 1, 140, 140);

INSERT INTO public.orders (id, order_id, status, amount, payment_method, cashier_name, created_at)
VALUES ('4dc0c8e7-5c90-4f64-8196-62ffd6882f5e', 'ORD-01294', 'Completed', 850, 'Maya', 'System Seed', '2026-05-12T10:06:30.990Z');

INSERT INTO public.order_items (order_id, product_id, name, quantity, unit_price, subtotal)
VALUES ('4dc0c8e7-5c90-4f64-8196-62ffd6882f5e', '65f0b94f-ccbe-4b50-a175-66810ae10f44', 'Croissant', 3, 80, 240);

INSERT INTO public.order_items (order_id, product_id, name, quantity, unit_price, subtotal)
VALUES ('4dc0c8e7-5c90-4f64-8196-62ffd6882f5e', '83a6812d-2665-4ce5-871a-78a4eab3ce80', 'Americano', 3, 100, 300);

INSERT INTO public.order_items (order_id, product_id, name, quantity, unit_price, subtotal)
VALUES ('4dc0c8e7-5c90-4f64-8196-62ffd6882f5e', '36c93748-7c86-4ddb-ba49-1bd1a164bf42', 'Blueberry Muffin', 2, 95, 190);

INSERT INTO public.order_items (order_id, product_id, name, quantity, unit_price, subtotal)
VALUES ('4dc0c8e7-5c90-4f64-8196-62ffd6882f5e', '48233f0a-6e57-4a45-b033-627d13f1be78', 'Cappuccino', 1, 120, 120);

INSERT INTO public.orders (id, order_id, status, amount, payment_method, cashier_name, created_at)
VALUES ('75e6da6c-934e-4243-84ab-5903c7ed4d09', 'ORD-01295', 'Completed', 560, 'GCash', 'System Seed', '2026-05-12T07:22:10.990Z');

INSERT INTO public.order_items (order_id, product_id, name, quantity, unit_price, subtotal)
VALUES ('75e6da6c-934e-4243-84ab-5903c7ed4d09', '48233f0a-6e57-4a45-b033-627d13f1be78', 'Cappuccino', 1, 120, 120);

INSERT INTO public.order_items (order_id, product_id, name, quantity, unit_price, subtotal)
VALUES ('75e6da6c-934e-4243-84ab-5903c7ed4d09', '48233f0a-6e57-4a45-b033-627d13f1be78', 'Cappuccino', 2, 120, 240);

INSERT INTO public.order_items (order_id, product_id, name, quantity, unit_price, subtotal)
VALUES ('75e6da6c-934e-4243-84ab-5903c7ed4d09', '83a6812d-2665-4ce5-871a-78a4eab3ce80', 'Americano', 2, 100, 200);

INSERT INTO public.orders (id, order_id, status, amount, payment_method, cashier_name, created_at)
VALUES ('388c0d91-2a5e-4a49-a0a6-ec367958dcf0', 'ORD-01296', 'Completed', 580, 'Credit Card', 'System Seed', '2026-05-12T08:13:00.990Z');

INSERT INTO public.order_items (order_id, product_id, name, quantity, unit_price, subtotal)
VALUES ('388c0d91-2a5e-4a49-a0a6-ec367958dcf0', '1b5c6269-ce45-4413-acb8-21813cd7f9cf', 'Mocha', 2, 140, 280);

INSERT INTO public.order_items (order_id, product_id, name, quantity, unit_price, subtotal)
VALUES ('388c0d91-2a5e-4a49-a0a6-ec367958dcf0', '83a6812d-2665-4ce5-871a-78a4eab3ce80', 'Americano', 3, 100, 300);

INSERT INTO public.orders (id, order_id, status, amount, payment_method, cashier_name, created_at)
VALUES ('64979ab3-3b28-4899-8c1a-73834d8436e2', 'ORD-01297', 'Completed', 490, 'GCash', 'System Seed', '2026-05-12T07:00:04.990Z');

INSERT INTO public.order_items (order_id, product_id, name, quantity, unit_price, subtotal)
VALUES ('64979ab3-3b28-4899-8c1a-73834d8436e2', 'dfe22f11-84a3-41d2-a268-149f012eae60', 'Sparkling Lemonade', 1, 110, 110);

INSERT INTO public.order_items (order_id, product_id, name, quantity, unit_price, subtotal)
VALUES ('64979ab3-3b28-4899-8c1a-73834d8436e2', '1b5c6269-ce45-4413-acb8-21813cd7f9cf', 'Mocha', 1, 140, 140);

INSERT INTO public.order_items (order_id, product_id, name, quantity, unit_price, subtotal)
VALUES ('64979ab3-3b28-4899-8c1a-73834d8436e2', '1b5c6269-ce45-4413-acb8-21813cd7f9cf', 'Mocha', 1, 140, 140);

INSERT INTO public.order_items (order_id, product_id, name, quantity, unit_price, subtotal)
VALUES ('64979ab3-3b28-4899-8c1a-73834d8436e2', '83a6812d-2665-4ce5-871a-78a4eab3ce80', 'Americano', 1, 100, 100);

INSERT INTO public.orders (id, order_id, status, amount, payment_method, cashier_name, created_at)
VALUES ('533e33a9-2e5e-4fa3-bd54-e62036effcfa', 'ORD-01298', 'Completed', 675, 'Cash', 'System Seed', '2026-05-12T12:03:22.990Z');

INSERT INTO public.order_items (order_id, product_id, name, quantity, unit_price, subtotal)
VALUES ('533e33a9-2e5e-4fa3-bd54-e62036effcfa', '36c93748-7c86-4ddb-ba49-1bd1a164bf42', 'Blueberry Muffin', 3, 95, 285);

INSERT INTO public.order_items (order_id, product_id, name, quantity, unit_price, subtotal)
VALUES ('533e33a9-2e5e-4fa3-bd54-e62036effcfa', 'fe6b02e6-9366-4abd-874c-fcb832e0e282', 'Green Tea', 1, 90, 90);

INSERT INTO public.order_items (order_id, product_id, name, quantity, unit_price, subtotal)
VALUES ('533e33a9-2e5e-4fa3-bd54-e62036effcfa', '83a6812d-2665-4ce5-871a-78a4eab3ce80', 'Americano', 3, 100, 300);

INSERT INTO public.orders (id, order_id, status, amount, payment_method, cashier_name, created_at)
VALUES ('7ec0531c-acac-4232-b8d9-151bb55bf4d9', 'ORD-01299', 'Completed', 1045, 'Credit Card', 'System Seed', '2026-05-12T03:03:49.990Z');

INSERT INTO public.order_items (order_id, product_id, name, quantity, unit_price, subtotal)
VALUES ('7ec0531c-acac-4232-b8d9-151bb55bf4d9', '83a6812d-2665-4ce5-871a-78a4eab3ce80', 'Americano', 3, 100, 300);

INSERT INTO public.order_items (order_id, product_id, name, quantity, unit_price, subtotal)
VALUES ('7ec0531c-acac-4232-b8d9-151bb55bf4d9', '83a6812d-2665-4ce5-871a-78a4eab3ce80', 'Americano', 3, 100, 300);

INSERT INTO public.order_items (order_id, product_id, name, quantity, unit_price, subtotal)
VALUES ('7ec0531c-acac-4232-b8d9-151bb55bf4d9', '36c93748-7c86-4ddb-ba49-1bd1a164bf42', 'Blueberry Muffin', 3, 95, 285);

INSERT INTO public.order_items (order_id, product_id, name, quantity, unit_price, subtotal)
VALUES ('7ec0531c-acac-4232-b8d9-151bb55bf4d9', '65f0b94f-ccbe-4b50-a175-66810ae10f44', 'Croissant', 2, 80, 160);

INSERT INTO public.orders (id, order_id, status, amount, payment_method, cashier_name, created_at)
VALUES ('9f3b5e57-3ac3-4b59-882d-318fcf4f27a0', 'ORD-01300', 'Void (Consumed)', 630, 'Maya', 'System Seed', '2026-05-11T23:29:16.990Z');

INSERT INTO public.order_items (order_id, product_id, name, quantity, unit_price, subtotal)
VALUES ('9f3b5e57-3ac3-4b59-882d-318fcf4f27a0', '48233f0a-6e57-4a45-b033-627d13f1be78', 'Cappuccino', 1, 120, 120);

INSERT INTO public.order_items (order_id, product_id, name, quantity, unit_price, subtotal)
VALUES ('9f3b5e57-3ac3-4b59-882d-318fcf4f27a0', '3a6a55c0-70f3-4417-a252-db77d9e511c0', 'Latte', 2, 120, 240);

INSERT INTO public.order_items (order_id, product_id, name, quantity, unit_price, subtotal)
VALUES ('9f3b5e57-3ac3-4b59-882d-318fcf4f27a0', 'fe6b02e6-9366-4abd-874c-fcb832e0e282', 'Green Tea', 3, 90, 270);

INSERT INTO public.orders (id, order_id, status, amount, payment_method, cashier_name, created_at)
VALUES ('8c1bc6cc-a3ae-4ac6-90a3-cce7756b52ed', 'ORD-01301', 'Completed', 730, 'GCash', 'System Seed', '2026-05-12T07:18:57.990Z');

INSERT INTO public.order_items (order_id, product_id, name, quantity, unit_price, subtotal)
VALUES ('8c1bc6cc-a3ae-4ac6-90a3-cce7756b52ed', '48233f0a-6e57-4a45-b033-627d13f1be78', 'Cappuccino', 1, 120, 120);

INSERT INTO public.order_items (order_id, product_id, name, quantity, unit_price, subtotal)
VALUES ('8c1bc6cc-a3ae-4ac6-90a3-cce7756b52ed', '1b5c6269-ce45-4413-acb8-21813cd7f9cf', 'Mocha', 2, 140, 280);

INSERT INTO public.order_items (order_id, product_id, name, quantity, unit_price, subtotal)
VALUES ('8c1bc6cc-a3ae-4ac6-90a3-cce7756b52ed', 'dfe22f11-84a3-41d2-a268-149f012eae60', 'Sparkling Lemonade', 1, 110, 110);

INSERT INTO public.order_items (order_id, product_id, name, quantity, unit_price, subtotal)
VALUES ('8c1bc6cc-a3ae-4ac6-90a3-cce7756b52ed', 'dfe22f11-84a3-41d2-a268-149f012eae60', 'Sparkling Lemonade', 2, 110, 220);

INSERT INTO public.orders (id, order_id, status, amount, payment_method, cashier_name, created_at)
VALUES ('ab40e9e0-1b93-42e5-86d9-22883da77cf8', 'ORD-01302', 'Void (Not Made)', 610, 'Cash', 'System Seed', '2026-05-12T11:20:31.990Z');

INSERT INTO public.order_items (order_id, product_id, name, quantity, unit_price, subtotal)
VALUES ('ab40e9e0-1b93-42e5-86d9-22883da77cf8', 'fe6b02e6-9366-4abd-874c-fcb832e0e282', 'Green Tea', 1, 90, 90);

INSERT INTO public.order_items (order_id, product_id, name, quantity, unit_price, subtotal)
VALUES ('ab40e9e0-1b93-42e5-86d9-22883da77cf8', '83a6812d-2665-4ce5-871a-78a4eab3ce80', 'Americano', 3, 100, 300);

INSERT INTO public.order_items (order_id, product_id, name, quantity, unit_price, subtotal)
VALUES ('ab40e9e0-1b93-42e5-86d9-22883da77cf8', '1b5c6269-ce45-4413-acb8-21813cd7f9cf', 'Mocha', 1, 140, 140);

INSERT INTO public.order_items (order_id, product_id, name, quantity, unit_price, subtotal)
VALUES ('ab40e9e0-1b93-42e5-86d9-22883da77cf8', '65f0b94f-ccbe-4b50-a175-66810ae10f44', 'Croissant', 1, 80, 80);

INSERT INTO public.orders (id, order_id, status, amount, payment_method, cashier_name, created_at)
VALUES ('14489438-e251-42db-99e0-e84e45ab2831', 'ORD-01303', 'Void (Consumed)', 210, 'GCash', 'System Seed', '2026-05-12T00:17:07.990Z');

INSERT INTO public.order_items (order_id, product_id, name, quantity, unit_price, subtotal)
VALUES ('14489438-e251-42db-99e0-e84e45ab2831', 'fe6b02e6-9366-4abd-874c-fcb832e0e282', 'Green Tea', 1, 90, 90);

INSERT INTO public.order_items (order_id, product_id, name, quantity, unit_price, subtotal)
VALUES ('14489438-e251-42db-99e0-e84e45ab2831', '48233f0a-6e57-4a45-b033-627d13f1be78', 'Cappuccino', 1, 120, 120);

INSERT INTO public.orders (id, order_id, status, amount, payment_method, cashier_name, created_at)
VALUES ('e54c2c4c-16ca-464d-9cf7-77503cf6b623', 'ORD-01304', 'Completed', 540, 'Credit Card', 'System Seed', '2026-05-12T01:33:33.990Z');

INSERT INTO public.order_items (order_id, product_id, name, quantity, unit_price, subtotal)
VALUES ('e54c2c4c-16ca-464d-9cf7-77503cf6b623', '3a6a55c0-70f3-4417-a252-db77d9e511c0', 'Latte', 1, 120, 120);

INSERT INTO public.order_items (order_id, product_id, name, quantity, unit_price, subtotal)
VALUES ('e54c2c4c-16ca-464d-9cf7-77503cf6b623', '83a6812d-2665-4ce5-871a-78a4eab3ce80', 'Americano', 2, 100, 200);

INSERT INTO public.order_items (order_id, product_id, name, quantity, unit_price, subtotal)
VALUES ('e54c2c4c-16ca-464d-9cf7-77503cf6b623', 'dfe22f11-84a3-41d2-a268-149f012eae60', 'Sparkling Lemonade', 2, 110, 220);

INSERT INTO public.orders (id, order_id, status, amount, payment_method, cashier_name, created_at)
VALUES ('299f508d-3f0a-4803-8294-893a169a4b36', 'ORD-01305', 'Completed', 360, 'Cash', 'System Seed', '2026-05-12T10:53:36.990Z');

INSERT INTO public.order_items (order_id, product_id, name, quantity, unit_price, subtotal)
VALUES ('299f508d-3f0a-4803-8294-893a169a4b36', '3a6a55c0-70f3-4417-a252-db77d9e511c0', 'Latte', 3, 120, 360);

INSERT INTO public.orders (id, order_id, status, amount, payment_method, cashier_name, created_at)
VALUES ('77abfd52-6a78-44f1-9c8f-98b6c60fd629', 'ORD-01306', 'Completed', 820, 'GCash', 'System Seed', '2026-05-12T06:55:50.990Z');

INSERT INTO public.order_items (order_id, product_id, name, quantity, unit_price, subtotal)
VALUES ('77abfd52-6a78-44f1-9c8f-98b6c60fd629', '36c93748-7c86-4ddb-ba49-1bd1a164bf42', 'Blueberry Muffin', 2, 95, 190);

INSERT INTO public.order_items (order_id, product_id, name, quantity, unit_price, subtotal)
VALUES ('77abfd52-6a78-44f1-9c8f-98b6c60fd629', '65f0b94f-ccbe-4b50-a175-66810ae10f44', 'Croissant', 1, 80, 80);

INSERT INTO public.order_items (order_id, product_id, name, quantity, unit_price, subtotal)
VALUES ('77abfd52-6a78-44f1-9c8f-98b6c60fd629', '36c93748-7c86-4ddb-ba49-1bd1a164bf42', 'Blueberry Muffin', 2, 95, 190);

INSERT INTO public.order_items (order_id, product_id, name, quantity, unit_price, subtotal)
VALUES ('77abfd52-6a78-44f1-9c8f-98b6c60fd629', '48233f0a-6e57-4a45-b033-627d13f1be78', 'Cappuccino', 3, 120, 360);

INSERT INTO public.orders (id, order_id, status, amount, payment_method, cashier_name, created_at)
VALUES ('0da6df85-0ea7-48f1-9b1f-fdfc826c8cfd', 'ORD-01307', 'Completed', 140, 'GCash', 'System Seed', '2026-05-12T08:46:02.990Z');

INSERT INTO public.order_items (order_id, product_id, name, quantity, unit_price, subtotal)
VALUES ('0da6df85-0ea7-48f1-9b1f-fdfc826c8cfd', '1b5c6269-ce45-4413-acb8-21813cd7f9cf', 'Mocha', 1, 140, 140);

INSERT INTO public.orders (id, order_id, status, amount, payment_method, cashier_name, created_at)
VALUES ('bfb629b8-46ff-42a5-b3c8-981fac03f5fd', 'ORD-01308', 'Completed', 1260, 'GCash', 'System Seed', '2026-05-11T23:14:47.990Z');

INSERT INTO public.order_items (order_id, product_id, name, quantity, unit_price, subtotal)
VALUES ('bfb629b8-46ff-42a5-b3c8-981fac03f5fd', '3a6a55c0-70f3-4417-a252-db77d9e511c0', 'Latte', 2, 120, 240);

INSERT INTO public.order_items (order_id, product_id, name, quantity, unit_price, subtotal)
VALUES ('bfb629b8-46ff-42a5-b3c8-981fac03f5fd', '48233f0a-6e57-4a45-b033-627d13f1be78', 'Cappuccino', 3, 120, 360);

INSERT INTO public.order_items (order_id, product_id, name, quantity, unit_price, subtotal)
VALUES ('bfb629b8-46ff-42a5-b3c8-981fac03f5fd', '3a6a55c0-70f3-4417-a252-db77d9e511c0', 'Latte', 2, 120, 240);

INSERT INTO public.order_items (order_id, product_id, name, quantity, unit_price, subtotal)
VALUES ('bfb629b8-46ff-42a5-b3c8-981fac03f5fd', '1b5c6269-ce45-4413-acb8-21813cd7f9cf', 'Mocha', 3, 140, 420);

INSERT INTO public.orders (id, order_id, status, amount, payment_method, cashier_name, created_at)
VALUES ('11b30e15-bb17-4650-88e9-9e2dcad54a5a', 'ORD-01309', 'Void (Not Made)', 100, 'Cash', 'System Seed', '2026-05-12T08:28:04.990Z');

INSERT INTO public.order_items (order_id, product_id, name, quantity, unit_price, subtotal)
VALUES ('11b30e15-bb17-4650-88e9-9e2dcad54a5a', '83a6812d-2665-4ce5-871a-78a4eab3ce80', 'Americano', 1, 100, 100);

INSERT INTO public.orders (id, order_id, status, amount, payment_method, cashier_name, created_at)
VALUES ('9850a84f-52ea-42e0-9191-8d52b567763a', 'ORD-01310', 'Completed', 660, 'GCash', 'System Seed', '2026-05-12T05:13:40.990Z');

INSERT INTO public.order_items (order_id, product_id, name, quantity, unit_price, subtotal)
VALUES ('9850a84f-52ea-42e0-9191-8d52b567763a', 'dfe22f11-84a3-41d2-a268-149f012eae60', 'Sparkling Lemonade', 2, 110, 220);

INSERT INTO public.order_items (order_id, product_id, name, quantity, unit_price, subtotal)
VALUES ('9850a84f-52ea-42e0-9191-8d52b567763a', 'dfe22f11-84a3-41d2-a268-149f012eae60', 'Sparkling Lemonade', 2, 110, 220);

INSERT INTO public.order_items (order_id, product_id, name, quantity, unit_price, subtotal)
VALUES ('9850a84f-52ea-42e0-9191-8d52b567763a', 'dfe22f11-84a3-41d2-a268-149f012eae60', 'Sparkling Lemonade', 2, 110, 220);

INSERT INTO public.orders (id, order_id, status, amount, payment_method, cashier_name, created_at)
VALUES ('4a03b0f8-5161-4f78-8e3b-2fe1a31ec54c', 'ORD-01311', 'Completed', 480, 'GCash', 'System Seed', '2026-05-12T07:54:21.990Z');

INSERT INTO public.order_items (order_id, product_id, name, quantity, unit_price, subtotal)
VALUES ('4a03b0f8-5161-4f78-8e3b-2fe1a31ec54c', '65f0b94f-ccbe-4b50-a175-66810ae10f44', 'Croissant', 3, 80, 240);

INSERT INTO public.order_items (order_id, product_id, name, quantity, unit_price, subtotal)
VALUES ('4a03b0f8-5161-4f78-8e3b-2fe1a31ec54c', '48233f0a-6e57-4a45-b033-627d13f1be78', 'Cappuccino', 2, 120, 240);

INSERT INTO public.orders (id, order_id, status, amount, payment_method, cashier_name, created_at)
VALUES ('e13bbf04-158d-423a-b0c5-dc415d729a01', 'ORD-01312', 'Void (Consumed)', 440, 'GCash', 'System Seed', '2026-05-12T05:00:55.990Z');

INSERT INTO public.order_items (order_id, product_id, name, quantity, unit_price, subtotal)
VALUES ('e13bbf04-158d-423a-b0c5-dc415d729a01', '1b5c6269-ce45-4413-acb8-21813cd7f9cf', 'Mocha', 1, 140, 140);

INSERT INTO public.order_items (order_id, product_id, name, quantity, unit_price, subtotal)
VALUES ('e13bbf04-158d-423a-b0c5-dc415d729a01', '83a6812d-2665-4ce5-871a-78a4eab3ce80', 'Americano', 1, 100, 100);

INSERT INTO public.order_items (order_id, product_id, name, quantity, unit_price, subtotal)
VALUES ('e13bbf04-158d-423a-b0c5-dc415d729a01', '83a6812d-2665-4ce5-871a-78a4eab3ce80', 'Americano', 2, 100, 200);

INSERT INTO public.orders (id, order_id, status, amount, payment_method, cashier_name, created_at)
VALUES ('7a768d73-9de9-4048-b29d-067329695346', 'ORD-01313', 'Completed', 360, 'GCash', 'System Seed', '2026-05-12T01:00:02.990Z');

INSERT INTO public.order_items (order_id, product_id, name, quantity, unit_price, subtotal)
VALUES ('7a768d73-9de9-4048-b29d-067329695346', '3a6a55c0-70f3-4417-a252-db77d9e511c0', 'Latte', 3, 120, 360);

INSERT INTO public.orders (id, order_id, status, amount, payment_method, cashier_name, created_at)
VALUES ('fcde9e27-ba33-4f13-a2e5-1b0d92192c29', 'ORD-01314', 'Void (Not Made)', 780, 'Maya', 'System Seed', '2026-05-12T02:28:13.990Z');

INSERT INTO public.order_items (order_id, product_id, name, quantity, unit_price, subtotal)
VALUES ('fcde9e27-ba33-4f13-a2e5-1b0d92192c29', 'fe6b02e6-9366-4abd-874c-fcb832e0e282', 'Green Tea', 1, 90, 90);

INSERT INTO public.order_items (order_id, product_id, name, quantity, unit_price, subtotal)
VALUES ('fcde9e27-ba33-4f13-a2e5-1b0d92192c29', '83a6812d-2665-4ce5-871a-78a4eab3ce80', 'Americano', 2, 100, 200);

INSERT INTO public.order_items (order_id, product_id, name, quantity, unit_price, subtotal)
VALUES ('fcde9e27-ba33-4f13-a2e5-1b0d92192c29', 'dfe22f11-84a3-41d2-a268-149f012eae60', 'Sparkling Lemonade', 3, 110, 330);

INSERT INTO public.order_items (order_id, product_id, name, quantity, unit_price, subtotal)
VALUES ('fcde9e27-ba33-4f13-a2e5-1b0d92192c29', '65f0b94f-ccbe-4b50-a175-66810ae10f44', 'Croissant', 2, 80, 160);

INSERT INTO public.orders (id, order_id, status, amount, payment_method, cashier_name, created_at)
VALUES ('41634354-6fd2-4d4f-a96c-08520d55daae', 'ORD-01315', 'Completed', 610, 'Maya', 'System Seed', '2026-05-12T06:11:24.990Z');

INSERT INTO public.order_items (order_id, product_id, name, quantity, unit_price, subtotal)
VALUES ('41634354-6fd2-4d4f-a96c-08520d55daae', 'fe6b02e6-9366-4abd-874c-fcb832e0e282', 'Green Tea', 3, 90, 270);

INSERT INTO public.order_items (order_id, product_id, name, quantity, unit_price, subtotal)
VALUES ('41634354-6fd2-4d4f-a96c-08520d55daae', '3a6a55c0-70f3-4417-a252-db77d9e511c0', 'Latte', 1, 120, 120);

INSERT INTO public.order_items (order_id, product_id, name, quantity, unit_price, subtotal)
VALUES ('41634354-6fd2-4d4f-a96c-08520d55daae', '3a6a55c0-70f3-4417-a252-db77d9e511c0', 'Latte', 1, 120, 120);

INSERT INTO public.order_items (order_id, product_id, name, quantity, unit_price, subtotal)
VALUES ('41634354-6fd2-4d4f-a96c-08520d55daae', '83a6812d-2665-4ce5-871a-78a4eab3ce80', 'Americano', 1, 100, 100);

INSERT INTO public.orders (id, order_id, status, amount, payment_method, cashier_name, created_at)
VALUES ('cfe8a71a-84f5-4572-b094-972587b0b37e', 'ORD-01316', 'Completed', 420, 'Maya', 'System Seed', '2026-05-12T02:10:12.990Z');

INSERT INTO public.order_items (order_id, product_id, name, quantity, unit_price, subtotal)
VALUES ('cfe8a71a-84f5-4572-b094-972587b0b37e', '1b5c6269-ce45-4413-acb8-21813cd7f9cf', 'Mocha', 3, 140, 420);

INSERT INTO public.orders (id, order_id, status, amount, payment_method, cashier_name, created_at)
VALUES ('fc84c23b-3a53-49f2-873c-20515439f568', 'ORD-01317', 'Completed', 140, 'Credit Card', 'System Seed', '2026-05-12T12:43:37.990Z');

INSERT INTO public.order_items (order_id, product_id, name, quantity, unit_price, subtotal)
VALUES ('fc84c23b-3a53-49f2-873c-20515439f568', '1b5c6269-ce45-4413-acb8-21813cd7f9cf', 'Mocha', 1, 140, 140);

INSERT INTO public.orders (id, order_id, status, amount, payment_method, cashier_name, created_at)
VALUES ('968c89c5-0145-4acc-b591-1f5b18c12b92', 'ORD-01318', 'Void (Consumed)', 120, 'Credit Card', 'System Seed', '2026-05-12T11:03:45.990Z');

INSERT INTO public.order_items (order_id, product_id, name, quantity, unit_price, subtotal)
VALUES ('968c89c5-0145-4acc-b591-1f5b18c12b92', '48233f0a-6e57-4a45-b033-627d13f1be78', 'Cappuccino', 1, 120, 120);

INSERT INTO public.orders (id, order_id, status, amount, payment_method, cashier_name, created_at)
VALUES ('ca539787-86ba-4498-8237-48d0654588ab', 'ORD-01319', 'Void (Consumed)', 300, 'Cash', 'System Seed', '2026-05-12T05:48:05.990Z');

INSERT INTO public.order_items (order_id, product_id, name, quantity, unit_price, subtotal)
VALUES ('ca539787-86ba-4498-8237-48d0654588ab', '83a6812d-2665-4ce5-871a-78a4eab3ce80', 'Americano', 3, 100, 300);

INSERT INTO public.orders (id, order_id, status, amount, payment_method, cashier_name, created_at)
VALUES ('8a5b4631-bea5-4064-b363-72b3803b7a2d', 'ORD-01320', 'Completed', 515, 'Cash', 'System Seed', '2026-05-13T08:37:00.990Z');

INSERT INTO public.order_items (order_id, product_id, name, quantity, unit_price, subtotal)
VALUES ('8a5b4631-bea5-4064-b363-72b3803b7a2d', 'dfe22f11-84a3-41d2-a268-149f012eae60', 'Sparkling Lemonade', 2, 110, 220);

INSERT INTO public.order_items (order_id, product_id, name, quantity, unit_price, subtotal)
VALUES ('8a5b4631-bea5-4064-b363-72b3803b7a2d', '36c93748-7c86-4ddb-ba49-1bd1a164bf42', 'Blueberry Muffin', 1, 95, 95);

INSERT INTO public.order_items (order_id, product_id, name, quantity, unit_price, subtotal)
VALUES ('8a5b4631-bea5-4064-b363-72b3803b7a2d', '83a6812d-2665-4ce5-871a-78a4eab3ce80', 'Americano', 2, 100, 200);

INSERT INTO public.orders (id, order_id, status, amount, payment_method, cashier_name, created_at)
VALUES ('98beddaf-a30b-44b9-a5a4-d2182cc5c36a', 'ORD-01321', 'Completed', 660, 'Cash', 'System Seed', '2026-05-13T07:25:49.990Z');

INSERT INTO public.order_items (order_id, product_id, name, quantity, unit_price, subtotal)
VALUES ('98beddaf-a30b-44b9-a5a4-d2182cc5c36a', 'dfe22f11-84a3-41d2-a268-149f012eae60', 'Sparkling Lemonade', 2, 110, 220);

INSERT INTO public.order_items (order_id, product_id, name, quantity, unit_price, subtotal)
VALUES ('98beddaf-a30b-44b9-a5a4-d2182cc5c36a', '48233f0a-6e57-4a45-b033-627d13f1be78', 'Cappuccino', 2, 120, 240);

INSERT INTO public.order_items (order_id, product_id, name, quantity, unit_price, subtotal)
VALUES ('98beddaf-a30b-44b9-a5a4-d2182cc5c36a', '83a6812d-2665-4ce5-871a-78a4eab3ce80', 'Americano', 2, 100, 200);

INSERT INTO public.orders (id, order_id, status, amount, payment_method, cashier_name, created_at)
VALUES ('f4c68d5d-1624-43fe-9bb9-0cef24292a4d', 'ORD-01322', 'Completed', 540, 'Credit Card', 'System Seed', '2026-05-13T00:54:25.990Z');

INSERT INTO public.order_items (order_id, product_id, name, quantity, unit_price, subtotal)
VALUES ('f4c68d5d-1624-43fe-9bb9-0cef24292a4d', '1b5c6269-ce45-4413-acb8-21813cd7f9cf', 'Mocha', 3, 140, 420);

INSERT INTO public.order_items (order_id, product_id, name, quantity, unit_price, subtotal)
VALUES ('f4c68d5d-1624-43fe-9bb9-0cef24292a4d', '48233f0a-6e57-4a45-b033-627d13f1be78', 'Cappuccino', 1, 120, 120);

INSERT INTO public.orders (id, order_id, status, amount, payment_method, cashier_name, created_at)
VALUES ('46a417e7-d94b-4ba9-87f2-195945e7cdba', 'ORD-01323', 'Void (Consumed)', 790, 'Maya', 'System Seed', '2026-05-13T01:20:26.990Z');

INSERT INTO public.order_items (order_id, product_id, name, quantity, unit_price, subtotal)
VALUES ('46a417e7-d94b-4ba9-87f2-195945e7cdba', '48233f0a-6e57-4a45-b033-627d13f1be78', 'Cappuccino', 1, 120, 120);

INSERT INTO public.order_items (order_id, product_id, name, quantity, unit_price, subtotal)
VALUES ('46a417e7-d94b-4ba9-87f2-195945e7cdba', '3a6a55c0-70f3-4417-a252-db77d9e511c0', 'Latte', 1, 120, 120);

INSERT INTO public.order_items (order_id, product_id, name, quantity, unit_price, subtotal)
VALUES ('46a417e7-d94b-4ba9-87f2-195945e7cdba', 'dfe22f11-84a3-41d2-a268-149f012eae60', 'Sparkling Lemonade', 2, 110, 220);

INSERT INTO public.order_items (order_id, product_id, name, quantity, unit_price, subtotal)
VALUES ('46a417e7-d94b-4ba9-87f2-195945e7cdba', 'dfe22f11-84a3-41d2-a268-149f012eae60', 'Sparkling Lemonade', 3, 110, 330);

INSERT INTO public.orders (id, order_id, status, amount, payment_method, cashier_name, created_at)
VALUES ('61b6c064-5366-4755-aa1c-cb0b6c7133ac', 'ORD-01324', 'Void (Not Made)', 200, 'Credit Card', 'System Seed', '2026-05-13T10:05:51.990Z');

INSERT INTO public.order_items (order_id, product_id, name, quantity, unit_price, subtotal)
VALUES ('61b6c064-5366-4755-aa1c-cb0b6c7133ac', '83a6812d-2665-4ce5-871a-78a4eab3ce80', 'Americano', 2, 100, 200);

INSERT INTO public.orders (id, order_id, status, amount, payment_method, cashier_name, created_at)
VALUES ('1f8d0336-fe6b-4a7e-a2a1-73dabb76a7b8', 'ORD-01325', 'Completed', 600, 'Cash', 'System Seed', '2026-05-13T12:08:58.990Z');

INSERT INTO public.order_items (order_id, product_id, name, quantity, unit_price, subtotal)
VALUES ('1f8d0336-fe6b-4a7e-a2a1-73dabb76a7b8', 'dfe22f11-84a3-41d2-a268-149f012eae60', 'Sparkling Lemonade', 2, 110, 220);

INSERT INTO public.order_items (order_id, product_id, name, quantity, unit_price, subtotal)
VALUES ('1f8d0336-fe6b-4a7e-a2a1-73dabb76a7b8', '65f0b94f-ccbe-4b50-a175-66810ae10f44', 'Croissant', 1, 80, 80);

INSERT INTO public.order_items (order_id, product_id, name, quantity, unit_price, subtotal)
VALUES ('1f8d0336-fe6b-4a7e-a2a1-73dabb76a7b8', '83a6812d-2665-4ce5-871a-78a4eab3ce80', 'Americano', 3, 100, 300);

INSERT INTO public.orders (id, order_id, status, amount, payment_method, cashier_name, created_at)
VALUES ('d106f3f8-f80d-4a4f-ac73-0be2b6e5d7bd', 'ORD-01326', 'Void (Consumed)', 310, 'GCash', 'System Seed', '2026-05-13T09:10:55.990Z');

INSERT INTO public.order_items (order_id, product_id, name, quantity, unit_price, subtotal)
VALUES ('d106f3f8-f80d-4a4f-ac73-0be2b6e5d7bd', 'dfe22f11-84a3-41d2-a268-149f012eae60', 'Sparkling Lemonade', 1, 110, 110);

INSERT INTO public.order_items (order_id, product_id, name, quantity, unit_price, subtotal)
VALUES ('d106f3f8-f80d-4a4f-ac73-0be2b6e5d7bd', '83a6812d-2665-4ce5-871a-78a4eab3ce80', 'Americano', 2, 100, 200);

INSERT INTO public.orders (id, order_id, status, amount, payment_method, cashier_name, created_at)
VALUES ('4b2617c5-409c-4ec9-b297-b13d703e20c1', 'ORD-01327', 'Completed', 280, 'Credit Card', 'System Seed', '2026-05-13T03:36:32.990Z');

INSERT INTO public.order_items (order_id, product_id, name, quantity, unit_price, subtotal)
VALUES ('4b2617c5-409c-4ec9-b297-b13d703e20c1', '1b5c6269-ce45-4413-acb8-21813cd7f9cf', 'Mocha', 2, 140, 280);

INSERT INTO public.orders (id, order_id, status, amount, payment_method, cashier_name, created_at)
VALUES ('d9cf5f48-d991-4a00-996c-b0f610a1a1c6', 'ORD-01328', 'Completed', 690, 'Maya', 'System Seed', '2026-05-13T06:15:18.990Z');

INSERT INTO public.order_items (order_id, product_id, name, quantity, unit_price, subtotal)
VALUES ('d9cf5f48-d991-4a00-996c-b0f610a1a1c6', '1b5c6269-ce45-4413-acb8-21813cd7f9cf', 'Mocha', 3, 140, 420);

INSERT INTO public.order_items (order_id, product_id, name, quantity, unit_price, subtotal)
VALUES ('d9cf5f48-d991-4a00-996c-b0f610a1a1c6', 'fe6b02e6-9366-4abd-874c-fcb832e0e282', 'Green Tea', 3, 90, 270);

INSERT INTO public.orders (id, order_id, status, amount, payment_method, cashier_name, created_at)
VALUES ('9ad44f2d-ad7b-4e0e-81ed-6ec5f7179496', 'ORD-01329', 'Completed', 540, 'Cash', 'System Seed', '2026-05-13T03:45:59.990Z');

INSERT INTO public.order_items (order_id, product_id, name, quantity, unit_price, subtotal)
VALUES ('9ad44f2d-ad7b-4e0e-81ed-6ec5f7179496', '48233f0a-6e57-4a45-b033-627d13f1be78', 'Cappuccino', 2, 120, 240);

INSERT INTO public.order_items (order_id, product_id, name, quantity, unit_price, subtotal)
VALUES ('9ad44f2d-ad7b-4e0e-81ed-6ec5f7179496', '83a6812d-2665-4ce5-871a-78a4eab3ce80', 'Americano', 3, 100, 300);

INSERT INTO public.orders (id, order_id, status, amount, payment_method, cashier_name, created_at)
VALUES ('dee168b6-9779-4aa2-98e6-08d74455db98', 'ORD-01330', 'Completed', 660, 'Maya', 'System Seed', '2026-05-13T07:41:16.990Z');

INSERT INTO public.order_items (order_id, product_id, name, quantity, unit_price, subtotal)
VALUES ('dee168b6-9779-4aa2-98e6-08d74455db98', 'fe6b02e6-9366-4abd-874c-fcb832e0e282', 'Green Tea', 3, 90, 270);

INSERT INTO public.order_items (order_id, product_id, name, quantity, unit_price, subtotal)
VALUES ('dee168b6-9779-4aa2-98e6-08d74455db98', '48233f0a-6e57-4a45-b033-627d13f1be78', 'Cappuccino', 1, 120, 120);

INSERT INTO public.order_items (order_id, product_id, name, quantity, unit_price, subtotal)
VALUES ('dee168b6-9779-4aa2-98e6-08d74455db98', 'fe6b02e6-9366-4abd-874c-fcb832e0e282', 'Green Tea', 3, 90, 270);

INSERT INTO public.orders (id, order_id, status, amount, payment_method, cashier_name, created_at)
VALUES ('e96d8f1f-6914-4891-9b57-305019cdbe23', 'ORD-01331', 'Completed', 795, 'Cash', 'System Seed', '2026-05-13T04:14:31.990Z');

INSERT INTO public.order_items (order_id, product_id, name, quantity, unit_price, subtotal)
VALUES ('e96d8f1f-6914-4891-9b57-305019cdbe23', 'dfe22f11-84a3-41d2-a268-149f012eae60', 'Sparkling Lemonade', 2, 110, 220);

INSERT INTO public.order_items (order_id, product_id, name, quantity, unit_price, subtotal)
VALUES ('e96d8f1f-6914-4891-9b57-305019cdbe23', '83a6812d-2665-4ce5-871a-78a4eab3ce80', 'Americano', 1, 100, 100);

INSERT INTO public.order_items (order_id, product_id, name, quantity, unit_price, subtotal)
VALUES ('e96d8f1f-6914-4891-9b57-305019cdbe23', '36c93748-7c86-4ddb-ba49-1bd1a164bf42', 'Blueberry Muffin', 3, 95, 285);

INSERT INTO public.order_items (order_id, product_id, name, quantity, unit_price, subtotal)
VALUES ('e96d8f1f-6914-4891-9b57-305019cdbe23', '36c93748-7c86-4ddb-ba49-1bd1a164bf42', 'Blueberry Muffin', 2, 95, 190);

INSERT INTO public.orders (id, order_id, status, amount, payment_method, cashier_name, created_at)
VALUES ('d3348379-051f-4056-9ffe-bca37e9d31dd', 'ORD-01332', 'Completed', 240, 'Maya', 'System Seed', '2026-05-13T06:22:50.990Z');

INSERT INTO public.order_items (order_id, product_id, name, quantity, unit_price, subtotal)
VALUES ('d3348379-051f-4056-9ffe-bca37e9d31dd', '48233f0a-6e57-4a45-b033-627d13f1be78', 'Cappuccino', 2, 120, 240);

INSERT INTO public.orders (id, order_id, status, amount, payment_method, cashier_name, created_at)
VALUES ('5c2d5940-d08a-4c73-9bfc-79ac4b12406c', 'ORD-01333', 'Void (Consumed)', 375, 'Credit Card', 'System Seed', '2026-05-13T10:04:27.990Z');

INSERT INTO public.order_items (order_id, product_id, name, quantity, unit_price, subtotal)
VALUES ('5c2d5940-d08a-4c73-9bfc-79ac4b12406c', '36c93748-7c86-4ddb-ba49-1bd1a164bf42', 'Blueberry Muffin', 3, 95, 285);

INSERT INTO public.order_items (order_id, product_id, name, quantity, unit_price, subtotal)
VALUES ('5c2d5940-d08a-4c73-9bfc-79ac4b12406c', 'fe6b02e6-9366-4abd-874c-fcb832e0e282', 'Green Tea', 1, 90, 90);

INSERT INTO public.orders (id, order_id, status, amount, payment_method, cashier_name, created_at)
VALUES ('61dc5ad9-2bba-4f1b-962a-f71734e09dc7', 'ORD-01334', 'Completed', 940, 'Cash', 'System Seed', '2026-05-13T09:22:02.990Z');

INSERT INTO public.order_items (order_id, product_id, name, quantity, unit_price, subtotal)
VALUES ('61dc5ad9-2bba-4f1b-962a-f71734e09dc7', '83a6812d-2665-4ce5-871a-78a4eab3ce80', 'Americano', 3, 100, 300);

INSERT INTO public.order_items (order_id, product_id, name, quantity, unit_price, subtotal)
VALUES ('61dc5ad9-2bba-4f1b-962a-f71734e09dc7', '3a6a55c0-70f3-4417-a252-db77d9e511c0', 'Latte', 3, 120, 360);

INSERT INTO public.order_items (order_id, product_id, name, quantity, unit_price, subtotal)
VALUES ('61dc5ad9-2bba-4f1b-962a-f71734e09dc7', '1b5c6269-ce45-4413-acb8-21813cd7f9cf', 'Mocha', 2, 140, 280);

INSERT INTO public.orders (id, order_id, status, amount, payment_method, cashier_name, created_at)
VALUES ('6dd3d77c-53be-4411-9c05-c179c0da7a97', 'ORD-01335', 'Completed', 520, 'Credit Card', 'System Seed', '2026-05-13T03:36:48.990Z');

INSERT INTO public.order_items (order_id, product_id, name, quantity, unit_price, subtotal)
VALUES ('6dd3d77c-53be-4411-9c05-c179c0da7a97', '3a6a55c0-70f3-4417-a252-db77d9e511c0', 'Latte', 2, 120, 240);

INSERT INTO public.order_items (order_id, product_id, name, quantity, unit_price, subtotal)
VALUES ('6dd3d77c-53be-4411-9c05-c179c0da7a97', '1b5c6269-ce45-4413-acb8-21813cd7f9cf', 'Mocha', 2, 140, 280);

INSERT INTO public.orders (id, order_id, status, amount, payment_method, cashier_name, created_at)
VALUES ('d4f05f39-232c-4428-ab46-5cf225df1c63', 'ORD-01336', 'Completed', 240, 'Cash', 'System Seed', '2026-05-13T02:24:27.990Z');

INSERT INTO public.order_items (order_id, product_id, name, quantity, unit_price, subtotal)
VALUES ('d4f05f39-232c-4428-ab46-5cf225df1c63', '65f0b94f-ccbe-4b50-a175-66810ae10f44', 'Croissant', 3, 80, 240);

INSERT INTO public.orders (id, order_id, status, amount, payment_method, cashier_name, created_at)
VALUES ('3939ebaa-d55f-44e6-a67d-96b975bd61ab', 'ORD-01337', 'Void (Not Made)', 420, 'Cash', 'System Seed', '2026-05-13T02:28:54.990Z');

INSERT INTO public.order_items (order_id, product_id, name, quantity, unit_price, subtotal)
VALUES ('3939ebaa-d55f-44e6-a67d-96b975bd61ab', '3a6a55c0-70f3-4417-a252-db77d9e511c0', 'Latte', 2, 120, 240);

INSERT INTO public.order_items (order_id, product_id, name, quantity, unit_price, subtotal)
VALUES ('3939ebaa-d55f-44e6-a67d-96b975bd61ab', 'fe6b02e6-9366-4abd-874c-fcb832e0e282', 'Green Tea', 2, 90, 180);

INSERT INTO public.orders (id, order_id, status, amount, payment_method, cashier_name, created_at)
VALUES ('b78ba293-b669-4d97-8754-f4a715474327', 'ORD-01338', 'Completed', 590, 'Credit Card', 'System Seed', '2026-05-14T05:03:42.990Z');

INSERT INTO public.order_items (order_id, product_id, name, quantity, unit_price, subtotal)
VALUES ('b78ba293-b669-4d97-8754-f4a715474327', 'fe6b02e6-9366-4abd-874c-fcb832e0e282', 'Green Tea', 2, 90, 180);

INSERT INTO public.order_items (order_id, product_id, name, quantity, unit_price, subtotal)
VALUES ('b78ba293-b669-4d97-8754-f4a715474327', 'dfe22f11-84a3-41d2-a268-149f012eae60', 'Sparkling Lemonade', 1, 110, 110);

INSERT INTO public.order_items (order_id, product_id, name, quantity, unit_price, subtotal)
VALUES ('b78ba293-b669-4d97-8754-f4a715474327', '83a6812d-2665-4ce5-871a-78a4eab3ce80', 'Americano', 3, 100, 300);

INSERT INTO public.orders (id, order_id, status, amount, payment_method, cashier_name, created_at)
VALUES ('b835a0f0-cf7b-4059-b485-4c4ed0ae54b5', 'ORD-01339', 'Completed', 1140, 'GCash', 'System Seed', '2026-05-14T12:47:45.990Z');

INSERT INTO public.order_items (order_id, product_id, name, quantity, unit_price, subtotal)
VALUES ('b835a0f0-cf7b-4059-b485-4c4ed0ae54b5', '48233f0a-6e57-4a45-b033-627d13f1be78', 'Cappuccino', 2, 120, 240);

INSERT INTO public.order_items (order_id, product_id, name, quantity, unit_price, subtotal)
VALUES ('b835a0f0-cf7b-4059-b485-4c4ed0ae54b5', 'fe6b02e6-9366-4abd-874c-fcb832e0e282', 'Green Tea', 3, 90, 270);

INSERT INTO public.order_items (order_id, product_id, name, quantity, unit_price, subtotal)
VALUES ('b835a0f0-cf7b-4059-b485-4c4ed0ae54b5', 'fe6b02e6-9366-4abd-874c-fcb832e0e282', 'Green Tea', 3, 90, 270);

INSERT INTO public.order_items (order_id, product_id, name, quantity, unit_price, subtotal)
VALUES ('b835a0f0-cf7b-4059-b485-4c4ed0ae54b5', '48233f0a-6e57-4a45-b033-627d13f1be78', 'Cappuccino', 3, 120, 360);

INSERT INTO public.orders (id, order_id, status, amount, payment_method, cashier_name, created_at)
VALUES ('81cb3b92-9ea2-449b-bc96-9aa3f29cbbd9', 'ORD-01340', 'Completed', 140, 'Maya', 'System Seed', '2026-05-14T04:42:06.990Z');

INSERT INTO public.order_items (order_id, product_id, name, quantity, unit_price, subtotal)
VALUES ('81cb3b92-9ea2-449b-bc96-9aa3f29cbbd9', '1b5c6269-ce45-4413-acb8-21813cd7f9cf', 'Mocha', 1, 140, 140);

INSERT INTO public.orders (id, order_id, status, amount, payment_method, cashier_name, created_at)
VALUES ('e35deb1f-afa4-44a7-85d6-828e3561d48e', 'ORD-01341', 'Completed', 120, 'Maya', 'System Seed', '2026-05-14T09:56:09.990Z');

INSERT INTO public.order_items (order_id, product_id, name, quantity, unit_price, subtotal)
VALUES ('e35deb1f-afa4-44a7-85d6-828e3561d48e', '3a6a55c0-70f3-4417-a252-db77d9e511c0', 'Latte', 1, 120, 120);

INSERT INTO public.orders (id, order_id, status, amount, payment_method, cashier_name, created_at)
VALUES ('19897e0b-34dc-4de5-9aa9-4e5ca7173cbd', 'ORD-01342', 'Void (Not Made)', 510, 'Maya', 'System Seed', '2026-05-14T06:40:17.990Z');

INSERT INTO public.order_items (order_id, product_id, name, quantity, unit_price, subtotal)
VALUES ('19897e0b-34dc-4de5-9aa9-4e5ca7173cbd', 'fe6b02e6-9366-4abd-874c-fcb832e0e282', 'Green Tea', 1, 90, 90);

INSERT INTO public.order_items (order_id, product_id, name, quantity, unit_price, subtotal)
VALUES ('19897e0b-34dc-4de5-9aa9-4e5ca7173cbd', '1b5c6269-ce45-4413-acb8-21813cd7f9cf', 'Mocha', 3, 140, 420);

INSERT INTO public.orders (id, order_id, status, amount, payment_method, cashier_name, created_at)
VALUES ('e94e9ff6-ee4b-45a9-94d1-7eef12d7bc41', 'ORD-01343', 'Void (Consumed)', 860, 'Maya', 'System Seed', '2026-05-14T00:23:08.990Z');

INSERT INTO public.order_items (order_id, product_id, name, quantity, unit_price, subtotal)
VALUES ('e94e9ff6-ee4b-45a9-94d1-7eef12d7bc41', '3a6a55c0-70f3-4417-a252-db77d9e511c0', 'Latte', 2, 120, 240);

INSERT INTO public.order_items (order_id, product_id, name, quantity, unit_price, subtotal)
VALUES ('e94e9ff6-ee4b-45a9-94d1-7eef12d7bc41', '48233f0a-6e57-4a45-b033-627d13f1be78', 'Cappuccino', 2, 120, 240);

INSERT INTO public.order_items (order_id, product_id, name, quantity, unit_price, subtotal)
VALUES ('e94e9ff6-ee4b-45a9-94d1-7eef12d7bc41', '83a6812d-2665-4ce5-871a-78a4eab3ce80', 'Americano', 1, 100, 100);

INSERT INTO public.order_items (order_id, product_id, name, quantity, unit_price, subtotal)
VALUES ('e94e9ff6-ee4b-45a9-94d1-7eef12d7bc41', '1b5c6269-ce45-4413-acb8-21813cd7f9cf', 'Mocha', 2, 140, 280);

INSERT INTO public.orders (id, order_id, status, amount, payment_method, cashier_name, created_at)
VALUES ('8223a25c-2352-440b-b200-3643e9e25d70', 'ORD-01344', 'Void (Consumed)', 710, 'Cash', 'System Seed', '2026-05-14T01:26:20.990Z');

INSERT INTO public.order_items (order_id, product_id, name, quantity, unit_price, subtotal)
VALUES ('8223a25c-2352-440b-b200-3643e9e25d70', '65f0b94f-ccbe-4b50-a175-66810ae10f44', 'Croissant', 2, 80, 160);

INSERT INTO public.order_items (order_id, product_id, name, quantity, unit_price, subtotal)
VALUES ('8223a25c-2352-440b-b200-3643e9e25d70', '36c93748-7c86-4ddb-ba49-1bd1a164bf42', 'Blueberry Muffin', 2, 95, 190);

INSERT INTO public.order_items (order_id, product_id, name, quantity, unit_price, subtotal)
VALUES ('8223a25c-2352-440b-b200-3643e9e25d70', '48233f0a-6e57-4a45-b033-627d13f1be78', 'Cappuccino', 3, 120, 360);

INSERT INTO public.orders (id, order_id, status, amount, payment_method, cashier_name, created_at)
VALUES ('2b9bf22b-f258-4113-b76f-e6d28ee26cf5', 'ORD-01345', 'Void (Not Made)', 360, 'Cash', 'System Seed', '2026-05-14T10:41:59.990Z');

INSERT INTO public.order_items (order_id, product_id, name, quantity, unit_price, subtotal)
VALUES ('2b9bf22b-f258-4113-b76f-e6d28ee26cf5', '48233f0a-6e57-4a45-b033-627d13f1be78', 'Cappuccino', 3, 120, 360);

INSERT INTO public.orders (id, order_id, status, amount, payment_method, cashier_name, created_at)
VALUES ('e569c592-eca3-4e6e-b80c-e1738efd5aaa', 'ORD-01346', 'Completed', 640, 'Maya', 'System Seed', '2026-05-14T04:18:37.990Z');

INSERT INTO public.order_items (order_id, product_id, name, quantity, unit_price, subtotal)
VALUES ('e569c592-eca3-4e6e-b80c-e1738efd5aaa', 'fe6b02e6-9366-4abd-874c-fcb832e0e282', 'Green Tea', 1, 90, 90);

INSERT INTO public.order_items (order_id, product_id, name, quantity, unit_price, subtotal)
VALUES ('e569c592-eca3-4e6e-b80c-e1738efd5aaa', '3a6a55c0-70f3-4417-a252-db77d9e511c0', 'Latte', 2, 120, 240);

INSERT INTO public.order_items (order_id, product_id, name, quantity, unit_price, subtotal)
VALUES ('e569c592-eca3-4e6e-b80c-e1738efd5aaa', '36c93748-7c86-4ddb-ba49-1bd1a164bf42', 'Blueberry Muffin', 2, 95, 190);

INSERT INTO public.order_items (order_id, product_id, name, quantity, unit_price, subtotal)
VALUES ('e569c592-eca3-4e6e-b80c-e1738efd5aaa', '3a6a55c0-70f3-4417-a252-db77d9e511c0', 'Latte', 1, 120, 120);

INSERT INTO public.orders (id, order_id, status, amount, payment_method, cashier_name, created_at)
VALUES ('9eb99b4c-920f-445a-aaa9-d0d638ac6a36', 'ORD-01347', 'Completed', 280, 'Credit Card', 'System Seed', '2026-05-14T11:50:57.990Z');

INSERT INTO public.order_items (order_id, product_id, name, quantity, unit_price, subtotal)
VALUES ('9eb99b4c-920f-445a-aaa9-d0d638ac6a36', '1b5c6269-ce45-4413-acb8-21813cd7f9cf', 'Mocha', 2, 140, 280);

INSERT INTO public.orders (id, order_id, status, amount, payment_method, cashier_name, created_at)
VALUES ('b720dba5-2732-46b7-b52d-b5ffc6f7c51a', 'ORD-01348', 'Completed', 1250, 'GCash', 'System Seed', '2026-05-14T08:22:18.990Z');

INSERT INTO public.order_items (order_id, product_id, name, quantity, unit_price, subtotal)
VALUES ('b720dba5-2732-46b7-b52d-b5ffc6f7c51a', '83a6812d-2665-4ce5-871a-78a4eab3ce80', 'Americano', 2, 100, 200);

INSERT INTO public.order_items (order_id, product_id, name, quantity, unit_price, subtotal)
VALUES ('b720dba5-2732-46b7-b52d-b5ffc6f7c51a', 'dfe22f11-84a3-41d2-a268-149f012eae60', 'Sparkling Lemonade', 3, 110, 330);

INSERT INTO public.order_items (order_id, product_id, name, quantity, unit_price, subtotal)
VALUES ('b720dba5-2732-46b7-b52d-b5ffc6f7c51a', '3a6a55c0-70f3-4417-a252-db77d9e511c0', 'Latte', 3, 120, 360);

INSERT INTO public.order_items (order_id, product_id, name, quantity, unit_price, subtotal)
VALUES ('b720dba5-2732-46b7-b52d-b5ffc6f7c51a', '3a6a55c0-70f3-4417-a252-db77d9e511c0', 'Latte', 3, 120, 360);

INSERT INTO public.orders (id, order_id, status, amount, payment_method, cashier_name, created_at)
VALUES ('8291f599-7c8b-4167-a131-ad37be045474', 'ORD-01349', 'Void (Not Made)', 570, 'GCash', 'System Seed', '2026-05-14T12:33:52.990Z');

INSERT INTO public.order_items (order_id, product_id, name, quantity, unit_price, subtotal)
VALUES ('8291f599-7c8b-4167-a131-ad37be045474', '36c93748-7c86-4ddb-ba49-1bd1a164bf42', 'Blueberry Muffin', 2, 95, 190);

INSERT INTO public.order_items (order_id, product_id, name, quantity, unit_price, subtotal)
VALUES ('8291f599-7c8b-4167-a131-ad37be045474', '36c93748-7c86-4ddb-ba49-1bd1a164bf42', 'Blueberry Muffin', 1, 95, 95);

INSERT INTO public.order_items (order_id, product_id, name, quantity, unit_price, subtotal)
VALUES ('8291f599-7c8b-4167-a131-ad37be045474', '36c93748-7c86-4ddb-ba49-1bd1a164bf42', 'Blueberry Muffin', 3, 95, 285);

INSERT INTO public.orders (id, order_id, status, amount, payment_method, cashier_name, created_at)
VALUES ('886aed2e-62eb-4036-a239-b92dcd55b113', 'ORD-01350', 'Completed', 285, 'Cash', 'System Seed', '2026-05-13T23:59:51.990Z');

INSERT INTO public.order_items (order_id, product_id, name, quantity, unit_price, subtotal)
VALUES ('886aed2e-62eb-4036-a239-b92dcd55b113', '36c93748-7c86-4ddb-ba49-1bd1a164bf42', 'Blueberry Muffin', 2, 95, 190);

INSERT INTO public.order_items (order_id, product_id, name, quantity, unit_price, subtotal)
VALUES ('886aed2e-62eb-4036-a239-b92dcd55b113', '36c93748-7c86-4ddb-ba49-1bd1a164bf42', 'Blueberry Muffin', 1, 95, 95);

INSERT INTO public.orders (id, order_id, status, amount, payment_method, cashier_name, created_at)
VALUES ('7de1b31b-8111-4731-997c-30e76ea34f90', 'ORD-01351', 'Completed', 200, 'GCash', 'System Seed', '2026-05-14T03:51:54.990Z');

INSERT INTO public.order_items (order_id, product_id, name, quantity, unit_price, subtotal)
VALUES ('7de1b31b-8111-4731-997c-30e76ea34f90', '83a6812d-2665-4ce5-871a-78a4eab3ce80', 'Americano', 2, 100, 200);

INSERT INTO public.orders (id, order_id, status, amount, payment_method, cashier_name, created_at)
VALUES ('0e5d437a-7dc6-4605-8a31-51ea4fe26ebf', 'ORD-01352', 'Completed', 220, 'Cash', 'System Seed', '2026-05-13T23:31:45.990Z');

INSERT INTO public.order_items (order_id, product_id, name, quantity, unit_price, subtotal)
VALUES ('0e5d437a-7dc6-4605-8a31-51ea4fe26ebf', '83a6812d-2665-4ce5-871a-78a4eab3ce80', 'Americano', 1, 100, 100);

INSERT INTO public.order_items (order_id, product_id, name, quantity, unit_price, subtotal)
VALUES ('0e5d437a-7dc6-4605-8a31-51ea4fe26ebf', '3a6a55c0-70f3-4417-a252-db77d9e511c0', 'Latte', 1, 120, 120);

INSERT INTO public.orders (id, order_id, status, amount, payment_method, cashier_name, created_at)
VALUES ('8c840047-e43c-4e6a-9d33-bb26a8f5160f', 'ORD-01353', 'Completed', 460, 'Credit Card', 'System Seed', '2026-05-13T23:54:50.990Z');

INSERT INTO public.order_items (order_id, product_id, name, quantity, unit_price, subtotal)
VALUES ('8c840047-e43c-4e6a-9d33-bb26a8f5160f', 'fe6b02e6-9366-4abd-874c-fcb832e0e282', 'Green Tea', 2, 90, 180);

INSERT INTO public.order_items (order_id, product_id, name, quantity, unit_price, subtotal)
VALUES ('8c840047-e43c-4e6a-9d33-bb26a8f5160f', '65f0b94f-ccbe-4b50-a175-66810ae10f44', 'Croissant', 2, 80, 160);

INSERT INTO public.order_items (order_id, product_id, name, quantity, unit_price, subtotal)
VALUES ('8c840047-e43c-4e6a-9d33-bb26a8f5160f', '48233f0a-6e57-4a45-b033-627d13f1be78', 'Cappuccino', 1, 120, 120);

INSERT INTO public.orders (id, order_id, status, amount, payment_method, cashier_name, created_at)
VALUES ('cb6b26db-0a78-4b35-9518-8cd042d7dd8e', 'ORD-01354', 'Completed', 315, 'Credit Card', 'System Seed', '2026-05-13T23:04:50.990Z');

INSERT INTO public.order_items (order_id, product_id, name, quantity, unit_price, subtotal)
VALUES ('cb6b26db-0a78-4b35-9518-8cd042d7dd8e', '48233f0a-6e57-4a45-b033-627d13f1be78', 'Cappuccino', 1, 120, 120);

INSERT INTO public.order_items (order_id, product_id, name, quantity, unit_price, subtotal)
VALUES ('cb6b26db-0a78-4b35-9518-8cd042d7dd8e', '36c93748-7c86-4ddb-ba49-1bd1a164bf42', 'Blueberry Muffin', 1, 95, 95);

INSERT INTO public.order_items (order_id, product_id, name, quantity, unit_price, subtotal)
VALUES ('cb6b26db-0a78-4b35-9518-8cd042d7dd8e', '83a6812d-2665-4ce5-871a-78a4eab3ce80', 'Americano', 1, 100, 100);

INSERT INTO public.orders (id, order_id, status, amount, payment_method, cashier_name, created_at)
VALUES ('a0bf8603-66fd-425c-89fb-9f93a9db44b3', 'ORD-01355', 'Void (Not Made)', 450, 'Maya', 'System Seed', '2026-05-14T12:53:43.990Z');

INSERT INTO public.order_items (order_id, product_id, name, quantity, unit_price, subtotal)
VALUES ('a0bf8603-66fd-425c-89fb-9f93a9db44b3', '3a6a55c0-70f3-4417-a252-db77d9e511c0', 'Latte', 1, 120, 120);

INSERT INTO public.order_items (order_id, product_id, name, quantity, unit_price, subtotal)
VALUES ('a0bf8603-66fd-425c-89fb-9f93a9db44b3', 'dfe22f11-84a3-41d2-a268-149f012eae60', 'Sparkling Lemonade', 3, 110, 330);

INSERT INTO public.orders (id, order_id, status, amount, payment_method, cashier_name, created_at)
VALUES ('212be332-861f-4bfa-833c-f578377e5e2e', 'ORD-01356', 'Void (Not Made)', 520, 'GCash', 'System Seed', '2026-05-14T09:06:47.990Z');

INSERT INTO public.order_items (order_id, product_id, name, quantity, unit_price, subtotal)
VALUES ('212be332-861f-4bfa-833c-f578377e5e2e', '83a6812d-2665-4ce5-871a-78a4eab3ce80', 'Americano', 1, 100, 100);

INSERT INTO public.order_items (order_id, product_id, name, quantity, unit_price, subtotal)
VALUES ('212be332-861f-4bfa-833c-f578377e5e2e', '48233f0a-6e57-4a45-b033-627d13f1be78', 'Cappuccino', 1, 120, 120);

INSERT INTO public.order_items (order_id, product_id, name, quantity, unit_price, subtotal)
VALUES ('212be332-861f-4bfa-833c-f578377e5e2e', '83a6812d-2665-4ce5-871a-78a4eab3ce80', 'Americano', 3, 100, 300);

INSERT INTO public.orders (id, order_id, status, amount, payment_method, cashier_name, created_at)
VALUES ('b026bc31-535b-42eb-b6a7-1f15d7b2100a', 'ORD-01357', 'Void (Not Made)', 660, 'Credit Card', 'System Seed', '2026-05-14T08:43:43.990Z');

INSERT INTO public.order_items (order_id, product_id, name, quantity, unit_price, subtotal)
VALUES ('b026bc31-535b-42eb-b6a7-1f15d7b2100a', 'dfe22f11-84a3-41d2-a268-149f012eae60', 'Sparkling Lemonade', 2, 110, 220);

INSERT INTO public.order_items (order_id, product_id, name, quantity, unit_price, subtotal)
VALUES ('b026bc31-535b-42eb-b6a7-1f15d7b2100a', 'dfe22f11-84a3-41d2-a268-149f012eae60', 'Sparkling Lemonade', 2, 110, 220);

INSERT INTO public.order_items (order_id, product_id, name, quantity, unit_price, subtotal)
VALUES ('b026bc31-535b-42eb-b6a7-1f15d7b2100a', 'dfe22f11-84a3-41d2-a268-149f012eae60', 'Sparkling Lemonade', 2, 110, 220);

INSERT INTO public.orders (id, order_id, status, amount, payment_method, cashier_name, created_at)
VALUES ('ef82a1a0-674a-49a6-9cb0-509ccc6d9f71', 'ORD-01358', 'Completed', 760, 'Maya', 'System Seed', '2026-05-14T08:05:32.990Z');

INSERT INTO public.order_items (order_id, product_id, name, quantity, unit_price, subtotal)
VALUES ('ef82a1a0-674a-49a6-9cb0-509ccc6d9f71', '65f0b94f-ccbe-4b50-a175-66810ae10f44', 'Croissant', 3, 80, 240);

INSERT INTO public.order_items (order_id, product_id, name, quantity, unit_price, subtotal)
VALUES ('ef82a1a0-674a-49a6-9cb0-509ccc6d9f71', 'dfe22f11-84a3-41d2-a268-149f012eae60', 'Sparkling Lemonade', 2, 110, 220);

INSERT INTO public.order_items (order_id, product_id, name, quantity, unit_price, subtotal)
VALUES ('ef82a1a0-674a-49a6-9cb0-509ccc6d9f71', 'dfe22f11-84a3-41d2-a268-149f012eae60', 'Sparkling Lemonade', 2, 110, 220);

INSERT INTO public.order_items (order_id, product_id, name, quantity, unit_price, subtotal)
VALUES ('ef82a1a0-674a-49a6-9cb0-509ccc6d9f71', '65f0b94f-ccbe-4b50-a175-66810ae10f44', 'Croissant', 1, 80, 80);

INSERT INTO public.orders (id, order_id, status, amount, payment_method, cashier_name, created_at)
VALUES ('e8eb06a2-3669-4af0-af8f-a58ed3bd787b', 'ORD-01359', 'Void (Consumed)', 80, 'Credit Card', 'System Seed', '2026-05-14T10:24:58.990Z');

INSERT INTO public.order_items (order_id, product_id, name, quantity, unit_price, subtotal)
VALUES ('e8eb06a2-3669-4af0-af8f-a58ed3bd787b', '65f0b94f-ccbe-4b50-a175-66810ae10f44', 'Croissant', 1, 80, 80);

INSERT INTO public.orders (id, order_id, status, amount, payment_method, cashier_name, created_at)
VALUES ('5047e735-a298-4030-82c4-d5f7439032db', 'ORD-01360', 'Completed', 340, 'GCash', 'System Seed', '2026-05-14T00:21:20.990Z');

INSERT INTO public.order_items (order_id, product_id, name, quantity, unit_price, subtotal)
VALUES ('5047e735-a298-4030-82c4-d5f7439032db', '48233f0a-6e57-4a45-b033-627d13f1be78', 'Cappuccino', 1, 120, 120);

INSERT INTO public.order_items (order_id, product_id, name, quantity, unit_price, subtotal)
VALUES ('5047e735-a298-4030-82c4-d5f7439032db', '65f0b94f-ccbe-4b50-a175-66810ae10f44', 'Croissant', 1, 80, 80);

INSERT INTO public.order_items (order_id, product_id, name, quantity, unit_price, subtotal)
VALUES ('5047e735-a298-4030-82c4-d5f7439032db', '1b5c6269-ce45-4413-acb8-21813cd7f9cf', 'Mocha', 1, 140, 140);

INSERT INTO public.orders (id, order_id, status, amount, payment_method, cashier_name, created_at)
VALUES ('91b2475f-b814-4826-86f2-ab80a51d1791', 'ORD-01361', 'Completed', 1000, 'Cash', 'System Seed', '2026-05-13T23:42:13.990Z');

INSERT INTO public.order_items (order_id, product_id, name, quantity, unit_price, subtotal)
VALUES ('91b2475f-b814-4826-86f2-ab80a51d1791', 'fe6b02e6-9366-4abd-874c-fcb832e0e282', 'Green Tea', 2, 90, 180);

INSERT INTO public.order_items (order_id, product_id, name, quantity, unit_price, subtotal)
VALUES ('91b2475f-b814-4826-86f2-ab80a51d1791', '48233f0a-6e57-4a45-b033-627d13f1be78', 'Cappuccino', 3, 120, 360);

INSERT INTO public.order_items (order_id, product_id, name, quantity, unit_price, subtotal)
VALUES ('91b2475f-b814-4826-86f2-ab80a51d1791', '83a6812d-2665-4ce5-871a-78a4eab3ce80', 'Americano', 3, 100, 300);

INSERT INTO public.order_items (order_id, product_id, name, quantity, unit_price, subtotal)
VALUES ('91b2475f-b814-4826-86f2-ab80a51d1791', '65f0b94f-ccbe-4b50-a175-66810ae10f44', 'Croissant', 2, 80, 160);

INSERT INTO public.orders (id, order_id, status, amount, payment_method, cashier_name, created_at)
VALUES ('1c37c6b7-51ae-4101-92ea-768cbdc9c3a2', 'ORD-01362', 'Completed', 560, 'Cash', 'System Seed', '2026-05-14T02:03:05.990Z');

INSERT INTO public.order_items (order_id, product_id, name, quantity, unit_price, subtotal)
VALUES ('1c37c6b7-51ae-4101-92ea-768cbdc9c3a2', '65f0b94f-ccbe-4b50-a175-66810ae10f44', 'Croissant', 1, 80, 80);

INSERT INTO public.order_items (order_id, product_id, name, quantity, unit_price, subtotal)
VALUES ('1c37c6b7-51ae-4101-92ea-768cbdc9c3a2', '48233f0a-6e57-4a45-b033-627d13f1be78', 'Cappuccino', 1, 120, 120);

INSERT INTO public.order_items (order_id, product_id, name, quantity, unit_price, subtotal)
VALUES ('1c37c6b7-51ae-4101-92ea-768cbdc9c3a2', '65f0b94f-ccbe-4b50-a175-66810ae10f44', 'Croissant', 3, 80, 240);

INSERT INTO public.order_items (order_id, product_id, name, quantity, unit_price, subtotal)
VALUES ('1c37c6b7-51ae-4101-92ea-768cbdc9c3a2', '48233f0a-6e57-4a45-b033-627d13f1be78', 'Cappuccino', 1, 120, 120);

INSERT INTO public.orders (id, order_id, status, amount, payment_method, cashier_name, created_at)
VALUES ('eb40be6d-db11-49f6-8e5e-0cd1916b85a5', 'ORD-01363', 'Completed', 915, 'Cash', 'System Seed', '2026-05-14T11:25:24.990Z');

INSERT INTO public.order_items (order_id, product_id, name, quantity, unit_price, subtotal)
VALUES ('eb40be6d-db11-49f6-8e5e-0cd1916b85a5', '83a6812d-2665-4ce5-871a-78a4eab3ce80', 'Americano', 3, 100, 300);

INSERT INTO public.order_items (order_id, product_id, name, quantity, unit_price, subtotal)
VALUES ('eb40be6d-db11-49f6-8e5e-0cd1916b85a5', '36c93748-7c86-4ddb-ba49-1bd1a164bf42', 'Blueberry Muffin', 1, 95, 95);

INSERT INTO public.order_items (order_id, product_id, name, quantity, unit_price, subtotal)
VALUES ('eb40be6d-db11-49f6-8e5e-0cd1916b85a5', '65f0b94f-ccbe-4b50-a175-66810ae10f44', 'Croissant', 3, 80, 240);

INSERT INTO public.order_items (order_id, product_id, name, quantity, unit_price, subtotal)
VALUES ('eb40be6d-db11-49f6-8e5e-0cd1916b85a5', '1b5c6269-ce45-4413-acb8-21813cd7f9cf', 'Mocha', 2, 140, 280);

INSERT INTO public.orders (id, order_id, status, amount, payment_method, cashier_name, created_at)
VALUES ('34a9aa40-4d44-4400-9c43-c77c44e038ea', 'ORD-01364', 'Completed', 380, 'Maya', 'System Seed', '2026-05-14T10:23:37.990Z');

INSERT INTO public.order_items (order_id, product_id, name, quantity, unit_price, subtotal)
VALUES ('34a9aa40-4d44-4400-9c43-c77c44e038ea', '36c93748-7c86-4ddb-ba49-1bd1a164bf42', 'Blueberry Muffin', 2, 95, 190);

INSERT INTO public.order_items (order_id, product_id, name, quantity, unit_price, subtotal)
VALUES ('34a9aa40-4d44-4400-9c43-c77c44e038ea', '36c93748-7c86-4ddb-ba49-1bd1a164bf42', 'Blueberry Muffin', 2, 95, 190);

INSERT INTO public.orders (id, order_id, status, amount, payment_method, cashier_name, created_at)
VALUES ('51611f66-5e7f-4f50-8eea-7722561af6fa', 'ORD-01365', 'Void (Not Made)', 695, 'Maya', 'System Seed', '2026-05-14T01:18:22.990Z');

INSERT INTO public.order_items (order_id, product_id, name, quantity, unit_price, subtotal)
VALUES ('51611f66-5e7f-4f50-8eea-7722561af6fa', 'fe6b02e6-9366-4abd-874c-fcb832e0e282', 'Green Tea', 2, 90, 180);

INSERT INTO public.order_items (order_id, product_id, name, quantity, unit_price, subtotal)
VALUES ('51611f66-5e7f-4f50-8eea-7722561af6fa', '1b5c6269-ce45-4413-acb8-21813cd7f9cf', 'Mocha', 3, 140, 420);

INSERT INTO public.order_items (order_id, product_id, name, quantity, unit_price, subtotal)
VALUES ('51611f66-5e7f-4f50-8eea-7722561af6fa', '36c93748-7c86-4ddb-ba49-1bd1a164bf42', 'Blueberry Muffin', 1, 95, 95);

INSERT INTO public.orders (id, order_id, status, amount, payment_method, cashier_name, created_at)
VALUES ('bd20f851-e6f1-4477-b40e-5f28aa735743', 'ORD-01366', 'Void (Not Made)', 320, 'Credit Card', 'System Seed', '2026-05-14T09:34:39.990Z');

INSERT INTO public.order_items (order_id, product_id, name, quantity, unit_price, subtotal)
VALUES ('bd20f851-e6f1-4477-b40e-5f28aa735743', '83a6812d-2665-4ce5-871a-78a4eab3ce80', 'Americano', 1, 100, 100);

INSERT INTO public.order_items (order_id, product_id, name, quantity, unit_price, subtotal)
VALUES ('bd20f851-e6f1-4477-b40e-5f28aa735743', 'dfe22f11-84a3-41d2-a268-149f012eae60', 'Sparkling Lemonade', 2, 110, 220);

INSERT INTO public.orders (id, order_id, status, amount, payment_method, cashier_name, created_at)
VALUES ('efae7787-165a-445b-b01f-ce9c040e5e4d', 'ORD-01367', 'Void (Not Made)', 1090, 'GCash', 'System Seed', '2026-05-14T09:15:20.990Z');

INSERT INTO public.order_items (order_id, product_id, name, quantity, unit_price, subtotal)
VALUES ('efae7787-165a-445b-b01f-ce9c040e5e4d', 'dfe22f11-84a3-41d2-a268-149f012eae60', 'Sparkling Lemonade', 3, 110, 330);

INSERT INTO public.order_items (order_id, product_id, name, quantity, unit_price, subtotal)
VALUES ('efae7787-165a-445b-b01f-ce9c040e5e4d', '65f0b94f-ccbe-4b50-a175-66810ae10f44', 'Croissant', 2, 80, 160);

INSERT INTO public.order_items (order_id, product_id, name, quantity, unit_price, subtotal)
VALUES ('efae7787-165a-445b-b01f-ce9c040e5e4d', '3a6a55c0-70f3-4417-a252-db77d9e511c0', 'Latte', 3, 120, 360);

INSERT INTO public.order_items (order_id, product_id, name, quantity, unit_price, subtotal)
VALUES ('efae7787-165a-445b-b01f-ce9c040e5e4d', '48233f0a-6e57-4a45-b033-627d13f1be78', 'Cappuccino', 2, 120, 240);

INSERT INTO public.orders (id, order_id, status, amount, payment_method, cashier_name, created_at)
VALUES ('74d1a79e-2527-4a6f-96e5-d2c63f448884', 'ORD-01368', 'Completed', 960, 'Maya', 'System Seed', '2026-05-15T01:04:20.990Z');

INSERT INTO public.order_items (order_id, product_id, name, quantity, unit_price, subtotal)
VALUES ('74d1a79e-2527-4a6f-96e5-d2c63f448884', 'fe6b02e6-9366-4abd-874c-fcb832e0e282', 'Green Tea', 3, 90, 270);

INSERT INTO public.order_items (order_id, product_id, name, quantity, unit_price, subtotal)
VALUES ('74d1a79e-2527-4a6f-96e5-d2c63f448884', '48233f0a-6e57-4a45-b033-627d13f1be78', 'Cappuccino', 3, 120, 360);

INSERT INTO public.order_items (order_id, product_id, name, quantity, unit_price, subtotal)
VALUES ('74d1a79e-2527-4a6f-96e5-d2c63f448884', 'dfe22f11-84a3-41d2-a268-149f012eae60', 'Sparkling Lemonade', 3, 110, 330);

INSERT INTO public.orders (id, order_id, status, amount, payment_method, cashier_name, created_at)
VALUES ('d3dd3bca-50c8-4af0-a8de-d708141612f9', 'ORD-01369', 'Completed', 80, 'Credit Card', 'System Seed', '2026-05-14T23:43:02.990Z');

INSERT INTO public.order_items (order_id, product_id, name, quantity, unit_price, subtotal)
VALUES ('d3dd3bca-50c8-4af0-a8de-d708141612f9', '65f0b94f-ccbe-4b50-a175-66810ae10f44', 'Croissant', 1, 80, 80);

INSERT INTO public.orders (id, order_id, status, amount, payment_method, cashier_name, created_at)
VALUES ('6d7137d1-7117-4f13-a664-1f2addd8f18d', 'ORD-01370', 'Completed', 420, 'Cash', 'System Seed', '2026-05-15T09:37:18.990Z');

INSERT INTO public.order_items (order_id, product_id, name, quantity, unit_price, subtotal)
VALUES ('6d7137d1-7117-4f13-a664-1f2addd8f18d', 'fe6b02e6-9366-4abd-874c-fcb832e0e282', 'Green Tea', 2, 90, 180);

INSERT INTO public.order_items (order_id, product_id, name, quantity, unit_price, subtotal)
VALUES ('6d7137d1-7117-4f13-a664-1f2addd8f18d', '1b5c6269-ce45-4413-acb8-21813cd7f9cf', 'Mocha', 1, 140, 140);

INSERT INTO public.order_items (order_id, product_id, name, quantity, unit_price, subtotal)
VALUES ('6d7137d1-7117-4f13-a664-1f2addd8f18d', '83a6812d-2665-4ce5-871a-78a4eab3ce80', 'Americano', 1, 100, 100);

INSERT INTO public.orders (id, order_id, status, amount, payment_method, cashier_name, created_at)
VALUES ('d64d2227-8cc5-464f-986c-f11d56497b9a', 'ORD-01371', 'Void (Consumed)', 280, 'Cash', 'System Seed', '2026-05-15T01:50:04.990Z');

INSERT INTO public.order_items (order_id, product_id, name, quantity, unit_price, subtotal)
VALUES ('d64d2227-8cc5-464f-986c-f11d56497b9a', '1b5c6269-ce45-4413-acb8-21813cd7f9cf', 'Mocha', 2, 140, 280);

INSERT INTO public.orders (id, order_id, status, amount, payment_method, cashier_name, created_at)
VALUES ('5f82f965-b489-4aa9-b5a6-6b5b19107feb', 'ORD-01372', 'Completed', 90, 'Cash', 'System Seed', '2026-05-15T05:28:46.990Z');

INSERT INTO public.order_items (order_id, product_id, name, quantity, unit_price, subtotal)
VALUES ('5f82f965-b489-4aa9-b5a6-6b5b19107feb', 'fe6b02e6-9366-4abd-874c-fcb832e0e282', 'Green Tea', 1, 90, 90);

INSERT INTO public.orders (id, order_id, status, amount, payment_method, cashier_name, created_at)
VALUES ('d8060c81-01b5-4d32-9382-bdb73c92114f', 'ORD-01373', 'Completed', 415, 'Credit Card', 'System Seed', '2026-05-15T04:02:16.990Z');

INSERT INTO public.order_items (order_id, product_id, name, quantity, unit_price, subtotal)
VALUES ('d8060c81-01b5-4d32-9382-bdb73c92114f', '36c93748-7c86-4ddb-ba49-1bd1a164bf42', 'Blueberry Muffin', 1, 95, 95);

INSERT INTO public.order_items (order_id, product_id, name, quantity, unit_price, subtotal)
VALUES ('d8060c81-01b5-4d32-9382-bdb73c92114f', '65f0b94f-ccbe-4b50-a175-66810ae10f44', 'Croissant', 1, 80, 80);

INSERT INTO public.order_items (order_id, product_id, name, quantity, unit_price, subtotal)
VALUES ('d8060c81-01b5-4d32-9382-bdb73c92114f', '48233f0a-6e57-4a45-b033-627d13f1be78', 'Cappuccino', 2, 120, 240);

INSERT INTO public.orders (id, order_id, status, amount, payment_method, cashier_name, created_at)
VALUES ('17848501-5b19-4f53-aa32-ab57f01758a6', 'ORD-01374', 'Completed', 820, 'Cash', 'System Seed', '2026-05-14T23:05:39.990Z');

INSERT INTO public.order_items (order_id, product_id, name, quantity, unit_price, subtotal)
VALUES ('17848501-5b19-4f53-aa32-ab57f01758a6', '3a6a55c0-70f3-4417-a252-db77d9e511c0', 'Latte', 1, 120, 120);

INSERT INTO public.order_items (order_id, product_id, name, quantity, unit_price, subtotal)
VALUES ('17848501-5b19-4f53-aa32-ab57f01758a6', '3a6a55c0-70f3-4417-a252-db77d9e511c0', 'Latte', 3, 120, 360);

INSERT INTO public.order_items (order_id, product_id, name, quantity, unit_price, subtotal)
VALUES ('17848501-5b19-4f53-aa32-ab57f01758a6', '1b5c6269-ce45-4413-acb8-21813cd7f9cf', 'Mocha', 1, 140, 140);

INSERT INTO public.order_items (order_id, product_id, name, quantity, unit_price, subtotal)
VALUES ('17848501-5b19-4f53-aa32-ab57f01758a6', '83a6812d-2665-4ce5-871a-78a4eab3ce80', 'Americano', 2, 100, 200);

INSERT INTO public.orders (id, order_id, status, amount, payment_method, cashier_name, created_at)
VALUES ('f926f229-48ee-46af-8e8b-fb61de3b6a28', 'ORD-01375', 'Completed', 320, 'GCash', 'System Seed', '2026-05-15T04:57:40.990Z');

INSERT INTO public.order_items (order_id, product_id, name, quantity, unit_price, subtotal)
VALUES ('f926f229-48ee-46af-8e8b-fb61de3b6a28', '48233f0a-6e57-4a45-b033-627d13f1be78', 'Cappuccino', 1, 120, 120);

INSERT INTO public.order_items (order_id, product_id, name, quantity, unit_price, subtotal)
VALUES ('f926f229-48ee-46af-8e8b-fb61de3b6a28', '83a6812d-2665-4ce5-871a-78a4eab3ce80', 'Americano', 2, 100, 200);

INSERT INTO public.orders (id, order_id, status, amount, payment_method, cashier_name, created_at)
VALUES ('131356d6-1464-4d7e-a73f-4e6413802a2e', 'ORD-01376', 'Completed', 550, 'Maya', 'System Seed', '2026-05-15T05:42:32.990Z');

INSERT INTO public.order_items (order_id, product_id, name, quantity, unit_price, subtotal)
VALUES ('131356d6-1464-4d7e-a73f-4e6413802a2e', '65f0b94f-ccbe-4b50-a175-66810ae10f44', 'Croissant', 1, 80, 80);

INSERT INTO public.order_items (order_id, product_id, name, quantity, unit_price, subtotal)
VALUES ('131356d6-1464-4d7e-a73f-4e6413802a2e', 'dfe22f11-84a3-41d2-a268-149f012eae60', 'Sparkling Lemonade', 1, 110, 110);

INSERT INTO public.order_items (order_id, product_id, name, quantity, unit_price, subtotal)
VALUES ('131356d6-1464-4d7e-a73f-4e6413802a2e', '48233f0a-6e57-4a45-b033-627d13f1be78', 'Cappuccino', 2, 120, 240);

INSERT INTO public.order_items (order_id, product_id, name, quantity, unit_price, subtotal)
VALUES ('131356d6-1464-4d7e-a73f-4e6413802a2e', '48233f0a-6e57-4a45-b033-627d13f1be78', 'Cappuccino', 1, 120, 120);

INSERT INTO public.orders (id, order_id, status, amount, payment_method, cashier_name, created_at)
VALUES ('747999e1-7cf4-4486-a745-3994c0ab128e', 'ORD-01377', 'Completed', 900, 'Maya', 'System Seed', '2026-05-15T02:23:01.990Z');

INSERT INTO public.order_items (order_id, product_id, name, quantity, unit_price, subtotal)
VALUES ('747999e1-7cf4-4486-a745-3994c0ab128e', '83a6812d-2665-4ce5-871a-78a4eab3ce80', 'Americano', 1, 100, 100);

INSERT INTO public.order_items (order_id, product_id, name, quantity, unit_price, subtotal)
VALUES ('747999e1-7cf4-4486-a745-3994c0ab128e', '65f0b94f-ccbe-4b50-a175-66810ae10f44', 'Croissant', 3, 80, 240);

INSERT INTO public.order_items (order_id, product_id, name, quantity, unit_price, subtotal)
VALUES ('747999e1-7cf4-4486-a745-3994c0ab128e', '83a6812d-2665-4ce5-871a-78a4eab3ce80', 'Americano', 2, 100, 200);

INSERT INTO public.order_items (order_id, product_id, name, quantity, unit_price, subtotal)
VALUES ('747999e1-7cf4-4486-a745-3994c0ab128e', '48233f0a-6e57-4a45-b033-627d13f1be78', 'Cappuccino', 3, 120, 360);

INSERT INTO public.orders (id, order_id, status, amount, payment_method, cashier_name, created_at)
VALUES ('1b19a171-a74d-41d0-a203-c7f5f313e27c', 'ORD-01378', 'Void (Consumed)', 410, 'GCash', 'System Seed', '2026-05-15T02:03:59.990Z');

INSERT INTO public.order_items (order_id, product_id, name, quantity, unit_price, subtotal)
VALUES ('1b19a171-a74d-41d0-a203-c7f5f313e27c', '65f0b94f-ccbe-4b50-a175-66810ae10f44', 'Croissant', 1, 80, 80);

INSERT INTO public.order_items (order_id, product_id, name, quantity, unit_price, subtotal)
VALUES ('1b19a171-a74d-41d0-a203-c7f5f313e27c', '65f0b94f-ccbe-4b50-a175-66810ae10f44', 'Croissant', 3, 80, 240);

INSERT INTO public.order_items (order_id, product_id, name, quantity, unit_price, subtotal)
VALUES ('1b19a171-a74d-41d0-a203-c7f5f313e27c', 'fe6b02e6-9366-4abd-874c-fcb832e0e282', 'Green Tea', 1, 90, 90);

INSERT INTO public.orders (id, order_id, status, amount, payment_method, cashier_name, created_at)
VALUES ('aa9efeba-5a4d-450e-ab36-93e8b26c1c1b', 'ORD-01379', 'Void (Consumed)', 180, 'Maya', 'System Seed', '2026-05-15T02:22:28.990Z');

INSERT INTO public.order_items (order_id, product_id, name, quantity, unit_price, subtotal)
VALUES ('aa9efeba-5a4d-450e-ab36-93e8b26c1c1b', 'fe6b02e6-9366-4abd-874c-fcb832e0e282', 'Green Tea', 2, 90, 180);

INSERT INTO public.orders (id, order_id, status, amount, payment_method, cashier_name, created_at)
VALUES ('100b44e5-c1c9-43be-824c-5d76db6992e9', 'ORD-01380', 'Completed', 765, 'GCash', 'System Seed', '2026-05-15T06:06:35.990Z');

INSERT INTO public.order_items (order_id, product_id, name, quantity, unit_price, subtotal)
VALUES ('100b44e5-c1c9-43be-824c-5d76db6992e9', '65f0b94f-ccbe-4b50-a175-66810ae10f44', 'Croissant', 3, 80, 240);

INSERT INTO public.order_items (order_id, product_id, name, quantity, unit_price, subtotal)
VALUES ('100b44e5-c1c9-43be-824c-5d76db6992e9', '1b5c6269-ce45-4413-acb8-21813cd7f9cf', 'Mocha', 1, 140, 140);

INSERT INTO public.order_items (order_id, product_id, name, quantity, unit_price, subtotal)
VALUES ('100b44e5-c1c9-43be-824c-5d76db6992e9', '83a6812d-2665-4ce5-871a-78a4eab3ce80', 'Americano', 1, 100, 100);

INSERT INTO public.order_items (order_id, product_id, name, quantity, unit_price, subtotal)
VALUES ('100b44e5-c1c9-43be-824c-5d76db6992e9', '36c93748-7c86-4ddb-ba49-1bd1a164bf42', 'Blueberry Muffin', 3, 95, 285);

INSERT INTO public.orders (id, order_id, status, amount, payment_method, cashier_name, created_at)
VALUES ('d621984d-1863-4fe3-80f1-0e1b57a5cd42', 'ORD-01381', 'Completed', 90, 'Cash', 'System Seed', '2026-05-15T04:54:06.990Z');

INSERT INTO public.order_items (order_id, product_id, name, quantity, unit_price, subtotal)
VALUES ('d621984d-1863-4fe3-80f1-0e1b57a5cd42', 'fe6b02e6-9366-4abd-874c-fcb832e0e282', 'Green Tea', 1, 90, 90);

INSERT INTO public.orders (id, order_id, status, amount, payment_method, cashier_name, created_at)
VALUES ('a6b5f91a-345e-4eda-958e-b21cede0ee58', 'ORD-01382', 'Void (Not Made)', 700, 'Cash', 'System Seed', '2026-05-15T06:13:13.990Z');

INSERT INTO public.order_items (order_id, product_id, name, quantity, unit_price, subtotal)
VALUES ('a6b5f91a-345e-4eda-958e-b21cede0ee58', '83a6812d-2665-4ce5-871a-78a4eab3ce80', 'Americano', 1, 100, 100);

INSERT INTO public.order_items (order_id, product_id, name, quantity, unit_price, subtotal)
VALUES ('a6b5f91a-345e-4eda-958e-b21cede0ee58', '65f0b94f-ccbe-4b50-a175-66810ae10f44', 'Croissant', 3, 80, 240);

INSERT INTO public.order_items (order_id, product_id, name, quantity, unit_price, subtotal)
VALUES ('a6b5f91a-345e-4eda-958e-b21cede0ee58', '65f0b94f-ccbe-4b50-a175-66810ae10f44', 'Croissant', 1, 80, 80);

INSERT INTO public.order_items (order_id, product_id, name, quantity, unit_price, subtotal)
VALUES ('a6b5f91a-345e-4eda-958e-b21cede0ee58', '1b5c6269-ce45-4413-acb8-21813cd7f9cf', 'Mocha', 2, 140, 280);

INSERT INTO public.orders (id, order_id, status, amount, payment_method, cashier_name, created_at)
VALUES ('c8cddfb9-f0c5-4054-aaa4-77f365ed1a96', 'ORD-01383', 'Completed', 525, 'GCash', 'System Seed', '2026-05-14T23:35:41.990Z');

INSERT INTO public.order_items (order_id, product_id, name, quantity, unit_price, subtotal)
VALUES ('c8cddfb9-f0c5-4054-aaa4-77f365ed1a96', 'fe6b02e6-9366-4abd-874c-fcb832e0e282', 'Green Tea', 3, 90, 270);

INSERT INTO public.order_items (order_id, product_id, name, quantity, unit_price, subtotal)
VALUES ('c8cddfb9-f0c5-4054-aaa4-77f365ed1a96', '65f0b94f-ccbe-4b50-a175-66810ae10f44', 'Croissant', 2, 80, 160);

INSERT INTO public.order_items (order_id, product_id, name, quantity, unit_price, subtotal)
VALUES ('c8cddfb9-f0c5-4054-aaa4-77f365ed1a96', '36c93748-7c86-4ddb-ba49-1bd1a164bf42', 'Blueberry Muffin', 1, 95, 95);

INSERT INTO public.orders (id, order_id, status, amount, payment_method, cashier_name, created_at)
VALUES ('a0278170-28fc-40d0-a80e-51063989889b', 'ORD-01384', 'Completed', 160, 'Cash', 'System Seed', '2026-05-15T10:52:00.990Z');

INSERT INTO public.order_items (order_id, product_id, name, quantity, unit_price, subtotal)
VALUES ('a0278170-28fc-40d0-a80e-51063989889b', '65f0b94f-ccbe-4b50-a175-66810ae10f44', 'Croissant', 2, 80, 160);

INSERT INTO public.orders (id, order_id, status, amount, payment_method, cashier_name, created_at)
VALUES ('465b5823-37cc-4c40-b0eb-c94d06f7dbc4', 'ORD-01385', 'Void (Not Made)', 460, 'Maya', 'System Seed', '2026-05-15T02:52:12.990Z');

INSERT INTO public.order_items (order_id, product_id, name, quantity, unit_price, subtotal)
VALUES ('465b5823-37cc-4c40-b0eb-c94d06f7dbc4', '48233f0a-6e57-4a45-b033-627d13f1be78', 'Cappuccino', 2, 120, 240);

INSERT INTO public.order_items (order_id, product_id, name, quantity, unit_price, subtotal)
VALUES ('465b5823-37cc-4c40-b0eb-c94d06f7dbc4', 'dfe22f11-84a3-41d2-a268-149f012eae60', 'Sparkling Lemonade', 1, 110, 110);

INSERT INTO public.order_items (order_id, product_id, name, quantity, unit_price, subtotal)
VALUES ('465b5823-37cc-4c40-b0eb-c94d06f7dbc4', 'dfe22f11-84a3-41d2-a268-149f012eae60', 'Sparkling Lemonade', 1, 110, 110);

INSERT INTO public.orders (id, order_id, status, amount, payment_method, cashier_name, created_at)
VALUES ('8a3f9ebd-48dc-482e-95c9-47c54d12d1af', 'ORD-01386', 'Void (Consumed)', 460, 'Credit Card', 'System Seed', '2026-05-15T12:28:10.990Z');

INSERT INTO public.order_items (order_id, product_id, name, quantity, unit_price, subtotal)
VALUES ('8a3f9ebd-48dc-482e-95c9-47c54d12d1af', 'dfe22f11-84a3-41d2-a268-149f012eae60', 'Sparkling Lemonade', 2, 110, 220);

INSERT INTO public.order_items (order_id, product_id, name, quantity, unit_price, subtotal)
VALUES ('8a3f9ebd-48dc-482e-95c9-47c54d12d1af', '48233f0a-6e57-4a45-b033-627d13f1be78', 'Cappuccino', 2, 120, 240);

INSERT INTO public.orders (id, order_id, status, amount, payment_method, cashier_name, created_at)
VALUES ('87c93cef-24a8-46bc-9311-a4294565868d', 'ORD-01387', 'Void (Consumed)', 1160, 'Credit Card', 'System Seed', '2026-05-15T02:27:14.990Z');

INSERT INTO public.order_items (order_id, product_id, name, quantity, unit_price, subtotal)
VALUES ('87c93cef-24a8-46bc-9311-a4294565868d', '65f0b94f-ccbe-4b50-a175-66810ae10f44', 'Croissant', 1, 80, 80);

INSERT INTO public.order_items (order_id, product_id, name, quantity, unit_price, subtotal)
VALUES ('87c93cef-24a8-46bc-9311-a4294565868d', '3a6a55c0-70f3-4417-a252-db77d9e511c0', 'Latte', 3, 120, 360);

INSERT INTO public.order_items (order_id, product_id, name, quantity, unit_price, subtotal)
VALUES ('87c93cef-24a8-46bc-9311-a4294565868d', '83a6812d-2665-4ce5-871a-78a4eab3ce80', 'Americano', 3, 100, 300);

INSERT INTO public.order_items (order_id, product_id, name, quantity, unit_price, subtotal)
VALUES ('87c93cef-24a8-46bc-9311-a4294565868d', '1b5c6269-ce45-4413-acb8-21813cd7f9cf', 'Mocha', 3, 140, 420);

INSERT INTO public.orders (id, order_id, status, amount, payment_method, cashier_name, created_at)
VALUES ('60aece98-5af2-482d-9be3-1b65c160e17d', 'ORD-01388', 'Completed', 100, 'Credit Card', 'System Seed', '2026-05-16T03:11:58.990Z');

INSERT INTO public.order_items (order_id, product_id, name, quantity, unit_price, subtotal)
VALUES ('60aece98-5af2-482d-9be3-1b65c160e17d', '83a6812d-2665-4ce5-871a-78a4eab3ce80', 'Americano', 1, 100, 100);

INSERT INTO public.orders (id, order_id, status, amount, payment_method, cashier_name, created_at)
VALUES ('5f05c065-9477-416c-b78d-5e86ac4ce765', 'ORD-01389', 'Completed', 750, 'GCash', 'System Seed', '2026-05-16T00:51:31.990Z');

INSERT INTO public.order_items (order_id, product_id, name, quantity, unit_price, subtotal)
VALUES ('5f05c065-9477-416c-b78d-5e86ac4ce765', 'dfe22f11-84a3-41d2-a268-149f012eae60', 'Sparkling Lemonade', 2, 110, 220);

INSERT INTO public.order_items (order_id, product_id, name, quantity, unit_price, subtotal)
VALUES ('5f05c065-9477-416c-b78d-5e86ac4ce765', '83a6812d-2665-4ce5-871a-78a4eab3ce80', 'Americano', 2, 100, 200);

INSERT INTO public.order_items (order_id, product_id, name, quantity, unit_price, subtotal)
VALUES ('5f05c065-9477-416c-b78d-5e86ac4ce765', 'dfe22f11-84a3-41d2-a268-149f012eae60', 'Sparkling Lemonade', 3, 110, 330);

INSERT INTO public.orders (id, order_id, status, amount, payment_method, cashier_name, created_at)
VALUES ('c462bab1-4779-465e-98ae-ddbc80edfc61', 'ORD-01390', 'Completed', 610, 'Credit Card', 'System Seed', '2026-05-16T06:38:08.990Z');

INSERT INTO public.order_items (order_id, product_id, name, quantity, unit_price, subtotal)
VALUES ('c462bab1-4779-465e-98ae-ddbc80edfc61', '36c93748-7c86-4ddb-ba49-1bd1a164bf42', 'Blueberry Muffin', 2, 95, 190);

INSERT INTO public.order_items (order_id, product_id, name, quantity, unit_price, subtotal)
VALUES ('c462bab1-4779-465e-98ae-ddbc80edfc61', '1b5c6269-ce45-4413-acb8-21813cd7f9cf', 'Mocha', 3, 140, 420);

INSERT INTO public.orders (id, order_id, status, amount, payment_method, cashier_name, created_at)
VALUES ('3338829e-0a80-4dae-83ba-adfe7673f629', 'ORD-01391', 'Completed', 280, 'Credit Card', 'System Seed', '2026-05-16T05:26:58.990Z');

INSERT INTO public.order_items (order_id, product_id, name, quantity, unit_price, subtotal)
VALUES ('3338829e-0a80-4dae-83ba-adfe7673f629', '1b5c6269-ce45-4413-acb8-21813cd7f9cf', 'Mocha', 2, 140, 280);

INSERT INTO public.orders (id, order_id, status, amount, payment_method, cashier_name, created_at)
VALUES ('8222dc5d-0d01-4592-80b9-c94843ca92a1', 'ORD-01392', 'Completed', 1025, 'Cash', 'System Seed', '2026-05-16T04:22:01.990Z');

INSERT INTO public.order_items (order_id, product_id, name, quantity, unit_price, subtotal)
VALUES ('8222dc5d-0d01-4592-80b9-c94843ca92a1', '1b5c6269-ce45-4413-acb8-21813cd7f9cf', 'Mocha', 2, 140, 280);

INSERT INTO public.order_items (order_id, product_id, name, quantity, unit_price, subtotal)
VALUES ('8222dc5d-0d01-4592-80b9-c94843ca92a1', '36c93748-7c86-4ddb-ba49-1bd1a164bf42', 'Blueberry Muffin', 3, 95, 285);

INSERT INTO public.order_items (order_id, product_id, name, quantity, unit_price, subtotal)
VALUES ('8222dc5d-0d01-4592-80b9-c94843ca92a1', '36c93748-7c86-4ddb-ba49-1bd1a164bf42', 'Blueberry Muffin', 2, 95, 190);

INSERT INTO public.order_items (order_id, product_id, name, quantity, unit_price, subtotal)
VALUES ('8222dc5d-0d01-4592-80b9-c94843ca92a1', 'fe6b02e6-9366-4abd-874c-fcb832e0e282', 'Green Tea', 3, 90, 270);

INSERT INTO public.orders (id, order_id, status, amount, payment_method, cashier_name, created_at)
VALUES ('b159f46d-96e5-4a4e-b313-8012f1a96dcd', 'ORD-01393', 'Void (Not Made)', 300, 'Maya', 'System Seed', '2026-05-16T06:56:34.990Z');

INSERT INTO public.order_items (order_id, product_id, name, quantity, unit_price, subtotal)
VALUES ('b159f46d-96e5-4a4e-b313-8012f1a96dcd', '83a6812d-2665-4ce5-871a-78a4eab3ce80', 'Americano', 3, 100, 300);

INSERT INTO public.orders (id, order_id, status, amount, payment_method, cashier_name, created_at)
VALUES ('5190d936-5aac-4e93-9694-6eb4482dace3', 'ORD-01394', 'Completed', 845, 'Cash', 'System Seed', '2026-05-16T07:04:20.990Z');

INSERT INTO public.order_items (order_id, product_id, name, quantity, unit_price, subtotal)
VALUES ('5190d936-5aac-4e93-9694-6eb4482dace3', '1b5c6269-ce45-4413-acb8-21813cd7f9cf', 'Mocha', 1, 140, 140);

INSERT INTO public.order_items (order_id, product_id, name, quantity, unit_price, subtotal)
VALUES ('5190d936-5aac-4e93-9694-6eb4482dace3', 'dfe22f11-84a3-41d2-a268-149f012eae60', 'Sparkling Lemonade', 3, 110, 330);

INSERT INTO public.order_items (order_id, product_id, name, quantity, unit_price, subtotal)
VALUES ('5190d936-5aac-4e93-9694-6eb4482dace3', '36c93748-7c86-4ddb-ba49-1bd1a164bf42', 'Blueberry Muffin', 1, 95, 95);

INSERT INTO public.order_items (order_id, product_id, name, quantity, unit_price, subtotal)
VALUES ('5190d936-5aac-4e93-9694-6eb4482dace3', '1b5c6269-ce45-4413-acb8-21813cd7f9cf', 'Mocha', 2, 140, 280);

INSERT INTO public.orders (id, order_id, status, amount, payment_method, cashier_name, created_at)
VALUES ('d830d268-1a2f-4c25-b18c-4280d8fb5ac1', 'ORD-01395', 'Completed', 360, 'Maya', 'System Seed', '2026-05-16T01:54:07.990Z');

INSERT INTO public.order_items (order_id, product_id, name, quantity, unit_price, subtotal)
VALUES ('d830d268-1a2f-4c25-b18c-4280d8fb5ac1', '48233f0a-6e57-4a45-b033-627d13f1be78', 'Cappuccino', 3, 120, 360);

INSERT INTO public.orders (id, order_id, status, amount, payment_method, cashier_name, created_at)
VALUES ('ebede20c-e2a0-47dc-a494-f1d1f6dc656b', 'ORD-01396', 'Completed', 740, 'Credit Card', 'System Seed', '2026-05-16T04:21:29.990Z');

INSERT INTO public.order_items (order_id, product_id, name, quantity, unit_price, subtotal)
VALUES ('ebede20c-e2a0-47dc-a494-f1d1f6dc656b', 'dfe22f11-84a3-41d2-a268-149f012eae60', 'Sparkling Lemonade', 1, 110, 110);

INSERT INTO public.order_items (order_id, product_id, name, quantity, unit_price, subtotal)
VALUES ('ebede20c-e2a0-47dc-a494-f1d1f6dc656b', 'fe6b02e6-9366-4abd-874c-fcb832e0e282', 'Green Tea', 1, 90, 90);

INSERT INTO public.order_items (order_id, product_id, name, quantity, unit_price, subtotal)
VALUES ('ebede20c-e2a0-47dc-a494-f1d1f6dc656b', 'fe6b02e6-9366-4abd-874c-fcb832e0e282', 'Green Tea', 3, 90, 270);

INSERT INTO public.order_items (order_id, product_id, name, quantity, unit_price, subtotal)
VALUES ('ebede20c-e2a0-47dc-a494-f1d1f6dc656b', 'fe6b02e6-9366-4abd-874c-fcb832e0e282', 'Green Tea', 3, 90, 270);

INSERT INTO public.orders (id, order_id, status, amount, payment_method, cashier_name, created_at)
VALUES ('a1273678-382f-4451-b1b3-f282c7a84842', 'ORD-01397', 'Completed', 1245, 'Cash', 'System Seed', '2026-05-16T03:49:59.990Z');

INSERT INTO public.order_items (order_id, product_id, name, quantity, unit_price, subtotal)
VALUES ('a1273678-382f-4451-b1b3-f282c7a84842', '36c93748-7c86-4ddb-ba49-1bd1a164bf42', 'Blueberry Muffin', 3, 95, 285);

INSERT INTO public.order_items (order_id, product_id, name, quantity, unit_price, subtotal)
VALUES ('a1273678-382f-4451-b1b3-f282c7a84842', '1b5c6269-ce45-4413-acb8-21813cd7f9cf', 'Mocha', 3, 140, 420);

INSERT INTO public.order_items (order_id, product_id, name, quantity, unit_price, subtotal)
VALUES ('a1273678-382f-4451-b1b3-f282c7a84842', '48233f0a-6e57-4a45-b033-627d13f1be78', 'Cappuccino', 1, 120, 120);

INSERT INTO public.order_items (order_id, product_id, name, quantity, unit_price, subtotal)
VALUES ('a1273678-382f-4451-b1b3-f282c7a84842', '1b5c6269-ce45-4413-acb8-21813cd7f9cf', 'Mocha', 3, 140, 420);

INSERT INTO public.orders (id, order_id, status, amount, payment_method, cashier_name, created_at)
VALUES ('2c5c6cec-9abe-42ee-9942-0755254347f8', 'ORD-01398', 'Completed', 600, 'Credit Card', 'System Seed', '2026-05-16T11:38:20.990Z');

INSERT INTO public.order_items (order_id, product_id, name, quantity, unit_price, subtotal)
VALUES ('2c5c6cec-9abe-42ee-9942-0755254347f8', '83a6812d-2665-4ce5-871a-78a4eab3ce80', 'Americano', 3, 100, 300);

INSERT INTO public.order_items (order_id, product_id, name, quantity, unit_price, subtotal)
VALUES ('2c5c6cec-9abe-42ee-9942-0755254347f8', '3a6a55c0-70f3-4417-a252-db77d9e511c0', 'Latte', 1, 120, 120);

INSERT INTO public.order_items (order_id, product_id, name, quantity, unit_price, subtotal)
VALUES ('2c5c6cec-9abe-42ee-9942-0755254347f8', 'fe6b02e6-9366-4abd-874c-fcb832e0e282', 'Green Tea', 1, 90, 90);

INSERT INTO public.order_items (order_id, product_id, name, quantity, unit_price, subtotal)
VALUES ('2c5c6cec-9abe-42ee-9942-0755254347f8', 'fe6b02e6-9366-4abd-874c-fcb832e0e282', 'Green Tea', 1, 90, 90);

INSERT INTO public.orders (id, order_id, status, amount, payment_method, cashier_name, created_at)
VALUES ('fe16ea86-dd2d-4638-92e0-6e348dc6f850', 'ORD-01399', 'Completed', 350, 'GCash', 'System Seed', '2026-05-16T07:18:07.990Z');

INSERT INTO public.order_items (order_id, product_id, name, quantity, unit_price, subtotal)
VALUES ('fe16ea86-dd2d-4638-92e0-6e348dc6f850', '36c93748-7c86-4ddb-ba49-1bd1a164bf42', 'Blueberry Muffin', 2, 95, 190);

INSERT INTO public.order_items (order_id, product_id, name, quantity, unit_price, subtotal)
VALUES ('fe16ea86-dd2d-4638-92e0-6e348dc6f850', '65f0b94f-ccbe-4b50-a175-66810ae10f44', 'Croissant', 2, 80, 160);

INSERT INTO public.orders (id, order_id, status, amount, payment_method, cashier_name, created_at)
VALUES ('d9953960-fdb7-49f1-b392-5fe8b9200161', 'ORD-01400', 'Completed', 90, 'Credit Card', 'System Seed', '2026-05-16T07:54:33.990Z');

INSERT INTO public.order_items (order_id, product_id, name, quantity, unit_price, subtotal)
VALUES ('d9953960-fdb7-49f1-b392-5fe8b9200161', 'fe6b02e6-9366-4abd-874c-fcb832e0e282', 'Green Tea', 1, 90, 90);

INSERT INTO public.orders (id, order_id, status, amount, payment_method, cashier_name, created_at)
VALUES ('58b19b1d-9be7-4152-8612-7d4d2968edf9', 'ORD-01401', 'Completed', 460, 'GCash', 'System Seed', '2026-05-16T01:48:16.990Z');

INSERT INTO public.order_items (order_id, product_id, name, quantity, unit_price, subtotal)
VALUES ('58b19b1d-9be7-4152-8612-7d4d2968edf9', '48233f0a-6e57-4a45-b033-627d13f1be78', 'Cappuccino', 2, 120, 240);

INSERT INTO public.order_items (order_id, product_id, name, quantity, unit_price, subtotal)
VALUES ('58b19b1d-9be7-4152-8612-7d4d2968edf9', '3a6a55c0-70f3-4417-a252-db77d9e511c0', 'Latte', 1, 120, 120);

INSERT INTO public.order_items (order_id, product_id, name, quantity, unit_price, subtotal)
VALUES ('58b19b1d-9be7-4152-8612-7d4d2968edf9', '83a6812d-2665-4ce5-871a-78a4eab3ce80', 'Americano', 1, 100, 100);

INSERT INTO public.orders (id, order_id, status, amount, payment_method, cashier_name, created_at)
VALUES ('914976e1-30a9-4f19-ad30-46d21082801b', 'ORD-01402', 'Completed', 805, 'Cash', 'System Seed', '2026-05-16T04:38:01.990Z');

INSERT INTO public.order_items (order_id, product_id, name, quantity, unit_price, subtotal)
VALUES ('914976e1-30a9-4f19-ad30-46d21082801b', '65f0b94f-ccbe-4b50-a175-66810ae10f44', 'Croissant', 3, 80, 240);

INSERT INTO public.order_items (order_id, product_id, name, quantity, unit_price, subtotal)
VALUES ('914976e1-30a9-4f19-ad30-46d21082801b', '83a6812d-2665-4ce5-871a-78a4eab3ce80', 'Americano', 1, 100, 100);

INSERT INTO public.order_items (order_id, product_id, name, quantity, unit_price, subtotal)
VALUES ('914976e1-30a9-4f19-ad30-46d21082801b', '36c93748-7c86-4ddb-ba49-1bd1a164bf42', 'Blueberry Muffin', 3, 95, 285);

INSERT INTO public.order_items (order_id, product_id, name, quantity, unit_price, subtotal)
VALUES ('914976e1-30a9-4f19-ad30-46d21082801b', 'fe6b02e6-9366-4abd-874c-fcb832e0e282', 'Green Tea', 2, 90, 180);

INSERT INTO public.orders (id, order_id, status, amount, payment_method, cashier_name, created_at)
VALUES ('0cf901da-1289-40b8-b4a6-e0729b16c01e', 'ORD-01403', 'Completed', 240, 'Cash', 'System Seed', '2026-05-16T10:17:55.990Z');

INSERT INTO public.order_items (order_id, product_id, name, quantity, unit_price, subtotal)
VALUES ('0cf901da-1289-40b8-b4a6-e0729b16c01e', '65f0b94f-ccbe-4b50-a175-66810ae10f44', 'Croissant', 3, 80, 240);

INSERT INTO public.orders (id, order_id, status, amount, payment_method, cashier_name, created_at)
VALUES ('e7431f8f-a50f-4a0d-bfe8-548b0809b2b5', 'ORD-01404', 'Completed', 720, 'Cash', 'System Seed', '2026-05-16T02:46:29.990Z');

INSERT INTO public.order_items (order_id, product_id, name, quantity, unit_price, subtotal)
VALUES ('e7431f8f-a50f-4a0d-bfe8-548b0809b2b5', '65f0b94f-ccbe-4b50-a175-66810ae10f44', 'Croissant', 2, 80, 160);

INSERT INTO public.order_items (order_id, product_id, name, quantity, unit_price, subtotal)
VALUES ('e7431f8f-a50f-4a0d-bfe8-548b0809b2b5', 'dfe22f11-84a3-41d2-a268-149f012eae60', 'Sparkling Lemonade', 3, 110, 330);

INSERT INTO public.order_items (order_id, product_id, name, quantity, unit_price, subtotal)
VALUES ('e7431f8f-a50f-4a0d-bfe8-548b0809b2b5', '1b5c6269-ce45-4413-acb8-21813cd7f9cf', 'Mocha', 1, 140, 140);

INSERT INTO public.order_items (order_id, product_id, name, quantity, unit_price, subtotal)
VALUES ('e7431f8f-a50f-4a0d-bfe8-548b0809b2b5', 'fe6b02e6-9366-4abd-874c-fcb832e0e282', 'Green Tea', 1, 90, 90);

INSERT INTO public.orders (id, order_id, status, amount, payment_method, cashier_name, created_at)
VALUES ('23bf7feb-7803-4718-b205-b7aacc5bd844', 'ORD-01405', 'Void (Consumed)', 790, 'Maya', 'System Seed', '2026-05-16T08:14:09.990Z');

INSERT INTO public.order_items (order_id, product_id, name, quantity, unit_price, subtotal)
VALUES ('23bf7feb-7803-4718-b205-b7aacc5bd844', 'fe6b02e6-9366-4abd-874c-fcb832e0e282', 'Green Tea', 1, 90, 90);

INSERT INTO public.order_items (order_id, product_id, name, quantity, unit_price, subtotal)
VALUES ('23bf7feb-7803-4718-b205-b7aacc5bd844', '1b5c6269-ce45-4413-acb8-21813cd7f9cf', 'Mocha', 3, 140, 420);

INSERT INTO public.order_items (order_id, product_id, name, quantity, unit_price, subtotal)
VALUES ('23bf7feb-7803-4718-b205-b7aacc5bd844', '65f0b94f-ccbe-4b50-a175-66810ae10f44', 'Croissant', 2, 80, 160);

INSERT INTO public.order_items (order_id, product_id, name, quantity, unit_price, subtotal)
VALUES ('23bf7feb-7803-4718-b205-b7aacc5bd844', '3a6a55c0-70f3-4417-a252-db77d9e511c0', 'Latte', 1, 120, 120);

INSERT INTO public.orders (id, order_id, status, amount, payment_method, cashier_name, created_at)
VALUES ('222f05df-ba1a-4bb9-85f4-ce68f49465af', 'ORD-01406', 'Void (Consumed)', 400, 'Maya', 'System Seed', '2026-05-16T11:36:08.990Z');

INSERT INTO public.order_items (order_id, product_id, name, quantity, unit_price, subtotal)
VALUES ('222f05df-ba1a-4bb9-85f4-ce68f49465af', '48233f0a-6e57-4a45-b033-627d13f1be78', 'Cappuccino', 1, 120, 120);

INSERT INTO public.order_items (order_id, product_id, name, quantity, unit_price, subtotal)
VALUES ('222f05df-ba1a-4bb9-85f4-ce68f49465af', '1b5c6269-ce45-4413-acb8-21813cd7f9cf', 'Mocha', 2, 140, 280);

INSERT INTO public.orders (id, order_id, status, amount, payment_method, cashier_name, created_at)
VALUES ('ec9788e7-b9d7-482b-88c7-5d50544e1303', 'ORD-01407', 'Completed', 1160, 'Credit Card', 'System Seed', '2026-05-16T03:35:02.990Z');

INSERT INTO public.order_items (order_id, product_id, name, quantity, unit_price, subtotal)
VALUES ('ec9788e7-b9d7-482b-88c7-5d50544e1303', '83a6812d-2665-4ce5-871a-78a4eab3ce80', 'Americano', 3, 100, 300);

INSERT INTO public.order_items (order_id, product_id, name, quantity, unit_price, subtotal)
VALUES ('ec9788e7-b9d7-482b-88c7-5d50544e1303', '1b5c6269-ce45-4413-acb8-21813cd7f9cf', 'Mocha', 2, 140, 280);

INSERT INTO public.order_items (order_id, product_id, name, quantity, unit_price, subtotal)
VALUES ('ec9788e7-b9d7-482b-88c7-5d50544e1303', '65f0b94f-ccbe-4b50-a175-66810ae10f44', 'Croissant', 2, 80, 160);

INSERT INTO public.order_items (order_id, product_id, name, quantity, unit_price, subtotal)
VALUES ('ec9788e7-b9d7-482b-88c7-5d50544e1303', '1b5c6269-ce45-4413-acb8-21813cd7f9cf', 'Mocha', 3, 140, 420);

INSERT INTO public.orders (id, order_id, status, amount, payment_method, cashier_name, created_at)
VALUES ('15bce197-885b-4e06-a253-91014ed1bb0c', 'ORD-01408', 'Void (Consumed)', 760, 'Cash', 'System Seed', '2026-05-16T03:26:52.990Z');

INSERT INTO public.order_items (order_id, product_id, name, quantity, unit_price, subtotal)
VALUES ('15bce197-885b-4e06-a253-91014ed1bb0c', '65f0b94f-ccbe-4b50-a175-66810ae10f44', 'Croissant', 2, 80, 160);

INSERT INTO public.order_items (order_id, product_id, name, quantity, unit_price, subtotal)
VALUES ('15bce197-885b-4e06-a253-91014ed1bb0c', 'fe6b02e6-9366-4abd-874c-fcb832e0e282', 'Green Tea', 3, 90, 270);

INSERT INTO public.order_items (order_id, product_id, name, quantity, unit_price, subtotal)
VALUES ('15bce197-885b-4e06-a253-91014ed1bb0c', '1b5c6269-ce45-4413-acb8-21813cd7f9cf', 'Mocha', 1, 140, 140);

INSERT INTO public.order_items (order_id, product_id, name, quantity, unit_price, subtotal)
VALUES ('15bce197-885b-4e06-a253-91014ed1bb0c', '36c93748-7c86-4ddb-ba49-1bd1a164bf42', 'Blueberry Muffin', 2, 95, 190);

INSERT INTO public.orders (id, order_id, status, amount, payment_method, cashier_name, created_at)
VALUES ('477696a7-6dd7-43e2-8fb7-eca70768c1b9', 'ORD-01409', 'Completed', 110, 'Cash', 'System Seed', '2026-05-16T08:58:55.990Z');

INSERT INTO public.order_items (order_id, product_id, name, quantity, unit_price, subtotal)
VALUES ('477696a7-6dd7-43e2-8fb7-eca70768c1b9', 'dfe22f11-84a3-41d2-a268-149f012eae60', 'Sparkling Lemonade', 1, 110, 110);

INSERT INTO public.orders (id, order_id, status, amount, payment_method, cashier_name, created_at)
VALUES ('53e8a957-cb9e-4060-883b-c64659885cff', 'ORD-01410', 'Void (Consumed)', 860, 'GCash', 'System Seed', '2026-05-16T10:24:11.990Z');

INSERT INTO public.order_items (order_id, product_id, name, quantity, unit_price, subtotal)
VALUES ('53e8a957-cb9e-4060-883b-c64659885cff', '3a6a55c0-70f3-4417-a252-db77d9e511c0', 'Latte', 1, 120, 120);

INSERT INTO public.order_items (order_id, product_id, name, quantity, unit_price, subtotal)
VALUES ('53e8a957-cb9e-4060-883b-c64659885cff', 'fe6b02e6-9366-4abd-874c-fcb832e0e282', 'Green Tea', 3, 90, 270);

INSERT INTO public.order_items (order_id, product_id, name, quantity, unit_price, subtotal)
VALUES ('53e8a957-cb9e-4060-883b-c64659885cff', '83a6812d-2665-4ce5-871a-78a4eab3ce80', 'Americano', 2, 100, 200);

INSERT INTO public.order_items (order_id, product_id, name, quantity, unit_price, subtotal)
VALUES ('53e8a957-cb9e-4060-883b-c64659885cff', 'fe6b02e6-9366-4abd-874c-fcb832e0e282', 'Green Tea', 3, 90, 270);

INSERT INTO public.orders (id, order_id, status, amount, payment_method, cashier_name, created_at)
VALUES ('1bdcf703-f833-4b78-b7e0-d58aaa2152a5', 'ORD-01411', 'Completed', 610, 'GCash', 'System Seed', '2026-05-15T23:33:51.990Z');

INSERT INTO public.order_items (order_id, product_id, name, quantity, unit_price, subtotal)
VALUES ('1bdcf703-f833-4b78-b7e0-d58aaa2152a5', '65f0b94f-ccbe-4b50-a175-66810ae10f44', 'Croissant', 3, 80, 240);

INSERT INTO public.order_items (order_id, product_id, name, quantity, unit_price, subtotal)
VALUES ('1bdcf703-f833-4b78-b7e0-d58aaa2152a5', 'fe6b02e6-9366-4abd-874c-fcb832e0e282', 'Green Tea', 3, 90, 270);

INSERT INTO public.order_items (order_id, product_id, name, quantity, unit_price, subtotal)
VALUES ('1bdcf703-f833-4b78-b7e0-d58aaa2152a5', '83a6812d-2665-4ce5-871a-78a4eab3ce80', 'Americano', 1, 100, 100);

INSERT INTO public.orders (id, order_id, status, amount, payment_method, cashier_name, created_at)
VALUES ('f33235d9-1f40-47ad-b48f-9790691297e9', 'ORD-01412', 'Void (Not Made)', 710, 'Maya', 'System Seed', '2026-05-16T08:48:40.990Z');

INSERT INTO public.order_items (order_id, product_id, name, quantity, unit_price, subtotal)
VALUES ('f33235d9-1f40-47ad-b48f-9790691297e9', '48233f0a-6e57-4a45-b033-627d13f1be78', 'Cappuccino', 1, 120, 120);

INSERT INTO public.order_items (order_id, product_id, name, quantity, unit_price, subtotal)
VALUES ('f33235d9-1f40-47ad-b48f-9790691297e9', '83a6812d-2665-4ce5-871a-78a4eab3ce80', 'Americano', 2, 100, 200);

INSERT INTO public.order_items (order_id, product_id, name, quantity, unit_price, subtotal)
VALUES ('f33235d9-1f40-47ad-b48f-9790691297e9', '36c93748-7c86-4ddb-ba49-1bd1a164bf42', 'Blueberry Muffin', 2, 95, 190);

INSERT INTO public.order_items (order_id, product_id, name, quantity, unit_price, subtotal)
VALUES ('f33235d9-1f40-47ad-b48f-9790691297e9', '83a6812d-2665-4ce5-871a-78a4eab3ce80', 'Americano', 2, 100, 200);

INSERT INTO public.orders (id, order_id, status, amount, payment_method, cashier_name, created_at)
VALUES ('737c95ad-3658-44f6-aa7b-aa66f05657c6', 'ORD-01413', 'Completed', 340, 'Cash', 'System Seed', '2026-05-16T23:46:17.990Z');

INSERT INTO public.order_items (order_id, product_id, name, quantity, unit_price, subtotal)
VALUES ('737c95ad-3658-44f6-aa7b-aa66f05657c6', '48233f0a-6e57-4a45-b033-627d13f1be78', 'Cappuccino', 1, 120, 120);

INSERT INTO public.order_items (order_id, product_id, name, quantity, unit_price, subtotal)
VALUES ('737c95ad-3658-44f6-aa7b-aa66f05657c6', 'dfe22f11-84a3-41d2-a268-149f012eae60', 'Sparkling Lemonade', 2, 110, 220);

INSERT INTO public.orders (id, order_id, status, amount, payment_method, cashier_name, created_at)
VALUES ('bd038d10-2b55-401d-a606-c3542534f372', 'ORD-01414', 'Completed', 320, 'Credit Card', 'System Seed', '2026-05-16T23:56:57.990Z');

INSERT INTO public.order_items (order_id, product_id, name, quantity, unit_price, subtotal)
VALUES ('bd038d10-2b55-401d-a606-c3542534f372', '48233f0a-6e57-4a45-b033-627d13f1be78', 'Cappuccino', 2, 120, 240);

INSERT INTO public.order_items (order_id, product_id, name, quantity, unit_price, subtotal)
VALUES ('bd038d10-2b55-401d-a606-c3542534f372', '65f0b94f-ccbe-4b50-a175-66810ae10f44', 'Croissant', 1, 80, 80);

INSERT INTO public.orders (id, order_id, status, amount, payment_method, cashier_name, created_at)
VALUES ('9bd31b9d-6d62-4e7d-b3b8-06cea7323ded', 'ORD-01415', 'Completed', 860, 'GCash', 'System Seed', '2026-05-17T03:24:37.990Z');

INSERT INTO public.order_items (order_id, product_id, name, quantity, unit_price, subtotal)
VALUES ('9bd31b9d-6d62-4e7d-b3b8-06cea7323ded', '1b5c6269-ce45-4413-acb8-21813cd7f9cf', 'Mocha', 1, 140, 140);

INSERT INTO public.order_items (order_id, product_id, name, quantity, unit_price, subtotal)
VALUES ('9bd31b9d-6d62-4e7d-b3b8-06cea7323ded', '83a6812d-2665-4ce5-871a-78a4eab3ce80', 'Americano', 3, 100, 300);

INSERT INTO public.order_items (order_id, product_id, name, quantity, unit_price, subtotal)
VALUES ('9bd31b9d-6d62-4e7d-b3b8-06cea7323ded', '1b5c6269-ce45-4413-acb8-21813cd7f9cf', 'Mocha', 3, 140, 420);

INSERT INTO public.orders (id, order_id, status, amount, payment_method, cashier_name, created_at)
VALUES ('e7ab595a-60bf-4a48-b027-1d4ae0eb89e5', 'ORD-01416', 'Completed', 680, 'Maya', 'System Seed', '2026-05-17T11:03:18.990Z');

INSERT INTO public.order_items (order_id, product_id, name, quantity, unit_price, subtotal)
VALUES ('e7ab595a-60bf-4a48-b027-1d4ae0eb89e5', '65f0b94f-ccbe-4b50-a175-66810ae10f44', 'Croissant', 2, 80, 160);

INSERT INTO public.order_items (order_id, product_id, name, quantity, unit_price, subtotal)
VALUES ('e7ab595a-60bf-4a48-b027-1d4ae0eb89e5', 'dfe22f11-84a3-41d2-a268-149f012eae60', 'Sparkling Lemonade', 3, 110, 330);

INSERT INTO public.order_items (order_id, product_id, name, quantity, unit_price, subtotal)
VALUES ('e7ab595a-60bf-4a48-b027-1d4ae0eb89e5', '36c93748-7c86-4ddb-ba49-1bd1a164bf42', 'Blueberry Muffin', 2, 95, 190);

INSERT INTO public.orders (id, order_id, status, amount, payment_method, cashier_name, created_at)
VALUES ('207c718c-357d-486e-814c-c7dfcdae9f58', 'ORD-01417', 'Completed', 330, 'Cash', 'System Seed', '2026-05-17T10:58:13.990Z');

INSERT INTO public.order_items (order_id, product_id, name, quantity, unit_price, subtotal)
VALUES ('207c718c-357d-486e-814c-c7dfcdae9f58', '3a6a55c0-70f3-4417-a252-db77d9e511c0', 'Latte', 2, 120, 240);

INSERT INTO public.order_items (order_id, product_id, name, quantity, unit_price, subtotal)
VALUES ('207c718c-357d-486e-814c-c7dfcdae9f58', 'fe6b02e6-9366-4abd-874c-fcb832e0e282', 'Green Tea', 1, 90, 90);

INSERT INTO public.orders (id, order_id, status, amount, payment_method, cashier_name, created_at)
VALUES ('013c8f82-801d-47a8-800c-0aae292e6020', 'ORD-01418', 'Completed', 630, 'Credit Card', 'System Seed', '2026-05-17T04:01:16.990Z');

INSERT INTO public.order_items (order_id, product_id, name, quantity, unit_price, subtotal)
VALUES ('013c8f82-801d-47a8-800c-0aae292e6020', '65f0b94f-ccbe-4b50-a175-66810ae10f44', 'Croissant', 3, 80, 240);

INSERT INTO public.order_items (order_id, product_id, name, quantity, unit_price, subtotal)
VALUES ('013c8f82-801d-47a8-800c-0aae292e6020', 'fe6b02e6-9366-4abd-874c-fcb832e0e282', 'Green Tea', 1, 90, 90);

INSERT INTO public.order_items (order_id, product_id, name, quantity, unit_price, subtotal)
VALUES ('013c8f82-801d-47a8-800c-0aae292e6020', '36c93748-7c86-4ddb-ba49-1bd1a164bf42', 'Blueberry Muffin', 2, 95, 190);

INSERT INTO public.order_items (order_id, product_id, name, quantity, unit_price, subtotal)
VALUES ('013c8f82-801d-47a8-800c-0aae292e6020', 'dfe22f11-84a3-41d2-a268-149f012eae60', 'Sparkling Lemonade', 1, 110, 110);

INSERT INTO public.orders (id, order_id, status, amount, payment_method, cashier_name, created_at)
VALUES ('8053ee01-3b8f-4a37-95e5-c75f934ab047', 'ORD-01419', 'Completed', 110, 'Credit Card', 'System Seed', '2026-05-17T03:51:23.990Z');

INSERT INTO public.order_items (order_id, product_id, name, quantity, unit_price, subtotal)
VALUES ('8053ee01-3b8f-4a37-95e5-c75f934ab047', 'dfe22f11-84a3-41d2-a268-149f012eae60', 'Sparkling Lemonade', 1, 110, 110);

INSERT INTO public.orders (id, order_id, status, amount, payment_method, cashier_name, created_at)
VALUES ('5b1de79f-d0b3-4e2d-b485-116ea861d1d1', 'ORD-01420', 'Completed', 470, 'Cash', 'System Seed', '2026-05-17T01:09:03.990Z');

INSERT INTO public.order_items (order_id, product_id, name, quantity, unit_price, subtotal)
VALUES ('5b1de79f-d0b3-4e2d-b485-116ea861d1d1', '65f0b94f-ccbe-4b50-a175-66810ae10f44', 'Croissant', 1, 80, 80);

INSERT INTO public.order_items (order_id, product_id, name, quantity, unit_price, subtotal)
VALUES ('5b1de79f-d0b3-4e2d-b485-116ea861d1d1', '83a6812d-2665-4ce5-871a-78a4eab3ce80', 'Americano', 3, 100, 300);

INSERT INTO public.order_items (order_id, product_id, name, quantity, unit_price, subtotal)
VALUES ('5b1de79f-d0b3-4e2d-b485-116ea861d1d1', 'fe6b02e6-9366-4abd-874c-fcb832e0e282', 'Green Tea', 1, 90, 90);

INSERT INTO public.orders (id, order_id, status, amount, payment_method, cashier_name, created_at)
VALUES ('35812c39-f013-4672-9697-73e90cf5c33e', 'ORD-01421', 'Completed', 440, 'Credit Card', 'System Seed', '2026-05-17T07:47:49.990Z');

INSERT INTO public.order_items (order_id, product_id, name, quantity, unit_price, subtotal)
VALUES ('35812c39-f013-4672-9697-73e90cf5c33e', '65f0b94f-ccbe-4b50-a175-66810ae10f44', 'Croissant', 3, 80, 240);

INSERT INTO public.order_items (order_id, product_id, name, quantity, unit_price, subtotal)
VALUES ('35812c39-f013-4672-9697-73e90cf5c33e', '83a6812d-2665-4ce5-871a-78a4eab3ce80', 'Americano', 2, 100, 200);

INSERT INTO public.orders (id, order_id, status, amount, payment_method, cashier_name, created_at)
VALUES ('6b231602-3e36-4b91-8b5b-f8736f909230', 'ORD-01422', 'Completed', 430, 'GCash', 'System Seed', '2026-05-17T07:25:54.990Z');

INSERT INTO public.order_items (order_id, product_id, name, quantity, unit_price, subtotal)
VALUES ('6b231602-3e36-4b91-8b5b-f8736f909230', '65f0b94f-ccbe-4b50-a175-66810ae10f44', 'Croissant', 2, 80, 160);

INSERT INTO public.order_items (order_id, product_id, name, quantity, unit_price, subtotal)
VALUES ('6b231602-3e36-4b91-8b5b-f8736f909230', 'fe6b02e6-9366-4abd-874c-fcb832e0e282', 'Green Tea', 3, 90, 270);

INSERT INTO public.orders (id, order_id, status, amount, payment_method, cashier_name, created_at)
VALUES ('d12128ee-f05e-4698-a383-f9c9ce85dd04', 'ORD-01423', 'Completed', 160, 'GCash', 'System Seed', '2026-05-17T00:37:19.990Z');

INSERT INTO public.order_items (order_id, product_id, name, quantity, unit_price, subtotal)
VALUES ('d12128ee-f05e-4698-a383-f9c9ce85dd04', '65f0b94f-ccbe-4b50-a175-66810ae10f44', 'Croissant', 2, 80, 160);

INSERT INTO public.orders (id, order_id, status, amount, payment_method, cashier_name, created_at)
VALUES ('71baf85c-d933-4ca0-b7b6-163a38982f1f', 'ORD-01424', 'Void (Not Made)', 560, 'Credit Card', 'System Seed', '2026-05-17T11:37:00.990Z');

INSERT INTO public.order_items (order_id, product_id, name, quantity, unit_price, subtotal)
VALUES ('71baf85c-d933-4ca0-b7b6-163a38982f1f', '3a6a55c0-70f3-4417-a252-db77d9e511c0', 'Latte', 1, 120, 120);

INSERT INTO public.order_items (order_id, product_id, name, quantity, unit_price, subtotal)
VALUES ('71baf85c-d933-4ca0-b7b6-163a38982f1f', '65f0b94f-ccbe-4b50-a175-66810ae10f44', 'Croissant', 1, 80, 80);

INSERT INTO public.order_items (order_id, product_id, name, quantity, unit_price, subtotal)
VALUES ('71baf85c-d933-4ca0-b7b6-163a38982f1f', '48233f0a-6e57-4a45-b033-627d13f1be78', 'Cappuccino', 3, 120, 360);

INSERT INTO public.orders (id, order_id, status, amount, payment_method, cashier_name, created_at)
VALUES ('b83716d8-206e-46e7-81a3-aa0a8f26ec8f', 'ORD-01425', 'Void (Consumed)', 420, 'GCash', 'System Seed', '2026-05-17T00:47:38.990Z');

INSERT INTO public.order_items (order_id, product_id, name, quantity, unit_price, subtotal)
VALUES ('b83716d8-206e-46e7-81a3-aa0a8f26ec8f', 'fe6b02e6-9366-4abd-874c-fcb832e0e282', 'Green Tea', 1, 90, 90);

INSERT INTO public.order_items (order_id, product_id, name, quantity, unit_price, subtotal)
VALUES ('b83716d8-206e-46e7-81a3-aa0a8f26ec8f', 'dfe22f11-84a3-41d2-a268-149f012eae60', 'Sparkling Lemonade', 3, 110, 330);

INSERT INTO public.orders (id, order_id, status, amount, payment_method, cashier_name, created_at)
VALUES ('6ff3d1ab-6229-469c-b440-ec226a21ef70', 'ORD-01426', 'Completed', 890, 'Maya', 'System Seed', '2026-05-17T03:28:51.990Z');

INSERT INTO public.order_items (order_id, product_id, name, quantity, unit_price, subtotal)
VALUES ('6ff3d1ab-6229-469c-b440-ec226a21ef70', '65f0b94f-ccbe-4b50-a175-66810ae10f44', 'Croissant', 2, 80, 160);

INSERT INTO public.order_items (order_id, product_id, name, quantity, unit_price, subtotal)
VALUES ('6ff3d1ab-6229-469c-b440-ec226a21ef70', '83a6812d-2665-4ce5-871a-78a4eab3ce80', 'Americano', 2, 100, 200);

INSERT INTO public.order_items (order_id, product_id, name, quantity, unit_price, subtotal)
VALUES ('6ff3d1ab-6229-469c-b440-ec226a21ef70', '1b5c6269-ce45-4413-acb8-21813cd7f9cf', 'Mocha', 3, 140, 420);

INSERT INTO public.order_items (order_id, product_id, name, quantity, unit_price, subtotal)
VALUES ('6ff3d1ab-6229-469c-b440-ec226a21ef70', 'dfe22f11-84a3-41d2-a268-149f012eae60', 'Sparkling Lemonade', 1, 110, 110);

INSERT INTO public.orders (id, order_id, status, amount, payment_method, cashier_name, created_at)
VALUES ('080a747e-e5db-4dda-bb18-6e008c2aed9f', 'ORD-01427', 'Completed', 160, 'Cash', 'System Seed', '2026-05-17T04:39:55.990Z');

INSERT INTO public.order_items (order_id, product_id, name, quantity, unit_price, subtotal)
VALUES ('080a747e-e5db-4dda-bb18-6e008c2aed9f', '65f0b94f-ccbe-4b50-a175-66810ae10f44', 'Croissant', 2, 80, 160);

INSERT INTO public.orders (id, order_id, status, amount, payment_method, cashier_name, created_at)
VALUES ('db84cbad-41f7-4569-83b3-be1e82ab3d80', 'ORD-01428', 'Completed', 220, 'Credit Card', 'System Seed', '2026-05-17T07:51:01.990Z');

INSERT INTO public.order_items (order_id, product_id, name, quantity, unit_price, subtotal)
VALUES ('db84cbad-41f7-4569-83b3-be1e82ab3d80', '83a6812d-2665-4ce5-871a-78a4eab3ce80', 'Americano', 1, 100, 100);

INSERT INTO public.order_items (order_id, product_id, name, quantity, unit_price, subtotal)
VALUES ('db84cbad-41f7-4569-83b3-be1e82ab3d80', '3a6a55c0-70f3-4417-a252-db77d9e511c0', 'Latte', 1, 120, 120);

INSERT INTO public.orders (id, order_id, status, amount, payment_method, cashier_name, created_at)
VALUES ('17ce083d-669f-4d03-af6c-667fa6b90fdb', 'ORD-01429', 'Completed', 570, 'Cash', 'System Seed', '2026-05-17T01:35:24.990Z');

INSERT INTO public.order_items (order_id, product_id, name, quantity, unit_price, subtotal)
VALUES ('17ce083d-669f-4d03-af6c-667fa6b90fdb', '48233f0a-6e57-4a45-b033-627d13f1be78', 'Cappuccino', 3, 120, 360);

INSERT INTO public.order_items (order_id, product_id, name, quantity, unit_price, subtotal)
VALUES ('17ce083d-669f-4d03-af6c-667fa6b90fdb', 'dfe22f11-84a3-41d2-a268-149f012eae60', 'Sparkling Lemonade', 1, 110, 110);

INSERT INTO public.order_items (order_id, product_id, name, quantity, unit_price, subtotal)
VALUES ('17ce083d-669f-4d03-af6c-667fa6b90fdb', '83a6812d-2665-4ce5-871a-78a4eab3ce80', 'Americano', 1, 100, 100);

INSERT INTO public.orders (id, order_id, status, amount, payment_method, cashier_name, created_at)
VALUES ('284977b6-8887-4b1c-bf67-37bbd4d01aea', 'ORD-01430', 'Completed', 360, 'Cash', 'System Seed', '2026-05-17T04:07:47.990Z');

INSERT INTO public.order_items (order_id, product_id, name, quantity, unit_price, subtotal)
VALUES ('284977b6-8887-4b1c-bf67-37bbd4d01aea', '48233f0a-6e57-4a45-b033-627d13f1be78', 'Cappuccino', 3, 120, 360);

INSERT INTO public.orders (id, order_id, status, amount, payment_method, cashier_name, created_at)
VALUES ('2ba8f06b-d301-4682-a650-5b3d442de306', 'ORD-01431', 'Completed', 520, 'Credit Card', 'System Seed', '2026-05-17T00:43:28.990Z');

INSERT INTO public.order_items (order_id, product_id, name, quantity, unit_price, subtotal)
VALUES ('2ba8f06b-d301-4682-a650-5b3d442de306', '65f0b94f-ccbe-4b50-a175-66810ae10f44', 'Croissant', 1, 80, 80);

INSERT INTO public.order_items (order_id, product_id, name, quantity, unit_price, subtotal)
VALUES ('2ba8f06b-d301-4682-a650-5b3d442de306', '65f0b94f-ccbe-4b50-a175-66810ae10f44', 'Croissant', 1, 80, 80);

INSERT INTO public.order_items (order_id, product_id, name, quantity, unit_price, subtotal)
VALUES ('2ba8f06b-d301-4682-a650-5b3d442de306', '3a6a55c0-70f3-4417-a252-db77d9e511c0', 'Latte', 3, 120, 360);

INSERT INTO public.orders (id, order_id, status, amount, payment_method, cashier_name, created_at)
VALUES ('c72032bc-1ed2-4c82-b6e3-5128bd14ad12', 'ORD-01432', 'Completed', 300, 'GCash', 'System Seed', '2026-05-17T08:22:15.990Z');

INSERT INTO public.order_items (order_id, product_id, name, quantity, unit_price, subtotal)
VALUES ('c72032bc-1ed2-4c82-b6e3-5128bd14ad12', 'dfe22f11-84a3-41d2-a268-149f012eae60', 'Sparkling Lemonade', 2, 110, 220);

INSERT INTO public.order_items (order_id, product_id, name, quantity, unit_price, subtotal)
VALUES ('c72032bc-1ed2-4c82-b6e3-5128bd14ad12', '65f0b94f-ccbe-4b50-a175-66810ae10f44', 'Croissant', 1, 80, 80);

INSERT INTO public.orders (id, order_id, status, amount, payment_method, cashier_name, created_at)
VALUES ('833bde5e-e5e9-406d-b8e1-c0b43cc9afe8', 'ORD-01433', 'Void (Not Made)', 380, 'Maya', 'System Seed', '2026-05-17T04:04:50.990Z');

INSERT INTO public.order_items (order_id, product_id, name, quantity, unit_price, subtotal)
VALUES ('833bde5e-e5e9-406d-b8e1-c0b43cc9afe8', '65f0b94f-ccbe-4b50-a175-66810ae10f44', 'Croissant', 1, 80, 80);

INSERT INTO public.order_items (order_id, product_id, name, quantity, unit_price, subtotal)
VALUES ('833bde5e-e5e9-406d-b8e1-c0b43cc9afe8', '83a6812d-2665-4ce5-871a-78a4eab3ce80', 'Americano', 1, 100, 100);

INSERT INTO public.order_items (order_id, product_id, name, quantity, unit_price, subtotal)
VALUES ('833bde5e-e5e9-406d-b8e1-c0b43cc9afe8', 'fe6b02e6-9366-4abd-874c-fcb832e0e282', 'Green Tea', 1, 90, 90);

INSERT INTO public.order_items (order_id, product_id, name, quantity, unit_price, subtotal)
VALUES ('833bde5e-e5e9-406d-b8e1-c0b43cc9afe8', 'dfe22f11-84a3-41d2-a268-149f012eae60', 'Sparkling Lemonade', 1, 110, 110);

INSERT INTO public.orders (id, order_id, status, amount, payment_method, cashier_name, created_at)
VALUES ('233fec2e-779a-4828-91d6-41d3d161e483', 'ORD-01434', 'Void (Not Made)', 975, 'Cash', 'System Seed', '2026-05-17T00:43:11.990Z');

INSERT INTO public.order_items (order_id, product_id, name, quantity, unit_price, subtotal)
VALUES ('233fec2e-779a-4828-91d6-41d3d161e483', 'fe6b02e6-9366-4abd-874c-fcb832e0e282', 'Green Tea', 3, 90, 270);

INSERT INTO public.order_items (order_id, product_id, name, quantity, unit_price, subtotal)
VALUES ('233fec2e-779a-4828-91d6-41d3d161e483', '36c93748-7c86-4ddb-ba49-1bd1a164bf42', 'Blueberry Muffin', 3, 95, 285);

INSERT INTO public.order_items (order_id, product_id, name, quantity, unit_price, subtotal)
VALUES ('233fec2e-779a-4828-91d6-41d3d161e483', '1b5c6269-ce45-4413-acb8-21813cd7f9cf', 'Mocha', 3, 140, 420);

INSERT INTO public.orders (id, order_id, status, amount, payment_method, cashier_name, created_at)
VALUES ('9c793022-c6bf-4574-9b03-fe53fbaf5a1c', 'ORD-01435', 'Void (Consumed)', 270, 'Cash', 'System Seed', '2026-05-17T01:59:22.990Z');

INSERT INTO public.order_items (order_id, product_id, name, quantity, unit_price, subtotal)
VALUES ('9c793022-c6bf-4574-9b03-fe53fbaf5a1c', 'fe6b02e6-9366-4abd-874c-fcb832e0e282', 'Green Tea', 3, 90, 270);

INSERT INTO public.orders (id, order_id, status, amount, payment_method, cashier_name, created_at)
VALUES ('139520aa-ce24-472b-b3e0-0e4a665cc54a', 'ORD-01436', 'Completed', 1160, 'GCash', 'System Seed', '2026-05-17T10:32:38.990Z');

INSERT INTO public.order_items (order_id, product_id, name, quantity, unit_price, subtotal)
VALUES ('139520aa-ce24-472b-b3e0-0e4a665cc54a', '83a6812d-2665-4ce5-871a-78a4eab3ce80', 'Americano', 3, 100, 300);

INSERT INTO public.order_items (order_id, product_id, name, quantity, unit_price, subtotal)
VALUES ('139520aa-ce24-472b-b3e0-0e4a665cc54a', '83a6812d-2665-4ce5-871a-78a4eab3ce80', 'Americano', 3, 100, 300);

INSERT INTO public.order_items (order_id, product_id, name, quantity, unit_price, subtotal)
VALUES ('139520aa-ce24-472b-b3e0-0e4a665cc54a', '83a6812d-2665-4ce5-871a-78a4eab3ce80', 'Americano', 2, 100, 200);

INSERT INTO public.order_items (order_id, product_id, name, quantity, unit_price, subtotal)
VALUES ('139520aa-ce24-472b-b3e0-0e4a665cc54a', '3a6a55c0-70f3-4417-a252-db77d9e511c0', 'Latte', 3, 120, 360);

INSERT INTO public.orders (id, order_id, status, amount, payment_method, cashier_name, created_at)
VALUES ('8652f764-2eb9-403c-ab05-548d5af43af5', 'ORD-01437', 'Void (Not Made)', 475, 'GCash', 'System Seed', '2026-05-17T11:26:54.990Z');

INSERT INTO public.order_items (order_id, product_id, name, quantity, unit_price, subtotal)
VALUES ('8652f764-2eb9-403c-ab05-548d5af43af5', '36c93748-7c86-4ddb-ba49-1bd1a164bf42', 'Blueberry Muffin', 1, 95, 95);

INSERT INTO public.order_items (order_id, product_id, name, quantity, unit_price, subtotal)
VALUES ('8652f764-2eb9-403c-ab05-548d5af43af5', '3a6a55c0-70f3-4417-a252-db77d9e511c0', 'Latte', 1, 120, 120);

INSERT INTO public.order_items (order_id, product_id, name, quantity, unit_price, subtotal)
VALUES ('8652f764-2eb9-403c-ab05-548d5af43af5', 'fe6b02e6-9366-4abd-874c-fcb832e0e282', 'Green Tea', 2, 90, 180);

INSERT INTO public.order_items (order_id, product_id, name, quantity, unit_price, subtotal)
VALUES ('8652f764-2eb9-403c-ab05-548d5af43af5', '65f0b94f-ccbe-4b50-a175-66810ae10f44', 'Croissant', 1, 80, 80);

INSERT INTO public.orders (id, order_id, status, amount, payment_method, cashier_name, created_at)
VALUES ('40ea44a6-ab5c-4a12-9bac-e5cbefb6a9eb', 'ORD-01438', 'Completed', 970, 'Credit Card', 'System Seed', '2026-05-17T10:50:00.990Z');

INSERT INTO public.order_items (order_id, product_id, name, quantity, unit_price, subtotal)
VALUES ('40ea44a6-ab5c-4a12-9bac-e5cbefb6a9eb', '48233f0a-6e57-4a45-b033-627d13f1be78', 'Cappuccino', 3, 120, 360);

INSERT INTO public.order_items (order_id, product_id, name, quantity, unit_price, subtotal)
VALUES ('40ea44a6-ab5c-4a12-9bac-e5cbefb6a9eb', '1b5c6269-ce45-4413-acb8-21813cd7f9cf', 'Mocha', 1, 140, 140);

INSERT INTO public.order_items (order_id, product_id, name, quantity, unit_price, subtotal)
VALUES ('40ea44a6-ab5c-4a12-9bac-e5cbefb6a9eb', '1b5c6269-ce45-4413-acb8-21813cd7f9cf', 'Mocha', 2, 140, 280);

INSERT INTO public.order_items (order_id, product_id, name, quantity, unit_price, subtotal)
VALUES ('40ea44a6-ab5c-4a12-9bac-e5cbefb6a9eb', '36c93748-7c86-4ddb-ba49-1bd1a164bf42', 'Blueberry Muffin', 2, 95, 190);

INSERT INTO public.orders (id, order_id, status, amount, payment_method, cashier_name, created_at)
VALUES ('89511f7a-83cd-4842-97c1-4162680ca541', 'ORD-01439', 'Completed', 420, 'Cash', 'System Seed', '2026-05-17T04:32:30.990Z');

INSERT INTO public.order_items (order_id, product_id, name, quantity, unit_price, subtotal)
VALUES ('89511f7a-83cd-4842-97c1-4162680ca541', '1b5c6269-ce45-4413-acb8-21813cd7f9cf', 'Mocha', 3, 140, 420);

INSERT INTO public.orders (id, order_id, status, amount, payment_method, cashier_name, created_at)
VALUES ('64dcdcfc-72eb-44c9-a8cd-1e06efff0926', 'ORD-01440', 'Completed', 940, 'Maya', 'System Seed', '2026-05-17T06:38:35.990Z');

INSERT INTO public.order_items (order_id, product_id, name, quantity, unit_price, subtotal)
VALUES ('64dcdcfc-72eb-44c9-a8cd-1e06efff0926', 'dfe22f11-84a3-41d2-a268-149f012eae60', 'Sparkling Lemonade', 2, 110, 220);

INSERT INTO public.order_items (order_id, product_id, name, quantity, unit_price, subtotal)
VALUES ('64dcdcfc-72eb-44c9-a8cd-1e06efff0926', '3a6a55c0-70f3-4417-a252-db77d9e511c0', 'Latte', 1, 120, 120);

INSERT INTO public.order_items (order_id, product_id, name, quantity, unit_price, subtotal)
VALUES ('64dcdcfc-72eb-44c9-a8cd-1e06efff0926', '3a6a55c0-70f3-4417-a252-db77d9e511c0', 'Latte', 2, 120, 240);

INSERT INTO public.order_items (order_id, product_id, name, quantity, unit_price, subtotal)
VALUES ('64dcdcfc-72eb-44c9-a8cd-1e06efff0926', '3a6a55c0-70f3-4417-a252-db77d9e511c0', 'Latte', 3, 120, 360);

INSERT INTO public.orders (id, order_id, status, amount, payment_method, cashier_name, created_at)
VALUES ('a08b781f-223d-4770-9095-8ec07c2254f7', 'ORD-01441', 'Completed', 360, 'Credit Card', 'System Seed', '2026-05-17T04:46:24.990Z');

INSERT INTO public.order_items (order_id, product_id, name, quantity, unit_price, subtotal)
VALUES ('a08b781f-223d-4770-9095-8ec07c2254f7', '48233f0a-6e57-4a45-b033-627d13f1be78', 'Cappuccino', 3, 120, 360);

INSERT INTO public.orders (id, order_id, status, amount, payment_method, cashier_name, created_at)
VALUES ('cf85754f-c1fa-439d-9d94-9ab2b2eb53f9', 'ORD-01442', 'Completed', 810, 'Credit Card', 'System Seed', '2026-05-17T12:01:10.990Z');

INSERT INTO public.order_items (order_id, product_id, name, quantity, unit_price, subtotal)
VALUES ('cf85754f-c1fa-439d-9d94-9ab2b2eb53f9', '36c93748-7c86-4ddb-ba49-1bd1a164bf42', 'Blueberry Muffin', 2, 95, 190);

INSERT INTO public.order_items (order_id, product_id, name, quantity, unit_price, subtotal)
VALUES ('cf85754f-c1fa-439d-9d94-9ab2b2eb53f9', '36c93748-7c86-4ddb-ba49-1bd1a164bf42', 'Blueberry Muffin', 1, 95, 95);

INSERT INTO public.order_items (order_id, product_id, name, quantity, unit_price, subtotal)
VALUES ('cf85754f-c1fa-439d-9d94-9ab2b2eb53f9', '36c93748-7c86-4ddb-ba49-1bd1a164bf42', 'Blueberry Muffin', 3, 95, 285);

INSERT INTO public.order_items (order_id, product_id, name, quantity, unit_price, subtotal)
VALUES ('cf85754f-c1fa-439d-9d94-9ab2b2eb53f9', '65f0b94f-ccbe-4b50-a175-66810ae10f44', 'Croissant', 3, 80, 240);

INSERT INTO public.orders (id, order_id, status, amount, payment_method, cashier_name, created_at)
VALUES ('6b0fa4e8-662f-4aff-bebc-4e0b075852a1', 'ORD-01443', 'Void (Not Made)', 190, 'GCash', 'System Seed', '2026-05-17T03:52:44.990Z');

INSERT INTO public.order_items (order_id, product_id, name, quantity, unit_price, subtotal)
VALUES ('6b0fa4e8-662f-4aff-bebc-4e0b075852a1', '36c93748-7c86-4ddb-ba49-1bd1a164bf42', 'Blueberry Muffin', 2, 95, 190);

INSERT INTO public.orders (id, order_id, status, amount, payment_method, cashier_name, created_at)
VALUES ('60528551-2071-431d-bb25-bfd36c46f817', 'ORD-01444', 'Completed', 420, 'Maya', 'System Seed', '2026-05-17T04:03:03.990Z');

INSERT INTO public.order_items (order_id, product_id, name, quantity, unit_price, subtotal)
VALUES ('60528551-2071-431d-bb25-bfd36c46f817', 'dfe22f11-84a3-41d2-a268-149f012eae60', 'Sparkling Lemonade', 2, 110, 220);

INSERT INTO public.order_items (order_id, product_id, name, quantity, unit_price, subtotal)
VALUES ('60528551-2071-431d-bb25-bfd36c46f817', '83a6812d-2665-4ce5-871a-78a4eab3ce80', 'Americano', 2, 100, 200);

INSERT INTO public.orders (id, order_id, status, amount, payment_method, cashier_name, created_at)
VALUES ('02ab1adc-925c-4052-bd14-9aa2711837e4', 'ORD-01445', 'Completed', 210, 'Maya', 'System Seed', '2026-05-17T04:59:34.990Z');

INSERT INTO public.order_items (order_id, product_id, name, quantity, unit_price, subtotal)
VALUES ('02ab1adc-925c-4052-bd14-9aa2711837e4', '48233f0a-6e57-4a45-b033-627d13f1be78', 'Cappuccino', 1, 120, 120);

INSERT INTO public.order_items (order_id, product_id, name, quantity, unit_price, subtotal)
VALUES ('02ab1adc-925c-4052-bd14-9aa2711837e4', 'fe6b02e6-9366-4abd-874c-fcb832e0e282', 'Green Tea', 1, 90, 90);

INSERT INTO public.orders (id, order_id, status, amount, payment_method, cashier_name, created_at)
VALUES ('2aeb5845-bc1b-450e-bbc7-e2d2dbd61732', 'ORD-01446', 'Void (Not Made)', 240, 'Cash', 'System Seed', '2026-05-17T05:03:17.990Z');

INSERT INTO public.order_items (order_id, product_id, name, quantity, unit_price, subtotal)
VALUES ('2aeb5845-bc1b-450e-bbc7-e2d2dbd61732', '3a6a55c0-70f3-4417-a252-db77d9e511c0', 'Latte', 2, 120, 240);

INSERT INTO public.orders (id, order_id, status, amount, payment_method, cashier_name, created_at)
VALUES ('8f3ab69c-bec1-4fa3-981a-015e06f65f30', 'ORD-01447', 'Void (Consumed)', 765, 'GCash', 'System Seed', '2026-05-17T00:28:29.990Z');

INSERT INTO public.order_items (order_id, product_id, name, quantity, unit_price, subtotal)
VALUES ('8f3ab69c-bec1-4fa3-981a-015e06f65f30', '3a6a55c0-70f3-4417-a252-db77d9e511c0', 'Latte', 2, 120, 240);

INSERT INTO public.order_items (order_id, product_id, name, quantity, unit_price, subtotal)
VALUES ('8f3ab69c-bec1-4fa3-981a-015e06f65f30', '36c93748-7c86-4ddb-ba49-1bd1a164bf42', 'Blueberry Muffin', 3, 95, 285);

INSERT INTO public.order_items (order_id, product_id, name, quantity, unit_price, subtotal)
VALUES ('8f3ab69c-bec1-4fa3-981a-015e06f65f30', '3a6a55c0-70f3-4417-a252-db77d9e511c0', 'Latte', 2, 120, 240);

INSERT INTO public.orders (id, order_id, status, amount, payment_method, cashier_name, created_at)
VALUES ('565c2459-c667-4293-bfed-446df70e6972', 'ORD-01448', 'Void (Not Made)', 120, 'Credit Card', 'System Seed', '2026-05-17T01:32:36.990Z');

INSERT INTO public.order_items (order_id, product_id, name, quantity, unit_price, subtotal)
VALUES ('565c2459-c667-4293-bfed-446df70e6972', '48233f0a-6e57-4a45-b033-627d13f1be78', 'Cappuccino', 1, 120, 120);

INSERT INTO public.orders (id, order_id, status, amount, payment_method, cashier_name, created_at)
VALUES ('4e8b15ba-8027-45f9-91a7-650b6094adc5', 'ORD-01449', 'Void (Not Made)', 880, 'Maya', 'System Seed', '2026-05-18T06:28:28.990Z');

INSERT INTO public.order_items (order_id, product_id, name, quantity, unit_price, subtotal)
VALUES ('4e8b15ba-8027-45f9-91a7-650b6094adc5', '65f0b94f-ccbe-4b50-a175-66810ae10f44', 'Croissant', 3, 80, 240);

INSERT INTO public.order_items (order_id, product_id, name, quantity, unit_price, subtotal)
VALUES ('4e8b15ba-8027-45f9-91a7-650b6094adc5', '48233f0a-6e57-4a45-b033-627d13f1be78', 'Cappuccino', 2, 120, 240);

INSERT INTO public.order_items (order_id, product_id, name, quantity, unit_price, subtotal)
VALUES ('4e8b15ba-8027-45f9-91a7-650b6094adc5', '65f0b94f-ccbe-4b50-a175-66810ae10f44', 'Croissant', 2, 80, 160);

INSERT INTO public.order_items (order_id, product_id, name, quantity, unit_price, subtotal)
VALUES ('4e8b15ba-8027-45f9-91a7-650b6094adc5', '3a6a55c0-70f3-4417-a252-db77d9e511c0', 'Latte', 2, 120, 240);

INSERT INTO public.orders (id, order_id, status, amount, payment_method, cashier_name, created_at)
VALUES ('84ebb83d-e70a-4515-800a-a3ad72fa008f', 'ORD-01450', 'Void (Consumed)', 1080, 'GCash', 'System Seed', '2026-05-18T12:50:59.990Z');

INSERT INTO public.order_items (order_id, product_id, name, quantity, unit_price, subtotal)
VALUES ('84ebb83d-e70a-4515-800a-a3ad72fa008f', 'dfe22f11-84a3-41d2-a268-149f012eae60', 'Sparkling Lemonade', 3, 110, 330);

INSERT INTO public.order_items (order_id, product_id, name, quantity, unit_price, subtotal)
VALUES ('84ebb83d-e70a-4515-800a-a3ad72fa008f', '1b5c6269-ce45-4413-acb8-21813cd7f9cf', 'Mocha', 3, 140, 420);

INSERT INTO public.order_items (order_id, product_id, name, quantity, unit_price, subtotal)
VALUES ('84ebb83d-e70a-4515-800a-a3ad72fa008f', 'dfe22f11-84a3-41d2-a268-149f012eae60', 'Sparkling Lemonade', 3, 110, 330);

INSERT INTO public.orders (id, order_id, status, amount, payment_method, cashier_name, created_at)
VALUES ('b2d726d1-1958-4e3b-a99e-000069aefe11', 'ORD-01451', 'Completed', 420, 'Cash', 'System Seed', '2026-05-18T01:07:36.990Z');

INSERT INTO public.order_items (order_id, product_id, name, quantity, unit_price, subtotal)
VALUES ('b2d726d1-1958-4e3b-a99e-000069aefe11', 'fe6b02e6-9366-4abd-874c-fcb832e0e282', 'Green Tea', 2, 90, 180);

INSERT INTO public.order_items (order_id, product_id, name, quantity, unit_price, subtotal)
VALUES ('b2d726d1-1958-4e3b-a99e-000069aefe11', '48233f0a-6e57-4a45-b033-627d13f1be78', 'Cappuccino', 2, 120, 240);

INSERT INTO public.orders (id, order_id, status, amount, payment_method, cashier_name, created_at)
VALUES ('26a390e7-0172-4e36-ab79-c47a1f71fb8f', 'ORD-01452', 'Completed', 725, 'Cash', 'System Seed', '2026-05-18T11:14:22.990Z');

INSERT INTO public.order_items (order_id, product_id, name, quantity, unit_price, subtotal)
VALUES ('26a390e7-0172-4e36-ab79-c47a1f71fb8f', '1b5c6269-ce45-4413-acb8-21813cd7f9cf', 'Mocha', 1, 140, 140);

INSERT INTO public.order_items (order_id, product_id, name, quantity, unit_price, subtotal)
VALUES ('26a390e7-0172-4e36-ab79-c47a1f71fb8f', '36c93748-7c86-4ddb-ba49-1bd1a164bf42', 'Blueberry Muffin', 1, 95, 95);

INSERT INTO public.order_items (order_id, product_id, name, quantity, unit_price, subtotal)
VALUES ('26a390e7-0172-4e36-ab79-c47a1f71fb8f', 'dfe22f11-84a3-41d2-a268-149f012eae60', 'Sparkling Lemonade', 2, 110, 220);

INSERT INTO public.order_items (order_id, product_id, name, quantity, unit_price, subtotal)
VALUES ('26a390e7-0172-4e36-ab79-c47a1f71fb8f', 'fe6b02e6-9366-4abd-874c-fcb832e0e282', 'Green Tea', 3, 90, 270);

INSERT INTO public.orders (id, order_id, status, amount, payment_method, cashier_name, created_at)
VALUES ('919e2543-40cc-426f-8ce8-93511ae219ce', 'ORD-01453', 'Completed', 455, 'Maya', 'System Seed', '2026-05-18T01:22:13.990Z');

INSERT INTO public.order_items (order_id, product_id, name, quantity, unit_price, subtotal)
VALUES ('919e2543-40cc-426f-8ce8-93511ae219ce', '48233f0a-6e57-4a45-b033-627d13f1be78', 'Cappuccino', 3, 120, 360);

INSERT INTO public.order_items (order_id, product_id, name, quantity, unit_price, subtotal)
VALUES ('919e2543-40cc-426f-8ce8-93511ae219ce', '36c93748-7c86-4ddb-ba49-1bd1a164bf42', 'Blueberry Muffin', 1, 95, 95);

INSERT INTO public.orders (id, order_id, status, amount, payment_method, cashier_name, created_at)
VALUES ('5b9b2616-5477-493b-be7a-5cefa88d8751', 'ORD-01454', 'Completed', 615, 'GCash', 'System Seed', '2026-05-18T01:21:37.990Z');

INSERT INTO public.order_items (order_id, product_id, name, quantity, unit_price, subtotal)
VALUES ('5b9b2616-5477-493b-be7a-5cefa88d8751', 'dfe22f11-84a3-41d2-a268-149f012eae60', 'Sparkling Lemonade', 2, 110, 220);

INSERT INTO public.order_items (order_id, product_id, name, quantity, unit_price, subtotal)
VALUES ('5b9b2616-5477-493b-be7a-5cefa88d8751', '36c93748-7c86-4ddb-ba49-1bd1a164bf42', 'Blueberry Muffin', 3, 95, 285);

INSERT INTO public.order_items (order_id, product_id, name, quantity, unit_price, subtotal)
VALUES ('5b9b2616-5477-493b-be7a-5cefa88d8751', 'dfe22f11-84a3-41d2-a268-149f012eae60', 'Sparkling Lemonade', 1, 110, 110);

INSERT INTO public.orders (id, order_id, status, amount, payment_method, cashier_name, created_at)
VALUES ('516a23bb-425d-48cf-9685-0a142214254f', 'ORD-01455', 'Completed', 1000, 'Maya', 'System Seed', '2026-05-17T23:36:22.990Z');

INSERT INTO public.order_items (order_id, product_id, name, quantity, unit_price, subtotal)
VALUES ('516a23bb-425d-48cf-9685-0a142214254f', 'fe6b02e6-9366-4abd-874c-fcb832e0e282', 'Green Tea', 2, 90, 180);

INSERT INTO public.order_items (order_id, product_id, name, quantity, unit_price, subtotal)
VALUES ('516a23bb-425d-48cf-9685-0a142214254f', '3a6a55c0-70f3-4417-a252-db77d9e511c0', 'Latte', 3, 120, 360);

INSERT INTO public.order_items (order_id, product_id, name, quantity, unit_price, subtotal)
VALUES ('516a23bb-425d-48cf-9685-0a142214254f', '1b5c6269-ce45-4413-acb8-21813cd7f9cf', 'Mocha', 2, 140, 280);

INSERT INTO public.order_items (order_id, product_id, name, quantity, unit_price, subtotal)
VALUES ('516a23bb-425d-48cf-9685-0a142214254f', 'fe6b02e6-9366-4abd-874c-fcb832e0e282', 'Green Tea', 2, 90, 180);

INSERT INTO public.orders (id, order_id, status, amount, payment_method, cashier_name, created_at)
VALUES ('b2a3bacd-dc15-4cf9-b40d-cfc40377eed2', 'ORD-01456', 'Completed', 480, 'Credit Card', 'System Seed', '2026-05-18T00:24:32.990Z');

INSERT INTO public.order_items (order_id, product_id, name, quantity, unit_price, subtotal)
VALUES ('b2a3bacd-dc15-4cf9-b40d-cfc40377eed2', '48233f0a-6e57-4a45-b033-627d13f1be78', 'Cappuccino', 1, 120, 120);

INSERT INTO public.order_items (order_id, product_id, name, quantity, unit_price, subtotal)
VALUES ('b2a3bacd-dc15-4cf9-b40d-cfc40377eed2', '3a6a55c0-70f3-4417-a252-db77d9e511c0', 'Latte', 3, 120, 360);

INSERT INTO public.orders (id, order_id, status, amount, payment_method, cashier_name, created_at)
VALUES ('73094731-ab45-47cf-81da-126cc7c019a5', 'ORD-01457', 'Completed', 90, 'Cash', 'System Seed', '2026-05-17T23:11:45.990Z');

INSERT INTO public.order_items (order_id, product_id, name, quantity, unit_price, subtotal)
VALUES ('73094731-ab45-47cf-81da-126cc7c019a5', 'fe6b02e6-9366-4abd-874c-fcb832e0e282', 'Green Tea', 1, 90, 90);

INSERT INTO public.orders (id, order_id, status, amount, payment_method, cashier_name, created_at)
VALUES ('2c486dfb-9738-444c-b235-8bdcb6792e47', 'ORD-01458', 'Void (Consumed)', 420, 'GCash', 'System Seed', '2026-05-18T08:55:28.990Z');

INSERT INTO public.order_items (order_id, product_id, name, quantity, unit_price, subtotal)
VALUES ('2c486dfb-9738-444c-b235-8bdcb6792e47', '83a6812d-2665-4ce5-871a-78a4eab3ce80', 'Americano', 2, 100, 200);

INSERT INTO public.order_items (order_id, product_id, name, quantity, unit_price, subtotal)
VALUES ('2c486dfb-9738-444c-b235-8bdcb6792e47', 'dfe22f11-84a3-41d2-a268-149f012eae60', 'Sparkling Lemonade', 2, 110, 220);

INSERT INTO public.orders (id, order_id, status, amount, payment_method, cashier_name, created_at)
VALUES ('eefad903-277d-4b70-9573-d456a5b1d674', 'ORD-01459', 'Completed', 415, 'Maya', 'System Seed', '2026-05-17T23:18:10.990Z');

INSERT INTO public.order_items (order_id, product_id, name, quantity, unit_price, subtotal)
VALUES ('eefad903-277d-4b70-9573-d456a5b1d674', '48233f0a-6e57-4a45-b033-627d13f1be78', 'Cappuccino', 1, 120, 120);

INSERT INTO public.order_items (order_id, product_id, name, quantity, unit_price, subtotal)
VALUES ('eefad903-277d-4b70-9573-d456a5b1d674', '83a6812d-2665-4ce5-871a-78a4eab3ce80', 'Americano', 2, 100, 200);

INSERT INTO public.order_items (order_id, product_id, name, quantity, unit_price, subtotal)
VALUES ('eefad903-277d-4b70-9573-d456a5b1d674', '36c93748-7c86-4ddb-ba49-1bd1a164bf42', 'Blueberry Muffin', 1, 95, 95);

INSERT INTO public.orders (id, order_id, status, amount, payment_method, cashier_name, created_at)
VALUES ('ce94b1b9-bdc9-4d50-94f2-679cf52719ee', 'ORD-01460', 'Completed', 500, 'Credit Card', 'System Seed', '2026-05-18T11:03:27.990Z');

INSERT INTO public.order_items (order_id, product_id, name, quantity, unit_price, subtotal)
VALUES ('ce94b1b9-bdc9-4d50-94f2-679cf52719ee', '1b5c6269-ce45-4413-acb8-21813cd7f9cf', 'Mocha', 2, 140, 280);

INSERT INTO public.order_items (order_id, product_id, name, quantity, unit_price, subtotal)
VALUES ('ce94b1b9-bdc9-4d50-94f2-679cf52719ee', 'dfe22f11-84a3-41d2-a268-149f012eae60', 'Sparkling Lemonade', 2, 110, 220);

INSERT INTO public.orders (id, order_id, status, amount, payment_method, cashier_name, created_at)
VALUES ('ef58a811-45f2-4b51-87f1-fce817370611', 'ORD-01461', 'Completed', 190, 'GCash', 'System Seed', '2026-05-18T04:25:49.990Z');

INSERT INTO public.order_items (order_id, product_id, name, quantity, unit_price, subtotal)
VALUES ('ef58a811-45f2-4b51-87f1-fce817370611', '36c93748-7c86-4ddb-ba49-1bd1a164bf42', 'Blueberry Muffin', 2, 95, 190);

INSERT INTO public.orders (id, order_id, status, amount, payment_method, cashier_name, created_at)
VALUES ('e1799410-3667-4e70-a9a3-19f2d4beaa5f', 'ORD-01462', 'Void (Consumed)', 1155, 'Credit Card', 'System Seed', '2026-05-18T11:24:34.990Z');

INSERT INTO public.order_items (order_id, product_id, name, quantity, unit_price, subtotal)
VALUES ('e1799410-3667-4e70-a9a3-19f2d4beaa5f', 'fe6b02e6-9366-4abd-874c-fcb832e0e282', 'Green Tea', 3, 90, 270);

INSERT INTO public.order_items (order_id, product_id, name, quantity, unit_price, subtotal)
VALUES ('e1799410-3667-4e70-a9a3-19f2d4beaa5f', '48233f0a-6e57-4a45-b033-627d13f1be78', 'Cappuccino', 3, 120, 360);

INSERT INTO public.order_items (order_id, product_id, name, quantity, unit_price, subtotal)
VALUES ('e1799410-3667-4e70-a9a3-19f2d4beaa5f', '36c93748-7c86-4ddb-ba49-1bd1a164bf42', 'Blueberry Muffin', 3, 95, 285);

INSERT INTO public.order_items (order_id, product_id, name, quantity, unit_price, subtotal)
VALUES ('e1799410-3667-4e70-a9a3-19f2d4beaa5f', '65f0b94f-ccbe-4b50-a175-66810ae10f44', 'Croissant', 3, 80, 240);

INSERT INTO public.orders (id, order_id, status, amount, payment_method, cashier_name, created_at)
VALUES ('169ee7f5-1191-4874-aa82-6f32a22fb28f', 'ORD-01463', 'Completed', 920, 'GCash', 'System Seed', '2026-05-18T04:45:04.990Z');

INSERT INTO public.order_items (order_id, product_id, name, quantity, unit_price, subtotal)
VALUES ('169ee7f5-1191-4874-aa82-6f32a22fb28f', '3a6a55c0-70f3-4417-a252-db77d9e511c0', 'Latte', 3, 120, 360);

INSERT INTO public.order_items (order_id, product_id, name, quantity, unit_price, subtotal)
VALUES ('169ee7f5-1191-4874-aa82-6f32a22fb28f', '1b5c6269-ce45-4413-acb8-21813cd7f9cf', 'Mocha', 3, 140, 420);

INSERT INTO public.order_items (order_id, product_id, name, quantity, unit_price, subtotal)
VALUES ('169ee7f5-1191-4874-aa82-6f32a22fb28f', '1b5c6269-ce45-4413-acb8-21813cd7f9cf', 'Mocha', 1, 140, 140);

INSERT INTO public.orders (id, order_id, status, amount, payment_method, cashier_name, created_at)
VALUES ('b4667f6c-e728-47d0-a56e-814b19738838', 'ORD-01464', 'Void (Not Made)', 240, 'Cash', 'System Seed', '2026-05-18T09:43:59.990Z');

INSERT INTO public.order_items (order_id, product_id, name, quantity, unit_price, subtotal)
VALUES ('b4667f6c-e728-47d0-a56e-814b19738838', '48233f0a-6e57-4a45-b033-627d13f1be78', 'Cappuccino', 2, 120, 240);

INSERT INTO public.orders (id, order_id, status, amount, payment_method, cashier_name, created_at)
VALUES ('dca1d343-fdb3-40b2-9f96-4cb06bd26032', 'ORD-01465', 'Completed', 240, 'Credit Card', 'System Seed', '2026-05-18T09:54:29.990Z');

INSERT INTO public.order_items (order_id, product_id, name, quantity, unit_price, subtotal)
VALUES ('dca1d343-fdb3-40b2-9f96-4cb06bd26032', '3a6a55c0-70f3-4417-a252-db77d9e511c0', 'Latte', 2, 120, 240);

INSERT INTO public.orders (id, order_id, status, amount, payment_method, cashier_name, created_at)
VALUES ('ba00fd38-3142-402d-b5ef-61b42f4e5813', 'ORD-01466', 'Void (Consumed)', 945, 'Credit Card', 'System Seed', '2026-05-18T04:44:54.990Z');

INSERT INTO public.order_items (order_id, product_id, name, quantity, unit_price, subtotal)
VALUES ('ba00fd38-3142-402d-b5ef-61b42f4e5813', '65f0b94f-ccbe-4b50-a175-66810ae10f44', 'Croissant', 2, 80, 160);

INSERT INTO public.order_items (order_id, product_id, name, quantity, unit_price, subtotal)
VALUES ('ba00fd38-3142-402d-b5ef-61b42f4e5813', '3a6a55c0-70f3-4417-a252-db77d9e511c0', 'Latte', 3, 120, 360);

INSERT INTO public.order_items (order_id, product_id, name, quantity, unit_price, subtotal)
VALUES ('ba00fd38-3142-402d-b5ef-61b42f4e5813', 'dfe22f11-84a3-41d2-a268-149f012eae60', 'Sparkling Lemonade', 3, 110, 330);

INSERT INTO public.order_items (order_id, product_id, name, quantity, unit_price, subtotal)
VALUES ('ba00fd38-3142-402d-b5ef-61b42f4e5813', '36c93748-7c86-4ddb-ba49-1bd1a164bf42', 'Blueberry Muffin', 1, 95, 95);

INSERT INTO public.orders (id, order_id, status, amount, payment_method, cashier_name, created_at)
VALUES ('a72320bd-151e-4ebe-9687-cb79fecaf1a9', 'ORD-01467', 'Completed', 190, 'Credit Card', 'System Seed', '2026-05-18T01:03:46.990Z');

INSERT INTO public.order_items (order_id, product_id, name, quantity, unit_price, subtotal)
VALUES ('a72320bd-151e-4ebe-9687-cb79fecaf1a9', 'fe6b02e6-9366-4abd-874c-fcb832e0e282', 'Green Tea', 1, 90, 90);

INSERT INTO public.order_items (order_id, product_id, name, quantity, unit_price, subtotal)
VALUES ('a72320bd-151e-4ebe-9687-cb79fecaf1a9', '83a6812d-2665-4ce5-871a-78a4eab3ce80', 'Americano', 1, 100, 100);

INSERT INTO public.orders (id, order_id, status, amount, payment_method, cashier_name, created_at)
VALUES ('6565cad5-6b83-46b1-b9e8-e6ea690ed78b', 'ORD-01468', 'Void (Consumed)', 380, 'Credit Card', 'System Seed', '2026-05-18T11:23:47.990Z');

INSERT INTO public.order_items (order_id, product_id, name, quantity, unit_price, subtotal)
VALUES ('6565cad5-6b83-46b1-b9e8-e6ea690ed78b', 'fe6b02e6-9366-4abd-874c-fcb832e0e282', 'Green Tea', 2, 90, 180);

INSERT INTO public.order_items (order_id, product_id, name, quantity, unit_price, subtotal)
VALUES ('6565cad5-6b83-46b1-b9e8-e6ea690ed78b', '83a6812d-2665-4ce5-871a-78a4eab3ce80', 'Americano', 2, 100, 200);

INSERT INTO public.orders (id, order_id, status, amount, payment_method, cashier_name, created_at)
VALUES ('f7af2836-f8bd-4166-abba-9d87f0768be0', 'ORD-01469', 'Completed', 240, 'Cash', 'System Seed', '2026-05-18T03:12:00.990Z');

INSERT INTO public.order_items (order_id, product_id, name, quantity, unit_price, subtotal)
VALUES ('f7af2836-f8bd-4166-abba-9d87f0768be0', '3a6a55c0-70f3-4417-a252-db77d9e511c0', 'Latte', 2, 120, 240);

INSERT INTO public.orders (id, order_id, status, amount, payment_method, cashier_name, created_at)
VALUES ('a12a8611-fd19-4744-bda0-f94cddab6b90', 'ORD-01470', 'Completed', 620, 'GCash', 'System Seed', '2026-05-18T04:08:20.990Z');

INSERT INTO public.order_items (order_id, product_id, name, quantity, unit_price, subtotal)
VALUES ('a12a8611-fd19-4744-bda0-f94cddab6b90', '1b5c6269-ce45-4413-acb8-21813cd7f9cf', 'Mocha', 3, 140, 420);

INSERT INTO public.order_items (order_id, product_id, name, quantity, unit_price, subtotal)
VALUES ('a12a8611-fd19-4744-bda0-f94cddab6b90', '83a6812d-2665-4ce5-871a-78a4eab3ce80', 'Americano', 2, 100, 200);

INSERT INTO public.orders (id, order_id, status, amount, payment_method, cashier_name, created_at)
VALUES ('4b43df88-2af6-4a52-b869-8365d342f3ff', 'ORD-01471', 'Completed', 360, 'Credit Card', 'System Seed', '2026-05-18T01:22:51.990Z');

INSERT INTO public.order_items (order_id, product_id, name, quantity, unit_price, subtotal)
VALUES ('4b43df88-2af6-4a52-b869-8365d342f3ff', '48233f0a-6e57-4a45-b033-627d13f1be78', 'Cappuccino', 3, 120, 360);

INSERT INTO public.orders (id, order_id, status, amount, payment_method, cashier_name, created_at)
VALUES ('05ca5205-d35f-4c44-82a4-898e0702fc51', 'ORD-01472', 'Completed', 330, 'Maya', 'System Seed', '2026-05-18T10:33:20.990Z');

INSERT INTO public.order_items (order_id, product_id, name, quantity, unit_price, subtotal)
VALUES ('05ca5205-d35f-4c44-82a4-898e0702fc51', '48233f0a-6e57-4a45-b033-627d13f1be78', 'Cappuccino', 1, 120, 120);

INSERT INTO public.order_items (order_id, product_id, name, quantity, unit_price, subtotal)
VALUES ('05ca5205-d35f-4c44-82a4-898e0702fc51', '48233f0a-6e57-4a45-b033-627d13f1be78', 'Cappuccino', 1, 120, 120);

INSERT INTO public.order_items (order_id, product_id, name, quantity, unit_price, subtotal)
VALUES ('05ca5205-d35f-4c44-82a4-898e0702fc51', 'fe6b02e6-9366-4abd-874c-fcb832e0e282', 'Green Tea', 1, 90, 90);

INSERT INTO public.orders (id, order_id, status, amount, payment_method, cashier_name, created_at)
VALUES ('26a6fdc0-0628-4062-9a7d-eb97b5656806', 'ORD-01473', 'Completed', 470, 'GCash', 'System Seed', '2026-05-18T01:21:31.990Z');

INSERT INTO public.order_items (order_id, product_id, name, quantity, unit_price, subtotal)
VALUES ('26a6fdc0-0628-4062-9a7d-eb97b5656806', 'dfe22f11-84a3-41d2-a268-149f012eae60', 'Sparkling Lemonade', 1, 110, 110);

INSERT INTO public.order_items (order_id, product_id, name, quantity, unit_price, subtotal)
VALUES ('26a6fdc0-0628-4062-9a7d-eb97b5656806', '83a6812d-2665-4ce5-871a-78a4eab3ce80', 'Americano', 2, 100, 200);

INSERT INTO public.order_items (order_id, product_id, name, quantity, unit_price, subtotal)
VALUES ('26a6fdc0-0628-4062-9a7d-eb97b5656806', '65f0b94f-ccbe-4b50-a175-66810ae10f44', 'Croissant', 2, 80, 160);

INSERT INTO public.orders (id, order_id, status, amount, payment_method, cashier_name, created_at)
VALUES ('a52ef9b0-0d1f-4d4b-9bb6-0aa0b5a25282', 'ORD-01474', 'Void (Not Made)', 360, 'Maya', 'System Seed', '2026-05-18T06:49:49.990Z');

INSERT INTO public.order_items (order_id, product_id, name, quantity, unit_price, subtotal)
VALUES ('a52ef9b0-0d1f-4d4b-9bb6-0aa0b5a25282', '83a6812d-2665-4ce5-871a-78a4eab3ce80', 'Americano', 2, 100, 200);

INSERT INTO public.order_items (order_id, product_id, name, quantity, unit_price, subtotal)
VALUES ('a52ef9b0-0d1f-4d4b-9bb6-0aa0b5a25282', '65f0b94f-ccbe-4b50-a175-66810ae10f44', 'Croissant', 2, 80, 160);

INSERT INTO public.orders (id, order_id, status, amount, payment_method, cashier_name, created_at)
VALUES ('60b570bf-c06f-45d4-b3b8-25d61f84615d', 'ORD-01475', 'Completed', 770, 'Cash', 'System Seed', '2026-05-19T01:29:28.990Z');

INSERT INTO public.order_items (order_id, product_id, name, quantity, unit_price, subtotal)
VALUES ('60b570bf-c06f-45d4-b3b8-25d61f84615d', '65f0b94f-ccbe-4b50-a175-66810ae10f44', 'Croissant', 3, 80, 240);

INSERT INTO public.order_items (order_id, product_id, name, quantity, unit_price, subtotal)
VALUES ('60b570bf-c06f-45d4-b3b8-25d61f84615d', 'dfe22f11-84a3-41d2-a268-149f012eae60', 'Sparkling Lemonade', 1, 110, 110);

INSERT INTO public.order_items (order_id, product_id, name, quantity, unit_price, subtotal)
VALUES ('60b570bf-c06f-45d4-b3b8-25d61f84615d', '48233f0a-6e57-4a45-b033-627d13f1be78', 'Cappuccino', 1, 120, 120);

INSERT INTO public.order_items (order_id, product_id, name, quantity, unit_price, subtotal)
VALUES ('60b570bf-c06f-45d4-b3b8-25d61f84615d', '83a6812d-2665-4ce5-871a-78a4eab3ce80', 'Americano', 3, 100, 300);

INSERT INTO public.orders (id, order_id, status, amount, payment_method, cashier_name, created_at)
VALUES ('d1cc4626-3868-4b5d-9d6a-3d7120beb4c6', 'ORD-01476', 'Completed', 510, 'GCash', 'System Seed', '2026-05-19T02:22:31.990Z');

INSERT INTO public.order_items (order_id, product_id, name, quantity, unit_price, subtotal)
VALUES ('d1cc4626-3868-4b5d-9d6a-3d7120beb4c6', '3a6a55c0-70f3-4417-a252-db77d9e511c0', 'Latte', 1, 120, 120);

INSERT INTO public.order_items (order_id, product_id, name, quantity, unit_price, subtotal)
VALUES ('d1cc4626-3868-4b5d-9d6a-3d7120beb4c6', 'fe6b02e6-9366-4abd-874c-fcb832e0e282', 'Green Tea', 3, 90, 270);

INSERT INTO public.order_items (order_id, product_id, name, quantity, unit_price, subtotal)
VALUES ('d1cc4626-3868-4b5d-9d6a-3d7120beb4c6', '3a6a55c0-70f3-4417-a252-db77d9e511c0', 'Latte', 1, 120, 120);

INSERT INTO public.orders (id, order_id, status, amount, payment_method, cashier_name, created_at)
VALUES ('4991ef37-1a1c-4def-8ae8-98370db8c7c0', 'ORD-01477', 'Void (Consumed)', 545, 'Maya', 'System Seed', '2026-05-19T10:03:48.990Z');

INSERT INTO public.order_items (order_id, product_id, name, quantity, unit_price, subtotal)
VALUES ('4991ef37-1a1c-4def-8ae8-98370db8c7c0', '36c93748-7c86-4ddb-ba49-1bd1a164bf42', 'Blueberry Muffin', 1, 95, 95);

INSERT INTO public.order_items (order_id, product_id, name, quantity, unit_price, subtotal)
VALUES ('4991ef37-1a1c-4def-8ae8-98370db8c7c0', 'dfe22f11-84a3-41d2-a268-149f012eae60', 'Sparkling Lemonade', 3, 110, 330);

INSERT INTO public.order_items (order_id, product_id, name, quantity, unit_price, subtotal)
VALUES ('4991ef37-1a1c-4def-8ae8-98370db8c7c0', '3a6a55c0-70f3-4417-a252-db77d9e511c0', 'Latte', 1, 120, 120);

INSERT INTO public.orders (id, order_id, status, amount, payment_method, cashier_name, created_at)
VALUES ('bc790367-2559-4cf1-ba7f-c731f38149f1', 'ORD-01478', 'Completed', 440, 'Maya', 'System Seed', '2026-05-19T06:27:41.990Z');

INSERT INTO public.order_items (order_id, product_id, name, quantity, unit_price, subtotal)
VALUES ('bc790367-2559-4cf1-ba7f-c731f38149f1', '3a6a55c0-70f3-4417-a252-db77d9e511c0', 'Latte', 3, 120, 360);

INSERT INTO public.order_items (order_id, product_id, name, quantity, unit_price, subtotal)
VALUES ('bc790367-2559-4cf1-ba7f-c731f38149f1', '65f0b94f-ccbe-4b50-a175-66810ae10f44', 'Croissant', 1, 80, 80);

INSERT INTO public.orders (id, order_id, status, amount, payment_method, cashier_name, created_at)
VALUES ('c787719f-2ffc-4330-83cf-4eeac6185239', 'ORD-01479', 'Void (Not Made)', 740, 'Cash', 'System Seed', '2026-05-18T23:59:26.990Z');

INSERT INTO public.order_items (order_id, product_id, name, quantity, unit_price, subtotal)
VALUES ('c787719f-2ffc-4330-83cf-4eeac6185239', '48233f0a-6e57-4a45-b033-627d13f1be78', 'Cappuccino', 1, 120, 120);

INSERT INTO public.order_items (order_id, product_id, name, quantity, unit_price, subtotal)
VALUES ('c787719f-2ffc-4330-83cf-4eeac6185239', '48233f0a-6e57-4a45-b033-627d13f1be78', 'Cappuccino', 2, 120, 240);

INSERT INTO public.order_items (order_id, product_id, name, quantity, unit_price, subtotal)
VALUES ('c787719f-2ffc-4330-83cf-4eeac6185239', '3a6a55c0-70f3-4417-a252-db77d9e511c0', 'Latte', 2, 120, 240);

INSERT INTO public.order_items (order_id, product_id, name, quantity, unit_price, subtotal)
VALUES ('c787719f-2ffc-4330-83cf-4eeac6185239', '1b5c6269-ce45-4413-acb8-21813cd7f9cf', 'Mocha', 1, 140, 140);

INSERT INTO public.orders (id, order_id, status, amount, payment_method, cashier_name, created_at)
VALUES ('3754a782-6e8f-465f-9cc9-69248e4975dd', 'ORD-01480', 'Completed', 110, 'Cash', 'System Seed', '2026-05-19T09:57:06.990Z');

INSERT INTO public.order_items (order_id, product_id, name, quantity, unit_price, subtotal)
VALUES ('3754a782-6e8f-465f-9cc9-69248e4975dd', 'dfe22f11-84a3-41d2-a268-149f012eae60', 'Sparkling Lemonade', 1, 110, 110);

INSERT INTO public.orders (id, order_id, status, amount, payment_method, cashier_name, created_at)
VALUES ('80e0ed83-500c-444f-aa06-5b673776b12d', 'ORD-01481', 'Void (Consumed)', 470, 'Credit Card', 'System Seed', '2026-05-19T10:29:17.990Z');

INSERT INTO public.order_items (order_id, product_id, name, quantity, unit_price, subtotal)
VALUES ('80e0ed83-500c-444f-aa06-5b673776b12d', '36c93748-7c86-4ddb-ba49-1bd1a164bf42', 'Blueberry Muffin', 1, 95, 95);

INSERT INTO public.order_items (order_id, product_id, name, quantity, unit_price, subtotal)
VALUES ('80e0ed83-500c-444f-aa06-5b673776b12d', '36c93748-7c86-4ddb-ba49-1bd1a164bf42', 'Blueberry Muffin', 1, 95, 95);

INSERT INTO public.order_items (order_id, product_id, name, quantity, unit_price, subtotal)
VALUES ('80e0ed83-500c-444f-aa06-5b673776b12d', 'fe6b02e6-9366-4abd-874c-fcb832e0e282', 'Green Tea', 2, 90, 180);

INSERT INTO public.order_items (order_id, product_id, name, quantity, unit_price, subtotal)
VALUES ('80e0ed83-500c-444f-aa06-5b673776b12d', '83a6812d-2665-4ce5-871a-78a4eab3ce80', 'Americano', 1, 100, 100);

INSERT INTO public.orders (id, order_id, status, amount, payment_method, cashier_name, created_at)
VALUES ('f4824656-f76b-4d4d-901f-5264ff5943ba', 'ORD-01482', 'Completed', 140, 'GCash', 'System Seed', '2026-05-19T00:04:36.990Z');

INSERT INTO public.order_items (order_id, product_id, name, quantity, unit_price, subtotal)
VALUES ('f4824656-f76b-4d4d-901f-5264ff5943ba', '1b5c6269-ce45-4413-acb8-21813cd7f9cf', 'Mocha', 1, 140, 140);

INSERT INTO public.orders (id, order_id, status, amount, payment_method, cashier_name, created_at)
VALUES ('f1c5c809-b21c-4565-91dd-762c0c3c396f', 'ORD-01483', 'Completed', 95, 'Cash', 'System Seed', '2026-05-19T04:20:49.990Z');

INSERT INTO public.order_items (order_id, product_id, name, quantity, unit_price, subtotal)
VALUES ('f1c5c809-b21c-4565-91dd-762c0c3c396f', '36c93748-7c86-4ddb-ba49-1bd1a164bf42', 'Blueberry Muffin', 1, 95, 95);

INSERT INTO public.orders (id, order_id, status, amount, payment_method, cashier_name, created_at)
VALUES ('b121d38c-5836-4359-83ea-29182fd58f9f', 'ORD-01484', 'Void (Not Made)', 820, 'GCash', 'System Seed', '2026-05-19T07:18:04.990Z');

INSERT INTO public.order_items (order_id, product_id, name, quantity, unit_price, subtotal)
VALUES ('b121d38c-5836-4359-83ea-29182fd58f9f', '1b5c6269-ce45-4413-acb8-21813cd7f9cf', 'Mocha', 2, 140, 280);

INSERT INTO public.order_items (order_id, product_id, name, quantity, unit_price, subtotal)
VALUES ('b121d38c-5836-4359-83ea-29182fd58f9f', '3a6a55c0-70f3-4417-a252-db77d9e511c0', 'Latte', 2, 120, 240);

INSERT INTO public.order_items (order_id, product_id, name, quantity, unit_price, subtotal)
VALUES ('b121d38c-5836-4359-83ea-29182fd58f9f', '36c93748-7c86-4ddb-ba49-1bd1a164bf42', 'Blueberry Muffin', 2, 95, 190);

INSERT INTO public.order_items (order_id, product_id, name, quantity, unit_price, subtotal)
VALUES ('b121d38c-5836-4359-83ea-29182fd58f9f', 'dfe22f11-84a3-41d2-a268-149f012eae60', 'Sparkling Lemonade', 1, 110, 110);

INSERT INTO public.orders (id, order_id, status, amount, payment_method, cashier_name, created_at)
VALUES ('2ad73e69-0b5f-4f56-8712-b47fa3cd187c', 'ORD-01485', 'Completed', 80, 'Maya', 'System Seed', '2026-05-19T07:42:02.990Z');

INSERT INTO public.order_items (order_id, product_id, name, quantity, unit_price, subtotal)
VALUES ('2ad73e69-0b5f-4f56-8712-b47fa3cd187c', '65f0b94f-ccbe-4b50-a175-66810ae10f44', 'Croissant', 1, 80, 80);

INSERT INTO public.orders (id, order_id, status, amount, payment_method, cashier_name, created_at)
VALUES ('f2ef0278-d7d1-4d9b-ab07-fc7cbafd043c', 'ORD-01486', 'Void (Not Made)', 640, 'Cash', 'System Seed', '2026-05-19T09:52:37.990Z');

INSERT INTO public.order_items (order_id, product_id, name, quantity, unit_price, subtotal)
VALUES ('f2ef0278-d7d1-4d9b-ab07-fc7cbafd043c', '3a6a55c0-70f3-4417-a252-db77d9e511c0', 'Latte', 3, 120, 360);

INSERT INTO public.order_items (order_id, product_id, name, quantity, unit_price, subtotal)
VALUES ('f2ef0278-d7d1-4d9b-ab07-fc7cbafd043c', '36c93748-7c86-4ddb-ba49-1bd1a164bf42', 'Blueberry Muffin', 2, 95, 190);

INSERT INTO public.order_items (order_id, product_id, name, quantity, unit_price, subtotal)
VALUES ('f2ef0278-d7d1-4d9b-ab07-fc7cbafd043c', 'fe6b02e6-9366-4abd-874c-fcb832e0e282', 'Green Tea', 1, 90, 90);

INSERT INTO public.orders (id, order_id, status, amount, payment_method, cashier_name, created_at)
VALUES ('1bb0245e-a2c7-4ad3-a9ec-4233df0fea7f', 'ORD-01487', 'Completed', 360, 'Maya', 'System Seed', '2026-05-19T00:31:26.990Z');

INSERT INTO public.order_items (order_id, product_id, name, quantity, unit_price, subtotal)
VALUES ('1bb0245e-a2c7-4ad3-a9ec-4233df0fea7f', '3a6a55c0-70f3-4417-a252-db77d9e511c0', 'Latte', 3, 120, 360);

INSERT INTO public.orders (id, order_id, status, amount, payment_method, cashier_name, created_at)
VALUES ('6ac1f90f-46c3-41ec-b06a-5fa92d7e9d91', 'ORD-01488', 'Completed', 240, 'Cash', 'System Seed', '2026-05-19T02:33:46.990Z');

INSERT INTO public.order_items (order_id, product_id, name, quantity, unit_price, subtotal)
VALUES ('6ac1f90f-46c3-41ec-b06a-5fa92d7e9d91', '65f0b94f-ccbe-4b50-a175-66810ae10f44', 'Croissant', 3, 80, 240);

INSERT INTO public.orders (id, order_id, status, amount, payment_method, cashier_name, created_at)
VALUES ('f6326fb4-116c-41ea-a8f4-c1702f6e8786', 'ORD-01489', 'Completed', 180, 'Maya', 'System Seed', '2026-05-19T03:24:06.990Z');

INSERT INTO public.order_items (order_id, product_id, name, quantity, unit_price, subtotal)
VALUES ('f6326fb4-116c-41ea-a8f4-c1702f6e8786', 'fe6b02e6-9366-4abd-874c-fcb832e0e282', 'Green Tea', 2, 90, 180);

INSERT INTO public.orders (id, order_id, status, amount, payment_method, cashier_name, created_at)
VALUES ('945f2ba3-fa5b-49a2-9543-384f4d4433d3', 'ORD-01490', 'Completed', 780, 'Credit Card', 'System Seed', '2026-05-19T06:52:08.990Z');

INSERT INTO public.order_items (order_id, product_id, name, quantity, unit_price, subtotal)
VALUES ('945f2ba3-fa5b-49a2-9543-384f4d4433d3', '65f0b94f-ccbe-4b50-a175-66810ae10f44', 'Croissant', 2, 80, 160);

INSERT INTO public.order_items (order_id, product_id, name, quantity, unit_price, subtotal)
VALUES ('945f2ba3-fa5b-49a2-9543-384f4d4433d3', '3a6a55c0-70f3-4417-a252-db77d9e511c0', 'Latte', 1, 120, 120);

INSERT INTO public.order_items (order_id, product_id, name, quantity, unit_price, subtotal)
VALUES ('945f2ba3-fa5b-49a2-9543-384f4d4433d3', '1b5c6269-ce45-4413-acb8-21813cd7f9cf', 'Mocha', 3, 140, 420);

INSERT INTO public.order_items (order_id, product_id, name, quantity, unit_price, subtotal)
VALUES ('945f2ba3-fa5b-49a2-9543-384f4d4433d3', '65f0b94f-ccbe-4b50-a175-66810ae10f44', 'Croissant', 1, 80, 80);

INSERT INTO public.orders (id, order_id, status, amount, payment_method, cashier_name, created_at)
VALUES ('c49f509d-18d0-438f-9227-baf4ee63b6f4', 'ORD-01491', 'Completed', 460, 'Cash', 'System Seed', '2026-05-19T05:47:39.990Z');

INSERT INTO public.order_items (order_id, product_id, name, quantity, unit_price, subtotal)
VALUES ('c49f509d-18d0-438f-9227-baf4ee63b6f4', '1b5c6269-ce45-4413-acb8-21813cd7f9cf', 'Mocha', 1, 140, 140);

INSERT INTO public.order_items (order_id, product_id, name, quantity, unit_price, subtotal)
VALUES ('c49f509d-18d0-438f-9227-baf4ee63b6f4', '65f0b94f-ccbe-4b50-a175-66810ae10f44', 'Croissant', 1, 80, 80);

INSERT INTO public.order_items (order_id, product_id, name, quantity, unit_price, subtotal)
VALUES ('c49f509d-18d0-438f-9227-baf4ee63b6f4', '48233f0a-6e57-4a45-b033-627d13f1be78', 'Cappuccino', 2, 120, 240);

INSERT INTO public.orders (id, order_id, status, amount, payment_method, cashier_name, created_at)
VALUES ('36d5d576-7bd2-4b31-a22a-88adf19cfe13', 'ORD-01492', 'Void (Not Made)', 810, 'Cash', 'System Seed', '2026-05-18T23:50:34.990Z');

INSERT INTO public.order_items (order_id, product_id, name, quantity, unit_price, subtotal)
VALUES ('36d5d576-7bd2-4b31-a22a-88adf19cfe13', '48233f0a-6e57-4a45-b033-627d13f1be78', 'Cappuccino', 3, 120, 360);

INSERT INTO public.order_items (order_id, product_id, name, quantity, unit_price, subtotal)
VALUES ('36d5d576-7bd2-4b31-a22a-88adf19cfe13', '48233f0a-6e57-4a45-b033-627d13f1be78', 'Cappuccino', 1, 120, 120);

INSERT INTO public.order_items (order_id, product_id, name, quantity, unit_price, subtotal)
VALUES ('36d5d576-7bd2-4b31-a22a-88adf19cfe13', 'dfe22f11-84a3-41d2-a268-149f012eae60', 'Sparkling Lemonade', 3, 110, 330);

INSERT INTO public.orders (id, order_id, status, amount, payment_method, cashier_name, created_at)
VALUES ('3ad06c75-0c1d-498f-9651-76b45a8d3eea', 'ORD-01493', 'Completed', 560, 'Cash', 'System Seed', '2026-05-19T09:04:23.990Z');

INSERT INTO public.order_items (order_id, product_id, name, quantity, unit_price, subtotal)
VALUES ('3ad06c75-0c1d-498f-9651-76b45a8d3eea', 'dfe22f11-84a3-41d2-a268-149f012eae60', 'Sparkling Lemonade', 1, 110, 110);

INSERT INTO public.order_items (order_id, product_id, name, quantity, unit_price, subtotal)
VALUES ('3ad06c75-0c1d-498f-9651-76b45a8d3eea', 'fe6b02e6-9366-4abd-874c-fcb832e0e282', 'Green Tea', 1, 90, 90);

INSERT INTO public.order_items (order_id, product_id, name, quantity, unit_price, subtotal)
VALUES ('3ad06c75-0c1d-498f-9651-76b45a8d3eea', '3a6a55c0-70f3-4417-a252-db77d9e511c0', 'Latte', 3, 120, 360);

INSERT INTO public.orders (id, order_id, status, amount, payment_method, cashier_name, created_at)
VALUES ('100c8329-31a0-4a0f-aacc-695193adf4a0', 'ORD-01494', 'Completed', 450, 'Credit Card', 'System Seed', '2026-05-19T06:15:52.990Z');

INSERT INTO public.order_items (order_id, product_id, name, quantity, unit_price, subtotal)
VALUES ('100c8329-31a0-4a0f-aacc-695193adf4a0', '1b5c6269-ce45-4413-acb8-21813cd7f9cf', 'Mocha', 2, 140, 280);

INSERT INTO public.order_items (order_id, product_id, name, quantity, unit_price, subtotal)
VALUES ('100c8329-31a0-4a0f-aacc-695193adf4a0', 'fe6b02e6-9366-4abd-874c-fcb832e0e282', 'Green Tea', 1, 90, 90);

INSERT INTO public.order_items (order_id, product_id, name, quantity, unit_price, subtotal)
VALUES ('100c8329-31a0-4a0f-aacc-695193adf4a0', '65f0b94f-ccbe-4b50-a175-66810ae10f44', 'Croissant', 1, 80, 80);

INSERT INTO public.orders (id, order_id, status, amount, payment_method, cashier_name, created_at)
VALUES ('91efb7d5-9e67-4c61-9383-ca53103ec707', 'ORD-01495', 'Void (Not Made)', 520, 'Cash', 'System Seed', '2026-05-18T23:39:53.990Z');

INSERT INTO public.order_items (order_id, product_id, name, quantity, unit_price, subtotal)
VALUES ('91efb7d5-9e67-4c61-9383-ca53103ec707', '65f0b94f-ccbe-4b50-a175-66810ae10f44', 'Croissant', 2, 80, 160);

INSERT INTO public.order_items (order_id, product_id, name, quantity, unit_price, subtotal)
VALUES ('91efb7d5-9e67-4c61-9383-ca53103ec707', '3a6a55c0-70f3-4417-a252-db77d9e511c0', 'Latte', 3, 120, 360);

INSERT INTO public.orders (id, order_id, status, amount, payment_method, cashier_name, created_at)
VALUES ('6d329f5c-0431-4e3a-b2de-cc4af4316728', 'ORD-01496', 'Void (Consumed)', 380, 'Maya', 'System Seed', '2026-05-19T02:42:32.990Z');

INSERT INTO public.order_items (order_id, product_id, name, quantity, unit_price, subtotal)
VALUES ('6d329f5c-0431-4e3a-b2de-cc4af4316728', '1b5c6269-ce45-4413-acb8-21813cd7f9cf', 'Mocha', 2, 140, 280);

INSERT INTO public.order_items (order_id, product_id, name, quantity, unit_price, subtotal)
VALUES ('6d329f5c-0431-4e3a-b2de-cc4af4316728', '83a6812d-2665-4ce5-871a-78a4eab3ce80', 'Americano', 1, 100, 100);

INSERT INTO public.orders (id, order_id, status, amount, payment_method, cashier_name, created_at)
VALUES ('1d82915c-497a-4783-942b-1dd36a343d26', 'ORD-01497', 'Completed', 450, 'GCash', 'System Seed', '2026-05-19T03:50:29.990Z');

INSERT INTO public.order_items (order_id, product_id, name, quantity, unit_price, subtotal)
VALUES ('1d82915c-497a-4783-942b-1dd36a343d26', '48233f0a-6e57-4a45-b033-627d13f1be78', 'Cappuccino', 1, 120, 120);

INSERT INTO public.order_items (order_id, product_id, name, quantity, unit_price, subtotal)
VALUES ('1d82915c-497a-4783-942b-1dd36a343d26', 'dfe22f11-84a3-41d2-a268-149f012eae60', 'Sparkling Lemonade', 1, 110, 110);

INSERT INTO public.order_items (order_id, product_id, name, quantity, unit_price, subtotal)
VALUES ('1d82915c-497a-4783-942b-1dd36a343d26', '3a6a55c0-70f3-4417-a252-db77d9e511c0', 'Latte', 1, 120, 120);

INSERT INTO public.order_items (order_id, product_id, name, quantity, unit_price, subtotal)
VALUES ('1d82915c-497a-4783-942b-1dd36a343d26', '83a6812d-2665-4ce5-871a-78a4eab3ce80', 'Americano', 1, 100, 100);

INSERT INTO public.orders (id, order_id, status, amount, payment_method, cashier_name, created_at)
VALUES ('1e8c29e8-62d2-4efa-9d9b-9976421d3cc5', 'ORD-01498', 'Completed', 540, 'Maya', 'System Seed', '2026-05-19T00:10:02.990Z');

INSERT INTO public.order_items (order_id, product_id, name, quantity, unit_price, subtotal)
VALUES ('1e8c29e8-62d2-4efa-9d9b-9976421d3cc5', '83a6812d-2665-4ce5-871a-78a4eab3ce80', 'Americano', 2, 100, 200);

INSERT INTO public.order_items (order_id, product_id, name, quantity, unit_price, subtotal)
VALUES ('1e8c29e8-62d2-4efa-9d9b-9976421d3cc5', '48233f0a-6e57-4a45-b033-627d13f1be78', 'Cappuccino', 2, 120, 240);

INSERT INTO public.order_items (order_id, product_id, name, quantity, unit_price, subtotal)
VALUES ('1e8c29e8-62d2-4efa-9d9b-9976421d3cc5', '83a6812d-2665-4ce5-871a-78a4eab3ce80', 'Americano', 1, 100, 100);

INSERT INTO public.orders (id, order_id, status, amount, payment_method, cashier_name, created_at)
VALUES ('59666b2d-05f9-4412-843f-722b29e104c8', 'ORD-01499', 'Void (Consumed)', 600, 'Cash', 'System Seed', '2026-05-19T08:14:30.990Z');

INSERT INTO public.order_items (order_id, product_id, name, quantity, unit_price, subtotal)
VALUES ('59666b2d-05f9-4412-843f-722b29e104c8', 'fe6b02e6-9366-4abd-874c-fcb832e0e282', 'Green Tea', 3, 90, 270);

INSERT INTO public.order_items (order_id, product_id, name, quantity, unit_price, subtotal)
VALUES ('59666b2d-05f9-4412-843f-722b29e104c8', 'fe6b02e6-9366-4abd-874c-fcb832e0e282', 'Green Tea', 1, 90, 90);

INSERT INTO public.order_items (order_id, product_id, name, quantity, unit_price, subtotal)
VALUES ('59666b2d-05f9-4412-843f-722b29e104c8', '65f0b94f-ccbe-4b50-a175-66810ae10f44', 'Croissant', 3, 80, 240);

INSERT INTO public.orders (id, order_id, status, amount, payment_method, cashier_name, created_at)
VALUES ('ba5b5ecc-6803-40e0-85f5-2d963bdefbd6', 'ORD-01500', 'Void (Consumed)', 520, 'Credit Card', 'System Seed', '2026-05-19T06:06:10.990Z');

INSERT INTO public.order_items (order_id, product_id, name, quantity, unit_price, subtotal)
VALUES ('ba5b5ecc-6803-40e0-85f5-2d963bdefbd6', '3a6a55c0-70f3-4417-a252-db77d9e511c0', 'Latte', 2, 120, 240);

INSERT INTO public.order_items (order_id, product_id, name, quantity, unit_price, subtotal)
VALUES ('ba5b5ecc-6803-40e0-85f5-2d963bdefbd6', '1b5c6269-ce45-4413-acb8-21813cd7f9cf', 'Mocha', 2, 140, 280);

INSERT INTO public.orders (id, order_id, status, amount, payment_method, cashier_name, created_at)
VALUES ('3e9abfaf-25ef-4d1c-910e-842abbee028a', 'ORD-01501', 'Void (Not Made)', 240, 'GCash', 'System Seed', '2026-05-19T06:25:23.990Z');

INSERT INTO public.order_items (order_id, product_id, name, quantity, unit_price, subtotal)
VALUES ('3e9abfaf-25ef-4d1c-910e-842abbee028a', '48233f0a-6e57-4a45-b033-627d13f1be78', 'Cappuccino', 2, 120, 240);

INSERT INTO public.orders (id, order_id, status, amount, payment_method, cashier_name, created_at)
VALUES ('88dd4b87-3b7b-407b-b41c-61b1ba333f17', 'ORD-01502', 'Completed', 310, 'Credit Card', 'System Seed', '2026-05-19T01:12:06.990Z');

INSERT INTO public.order_items (order_id, product_id, name, quantity, unit_price, subtotal)
VALUES ('88dd4b87-3b7b-407b-b41c-61b1ba333f17', 'dfe22f11-84a3-41d2-a268-149f012eae60', 'Sparkling Lemonade', 1, 110, 110);

INSERT INTO public.order_items (order_id, product_id, name, quantity, unit_price, subtotal)
VALUES ('88dd4b87-3b7b-407b-b41c-61b1ba333f17', '83a6812d-2665-4ce5-871a-78a4eab3ce80', 'Americano', 2, 100, 200);

INSERT INTO public.orders (id, order_id, status, amount, payment_method, cashier_name, created_at)
VALUES ('b9c5655c-9267-4535-b94d-001ae49b2fd0', 'ORD-01503', 'Void (Consumed)', 160, 'GCash', 'System Seed', '2026-05-19T04:29:19.990Z');

INSERT INTO public.order_items (order_id, product_id, name, quantity, unit_price, subtotal)
VALUES ('b9c5655c-9267-4535-b94d-001ae49b2fd0', '65f0b94f-ccbe-4b50-a175-66810ae10f44', 'Croissant', 2, 80, 160);

INSERT INTO public.orders (id, order_id, status, amount, payment_method, cashier_name, created_at)
VALUES ('eac74447-9400-4724-a0c5-c5b2b73acf94', 'ORD-01504', 'Completed', 530, 'Cash', 'System Seed', '2026-05-19T08:36:20.990Z');

INSERT INTO public.order_items (order_id, product_id, name, quantity, unit_price, subtotal)
VALUES ('eac74447-9400-4724-a0c5-c5b2b73acf94', 'dfe22f11-84a3-41d2-a268-149f012eae60', 'Sparkling Lemonade', 3, 110, 330);

INSERT INTO public.order_items (order_id, product_id, name, quantity, unit_price, subtotal)
VALUES ('eac74447-9400-4724-a0c5-c5b2b73acf94', '83a6812d-2665-4ce5-871a-78a4eab3ce80', 'Americano', 2, 100, 200);

INSERT INTO public.orders (id, order_id, status, amount, payment_method, cashier_name, created_at)
VALUES ('72f8dd29-0571-4900-a5d7-3112c8a96611', 'ORD-01505', 'Completed', 90, 'Maya', 'System Seed', '2026-05-19T11:19:04.990Z');

INSERT INTO public.order_items (order_id, product_id, name, quantity, unit_price, subtotal)
VALUES ('72f8dd29-0571-4900-a5d7-3112c8a96611', 'fe6b02e6-9366-4abd-874c-fcb832e0e282', 'Green Tea', 1, 90, 90);

INSERT INTO public.orders (id, order_id, status, amount, payment_method, cashier_name, created_at)
VALUES ('c8982526-bdd5-4716-823b-1f905ba400f6', 'ORD-01506', 'Completed', 760, 'Credit Card', 'System Seed', '2026-05-18T23:51:19.990Z');

INSERT INTO public.order_items (order_id, product_id, name, quantity, unit_price, subtotal)
VALUES ('c8982526-bdd5-4716-823b-1f905ba400f6', '48233f0a-6e57-4a45-b033-627d13f1be78', 'Cappuccino', 3, 120, 360);

INSERT INTO public.order_items (order_id, product_id, name, quantity, unit_price, subtotal)
VALUES ('c8982526-bdd5-4716-823b-1f905ba400f6', '83a6812d-2665-4ce5-871a-78a4eab3ce80', 'Americano', 1, 100, 100);

INSERT INTO public.order_items (order_id, product_id, name, quantity, unit_price, subtotal)
VALUES ('c8982526-bdd5-4716-823b-1f905ba400f6', '48233f0a-6e57-4a45-b033-627d13f1be78', 'Cappuccino', 1, 120, 120);

INSERT INTO public.order_items (order_id, product_id, name, quantity, unit_price, subtotal)
VALUES ('c8982526-bdd5-4716-823b-1f905ba400f6', 'fe6b02e6-9366-4abd-874c-fcb832e0e282', 'Green Tea', 2, 90, 180);

INSERT INTO public.orders (id, order_id, status, amount, payment_method, cashier_name, created_at)
VALUES ('2c02dfc5-d5cb-4d80-bc0e-8b65e0d5a4d3', 'ORD-01507', 'Completed', 700, 'Cash', 'System Seed', '2026-05-19T05:19:49.990Z');

INSERT INTO public.order_items (order_id, product_id, name, quantity, unit_price, subtotal)
VALUES ('2c02dfc5-d5cb-4d80-bc0e-8b65e0d5a4d3', '65f0b94f-ccbe-4b50-a175-66810ae10f44', 'Croissant', 2, 80, 160);

INSERT INTO public.order_items (order_id, product_id, name, quantity, unit_price, subtotal)
VALUES ('2c02dfc5-d5cb-4d80-bc0e-8b65e0d5a4d3', 'fe6b02e6-9366-4abd-874c-fcb832e0e282', 'Green Tea', 2, 90, 180);

INSERT INTO public.order_items (order_id, product_id, name, quantity, unit_price, subtotal)
VALUES ('2c02dfc5-d5cb-4d80-bc0e-8b65e0d5a4d3', '48233f0a-6e57-4a45-b033-627d13f1be78', 'Cappuccino', 3, 120, 360);

INSERT INTO public.orders (id, order_id, status, amount, payment_method, cashier_name, created_at)
VALUES ('cf391d6e-396e-40d0-9f91-19bc2c5a15b2', 'ORD-01508', 'Void (Not Made)', 515, 'GCash', 'System Seed', '2026-05-19T12:54:15.990Z');

INSERT INTO public.order_items (order_id, product_id, name, quantity, unit_price, subtotal)
VALUES ('cf391d6e-396e-40d0-9f91-19bc2c5a15b2', '36c93748-7c86-4ddb-ba49-1bd1a164bf42', 'Blueberry Muffin', 1, 95, 95);

INSERT INTO public.order_items (order_id, product_id, name, quantity, unit_price, subtotal)
VALUES ('cf391d6e-396e-40d0-9f91-19bc2c5a15b2', '1b5c6269-ce45-4413-acb8-21813cd7f9cf', 'Mocha', 3, 140, 420);

INSERT INTO public.orders (id, order_id, status, amount, payment_method, cashier_name, created_at)
VALUES ('3c585c95-e3cf-4660-b1f3-777b4a3ba8cd', 'ORD-01509', 'Completed', 280, 'Credit Card', 'System Seed', '2026-05-19T09:43:05.990Z');

INSERT INTO public.order_items (order_id, product_id, name, quantity, unit_price, subtotal)
VALUES ('3c585c95-e3cf-4660-b1f3-777b4a3ba8cd', '1b5c6269-ce45-4413-acb8-21813cd7f9cf', 'Mocha', 2, 140, 280);

INSERT INTO public.orders (id, order_id, status, amount, payment_method, cashier_name, created_at)
VALUES ('d99aa792-5b4f-4940-ae0e-33f4a344587a', 'ORD-01510', 'Completed', 240, 'Credit Card', 'System Seed', '2026-05-19T06:17:50.990Z');

INSERT INTO public.order_items (order_id, product_id, name, quantity, unit_price, subtotal)
VALUES ('d99aa792-5b4f-4940-ae0e-33f4a344587a', '48233f0a-6e57-4a45-b033-627d13f1be78', 'Cappuccino', 2, 120, 240);

INSERT INTO public.orders (id, order_id, status, amount, payment_method, cashier_name, created_at)
VALUES ('375d33c1-e7d5-41a4-901a-813d6e223dae', 'ORD-01511', 'Void (Consumed)', 550, 'GCash', 'System Seed', '2026-05-19T01:42:49.990Z');

INSERT INTO public.order_items (order_id, product_id, name, quantity, unit_price, subtotal)
VALUES ('375d33c1-e7d5-41a4-901a-813d6e223dae', '48233f0a-6e57-4a45-b033-627d13f1be78', 'Cappuccino', 3, 120, 360);

INSERT INTO public.order_items (order_id, product_id, name, quantity, unit_price, subtotal)
VALUES ('375d33c1-e7d5-41a4-901a-813d6e223dae', '36c93748-7c86-4ddb-ba49-1bd1a164bf42', 'Blueberry Muffin', 2, 95, 190);

INSERT INTO public.orders (id, order_id, status, amount, payment_method, cashier_name, created_at)
VALUES ('2add8bb4-9d7b-446e-ba7e-b29349ee367d', 'ORD-01512', 'Completed', 200, 'Cash', 'System Seed', '2026-05-20T12:08:39.990Z');

INSERT INTO public.order_items (order_id, product_id, name, quantity, unit_price, subtotal)
VALUES ('2add8bb4-9d7b-446e-ba7e-b29349ee367d', '83a6812d-2665-4ce5-871a-78a4eab3ce80', 'Americano', 1, 100, 100);

INSERT INTO public.order_items (order_id, product_id, name, quantity, unit_price, subtotal)
VALUES ('2add8bb4-9d7b-446e-ba7e-b29349ee367d', '83a6812d-2665-4ce5-871a-78a4eab3ce80', 'Americano', 1, 100, 100);

INSERT INTO public.orders (id, order_id, status, amount, payment_method, cashier_name, created_at)
VALUES ('89c929da-ac28-4701-9c1a-9c2bedaae67f', 'ORD-01513', 'Completed', 240, 'Cash', 'System Seed', '2026-05-20T01:26:08.990Z');

INSERT INTO public.order_items (order_id, product_id, name, quantity, unit_price, subtotal)
VALUES ('89c929da-ac28-4701-9c1a-9c2bedaae67f', '65f0b94f-ccbe-4b50-a175-66810ae10f44', 'Croissant', 3, 80, 240);

INSERT INTO public.orders (id, order_id, status, amount, payment_method, cashier_name, created_at)
VALUES ('dfea4d24-0f6c-4b89-a5e5-5206d68c5d15', 'ORD-01514', 'Void (Not Made)', 735, 'Cash', 'System Seed', '2026-05-20T09:21:12.990Z');

INSERT INTO public.order_items (order_id, product_id, name, quantity, unit_price, subtotal)
VALUES ('dfea4d24-0f6c-4b89-a5e5-5206d68c5d15', '36c93748-7c86-4ddb-ba49-1bd1a164bf42', 'Blueberry Muffin', 1, 95, 95);

INSERT INTO public.order_items (order_id, product_id, name, quantity, unit_price, subtotal)
VALUES ('dfea4d24-0f6c-4b89-a5e5-5206d68c5d15', '1b5c6269-ce45-4413-acb8-21813cd7f9cf', 'Mocha', 2, 140, 280);

INSERT INTO public.order_items (order_id, product_id, name, quantity, unit_price, subtotal)
VALUES ('dfea4d24-0f6c-4b89-a5e5-5206d68c5d15', '48233f0a-6e57-4a45-b033-627d13f1be78', 'Cappuccino', 3, 120, 360);

INSERT INTO public.orders (id, order_id, status, amount, payment_method, cashier_name, created_at)
VALUES ('2c9068ec-e0e4-4217-baf3-47156b0d25de', 'ORD-01515', 'Completed', 810, 'Cash', 'System Seed', '2026-05-20T12:09:04.990Z');

INSERT INTO public.order_items (order_id, product_id, name, quantity, unit_price, subtotal)
VALUES ('2c9068ec-e0e4-4217-baf3-47156b0d25de', 'dfe22f11-84a3-41d2-a268-149f012eae60', 'Sparkling Lemonade', 1, 110, 110);

INSERT INTO public.order_items (order_id, product_id, name, quantity, unit_price, subtotal)
VALUES ('2c9068ec-e0e4-4217-baf3-47156b0d25de', '65f0b94f-ccbe-4b50-a175-66810ae10f44', 'Croissant', 3, 80, 240);

INSERT INTO public.order_items (order_id, product_id, name, quantity, unit_price, subtotal)
VALUES ('2c9068ec-e0e4-4217-baf3-47156b0d25de', '1b5c6269-ce45-4413-acb8-21813cd7f9cf', 'Mocha', 2, 140, 280);

INSERT INTO public.order_items (order_id, product_id, name, quantity, unit_price, subtotal)
VALUES ('2c9068ec-e0e4-4217-baf3-47156b0d25de', 'fe6b02e6-9366-4abd-874c-fcb832e0e282', 'Green Tea', 2, 90, 180);

INSERT INTO public.orders (id, order_id, status, amount, payment_method, cashier_name, created_at)
VALUES ('34582863-b0c9-4e87-968e-0d4fed5e7af9', 'ORD-01516', 'Completed', 650, 'GCash', 'System Seed', '2026-05-20T10:37:58.990Z');

INSERT INTO public.order_items (order_id, product_id, name, quantity, unit_price, subtotal)
VALUES ('34582863-b0c9-4e87-968e-0d4fed5e7af9', 'dfe22f11-84a3-41d2-a268-149f012eae60', 'Sparkling Lemonade', 2, 110, 220);

INSERT INTO public.order_items (order_id, product_id, name, quantity, unit_price, subtotal)
VALUES ('34582863-b0c9-4e87-968e-0d4fed5e7af9', '36c93748-7c86-4ddb-ba49-1bd1a164bf42', 'Blueberry Muffin', 2, 95, 190);

INSERT INTO public.order_items (order_id, product_id, name, quantity, unit_price, subtotal)
VALUES ('34582863-b0c9-4e87-968e-0d4fed5e7af9', '48233f0a-6e57-4a45-b033-627d13f1be78', 'Cappuccino', 2, 120, 240);

INSERT INTO public.orders (id, order_id, status, amount, payment_method, cashier_name, created_at)
VALUES ('e7753186-7b58-47c4-8767-899e42b9f949', 'ORD-01517', 'Completed', 110, 'Cash', 'System Seed', '2026-05-20T05:35:43.990Z');

INSERT INTO public.order_items (order_id, product_id, name, quantity, unit_price, subtotal)
VALUES ('e7753186-7b58-47c4-8767-899e42b9f949', 'dfe22f11-84a3-41d2-a268-149f012eae60', 'Sparkling Lemonade', 1, 110, 110);

INSERT INTO public.orders (id, order_id, status, amount, payment_method, cashier_name, created_at)
VALUES ('affb6237-8df3-4142-8578-45ba9daacc41', 'ORD-01518', 'Completed', 660, 'GCash', 'System Seed', '2026-05-20T02:59:19.990Z');

INSERT INTO public.order_items (order_id, product_id, name, quantity, unit_price, subtotal)
VALUES ('affb6237-8df3-4142-8578-45ba9daacc41', '48233f0a-6e57-4a45-b033-627d13f1be78', 'Cappuccino', 2, 120, 240);

INSERT INTO public.order_items (order_id, product_id, name, quantity, unit_price, subtotal)
VALUES ('affb6237-8df3-4142-8578-45ba9daacc41', 'dfe22f11-84a3-41d2-a268-149f012eae60', 'Sparkling Lemonade', 1, 110, 110);

INSERT INTO public.order_items (order_id, product_id, name, quantity, unit_price, subtotal)
VALUES ('affb6237-8df3-4142-8578-45ba9daacc41', '3a6a55c0-70f3-4417-a252-db77d9e511c0', 'Latte', 1, 120, 120);

INSERT INTO public.order_items (order_id, product_id, name, quantity, unit_price, subtotal)
VALUES ('affb6237-8df3-4142-8578-45ba9daacc41', '36c93748-7c86-4ddb-ba49-1bd1a164bf42', 'Blueberry Muffin', 2, 95, 190);

INSERT INTO public.orders (id, order_id, status, amount, payment_method, cashier_name, created_at)
VALUES ('4197d526-35e6-44a0-8e6c-6f7a507ad5cc', 'ORD-01519', 'Completed', 280, 'Maya', 'System Seed', '2026-05-20T12:11:54.990Z');

INSERT INTO public.order_items (order_id, product_id, name, quantity, unit_price, subtotal)
VALUES ('4197d526-35e6-44a0-8e6c-6f7a507ad5cc', '1b5c6269-ce45-4413-acb8-21813cd7f9cf', 'Mocha', 2, 140, 280);

INSERT INTO public.orders (id, order_id, status, amount, payment_method, cashier_name, created_at)
VALUES ('e455bc51-2207-4f6e-b20b-ebb956cc6e41', 'ORD-01520', 'Completed', 700, 'Cash', 'System Seed', '2026-05-20T06:28:46.990Z');

INSERT INTO public.order_items (order_id, product_id, name, quantity, unit_price, subtotal)
VALUES ('e455bc51-2207-4f6e-b20b-ebb956cc6e41', 'fe6b02e6-9366-4abd-874c-fcb832e0e282', 'Green Tea', 3, 90, 270);

INSERT INTO public.order_items (order_id, product_id, name, quantity, unit_price, subtotal)
VALUES ('e455bc51-2207-4f6e-b20b-ebb956cc6e41', '36c93748-7c86-4ddb-ba49-1bd1a164bf42', 'Blueberry Muffin', 2, 95, 190);

INSERT INTO public.order_items (order_id, product_id, name, quantity, unit_price, subtotal)
VALUES ('e455bc51-2207-4f6e-b20b-ebb956cc6e41', '65f0b94f-ccbe-4b50-a175-66810ae10f44', 'Croissant', 3, 80, 240);

INSERT INTO public.orders (id, order_id, status, amount, payment_method, cashier_name, created_at)
VALUES ('ed3c5f24-c780-4de4-afc2-e5ff9b46f9de', 'ORD-01521', 'Void (Not Made)', 540, 'Credit Card', 'System Seed', '2026-05-20T07:36:53.990Z');

INSERT INTO public.order_items (order_id, product_id, name, quantity, unit_price, subtotal)
VALUES ('ed3c5f24-c780-4de4-afc2-e5ff9b46f9de', '48233f0a-6e57-4a45-b033-627d13f1be78', 'Cappuccino', 3, 120, 360);

INSERT INTO public.order_items (order_id, product_id, name, quantity, unit_price, subtotal)
VALUES ('ed3c5f24-c780-4de4-afc2-e5ff9b46f9de', 'fe6b02e6-9366-4abd-874c-fcb832e0e282', 'Green Tea', 2, 90, 180);

INSERT INTO public.orders (id, order_id, status, amount, payment_method, cashier_name, created_at)
VALUES ('8d29a98a-de44-4dbc-950c-7667eb5ba6ab', 'ORD-01522', 'Void (Not Made)', 680, 'Credit Card', 'System Seed', '2026-05-20T08:16:27.990Z');

INSERT INTO public.order_items (order_id, product_id, name, quantity, unit_price, subtotal)
VALUES ('8d29a98a-de44-4dbc-950c-7667eb5ba6ab', '83a6812d-2665-4ce5-871a-78a4eab3ce80', 'Americano', 2, 100, 200);

INSERT INTO public.order_items (order_id, product_id, name, quantity, unit_price, subtotal)
VALUES ('8d29a98a-de44-4dbc-950c-7667eb5ba6ab', '3a6a55c0-70f3-4417-a252-db77d9e511c0', 'Latte', 3, 120, 360);

INSERT INTO public.order_items (order_id, product_id, name, quantity, unit_price, subtotal)
VALUES ('8d29a98a-de44-4dbc-950c-7667eb5ba6ab', '3a6a55c0-70f3-4417-a252-db77d9e511c0', 'Latte', 1, 120, 120);

INSERT INTO public.orders (id, order_id, status, amount, payment_method, cashier_name, created_at)
VALUES ('9f8cbccc-3900-4e1c-8765-ae975a68bdb0', 'ORD-01523', 'Completed', 380, 'Credit Card', 'System Seed', '2026-05-20T09:22:07.990Z');

INSERT INTO public.order_items (order_id, product_id, name, quantity, unit_price, subtotal)
VALUES ('9f8cbccc-3900-4e1c-8765-ae975a68bdb0', '1b5c6269-ce45-4413-acb8-21813cd7f9cf', 'Mocha', 1, 140, 140);

INSERT INTO public.order_items (order_id, product_id, name, quantity, unit_price, subtotal)
VALUES ('9f8cbccc-3900-4e1c-8765-ae975a68bdb0', '48233f0a-6e57-4a45-b033-627d13f1be78', 'Cappuccino', 2, 120, 240);

INSERT INTO public.orders (id, order_id, status, amount, payment_method, cashier_name, created_at)
VALUES ('1ff3b7d8-6b0e-44cc-a459-5b3b26a5632e', 'ORD-01524', 'Completed', 620, 'Credit Card', 'System Seed', '2026-05-19T23:57:00.990Z');

INSERT INTO public.order_items (order_id, product_id, name, quantity, unit_price, subtotal)
VALUES ('1ff3b7d8-6b0e-44cc-a459-5b3b26a5632e', '83a6812d-2665-4ce5-871a-78a4eab3ce80', 'Americano', 1, 100, 100);

INSERT INTO public.order_items (order_id, product_id, name, quantity, unit_price, subtotal)
VALUES ('1ff3b7d8-6b0e-44cc-a459-5b3b26a5632e', '1b5c6269-ce45-4413-acb8-21813cd7f9cf', 'Mocha', 2, 140, 280);

INSERT INTO public.order_items (order_id, product_id, name, quantity, unit_price, subtotal)
VALUES ('1ff3b7d8-6b0e-44cc-a459-5b3b26a5632e', '3a6a55c0-70f3-4417-a252-db77d9e511c0', 'Latte', 2, 120, 240);

INSERT INTO public.orders (id, order_id, status, amount, payment_method, cashier_name, created_at)
VALUES ('8ef03938-2147-46b7-abe6-392a0be2afc0', 'ORD-01525', 'Completed', 920, 'GCash', 'System Seed', '2026-05-20T03:39:49.990Z');

INSERT INTO public.order_items (order_id, product_id, name, quantity, unit_price, subtotal)
VALUES ('8ef03938-2147-46b7-abe6-392a0be2afc0', '83a6812d-2665-4ce5-871a-78a4eab3ce80', 'Americano', 3, 100, 300);

INSERT INTO public.order_items (order_id, product_id, name, quantity, unit_price, subtotal)
VALUES ('8ef03938-2147-46b7-abe6-392a0be2afc0', 'fe6b02e6-9366-4abd-874c-fcb832e0e282', 'Green Tea', 2, 90, 180);

INSERT INTO public.order_items (order_id, product_id, name, quantity, unit_price, subtotal)
VALUES ('8ef03938-2147-46b7-abe6-392a0be2afc0', '1b5c6269-ce45-4413-acb8-21813cd7f9cf', 'Mocha', 2, 140, 280);

INSERT INTO public.order_items (order_id, product_id, name, quantity, unit_price, subtotal)
VALUES ('8ef03938-2147-46b7-abe6-392a0be2afc0', '65f0b94f-ccbe-4b50-a175-66810ae10f44', 'Croissant', 2, 80, 160);

INSERT INTO public.orders (id, order_id, status, amount, payment_method, cashier_name, created_at)
VALUES ('8e260f80-fd87-448c-bec3-fb435baef5c6', 'ORD-01526', 'Completed', 780, 'Credit Card', 'System Seed', '2026-05-20T12:53:28.990Z');

INSERT INTO public.order_items (order_id, product_id, name, quantity, unit_price, subtotal)
VALUES ('8e260f80-fd87-448c-bec3-fb435baef5c6', '1b5c6269-ce45-4413-acb8-21813cd7f9cf', 'Mocha', 3, 140, 420);

INSERT INTO public.order_items (order_id, product_id, name, quantity, unit_price, subtotal)
VALUES ('8e260f80-fd87-448c-bec3-fb435baef5c6', '48233f0a-6e57-4a45-b033-627d13f1be78', 'Cappuccino', 1, 120, 120);

INSERT INTO public.order_items (order_id, product_id, name, quantity, unit_price, subtotal)
VALUES ('8e260f80-fd87-448c-bec3-fb435baef5c6', '3a6a55c0-70f3-4417-a252-db77d9e511c0', 'Latte', 2, 120, 240);

INSERT INTO public.orders (id, order_id, status, amount, payment_method, cashier_name, created_at)
VALUES ('a3b97deb-455a-439c-b85e-dde3f538e704', 'ORD-01527', 'Void (Not Made)', 555, 'Credit Card', 'System Seed', '2026-05-19T23:16:25.990Z');

INSERT INTO public.order_items (order_id, product_id, name, quantity, unit_price, subtotal)
VALUES ('a3b97deb-455a-439c-b85e-dde3f538e704', 'fe6b02e6-9366-4abd-874c-fcb832e0e282', 'Green Tea', 3, 90, 270);

INSERT INTO public.order_items (order_id, product_id, name, quantity, unit_price, subtotal)
VALUES ('a3b97deb-455a-439c-b85e-dde3f538e704', '36c93748-7c86-4ddb-ba49-1bd1a164bf42', 'Blueberry Muffin', 3, 95, 285);

INSERT INTO public.orders (id, order_id, status, amount, payment_method, cashier_name, created_at)
VALUES ('35257ece-2095-4c08-9c44-f35946e45044', 'ORD-01528', 'Completed', 250, 'Maya', 'System Seed', '2026-05-20T07:40:17.990Z');

INSERT INTO public.order_items (order_id, product_id, name, quantity, unit_price, subtotal)
VALUES ('35257ece-2095-4c08-9c44-f35946e45044', 'dfe22f11-84a3-41d2-a268-149f012eae60', 'Sparkling Lemonade', 1, 110, 110);

INSERT INTO public.order_items (order_id, product_id, name, quantity, unit_price, subtotal)
VALUES ('35257ece-2095-4c08-9c44-f35946e45044', '1b5c6269-ce45-4413-acb8-21813cd7f9cf', 'Mocha', 1, 140, 140);

INSERT INTO public.orders (id, order_id, status, amount, payment_method, cashier_name, created_at)
VALUES ('8197668c-2400-449c-b3fe-ec72153a6305', 'ORD-01529', 'Completed', 100, 'GCash', 'System Seed', '2026-05-20T07:51:12.990Z');

INSERT INTO public.order_items (order_id, product_id, name, quantity, unit_price, subtotal)
VALUES ('8197668c-2400-449c-b3fe-ec72153a6305', '83a6812d-2665-4ce5-871a-78a4eab3ce80', 'Americano', 1, 100, 100);

INSERT INTO public.orders (id, order_id, status, amount, payment_method, cashier_name, created_at)
VALUES ('caaee8a1-a7e1-4d35-ad07-d34df6410867', 'ORD-01530', 'Completed', 240, 'Credit Card', 'System Seed', '2026-05-20T03:16:13.990Z');

INSERT INTO public.order_items (order_id, product_id, name, quantity, unit_price, subtotal)
VALUES ('caaee8a1-a7e1-4d35-ad07-d34df6410867', '65f0b94f-ccbe-4b50-a175-66810ae10f44', 'Croissant', 2, 80, 160);

INSERT INTO public.order_items (order_id, product_id, name, quantity, unit_price, subtotal)
VALUES ('caaee8a1-a7e1-4d35-ad07-d34df6410867', '65f0b94f-ccbe-4b50-a175-66810ae10f44', 'Croissant', 1, 80, 80);

INSERT INTO public.orders (id, order_id, status, amount, payment_method, cashier_name, created_at)
VALUES ('ec676561-ed13-4b30-a579-57af59007eaf', 'ORD-01531', 'Completed', 910, 'GCash', 'System Seed', '2026-05-20T01:14:55.990Z');

INSERT INTO public.order_items (order_id, product_id, name, quantity, unit_price, subtotal)
VALUES ('ec676561-ed13-4b30-a579-57af59007eaf', '36c93748-7c86-4ddb-ba49-1bd1a164bf42', 'Blueberry Muffin', 2, 95, 190);

INSERT INTO public.order_items (order_id, product_id, name, quantity, unit_price, subtotal)
VALUES ('ec676561-ed13-4b30-a579-57af59007eaf', '83a6812d-2665-4ce5-871a-78a4eab3ce80', 'Americano', 1, 100, 100);

INSERT INTO public.order_items (order_id, product_id, name, quantity, unit_price, subtotal)
VALUES ('ec676561-ed13-4b30-a579-57af59007eaf', '1b5c6269-ce45-4413-acb8-21813cd7f9cf', 'Mocha', 3, 140, 420);

INSERT INTO public.order_items (order_id, product_id, name, quantity, unit_price, subtotal)
VALUES ('ec676561-ed13-4b30-a579-57af59007eaf', '83a6812d-2665-4ce5-871a-78a4eab3ce80', 'Americano', 2, 100, 200);

INSERT INTO public.orders (id, order_id, status, amount, payment_method, cashier_name, created_at)
VALUES ('da8770fb-1fb6-466d-8e1c-584893ac5f63', 'ORD-01532', 'Completed', 420, 'Credit Card', 'System Seed', '2026-05-20T10:33:05.990Z');

INSERT INTO public.order_items (order_id, product_id, name, quantity, unit_price, subtotal)
VALUES ('da8770fb-1fb6-466d-8e1c-584893ac5f63', '1b5c6269-ce45-4413-acb8-21813cd7f9cf', 'Mocha', 3, 140, 420);

INSERT INTO public.orders (id, order_id, status, amount, payment_method, cashier_name, created_at)
VALUES ('37b779b6-9a18-487c-8b10-d39d6c2f8c84', 'ORD-01533', 'Completed', 300, 'Maya', 'System Seed', '2026-05-20T01:34:06.990Z');

INSERT INTO public.order_items (order_id, product_id, name, quantity, unit_price, subtotal)
VALUES ('37b779b6-9a18-487c-8b10-d39d6c2f8c84', '83a6812d-2665-4ce5-871a-78a4eab3ce80', 'Americano', 3, 100, 300);

INSERT INTO public.orders (id, order_id, status, amount, payment_method, cashier_name, created_at)
VALUES ('6e7f365c-943b-4899-9c40-291672245c91', 'ORD-01534', 'Void (Not Made)', 580, 'GCash', 'System Seed', '2026-05-21T10:39:43.990Z');

INSERT INTO public.order_items (order_id, product_id, name, quantity, unit_price, subtotal)
VALUES ('6e7f365c-943b-4899-9c40-291672245c91', '83a6812d-2665-4ce5-871a-78a4eab3ce80', 'Americano', 3, 100, 300);

INSERT INTO public.order_items (order_id, product_id, name, quantity, unit_price, subtotal)
VALUES ('6e7f365c-943b-4899-9c40-291672245c91', '1b5c6269-ce45-4413-acb8-21813cd7f9cf', 'Mocha', 2, 140, 280);

INSERT INTO public.orders (id, order_id, status, amount, payment_method, cashier_name, created_at)
VALUES ('712c88d0-7981-45ab-8da8-74da5c3cf469', 'ORD-01535', 'Void (Consumed)', 200, 'Maya', 'System Seed', '2026-05-21T10:47:11.990Z');

INSERT INTO public.order_items (order_id, product_id, name, quantity, unit_price, subtotal)
VALUES ('712c88d0-7981-45ab-8da8-74da5c3cf469', '83a6812d-2665-4ce5-871a-78a4eab3ce80', 'Americano', 2, 100, 200);

INSERT INTO public.orders (id, order_id, status, amount, payment_method, cashier_name, created_at)
VALUES ('03c5cb2b-7a7d-409c-bfd4-7e3c83f02adc', 'ORD-01536', 'Void (Consumed)', 110, 'Credit Card', 'System Seed', '2026-05-21T03:03:11.990Z');

INSERT INTO public.order_items (order_id, product_id, name, quantity, unit_price, subtotal)
VALUES ('03c5cb2b-7a7d-409c-bfd4-7e3c83f02adc', 'dfe22f11-84a3-41d2-a268-149f012eae60', 'Sparkling Lemonade', 1, 110, 110);

INSERT INTO public.orders (id, order_id, status, amount, payment_method, cashier_name, created_at)
VALUES ('e5784426-dcaa-4099-bb7d-471bc38abaca', 'ORD-01537', 'Completed', 890, 'GCash', 'System Seed', '2026-05-21T00:35:40.990Z');

INSERT INTO public.order_items (order_id, product_id, name, quantity, unit_price, subtotal)
VALUES ('e5784426-dcaa-4099-bb7d-471bc38abaca', '83a6812d-2665-4ce5-871a-78a4eab3ce80', 'Americano', 3, 100, 300);

INSERT INTO public.order_items (order_id, product_id, name, quantity, unit_price, subtotal)
VALUES ('e5784426-dcaa-4099-bb7d-471bc38abaca', '83a6812d-2665-4ce5-871a-78a4eab3ce80', 'Americano', 3, 100, 300);

INSERT INTO public.order_items (order_id, product_id, name, quantity, unit_price, subtotal)
VALUES ('e5784426-dcaa-4099-bb7d-471bc38abaca', 'dfe22f11-84a3-41d2-a268-149f012eae60', 'Sparkling Lemonade', 1, 110, 110);

INSERT INTO public.order_items (order_id, product_id, name, quantity, unit_price, subtotal)
VALUES ('e5784426-dcaa-4099-bb7d-471bc38abaca', 'fe6b02e6-9366-4abd-874c-fcb832e0e282', 'Green Tea', 2, 90, 180);

INSERT INTO public.orders (id, order_id, status, amount, payment_method, cashier_name, created_at)
VALUES ('a8f3a29e-b4c0-42de-9553-da0b7df3df0f', 'ORD-01538', 'Completed', 1010, 'Credit Card', 'System Seed', '2026-05-21T09:55:00.990Z');

INSERT INTO public.order_items (order_id, product_id, name, quantity, unit_price, subtotal)
VALUES ('a8f3a29e-b4c0-42de-9553-da0b7df3df0f', '83a6812d-2665-4ce5-871a-78a4eab3ce80', 'Americano', 3, 100, 300);

INSERT INTO public.order_items (order_id, product_id, name, quantity, unit_price, subtotal)
VALUES ('a8f3a29e-b4c0-42de-9553-da0b7df3df0f', '48233f0a-6e57-4a45-b033-627d13f1be78', 'Cappuccino', 3, 120, 360);

INSERT INTO public.order_items (order_id, product_id, name, quantity, unit_price, subtotal)
VALUES ('a8f3a29e-b4c0-42de-9553-da0b7df3df0f', '36c93748-7c86-4ddb-ba49-1bd1a164bf42', 'Blueberry Muffin', 2, 95, 190);

INSERT INTO public.order_items (order_id, product_id, name, quantity, unit_price, subtotal)
VALUES ('a8f3a29e-b4c0-42de-9553-da0b7df3df0f', '65f0b94f-ccbe-4b50-a175-66810ae10f44', 'Croissant', 2, 80, 160);

INSERT INTO public.orders (id, order_id, status, amount, payment_method, cashier_name, created_at)
VALUES ('536cb1da-2b4f-487d-bbf6-f4cfa8fb3e85', 'ORD-01539', 'Completed', 880, 'Cash', 'System Seed', '2026-05-21T00:54:00.990Z');

INSERT INTO public.order_items (order_id, product_id, name, quantity, unit_price, subtotal)
VALUES ('536cb1da-2b4f-487d-bbf6-f4cfa8fb3e85', 'dfe22f11-84a3-41d2-a268-149f012eae60', 'Sparkling Lemonade', 2, 110, 220);

INSERT INTO public.order_items (order_id, product_id, name, quantity, unit_price, subtotal)
VALUES ('536cb1da-2b4f-487d-bbf6-f4cfa8fb3e85', '1b5c6269-ce45-4413-acb8-21813cd7f9cf', 'Mocha', 3, 140, 420);

INSERT INTO public.order_items (order_id, product_id, name, quantity, unit_price, subtotal)
VALUES ('536cb1da-2b4f-487d-bbf6-f4cfa8fb3e85', '3a6a55c0-70f3-4417-a252-db77d9e511c0', 'Latte', 2, 120, 240);

INSERT INTO public.orders (id, order_id, status, amount, payment_method, cashier_name, created_at)
VALUES ('d3fc729c-f5c6-40b5-a7f6-4df156cb5ba7', 'ORD-01540', 'Void (Not Made)', 240, 'GCash', 'System Seed', '2026-05-21T05:02:14.990Z');

INSERT INTO public.order_items (order_id, product_id, name, quantity, unit_price, subtotal)
VALUES ('d3fc729c-f5c6-40b5-a7f6-4df156cb5ba7', '48233f0a-6e57-4a45-b033-627d13f1be78', 'Cappuccino', 2, 120, 240);

INSERT INTO public.orders (id, order_id, status, amount, payment_method, cashier_name, created_at)
VALUES ('a80b3526-89cb-4a12-81e7-ef6de533d337', 'ORD-01541', 'Completed', 540, 'GCash', 'System Seed', '2026-05-21T10:17:47.990Z');

INSERT INTO public.order_items (order_id, product_id, name, quantity, unit_price, subtotal)
VALUES ('a80b3526-89cb-4a12-81e7-ef6de533d337', '65f0b94f-ccbe-4b50-a175-66810ae10f44', 'Croissant', 2, 80, 160);

INSERT INTO public.order_items (order_id, product_id, name, quantity, unit_price, subtotal)
VALUES ('a80b3526-89cb-4a12-81e7-ef6de533d337', '65f0b94f-ccbe-4b50-a175-66810ae10f44', 'Croissant', 1, 80, 80);

INSERT INTO public.order_items (order_id, product_id, name, quantity, unit_price, subtotal)
VALUES ('a80b3526-89cb-4a12-81e7-ef6de533d337', '48233f0a-6e57-4a45-b033-627d13f1be78', 'Cappuccino', 1, 120, 120);

INSERT INTO public.order_items (order_id, product_id, name, quantity, unit_price, subtotal)
VALUES ('a80b3526-89cb-4a12-81e7-ef6de533d337', 'fe6b02e6-9366-4abd-874c-fcb832e0e282', 'Green Tea', 2, 90, 180);

INSERT INTO public.orders (id, order_id, status, amount, payment_method, cashier_name, created_at)
VALUES ('3909c6e7-3624-468d-8b75-b4c24f44fab6', 'ORD-01542', 'Completed', 645, 'Maya', 'System Seed', '2026-05-21T05:07:51.990Z');

INSERT INTO public.order_items (order_id, product_id, name, quantity, unit_price, subtotal)
VALUES ('3909c6e7-3624-468d-8b75-b4c24f44fab6', '48233f0a-6e57-4a45-b033-627d13f1be78', 'Cappuccino', 3, 120, 360);

INSERT INTO public.order_items (order_id, product_id, name, quantity, unit_price, subtotal)
VALUES ('3909c6e7-3624-468d-8b75-b4c24f44fab6', '36c93748-7c86-4ddb-ba49-1bd1a164bf42', 'Blueberry Muffin', 3, 95, 285);

INSERT INTO public.orders (id, order_id, status, amount, payment_method, cashier_name, created_at)
VALUES ('dea1b953-b6d5-43d1-9fb2-ebfe78e6806a', 'ORD-01543', 'Completed', 775, 'Cash', 'System Seed', '2026-05-21T00:43:33.990Z');

INSERT INTO public.order_items (order_id, product_id, name, quantity, unit_price, subtotal)
VALUES ('dea1b953-b6d5-43d1-9fb2-ebfe78e6806a', 'fe6b02e6-9366-4abd-874c-fcb832e0e282', 'Green Tea', 2, 90, 180);

INSERT INTO public.order_items (order_id, product_id, name, quantity, unit_price, subtotal)
VALUES ('dea1b953-b6d5-43d1-9fb2-ebfe78e6806a', '36c93748-7c86-4ddb-ba49-1bd1a164bf42', 'Blueberry Muffin', 1, 95, 95);

INSERT INTO public.order_items (order_id, product_id, name, quantity, unit_price, subtotal)
VALUES ('dea1b953-b6d5-43d1-9fb2-ebfe78e6806a', '83a6812d-2665-4ce5-871a-78a4eab3ce80', 'Americano', 3, 100, 300);

INSERT INTO public.order_items (order_id, product_id, name, quantity, unit_price, subtotal)
VALUES ('dea1b953-b6d5-43d1-9fb2-ebfe78e6806a', '83a6812d-2665-4ce5-871a-78a4eab3ce80', 'Americano', 2, 100, 200);

INSERT INTO public.orders (id, order_id, status, amount, payment_method, cashier_name, created_at)
VALUES ('712890d4-29d4-4d06-97df-813dc62dceaf', 'ORD-01544', 'Void (Not Made)', 330, 'Credit Card', 'System Seed', '2026-05-21T12:51:47.990Z');

INSERT INTO public.order_items (order_id, product_id, name, quantity, unit_price, subtotal)
VALUES ('712890d4-29d4-4d06-97df-813dc62dceaf', 'fe6b02e6-9366-4abd-874c-fcb832e0e282', 'Green Tea', 1, 90, 90);

INSERT INTO public.order_items (order_id, product_id, name, quantity, unit_price, subtotal)
VALUES ('712890d4-29d4-4d06-97df-813dc62dceaf', '48233f0a-6e57-4a45-b033-627d13f1be78', 'Cappuccino', 2, 120, 240);

INSERT INTO public.orders (id, order_id, status, amount, payment_method, cashier_name, created_at)
VALUES ('41a13d25-ebd6-4ce5-90a2-5b4e91c564dd', 'ORD-01545', 'Completed', 520, 'Credit Card', 'System Seed', '2026-05-20T23:52:58.990Z');

INSERT INTO public.order_items (order_id, product_id, name, quantity, unit_price, subtotal)
VALUES ('41a13d25-ebd6-4ce5-90a2-5b4e91c564dd', '1b5c6269-ce45-4413-acb8-21813cd7f9cf', 'Mocha', 2, 140, 280);

INSERT INTO public.order_items (order_id, product_id, name, quantity, unit_price, subtotal)
VALUES ('41a13d25-ebd6-4ce5-90a2-5b4e91c564dd', '3a6a55c0-70f3-4417-a252-db77d9e511c0', 'Latte', 2, 120, 240);

INSERT INTO public.orders (id, order_id, status, amount, payment_method, cashier_name, created_at)
VALUES ('1903eca2-afad-45c5-8f15-0a30d192673a', 'ORD-01546', 'Completed', 740, 'Maya', 'System Seed', '2026-05-21T00:55:27.990Z');

INSERT INTO public.order_items (order_id, product_id, name, quantity, unit_price, subtotal)
VALUES ('1903eca2-afad-45c5-8f15-0a30d192673a', '65f0b94f-ccbe-4b50-a175-66810ae10f44', 'Croissant', 1, 80, 80);

INSERT INTO public.order_items (order_id, product_id, name, quantity, unit_price, subtotal)
VALUES ('1903eca2-afad-45c5-8f15-0a30d192673a', '65f0b94f-ccbe-4b50-a175-66810ae10f44', 'Croissant', 3, 80, 240);

INSERT INTO public.order_items (order_id, product_id, name, quantity, unit_price, subtotal)
VALUES ('1903eca2-afad-45c5-8f15-0a30d192673a', 'fe6b02e6-9366-4abd-874c-fcb832e0e282', 'Green Tea', 2, 90, 180);

INSERT INTO public.order_items (order_id, product_id, name, quantity, unit_price, subtotal)
VALUES ('1903eca2-afad-45c5-8f15-0a30d192673a', '3a6a55c0-70f3-4417-a252-db77d9e511c0', 'Latte', 2, 120, 240);

INSERT INTO public.orders (id, order_id, status, amount, payment_method, cashier_name, created_at)
VALUES ('01d997db-3cac-494e-9c6d-76eb4f2329e1', 'ORD-01547', 'Completed', 740, 'Maya', 'System Seed', '2026-05-21T06:25:55.990Z');

INSERT INTO public.order_items (order_id, product_id, name, quantity, unit_price, subtotal)
VALUES ('01d997db-3cac-494e-9c6d-76eb4f2329e1', '48233f0a-6e57-4a45-b033-627d13f1be78', 'Cappuccino', 1, 120, 120);

INSERT INTO public.order_items (order_id, product_id, name, quantity, unit_price, subtotal)
VALUES ('01d997db-3cac-494e-9c6d-76eb4f2329e1', 'dfe22f11-84a3-41d2-a268-149f012eae60', 'Sparkling Lemonade', 2, 110, 220);

INSERT INTO public.order_items (order_id, product_id, name, quantity, unit_price, subtotal)
VALUES ('01d997db-3cac-494e-9c6d-76eb4f2329e1', '65f0b94f-ccbe-4b50-a175-66810ae10f44', 'Croissant', 3, 80, 240);

INSERT INTO public.order_items (order_id, product_id, name, quantity, unit_price, subtotal)
VALUES ('01d997db-3cac-494e-9c6d-76eb4f2329e1', '65f0b94f-ccbe-4b50-a175-66810ae10f44', 'Croissant', 2, 80, 160);

INSERT INTO public.orders (id, order_id, status, amount, payment_method, cashier_name, created_at)
VALUES ('a613fc5e-90a5-4509-a67a-4dc73779fb10', 'ORD-01548', 'Completed', 550, 'Maya', 'System Seed', '2026-05-20T23:03:23.990Z');

INSERT INTO public.order_items (order_id, product_id, name, quantity, unit_price, subtotal)
VALUES ('a613fc5e-90a5-4509-a67a-4dc73779fb10', 'dfe22f11-84a3-41d2-a268-149f012eae60', 'Sparkling Lemonade', 3, 110, 330);

INSERT INTO public.order_items (order_id, product_id, name, quantity, unit_price, subtotal)
VALUES ('a613fc5e-90a5-4509-a67a-4dc73779fb10', 'dfe22f11-84a3-41d2-a268-149f012eae60', 'Sparkling Lemonade', 2, 110, 220);

INSERT INTO public.orders (id, order_id, status, amount, payment_method, cashier_name, created_at)
VALUES ('59baee78-0b13-4006-9290-62d71194cbd2', 'ORD-01549', 'Completed', 330, 'Maya', 'System Seed', '2026-05-21T12:29:23.990Z');

INSERT INTO public.order_items (order_id, product_id, name, quantity, unit_price, subtotal)
VALUES ('59baee78-0b13-4006-9290-62d71194cbd2', '65f0b94f-ccbe-4b50-a175-66810ae10f44', 'Croissant', 3, 80, 240);

INSERT INTO public.order_items (order_id, product_id, name, quantity, unit_price, subtotal)
VALUES ('59baee78-0b13-4006-9290-62d71194cbd2', 'fe6b02e6-9366-4abd-874c-fcb832e0e282', 'Green Tea', 1, 90, 90);

INSERT INTO public.orders (id, order_id, status, amount, payment_method, cashier_name, created_at)
VALUES ('8f698d04-b482-4d8d-96a0-15bac610eed5', 'ORD-01550', 'Void (Consumed)', 270, 'Cash', 'System Seed', '2026-05-21T02:25:15.990Z');

INSERT INTO public.order_items (order_id, product_id, name, quantity, unit_price, subtotal)
VALUES ('8f698d04-b482-4d8d-96a0-15bac610eed5', 'fe6b02e6-9366-4abd-874c-fcb832e0e282', 'Green Tea', 3, 90, 270);

INSERT INTO public.orders (id, order_id, status, amount, payment_method, cashier_name, created_at)
VALUES ('3fabd721-9b37-4ee9-951f-0805a5607f02', 'ORD-01551', 'Completed', 255, 'Maya', 'System Seed', '2026-05-21T09:08:56.990Z');

INSERT INTO public.order_items (order_id, product_id, name, quantity, unit_price, subtotal)
VALUES ('3fabd721-9b37-4ee9-951f-0805a5607f02', '65f0b94f-ccbe-4b50-a175-66810ae10f44', 'Croissant', 2, 80, 160);

INSERT INTO public.order_items (order_id, product_id, name, quantity, unit_price, subtotal)
VALUES ('3fabd721-9b37-4ee9-951f-0805a5607f02', '36c93748-7c86-4ddb-ba49-1bd1a164bf42', 'Blueberry Muffin', 1, 95, 95);

INSERT INTO public.orders (id, order_id, status, amount, payment_method, cashier_name, created_at)
VALUES ('4e332b32-4ce9-49e8-afc2-8c0d2953816f', 'ORD-01552', 'Completed', 120, 'Cash', 'System Seed', '2026-05-21T06:00:40.990Z');

INSERT INTO public.order_items (order_id, product_id, name, quantity, unit_price, subtotal)
VALUES ('4e332b32-4ce9-49e8-afc2-8c0d2953816f', '3a6a55c0-70f3-4417-a252-db77d9e511c0', 'Latte', 1, 120, 120);

INSERT INTO public.orders (id, order_id, status, amount, payment_method, cashier_name, created_at)
VALUES ('49af6490-e973-41e5-8398-aef00fe6f881', 'ORD-01553', 'Completed', 640, 'Cash', 'System Seed', '2026-05-21T03:55:07.990Z');

INSERT INTO public.order_items (order_id, product_id, name, quantity, unit_price, subtotal)
VALUES ('49af6490-e973-41e5-8398-aef00fe6f881', '48233f0a-6e57-4a45-b033-627d13f1be78', 'Cappuccino', 3, 120, 360);

INSERT INTO public.order_items (order_id, product_id, name, quantity, unit_price, subtotal)
VALUES ('49af6490-e973-41e5-8398-aef00fe6f881', '65f0b94f-ccbe-4b50-a175-66810ae10f44', 'Croissant', 2, 80, 160);

INSERT INTO public.order_items (order_id, product_id, name, quantity, unit_price, subtotal)
VALUES ('49af6490-e973-41e5-8398-aef00fe6f881', '3a6a55c0-70f3-4417-a252-db77d9e511c0', 'Latte', 1, 120, 120);

INSERT INTO public.orders (id, order_id, status, amount, payment_method, cashier_name, created_at)
VALUES ('18d39034-9f5a-4e37-ad3d-859e85d7ef33', 'ORD-01554', 'Completed', 990, 'GCash', 'System Seed', '2026-05-21T12:06:36.990Z');

INSERT INTO public.order_items (order_id, product_id, name, quantity, unit_price, subtotal)
VALUES ('18d39034-9f5a-4e37-ad3d-859e85d7ef33', '65f0b94f-ccbe-4b50-a175-66810ae10f44', 'Croissant', 2, 80, 160);

INSERT INTO public.order_items (order_id, product_id, name, quantity, unit_price, subtotal)
VALUES ('18d39034-9f5a-4e37-ad3d-859e85d7ef33', 'dfe22f11-84a3-41d2-a268-149f012eae60', 'Sparkling Lemonade', 2, 110, 220);

INSERT INTO public.order_items (order_id, product_id, name, quantity, unit_price, subtotal)
VALUES ('18d39034-9f5a-4e37-ad3d-859e85d7ef33', '1b5c6269-ce45-4413-acb8-21813cd7f9cf', 'Mocha', 3, 140, 420);

INSERT INTO public.order_items (order_id, product_id, name, quantity, unit_price, subtotal)
VALUES ('18d39034-9f5a-4e37-ad3d-859e85d7ef33', '36c93748-7c86-4ddb-ba49-1bd1a164bf42', 'Blueberry Muffin', 2, 95, 190);

INSERT INTO public.orders (id, order_id, status, amount, payment_method, cashier_name, created_at)
VALUES ('526246ef-1503-4d28-ba7e-35c64d7832d0', 'ORD-01555', 'Void (Not Made)', 360, 'Credit Card', 'System Seed', '2026-05-21T09:36:29.990Z');

INSERT INTO public.order_items (order_id, product_id, name, quantity, unit_price, subtotal)
VALUES ('526246ef-1503-4d28-ba7e-35c64d7832d0', '3a6a55c0-70f3-4417-a252-db77d9e511c0', 'Latte', 3, 120, 360);

INSERT INTO public.orders (id, order_id, status, amount, payment_method, cashier_name, created_at)
VALUES ('b0b6c05a-ff00-479f-862d-f253f34e88d0', 'ORD-01556', 'Void (Consumed)', 465, 'GCash', 'System Seed', '2026-05-21T12:58:30.990Z');

INSERT INTO public.order_items (order_id, product_id, name, quantity, unit_price, subtotal)
VALUES ('b0b6c05a-ff00-479f-862d-f253f34e88d0', 'fe6b02e6-9366-4abd-874c-fcb832e0e282', 'Green Tea', 2, 90, 180);

INSERT INTO public.order_items (order_id, product_id, name, quantity, unit_price, subtotal)
VALUES ('b0b6c05a-ff00-479f-862d-f253f34e88d0', '36c93748-7c86-4ddb-ba49-1bd1a164bf42', 'Blueberry Muffin', 3, 95, 285);

INSERT INTO public.orders (id, order_id, status, amount, payment_method, cashier_name, created_at)
VALUES ('e8271289-ad23-4a36-923f-a7ef12ac95ee', 'ORD-01557', 'Completed', 450, 'GCash', 'System Seed', '2026-05-21T11:57:53.990Z');

INSERT INTO public.order_items (order_id, product_id, name, quantity, unit_price, subtotal)
VALUES ('e8271289-ad23-4a36-923f-a7ef12ac95ee', 'dfe22f11-84a3-41d2-a268-149f012eae60', 'Sparkling Lemonade', 3, 110, 330);

INSERT INTO public.order_items (order_id, product_id, name, quantity, unit_price, subtotal)
VALUES ('e8271289-ad23-4a36-923f-a7ef12ac95ee', '3a6a55c0-70f3-4417-a252-db77d9e511c0', 'Latte', 1, 120, 120);

INSERT INTO public.orders (id, order_id, status, amount, payment_method, cashier_name, created_at)
VALUES ('022a5348-2685-4b35-ab3f-31bed02280d8', 'ORD-01558', 'Void (Consumed)', 500, 'Maya', 'System Seed', '2026-05-21T10:59:10.990Z');

INSERT INTO public.order_items (order_id, product_id, name, quantity, unit_price, subtotal)
VALUES ('022a5348-2685-4b35-ab3f-31bed02280d8', '1b5c6269-ce45-4413-acb8-21813cd7f9cf', 'Mocha', 1, 140, 140);

INSERT INTO public.order_items (order_id, product_id, name, quantity, unit_price, subtotal)
VALUES ('022a5348-2685-4b35-ab3f-31bed02280d8', '3a6a55c0-70f3-4417-a252-db77d9e511c0', 'Latte', 3, 120, 360);

INSERT INTO public.orders (id, order_id, status, amount, payment_method, cashier_name, created_at)
VALUES ('2e11aad8-3673-4015-bb49-818461cd95b5', 'ORD-01559', 'Completed', 460, 'Credit Card', 'System Seed', '2026-05-21T08:07:44.990Z');

INSERT INTO public.order_items (order_id, product_id, name, quantity, unit_price, subtotal)
VALUES ('2e11aad8-3673-4015-bb49-818461cd95b5', '3a6a55c0-70f3-4417-a252-db77d9e511c0', 'Latte', 2, 120, 240);

INSERT INTO public.order_items (order_id, product_id, name, quantity, unit_price, subtotal)
VALUES ('2e11aad8-3673-4015-bb49-818461cd95b5', 'dfe22f11-84a3-41d2-a268-149f012eae60', 'Sparkling Lemonade', 2, 110, 220);

INSERT INTO public.orders (id, order_id, status, amount, payment_method, cashier_name, created_at)
VALUES ('d6a0cac7-15df-477d-9e5c-84a208d43275', 'ORD-01560', 'Void (Consumed)', 440, 'Credit Card', 'System Seed', '2026-05-21T11:58:26.990Z');

INSERT INTO public.order_items (order_id, product_id, name, quantity, unit_price, subtotal)
VALUES ('d6a0cac7-15df-477d-9e5c-84a208d43275', '83a6812d-2665-4ce5-871a-78a4eab3ce80', 'Americano', 2, 100, 200);

INSERT INTO public.order_items (order_id, product_id, name, quantity, unit_price, subtotal)
VALUES ('d6a0cac7-15df-477d-9e5c-84a208d43275', '48233f0a-6e57-4a45-b033-627d13f1be78', 'Cappuccino', 1, 120, 120);

INSERT INTO public.order_items (order_id, product_id, name, quantity, unit_price, subtotal)
VALUES ('d6a0cac7-15df-477d-9e5c-84a208d43275', '48233f0a-6e57-4a45-b033-627d13f1be78', 'Cappuccino', 1, 120, 120);

INSERT INTO public.orders (id, order_id, status, amount, payment_method, cashier_name, created_at)
VALUES ('066028e3-9ada-4457-8213-763de9785547', 'ORD-01561', 'Void (Consumed)', 645, 'Credit Card', 'System Seed', '2026-05-21T09:13:26.990Z');

INSERT INTO public.order_items (order_id, product_id, name, quantity, unit_price, subtotal)
VALUES ('066028e3-9ada-4457-8213-763de9785547', '65f0b94f-ccbe-4b50-a175-66810ae10f44', 'Croissant', 2, 80, 160);

INSERT INTO public.order_items (order_id, product_id, name, quantity, unit_price, subtotal)
VALUES ('066028e3-9ada-4457-8213-763de9785547', '36c93748-7c86-4ddb-ba49-1bd1a164bf42', 'Blueberry Muffin', 3, 95, 285);

INSERT INTO public.order_items (order_id, product_id, name, quantity, unit_price, subtotal)
VALUES ('066028e3-9ada-4457-8213-763de9785547', '83a6812d-2665-4ce5-871a-78a4eab3ce80', 'Americano', 2, 100, 200);

INSERT INTO public.orders (id, order_id, status, amount, payment_method, cashier_name, created_at)
VALUES ('d3f1b0ae-0eec-40f6-98a3-fedba7bc31ed', 'ORD-01562', 'Completed', 270, 'GCash', 'System Seed', '2026-05-21T06:27:44.990Z');

INSERT INTO public.order_items (order_id, product_id, name, quantity, unit_price, subtotal)
VALUES ('d3f1b0ae-0eec-40f6-98a3-fedba7bc31ed', 'fe6b02e6-9366-4abd-874c-fcb832e0e282', 'Green Tea', 3, 90, 270);

INSERT INTO public.orders (id, order_id, status, amount, payment_method, cashier_name, created_at)
VALUES ('42854748-f95b-47da-b4d7-653c5f14dca1', 'ORD-01563', 'Completed', 610, 'GCash', 'System Seed', '2026-05-21T02:22:39.990Z');

INSERT INTO public.order_items (order_id, product_id, name, quantity, unit_price, subtotal)
VALUES ('42854748-f95b-47da-b4d7-653c5f14dca1', 'dfe22f11-84a3-41d2-a268-149f012eae60', 'Sparkling Lemonade', 3, 110, 330);

INSERT INTO public.order_items (order_id, product_id, name, quantity, unit_price, subtotal)
VALUES ('42854748-f95b-47da-b4d7-653c5f14dca1', '1b5c6269-ce45-4413-acb8-21813cd7f9cf', 'Mocha', 2, 140, 280);

INSERT INTO public.orders (id, order_id, status, amount, payment_method, cashier_name, created_at)
VALUES ('b17b0aa6-a019-4fb0-8e64-f0ea4a5f773e', 'ORD-01564', 'Completed', 370, 'Cash', 'System Seed', '2026-05-21T01:41:32.990Z');

INSERT INTO public.order_items (order_id, product_id, name, quantity, unit_price, subtotal)
VALUES ('b17b0aa6-a019-4fb0-8e64-f0ea4a5f773e', '83a6812d-2665-4ce5-871a-78a4eab3ce80', 'Americano', 1, 100, 100);

INSERT INTO public.order_items (order_id, product_id, name, quantity, unit_price, subtotal)
VALUES ('b17b0aa6-a019-4fb0-8e64-f0ea4a5f773e', 'fe6b02e6-9366-4abd-874c-fcb832e0e282', 'Green Tea', 3, 90, 270);

INSERT INTO public.orders (id, order_id, status, amount, payment_method, cashier_name, created_at)
VALUES ('3dc5dc9d-bc34-4b92-b0f1-5ac738b0d461', 'ORD-01565', 'Completed', 500, 'Cash', 'System Seed', '2026-05-21T06:57:18.990Z');

INSERT INTO public.order_items (order_id, product_id, name, quantity, unit_price, subtotal)
VALUES ('3dc5dc9d-bc34-4b92-b0f1-5ac738b0d461', '1b5c6269-ce45-4413-acb8-21813cd7f9cf', 'Mocha', 3, 140, 420);

INSERT INTO public.order_items (order_id, product_id, name, quantity, unit_price, subtotal)
VALUES ('3dc5dc9d-bc34-4b92-b0f1-5ac738b0d461', '65f0b94f-ccbe-4b50-a175-66810ae10f44', 'Croissant', 1, 80, 80);

INSERT INTO public.orders (id, order_id, status, amount, payment_method, cashier_name, created_at)
VALUES ('c0bf4507-b3d8-4bb5-a75e-ae04c3baa346', 'ORD-01566', 'Completed', 560, 'Cash', 'System Seed', '2026-05-21T12:13:02.990Z');

INSERT INTO public.order_items (order_id, product_id, name, quantity, unit_price, subtotal)
VALUES ('c0bf4507-b3d8-4bb5-a75e-ae04c3baa346', '48233f0a-6e57-4a45-b033-627d13f1be78', 'Cappuccino', 3, 120, 360);

INSERT INTO public.order_items (order_id, product_id, name, quantity, unit_price, subtotal)
VALUES ('c0bf4507-b3d8-4bb5-a75e-ae04c3baa346', '83a6812d-2665-4ce5-871a-78a4eab3ce80', 'Americano', 2, 100, 200);

INSERT INTO public.orders (id, order_id, status, amount, payment_method, cashier_name, created_at)
VALUES ('b758dddb-1435-4c27-937b-f99055e9cfbd', 'ORD-01567', 'Void (Not Made)', 720, 'Credit Card', 'System Seed', '2026-05-21T09:53:02.990Z');

INSERT INTO public.order_items (order_id, product_id, name, quantity, unit_price, subtotal)
VALUES ('b758dddb-1435-4c27-937b-f99055e9cfbd', '3a6a55c0-70f3-4417-a252-db77d9e511c0', 'Latte', 2, 120, 240);

INSERT INTO public.order_items (order_id, product_id, name, quantity, unit_price, subtotal)
VALUES ('b758dddb-1435-4c27-937b-f99055e9cfbd', '48233f0a-6e57-4a45-b033-627d13f1be78', 'Cappuccino', 1, 120, 120);

INSERT INTO public.order_items (order_id, product_id, name, quantity, unit_price, subtotal)
VALUES ('b758dddb-1435-4c27-937b-f99055e9cfbd', 'fe6b02e6-9366-4abd-874c-fcb832e0e282', 'Green Tea', 3, 90, 270);

INSERT INTO public.order_items (order_id, product_id, name, quantity, unit_price, subtotal)
VALUES ('b758dddb-1435-4c27-937b-f99055e9cfbd', 'fe6b02e6-9366-4abd-874c-fcb832e0e282', 'Green Tea', 1, 90, 90);

INSERT INTO public.orders (id, order_id, status, amount, payment_method, cashier_name, created_at)
VALUES ('04e3c879-7f7d-4b63-bb24-f2c7b946b481', 'ORD-01568', 'Completed', 830, 'Maya', 'System Seed', '2026-05-21T10:27:57.990Z');

INSERT INTO public.order_items (order_id, product_id, name, quantity, unit_price, subtotal)
VALUES ('04e3c879-7f7d-4b63-bb24-f2c7b946b481', '65f0b94f-ccbe-4b50-a175-66810ae10f44', 'Croissant', 3, 80, 240);

INSERT INTO public.order_items (order_id, product_id, name, quantity, unit_price, subtotal)
VALUES ('04e3c879-7f7d-4b63-bb24-f2c7b946b481', 'fe6b02e6-9366-4abd-874c-fcb832e0e282', 'Green Tea', 2, 90, 180);

INSERT INTO public.order_items (order_id, product_id, name, quantity, unit_price, subtotal)
VALUES ('04e3c879-7f7d-4b63-bb24-f2c7b946b481', '1b5c6269-ce45-4413-acb8-21813cd7f9cf', 'Mocha', 1, 140, 140);

INSERT INTO public.order_items (order_id, product_id, name, quantity, unit_price, subtotal)
VALUES ('04e3c879-7f7d-4b63-bb24-f2c7b946b481', 'fe6b02e6-9366-4abd-874c-fcb832e0e282', 'Green Tea', 3, 90, 270);

INSERT INTO public.orders (id, order_id, status, amount, payment_method, cashier_name, created_at)
VALUES ('20073506-82ae-4f96-bf01-46300b02e6c8', 'ORD-01569', 'Completed', 460, 'Maya', 'System Seed', '2026-05-21T01:13:28.990Z');

INSERT INTO public.order_items (order_id, product_id, name, quantity, unit_price, subtotal)
VALUES ('20073506-82ae-4f96-bf01-46300b02e6c8', '83a6812d-2665-4ce5-871a-78a4eab3ce80', 'Americano', 1, 100, 100);

INSERT INTO public.order_items (order_id, product_id, name, quantity, unit_price, subtotal)
VALUES ('20073506-82ae-4f96-bf01-46300b02e6c8', '3a6a55c0-70f3-4417-a252-db77d9e511c0', 'Latte', 3, 120, 360);

INSERT INTO public.orders (id, order_id, status, amount, payment_method, cashier_name, created_at)
VALUES ('da7293b9-e5c7-41d6-8cea-d675227b7c3c', 'ORD-01570', 'Completed', 800, 'Credit Card', 'System Seed', '2026-05-22T09:15:41.990Z');

INSERT INTO public.order_items (order_id, product_id, name, quantity, unit_price, subtotal)
VALUES ('da7293b9-e5c7-41d6-8cea-d675227b7c3c', '3a6a55c0-70f3-4417-a252-db77d9e511c0', 'Latte', 2, 120, 240);

INSERT INTO public.order_items (order_id, product_id, name, quantity, unit_price, subtotal)
VALUES ('da7293b9-e5c7-41d6-8cea-d675227b7c3c', '36c93748-7c86-4ddb-ba49-1bd1a164bf42', 'Blueberry Muffin', 1, 95, 95);

INSERT INTO public.order_items (order_id, product_id, name, quantity, unit_price, subtotal)
VALUES ('da7293b9-e5c7-41d6-8cea-d675227b7c3c', 'fe6b02e6-9366-4abd-874c-fcb832e0e282', 'Green Tea', 2, 90, 180);

INSERT INTO public.order_items (order_id, product_id, name, quantity, unit_price, subtotal)
VALUES ('da7293b9-e5c7-41d6-8cea-d675227b7c3c', '36c93748-7c86-4ddb-ba49-1bd1a164bf42', 'Blueberry Muffin', 3, 95, 285);

INSERT INTO public.orders (id, order_id, status, amount, payment_method, cashier_name, created_at)
VALUES ('7aadd9d8-218b-4696-bd34-b4e3f9950cdf', 'ORD-01571', 'Completed', 360, 'Credit Card', 'System Seed', '2026-05-22T07:27:59.990Z');

INSERT INTO public.order_items (order_id, product_id, name, quantity, unit_price, subtotal)
VALUES ('7aadd9d8-218b-4696-bd34-b4e3f9950cdf', '3a6a55c0-70f3-4417-a252-db77d9e511c0', 'Latte', 3, 120, 360);

INSERT INTO public.orders (id, order_id, status, amount, payment_method, cashier_name, created_at)
VALUES ('6afc39e4-d363-433d-8733-e3635310ae9f', 'ORD-01572', 'Completed', 240, 'Maya', 'System Seed', '2026-05-22T05:57:10.990Z');

INSERT INTO public.order_items (order_id, product_id, name, quantity, unit_price, subtotal)
VALUES ('6afc39e4-d363-433d-8733-e3635310ae9f', '3a6a55c0-70f3-4417-a252-db77d9e511c0', 'Latte', 2, 120, 240);

INSERT INTO public.orders (id, order_id, status, amount, payment_method, cashier_name, created_at)
VALUES ('72a3a9f7-3198-4247-aa7e-d04ff254f710', 'ORD-01573', 'Completed', 120, 'GCash', 'System Seed', '2026-05-22T06:06:08.990Z');

INSERT INTO public.order_items (order_id, product_id, name, quantity, unit_price, subtotal)
VALUES ('72a3a9f7-3198-4247-aa7e-d04ff254f710', '3a6a55c0-70f3-4417-a252-db77d9e511c0', 'Latte', 1, 120, 120);

INSERT INTO public.orders (id, order_id, status, amount, payment_method, cashier_name, created_at)
VALUES ('a7c1a1a9-8a7b-47c5-9126-d3f2c6c1e219', 'ORD-01574', 'Completed', 110, 'Cash', 'System Seed', '2026-05-22T05:02:04.990Z');

INSERT INTO public.order_items (order_id, product_id, name, quantity, unit_price, subtotal)
VALUES ('a7c1a1a9-8a7b-47c5-9126-d3f2c6c1e219', 'dfe22f11-84a3-41d2-a268-149f012eae60', 'Sparkling Lemonade', 1, 110, 110);

INSERT INTO public.orders (id, order_id, status, amount, payment_method, cashier_name, created_at)
VALUES ('193856af-7358-4a6c-8b97-67c81bf161fb', 'ORD-01575', 'Completed', 680, 'GCash', 'System Seed', '2026-05-22T00:44:54.990Z');

INSERT INTO public.order_items (order_id, product_id, name, quantity, unit_price, subtotal)
VALUES ('193856af-7358-4a6c-8b97-67c81bf161fb', '65f0b94f-ccbe-4b50-a175-66810ae10f44', 'Croissant', 3, 80, 240);

INSERT INTO public.order_items (order_id, product_id, name, quantity, unit_price, subtotal)
VALUES ('193856af-7358-4a6c-8b97-67c81bf161fb', '48233f0a-6e57-4a45-b033-627d13f1be78', 'Cappuccino', 3, 120, 360);

INSERT INTO public.order_items (order_id, product_id, name, quantity, unit_price, subtotal)
VALUES ('193856af-7358-4a6c-8b97-67c81bf161fb', '65f0b94f-ccbe-4b50-a175-66810ae10f44', 'Croissant', 1, 80, 80);

INSERT INTO public.orders (id, order_id, status, amount, payment_method, cashier_name, created_at)
VALUES ('0fb674cb-8280-41c3-b41e-b4c857a3cdc3', 'ORD-01576', 'Void (Not Made)', 540, 'Credit Card', 'System Seed', '2026-05-21T23:35:57.990Z');

INSERT INTO public.order_items (order_id, product_id, name, quantity, unit_price, subtotal)
VALUES ('0fb674cb-8280-41c3-b41e-b4c857a3cdc3', '65f0b94f-ccbe-4b50-a175-66810ae10f44', 'Croissant', 2, 80, 160);

INSERT INTO public.order_items (order_id, product_id, name, quantity, unit_price, subtotal)
VALUES ('0fb674cb-8280-41c3-b41e-b4c857a3cdc3', '1b5c6269-ce45-4413-acb8-21813cd7f9cf', 'Mocha', 2, 140, 280);

INSERT INTO public.order_items (order_id, product_id, name, quantity, unit_price, subtotal)
VALUES ('0fb674cb-8280-41c3-b41e-b4c857a3cdc3', '83a6812d-2665-4ce5-871a-78a4eab3ce80', 'Americano', 1, 100, 100);

INSERT INTO public.orders (id, order_id, status, amount, payment_method, cashier_name, created_at)
VALUES ('6ee2b927-3bf6-4cb3-8369-b5e3f4396293', 'ORD-01577', 'Completed', 410, 'Maya', 'System Seed', '2026-05-22T01:08:49.990Z');

INSERT INTO public.order_items (order_id, product_id, name, quantity, unit_price, subtotal)
VALUES ('6ee2b927-3bf6-4cb3-8369-b5e3f4396293', '1b5c6269-ce45-4413-acb8-21813cd7f9cf', 'Mocha', 1, 140, 140);

INSERT INTO public.order_items (order_id, product_id, name, quantity, unit_price, subtotal)
VALUES ('6ee2b927-3bf6-4cb3-8369-b5e3f4396293', 'fe6b02e6-9366-4abd-874c-fcb832e0e282', 'Green Tea', 3, 90, 270);

INSERT INTO public.orders (id, order_id, status, amount, payment_method, cashier_name, created_at)
VALUES ('b1b7e8bd-db08-49cf-965b-77170ce120ba', 'ORD-01578', 'Completed', 750, 'GCash', 'System Seed', '2026-05-22T07:32:29.990Z');

INSERT INTO public.order_items (order_id, product_id, name, quantity, unit_price, subtotal)
VALUES ('b1b7e8bd-db08-49cf-965b-77170ce120ba', 'dfe22f11-84a3-41d2-a268-149f012eae60', 'Sparkling Lemonade', 3, 110, 330);

INSERT INTO public.order_items (order_id, product_id, name, quantity, unit_price, subtotal)
VALUES ('b1b7e8bd-db08-49cf-965b-77170ce120ba', 'fe6b02e6-9366-4abd-874c-fcb832e0e282', 'Green Tea', 1, 90, 90);

INSERT INTO public.order_items (order_id, product_id, name, quantity, unit_price, subtotal)
VALUES ('b1b7e8bd-db08-49cf-965b-77170ce120ba', 'dfe22f11-84a3-41d2-a268-149f012eae60', 'Sparkling Lemonade', 2, 110, 220);

INSERT INTO public.order_items (order_id, product_id, name, quantity, unit_price, subtotal)
VALUES ('b1b7e8bd-db08-49cf-965b-77170ce120ba', 'dfe22f11-84a3-41d2-a268-149f012eae60', 'Sparkling Lemonade', 1, 110, 110);

INSERT INTO public.orders (id, order_id, status, amount, payment_method, cashier_name, created_at)
VALUES ('ef142b33-cdf9-4102-8e6d-b497ff0d35a6', 'ORD-01579', 'Completed', 600, 'GCash', 'System Seed', '2026-05-22T01:24:26.990Z');

INSERT INTO public.order_items (order_id, product_id, name, quantity, unit_price, subtotal)
VALUES ('ef142b33-cdf9-4102-8e6d-b497ff0d35a6', '65f0b94f-ccbe-4b50-a175-66810ae10f44', 'Croissant', 3, 80, 240);

INSERT INTO public.order_items (order_id, product_id, name, quantity, unit_price, subtotal)
VALUES ('ef142b33-cdf9-4102-8e6d-b497ff0d35a6', '48233f0a-6e57-4a45-b033-627d13f1be78', 'Cappuccino', 3, 120, 360);

INSERT INTO public.orders (id, order_id, status, amount, payment_method, cashier_name, created_at)
VALUES ('4dcc8e87-8f66-4a6d-9d4b-62f9a8d458eb', 'ORD-01580', 'Completed', 660, 'Credit Card', 'System Seed', '2026-05-21T23:46:32.990Z');

INSERT INTO public.order_items (order_id, product_id, name, quantity, unit_price, subtotal)
VALUES ('4dcc8e87-8f66-4a6d-9d4b-62f9a8d458eb', 'fe6b02e6-9366-4abd-874c-fcb832e0e282', 'Green Tea', 1, 90, 90);

INSERT INTO public.order_items (order_id, product_id, name, quantity, unit_price, subtotal)
VALUES ('4dcc8e87-8f66-4a6d-9d4b-62f9a8d458eb', '48233f0a-6e57-4a45-b033-627d13f1be78', 'Cappuccino', 2, 120, 240);

INSERT INTO public.order_items (order_id, product_id, name, quantity, unit_price, subtotal)
VALUES ('4dcc8e87-8f66-4a6d-9d4b-62f9a8d458eb', 'dfe22f11-84a3-41d2-a268-149f012eae60', 'Sparkling Lemonade', 3, 110, 330);

INSERT INTO public.orders (id, order_id, status, amount, payment_method, cashier_name, created_at)
VALUES ('ef2f5f23-e40b-43a9-9330-aa8d9f25a0b5', 'ORD-01581', 'Completed', 535, 'Credit Card', 'System Seed', '2026-05-21T23:13:42.990Z');

INSERT INTO public.order_items (order_id, product_id, name, quantity, unit_price, subtotal)
VALUES ('ef2f5f23-e40b-43a9-9330-aa8d9f25a0b5', '36c93748-7c86-4ddb-ba49-1bd1a164bf42', 'Blueberry Muffin', 1, 95, 95);

INSERT INTO public.order_items (order_id, product_id, name, quantity, unit_price, subtotal)
VALUES ('ef2f5f23-e40b-43a9-9330-aa8d9f25a0b5', '1b5c6269-ce45-4413-acb8-21813cd7f9cf', 'Mocha', 1, 140, 140);

INSERT INTO public.order_items (order_id, product_id, name, quantity, unit_price, subtotal)
VALUES ('ef2f5f23-e40b-43a9-9330-aa8d9f25a0b5', '83a6812d-2665-4ce5-871a-78a4eab3ce80', 'Americano', 3, 100, 300);

INSERT INTO public.orders (id, order_id, status, amount, payment_method, cashier_name, created_at)
VALUES ('d89467ba-eb23-4c15-9cf5-1b0fedcbd678', 'ORD-01582', 'Completed', 630, 'GCash', 'System Seed', '2026-05-22T12:37:40.990Z');

INSERT INTO public.order_items (order_id, product_id, name, quantity, unit_price, subtotal)
VALUES ('d89467ba-eb23-4c15-9cf5-1b0fedcbd678', '83a6812d-2665-4ce5-871a-78a4eab3ce80', 'Americano', 3, 100, 300);

INSERT INTO public.order_items (order_id, product_id, name, quantity, unit_price, subtotal)
VALUES ('d89467ba-eb23-4c15-9cf5-1b0fedcbd678', 'dfe22f11-84a3-41d2-a268-149f012eae60', 'Sparkling Lemonade', 3, 110, 330);

INSERT INTO public.orders (id, order_id, status, amount, payment_method, cashier_name, created_at)
VALUES ('59e51573-80ad-43b5-9344-cd94a35ca9ab', 'ORD-01583', 'Void (Not Made)', 420, 'Cash', 'System Seed', '2026-05-22T04:21:20.990Z');

INSERT INTO public.order_items (order_id, product_id, name, quantity, unit_price, subtotal)
VALUES ('59e51573-80ad-43b5-9344-cd94a35ca9ab', 'fe6b02e6-9366-4abd-874c-fcb832e0e282', 'Green Tea', 1, 90, 90);

INSERT INTO public.order_items (order_id, product_id, name, quantity, unit_price, subtotal)
VALUES ('59e51573-80ad-43b5-9344-cd94a35ca9ab', 'dfe22f11-84a3-41d2-a268-149f012eae60', 'Sparkling Lemonade', 3, 110, 330);

INSERT INTO public.orders (id, order_id, status, amount, payment_method, cashier_name, created_at)
VALUES ('4246c071-1331-4de0-8c84-13fde36e9d2a', 'ORD-01584', 'Completed', 300, 'Credit Card', 'System Seed', '2026-05-22T05:40:39.990Z');

INSERT INTO public.order_items (order_id, product_id, name, quantity, unit_price, subtotal)
VALUES ('4246c071-1331-4de0-8c84-13fde36e9d2a', '48233f0a-6e57-4a45-b033-627d13f1be78', 'Cappuccino', 1, 120, 120);

INSERT INTO public.order_items (order_id, product_id, name, quantity, unit_price, subtotal)
VALUES ('4246c071-1331-4de0-8c84-13fde36e9d2a', 'fe6b02e6-9366-4abd-874c-fcb832e0e282', 'Green Tea', 2, 90, 180);

INSERT INTO public.orders (id, order_id, status, amount, payment_method, cashier_name, created_at)
VALUES ('d9e8b1db-8967-46a4-9b9e-32acb321ce5b', 'ORD-01585', 'Completed', 1095, 'Maya', 'System Seed', '2026-05-22T11:19:29.990Z');

INSERT INTO public.order_items (order_id, product_id, name, quantity, unit_price, subtotal)
VALUES ('d9e8b1db-8967-46a4-9b9e-32acb321ce5b', 'dfe22f11-84a3-41d2-a268-149f012eae60', 'Sparkling Lemonade', 1, 110, 110);

INSERT INTO public.order_items (order_id, product_id, name, quantity, unit_price, subtotal)
VALUES ('d9e8b1db-8967-46a4-9b9e-32acb321ce5b', '1b5c6269-ce45-4413-acb8-21813cd7f9cf', 'Mocha', 2, 140, 280);

INSERT INTO public.order_items (order_id, product_id, name, quantity, unit_price, subtotal)
VALUES ('d9e8b1db-8967-46a4-9b9e-32acb321ce5b', '1b5c6269-ce45-4413-acb8-21813cd7f9cf', 'Mocha', 3, 140, 420);

INSERT INTO public.order_items (order_id, product_id, name, quantity, unit_price, subtotal)
VALUES ('d9e8b1db-8967-46a4-9b9e-32acb321ce5b', '36c93748-7c86-4ddb-ba49-1bd1a164bf42', 'Blueberry Muffin', 3, 95, 285);

INSERT INTO public.orders (id, order_id, status, amount, payment_method, cashier_name, created_at)
VALUES ('b1f09406-5636-4b6f-9200-504154c28c30', 'ORD-01586', 'Completed', 240, 'Credit Card', 'System Seed', '2026-05-22T02:54:22.990Z');

INSERT INTO public.order_items (order_id, product_id, name, quantity, unit_price, subtotal)
VALUES ('b1f09406-5636-4b6f-9200-504154c28c30', '48233f0a-6e57-4a45-b033-627d13f1be78', 'Cappuccino', 2, 120, 240);

INSERT INTO public.orders (id, order_id, status, amount, payment_method, cashier_name, created_at)
VALUES ('febc2a82-4371-4925-86d2-c5153c2f1019', 'ORD-01587', 'Void (Not Made)', 790, 'Credit Card', 'System Seed', '2026-05-22T04:25:03.990Z');

INSERT INTO public.order_items (order_id, product_id, name, quantity, unit_price, subtotal)
VALUES ('febc2a82-4371-4925-86d2-c5153c2f1019', '3a6a55c0-70f3-4417-a252-db77d9e511c0', 'Latte', 2, 120, 240);

INSERT INTO public.order_items (order_id, product_id, name, quantity, unit_price, subtotal)
VALUES ('febc2a82-4371-4925-86d2-c5153c2f1019', '36c93748-7c86-4ddb-ba49-1bd1a164bf42', 'Blueberry Muffin', 2, 95, 190);

INSERT INTO public.order_items (order_id, product_id, name, quantity, unit_price, subtotal)
VALUES ('febc2a82-4371-4925-86d2-c5153c2f1019', '3a6a55c0-70f3-4417-a252-db77d9e511c0', 'Latte', 3, 120, 360);

INSERT INTO public.orders (id, order_id, status, amount, payment_method, cashier_name, created_at)
VALUES ('7099b6ba-c966-4e56-88c7-95b597cd98fa', 'ORD-01588', 'Void (Consumed)', 300, 'GCash', 'System Seed', '2026-05-22T02:43:52.990Z');

INSERT INTO public.order_items (order_id, product_id, name, quantity, unit_price, subtotal)
VALUES ('7099b6ba-c966-4e56-88c7-95b597cd98fa', '83a6812d-2665-4ce5-871a-78a4eab3ce80', 'Americano', 3, 100, 300);

INSERT INTO public.orders (id, order_id, status, amount, payment_method, cashier_name, created_at)
VALUES ('aa8435a2-5e26-4908-a4cb-c0c721e6ac4f', 'ORD-01589', 'Completed', 430, 'Credit Card', 'System Seed', '2026-05-22T01:31:44.990Z');

INSERT INTO public.order_items (order_id, product_id, name, quantity, unit_price, subtotal)
VALUES ('aa8435a2-5e26-4908-a4cb-c0c721e6ac4f', '48233f0a-6e57-4a45-b033-627d13f1be78', 'Cappuccino', 2, 120, 240);

INSERT INTO public.order_items (order_id, product_id, name, quantity, unit_price, subtotal)
VALUES ('aa8435a2-5e26-4908-a4cb-c0c721e6ac4f', '36c93748-7c86-4ddb-ba49-1bd1a164bf42', 'Blueberry Muffin', 2, 95, 190);

INSERT INTO public.orders (id, order_id, status, amount, payment_method, cashier_name, created_at)
VALUES ('1e7dac34-d936-4682-8a1c-338b587b28d3', 'ORD-01590', 'Completed', 1130, 'Cash', 'System Seed', '2026-05-21T23:23:59.990Z');

INSERT INTO public.order_items (order_id, product_id, name, quantity, unit_price, subtotal)
VALUES ('1e7dac34-d936-4682-8a1c-338b587b28d3', 'fe6b02e6-9366-4abd-874c-fcb832e0e282', 'Green Tea', 3, 90, 270);

INSERT INTO public.order_items (order_id, product_id, name, quantity, unit_price, subtotal)
VALUES ('1e7dac34-d936-4682-8a1c-338b587b28d3', '1b5c6269-ce45-4413-acb8-21813cd7f9cf', 'Mocha', 2, 140, 280);

INSERT INTO public.order_items (order_id, product_id, name, quantity, unit_price, subtotal)
VALUES ('1e7dac34-d936-4682-8a1c-338b587b28d3', '83a6812d-2665-4ce5-871a-78a4eab3ce80', 'Americano', 3, 100, 300);

INSERT INTO public.order_items (order_id, product_id, name, quantity, unit_price, subtotal)
VALUES ('1e7dac34-d936-4682-8a1c-338b587b28d3', '1b5c6269-ce45-4413-acb8-21813cd7f9cf', 'Mocha', 2, 140, 280);

INSERT INTO public.orders (id, order_id, status, amount, payment_method, cashier_name, created_at)
VALUES ('dff8026d-d329-4f02-836f-4767c5c0969f', 'ORD-01591', 'Completed', 840, 'Credit Card', 'System Seed', '2026-05-22T03:02:43.990Z');

INSERT INTO public.order_items (order_id, product_id, name, quantity, unit_price, subtotal)
VALUES ('dff8026d-d329-4f02-836f-4767c5c0969f', '83a6812d-2665-4ce5-871a-78a4eab3ce80', 'Americano', 3, 100, 300);

INSERT INTO public.order_items (order_id, product_id, name, quantity, unit_price, subtotal)
VALUES ('dff8026d-d329-4f02-836f-4767c5c0969f', '3a6a55c0-70f3-4417-a252-db77d9e511c0', 'Latte', 2, 120, 240);

INSERT INTO public.order_items (order_id, product_id, name, quantity, unit_price, subtotal)
VALUES ('dff8026d-d329-4f02-836f-4767c5c0969f', '83a6812d-2665-4ce5-871a-78a4eab3ce80', 'Americano', 3, 100, 300);

INSERT INTO public.orders (id, order_id, status, amount, payment_method, cashier_name, created_at)
VALUES ('4b9c8e3d-4321-4aa3-bf03-cfff77cee92c', 'ORD-01592', 'Completed', 830, 'Credit Card', 'System Seed', '2026-05-22T12:05:20.990Z');

INSERT INTO public.order_items (order_id, product_id, name, quantity, unit_price, subtotal)
VALUES ('4b9c8e3d-4321-4aa3-bf03-cfff77cee92c', '3a6a55c0-70f3-4417-a252-db77d9e511c0', 'Latte', 3, 120, 360);

INSERT INTO public.order_items (order_id, product_id, name, quantity, unit_price, subtotal)
VALUES ('4b9c8e3d-4321-4aa3-bf03-cfff77cee92c', '83a6812d-2665-4ce5-871a-78a4eab3ce80', 'Americano', 1, 100, 100);

INSERT INTO public.order_items (order_id, product_id, name, quantity, unit_price, subtotal)
VALUES ('4b9c8e3d-4321-4aa3-bf03-cfff77cee92c', 'fe6b02e6-9366-4abd-874c-fcb832e0e282', 'Green Tea', 1, 90, 90);

INSERT INTO public.order_items (order_id, product_id, name, quantity, unit_price, subtotal)
VALUES ('4b9c8e3d-4321-4aa3-bf03-cfff77cee92c', '1b5c6269-ce45-4413-acb8-21813cd7f9cf', 'Mocha', 2, 140, 280);

INSERT INTO public.orders (id, order_id, status, amount, payment_method, cashier_name, created_at)
VALUES ('9e1eaeb6-e47c-4f6a-8310-4cc229ec1970', 'ORD-01593', 'Completed', 550, 'Credit Card', 'System Seed', '2026-05-23T00:22:07.990Z');

INSERT INTO public.order_items (order_id, product_id, name, quantity, unit_price, subtotal)
VALUES ('9e1eaeb6-e47c-4f6a-8310-4cc229ec1970', '36c93748-7c86-4ddb-ba49-1bd1a164bf42', 'Blueberry Muffin', 2, 95, 190);

INSERT INTO public.order_items (order_id, product_id, name, quantity, unit_price, subtotal)
VALUES ('9e1eaeb6-e47c-4f6a-8310-4cc229ec1970', '48233f0a-6e57-4a45-b033-627d13f1be78', 'Cappuccino', 3, 120, 360);

INSERT INTO public.orders (id, order_id, status, amount, payment_method, cashier_name, created_at)
VALUES ('fada1d08-116d-4947-b05c-7fae72e634e3', 'ORD-01594', 'Void (Not Made)', 110, 'Cash', 'System Seed', '2026-05-23T03:44:42.990Z');

INSERT INTO public.order_items (order_id, product_id, name, quantity, unit_price, subtotal)
VALUES ('fada1d08-116d-4947-b05c-7fae72e634e3', 'dfe22f11-84a3-41d2-a268-149f012eae60', 'Sparkling Lemonade', 1, 110, 110);

INSERT INTO public.orders (id, order_id, status, amount, payment_method, cashier_name, created_at)
VALUES ('bb7db781-5d02-41de-a4ff-bc9c2a179642', 'ORD-01595', 'Completed', 865, 'Credit Card', 'System Seed', '2026-05-23T06:46:44.990Z');

INSERT INTO public.order_items (order_id, product_id, name, quantity, unit_price, subtotal)
VALUES ('bb7db781-5d02-41de-a4ff-bc9c2a179642', '36c93748-7c86-4ddb-ba49-1bd1a164bf42', 'Blueberry Muffin', 2, 95, 190);

INSERT INTO public.order_items (order_id, product_id, name, quantity, unit_price, subtotal)
VALUES ('bb7db781-5d02-41de-a4ff-bc9c2a179642', '83a6812d-2665-4ce5-871a-78a4eab3ce80', 'Americano', 3, 100, 300);

INSERT INTO public.order_items (order_id, product_id, name, quantity, unit_price, subtotal)
VALUES ('bb7db781-5d02-41de-a4ff-bc9c2a179642', '1b5c6269-ce45-4413-acb8-21813cd7f9cf', 'Mocha', 2, 140, 280);

INSERT INTO public.order_items (order_id, product_id, name, quantity, unit_price, subtotal)
VALUES ('bb7db781-5d02-41de-a4ff-bc9c2a179642', '36c93748-7c86-4ddb-ba49-1bd1a164bf42', 'Blueberry Muffin', 1, 95, 95);

INSERT INTO public.orders (id, order_id, status, amount, payment_method, cashier_name, created_at)
VALUES ('fdcde052-82af-4656-b56f-e7908dda69dc', 'ORD-01596', 'Completed', 790, 'Maya', 'System Seed', '2026-05-23T10:25:48.990Z');

INSERT INTO public.order_items (order_id, product_id, name, quantity, unit_price, subtotal)
VALUES ('fdcde052-82af-4656-b56f-e7908dda69dc', '65f0b94f-ccbe-4b50-a175-66810ae10f44', 'Croissant', 3, 80, 240);

INSERT INTO public.order_items (order_id, product_id, name, quantity, unit_price, subtotal)
VALUES ('fdcde052-82af-4656-b56f-e7908dda69dc', 'dfe22f11-84a3-41d2-a268-149f012eae60', 'Sparkling Lemonade', 3, 110, 330);

INSERT INTO public.order_items (order_id, product_id, name, quantity, unit_price, subtotal)
VALUES ('fdcde052-82af-4656-b56f-e7908dda69dc', 'dfe22f11-84a3-41d2-a268-149f012eae60', 'Sparkling Lemonade', 2, 110, 220);

INSERT INTO public.orders (id, order_id, status, amount, payment_method, cashier_name, created_at)
VALUES ('31adfb2a-2414-46cb-874d-516d60acc8db', 'ORD-01597', 'Completed', 190, 'GCash', 'System Seed', '2026-05-23T01:49:09.990Z');

INSERT INTO public.order_items (order_id, product_id, name, quantity, unit_price, subtotal)
VALUES ('31adfb2a-2414-46cb-874d-516d60acc8db', 'fe6b02e6-9366-4abd-874c-fcb832e0e282', 'Green Tea', 1, 90, 90);

INSERT INTO public.order_items (order_id, product_id, name, quantity, unit_price, subtotal)
VALUES ('31adfb2a-2414-46cb-874d-516d60acc8db', '83a6812d-2665-4ce5-871a-78a4eab3ce80', 'Americano', 1, 100, 100);

INSERT INTO public.orders (id, order_id, status, amount, payment_method, cashier_name, created_at)
VALUES ('a73b0dfe-fc70-4025-932e-9935d25de900', 'ORD-01598', 'Completed', 845, 'Cash', 'System Seed', '2026-05-23T11:57:07.990Z');

INSERT INTO public.order_items (order_id, product_id, name, quantity, unit_price, subtotal)
VALUES ('a73b0dfe-fc70-4025-932e-9935d25de900', '48233f0a-6e57-4a45-b033-627d13f1be78', 'Cappuccino', 1, 120, 120);

INSERT INTO public.order_items (order_id, product_id, name, quantity, unit_price, subtotal)
VALUES ('a73b0dfe-fc70-4025-932e-9935d25de900', '83a6812d-2665-4ce5-871a-78a4eab3ce80', 'Americano', 2, 100, 200);

INSERT INTO public.order_items (order_id, product_id, name, quantity, unit_price, subtotal)
VALUES ('a73b0dfe-fc70-4025-932e-9935d25de900', '65f0b94f-ccbe-4b50-a175-66810ae10f44', 'Croissant', 3, 80, 240);

INSERT INTO public.order_items (order_id, product_id, name, quantity, unit_price, subtotal)
VALUES ('a73b0dfe-fc70-4025-932e-9935d25de900', '36c93748-7c86-4ddb-ba49-1bd1a164bf42', 'Blueberry Muffin', 3, 95, 285);

INSERT INTO public.orders (id, order_id, status, amount, payment_method, cashier_name, created_at)
VALUES ('db3351e1-ef07-4863-b003-39aad0684063', 'ORD-01599', 'Completed', 360, 'Credit Card', 'System Seed', '2026-05-23T12:35:03.990Z');

INSERT INTO public.order_items (order_id, product_id, name, quantity, unit_price, subtotal)
VALUES ('db3351e1-ef07-4863-b003-39aad0684063', 'fe6b02e6-9366-4abd-874c-fcb832e0e282', 'Green Tea', 2, 90, 180);

INSERT INTO public.order_items (order_id, product_id, name, quantity, unit_price, subtotal)
VALUES ('db3351e1-ef07-4863-b003-39aad0684063', 'fe6b02e6-9366-4abd-874c-fcb832e0e282', 'Green Tea', 2, 90, 180);

INSERT INTO public.orders (id, order_id, status, amount, payment_method, cashier_name, created_at)
VALUES ('c0cc8c81-c35d-42af-8d0d-eee7a5025422', 'ORD-01600', 'Void (Not Made)', 1100, 'GCash', 'System Seed', '2026-05-23T04:49:27.990Z');

INSERT INTO public.order_items (order_id, product_id, name, quantity, unit_price, subtotal)
VALUES ('c0cc8c81-c35d-42af-8d0d-eee7a5025422', '3a6a55c0-70f3-4417-a252-db77d9e511c0', 'Latte', 2, 120, 240);

INSERT INTO public.order_items (order_id, product_id, name, quantity, unit_price, subtotal)
VALUES ('c0cc8c81-c35d-42af-8d0d-eee7a5025422', '83a6812d-2665-4ce5-871a-78a4eab3ce80', 'Americano', 2, 100, 200);

INSERT INTO public.order_items (order_id, product_id, name, quantity, unit_price, subtotal)
VALUES ('c0cc8c81-c35d-42af-8d0d-eee7a5025422', '1b5c6269-ce45-4413-acb8-21813cd7f9cf', 'Mocha', 3, 140, 420);

INSERT INTO public.order_items (order_id, product_id, name, quantity, unit_price, subtotal)
VALUES ('c0cc8c81-c35d-42af-8d0d-eee7a5025422', '48233f0a-6e57-4a45-b033-627d13f1be78', 'Cappuccino', 2, 120, 240);

INSERT INTO public.orders (id, order_id, status, amount, payment_method, cashier_name, created_at)
VALUES ('eb0b72c6-53b3-4194-816d-00ddd2852286', 'ORD-01601', 'Completed', 240, 'Credit Card', 'System Seed', '2026-05-22T23:22:05.990Z');

INSERT INTO public.order_items (order_id, product_id, name, quantity, unit_price, subtotal)
VALUES ('eb0b72c6-53b3-4194-816d-00ddd2852286', '3a6a55c0-70f3-4417-a252-db77d9e511c0', 'Latte', 2, 120, 240);

INSERT INTO public.orders (id, order_id, status, amount, payment_method, cashier_name, created_at)
VALUES ('8d7394b3-9f32-4a6d-973b-283960a968cc', 'ORD-01602', 'Completed', 870, 'GCash', 'System Seed', '2026-05-22T23:39:13.990Z');

INSERT INTO public.order_items (order_id, product_id, name, quantity, unit_price, subtotal)
VALUES ('8d7394b3-9f32-4a6d-973b-283960a968cc', '36c93748-7c86-4ddb-ba49-1bd1a164bf42', 'Blueberry Muffin', 2, 95, 190);

INSERT INTO public.order_items (order_id, product_id, name, quantity, unit_price, subtotal)
VALUES ('8d7394b3-9f32-4a6d-973b-283960a968cc', '65f0b94f-ccbe-4b50-a175-66810ae10f44', 'Croissant', 3, 80, 240);

INSERT INTO public.order_items (order_id, product_id, name, quantity, unit_price, subtotal)
VALUES ('8d7394b3-9f32-4a6d-973b-283960a968cc', '83a6812d-2665-4ce5-871a-78a4eab3ce80', 'Americano', 2, 100, 200);

INSERT INTO public.order_items (order_id, product_id, name, quantity, unit_price, subtotal)
VALUES ('8d7394b3-9f32-4a6d-973b-283960a968cc', '65f0b94f-ccbe-4b50-a175-66810ae10f44', 'Croissant', 3, 80, 240);

INSERT INTO public.orders (id, order_id, status, amount, payment_method, cashier_name, created_at)
VALUES ('fbf0ce76-fddc-4afc-ae93-07af42e8ac82', 'ORD-01603', 'Completed', 770, 'GCash', 'System Seed', '2026-05-23T03:09:14.990Z');

INSERT INTO public.order_items (order_id, product_id, name, quantity, unit_price, subtotal)
VALUES ('fbf0ce76-fddc-4afc-ae93-07af42e8ac82', '3a6a55c0-70f3-4417-a252-db77d9e511c0', 'Latte', 1, 120, 120);

INSERT INTO public.order_items (order_id, product_id, name, quantity, unit_price, subtotal)
VALUES ('fbf0ce76-fddc-4afc-ae93-07af42e8ac82', 'fe6b02e6-9366-4abd-874c-fcb832e0e282', 'Green Tea', 3, 90, 270);

INSERT INTO public.order_items (order_id, product_id, name, quantity, unit_price, subtotal)
VALUES ('fbf0ce76-fddc-4afc-ae93-07af42e8ac82', '65f0b94f-ccbe-4b50-a175-66810ae10f44', 'Croissant', 1, 80, 80);

INSERT INTO public.order_items (order_id, product_id, name, quantity, unit_price, subtotal)
VALUES ('fbf0ce76-fddc-4afc-ae93-07af42e8ac82', '83a6812d-2665-4ce5-871a-78a4eab3ce80', 'Americano', 3, 100, 300);

INSERT INTO public.orders (id, order_id, status, amount, payment_method, cashier_name, created_at)
VALUES ('ccc3908e-9610-4cf6-a7bb-5f8fff380e3d', 'ORD-01604', 'Void (Consumed)', 825, 'Maya', 'System Seed', '2026-05-23T10:00:39.990Z');

INSERT INTO public.order_items (order_id, product_id, name, quantity, unit_price, subtotal)
VALUES ('ccc3908e-9610-4cf6-a7bb-5f8fff380e3d', '36c93748-7c86-4ddb-ba49-1bd1a164bf42', 'Blueberry Muffin', 1, 95, 95);

INSERT INTO public.order_items (order_id, product_id, name, quantity, unit_price, subtotal)
VALUES ('ccc3908e-9610-4cf6-a7bb-5f8fff380e3d', '83a6812d-2665-4ce5-871a-78a4eab3ce80', 'Americano', 3, 100, 300);

INSERT INTO public.order_items (order_id, product_id, name, quantity, unit_price, subtotal)
VALUES ('ccc3908e-9610-4cf6-a7bb-5f8fff380e3d', 'fe6b02e6-9366-4abd-874c-fcb832e0e282', 'Green Tea', 3, 90, 270);

INSERT INTO public.order_items (order_id, product_id, name, quantity, unit_price, subtotal)
VALUES ('ccc3908e-9610-4cf6-a7bb-5f8fff380e3d', '65f0b94f-ccbe-4b50-a175-66810ae10f44', 'Croissant', 2, 80, 160);

INSERT INTO public.orders (id, order_id, status, amount, payment_method, cashier_name, created_at)
VALUES ('074bf068-a8b8-4958-8996-99f97085127e', 'ORD-01605', 'Completed', 90, 'GCash', 'System Seed', '2026-05-23T12:59:11.990Z');

INSERT INTO public.order_items (order_id, product_id, name, quantity, unit_price, subtotal)
VALUES ('074bf068-a8b8-4958-8996-99f97085127e', 'fe6b02e6-9366-4abd-874c-fcb832e0e282', 'Green Tea', 1, 90, 90);

INSERT INTO public.orders (id, order_id, status, amount, payment_method, cashier_name, created_at)
VALUES ('c75ce6c2-e442-4660-96cd-cc48c8310426', 'ORD-01606', 'Void (Consumed)', 90, 'GCash', 'System Seed', '2026-05-23T06:21:34.990Z');

INSERT INTO public.order_items (order_id, product_id, name, quantity, unit_price, subtotal)
VALUES ('c75ce6c2-e442-4660-96cd-cc48c8310426', 'fe6b02e6-9366-4abd-874c-fcb832e0e282', 'Green Tea', 1, 90, 90);

INSERT INTO public.orders (id, order_id, status, amount, payment_method, cashier_name, created_at)
VALUES ('793bcbeb-8aaa-4ea0-80c5-2ae5ab9a9001', 'ORD-01607', 'Completed', 460, 'Cash', 'System Seed', '2026-05-23T08:31:50.990Z');

INSERT INTO public.order_items (order_id, product_id, name, quantity, unit_price, subtotal)
VALUES ('793bcbeb-8aaa-4ea0-80c5-2ae5ab9a9001', '1b5c6269-ce45-4413-acb8-21813cd7f9cf', 'Mocha', 1, 140, 140);

INSERT INTO public.order_items (order_id, product_id, name, quantity, unit_price, subtotal)
VALUES ('793bcbeb-8aaa-4ea0-80c5-2ae5ab9a9001', '65f0b94f-ccbe-4b50-a175-66810ae10f44', 'Croissant', 1, 80, 80);

INSERT INTO public.order_items (order_id, product_id, name, quantity, unit_price, subtotal)
VALUES ('793bcbeb-8aaa-4ea0-80c5-2ae5ab9a9001', '83a6812d-2665-4ce5-871a-78a4eab3ce80', 'Americano', 1, 100, 100);

INSERT INTO public.order_items (order_id, product_id, name, quantity, unit_price, subtotal)
VALUES ('793bcbeb-8aaa-4ea0-80c5-2ae5ab9a9001', '1b5c6269-ce45-4413-acb8-21813cd7f9cf', 'Mocha', 1, 140, 140);

INSERT INTO public.orders (id, order_id, status, amount, payment_method, cashier_name, created_at)
VALUES ('735dc1ec-b63e-4d13-910b-48be702fde47', 'ORD-01608', 'Void (Not Made)', 200, 'GCash', 'System Seed', '2026-05-23T06:27:28.990Z');

INSERT INTO public.order_items (order_id, product_id, name, quantity, unit_price, subtotal)
VALUES ('735dc1ec-b63e-4d13-910b-48be702fde47', '65f0b94f-ccbe-4b50-a175-66810ae10f44', 'Croissant', 1, 80, 80);

INSERT INTO public.order_items (order_id, product_id, name, quantity, unit_price, subtotal)
VALUES ('735dc1ec-b63e-4d13-910b-48be702fde47', '48233f0a-6e57-4a45-b033-627d13f1be78', 'Cappuccino', 1, 120, 120);

INSERT INTO public.orders (id, order_id, status, amount, payment_method, cashier_name, created_at)
VALUES ('ece6d913-7983-4f78-85a1-1da99fe8f6d4', 'ORD-01609', 'Void (Not Made)', 830, 'Cash', 'System Seed', '2026-05-23T01:30:00.990Z');

INSERT INTO public.order_items (order_id, product_id, name, quantity, unit_price, subtotal)
VALUES ('ece6d913-7983-4f78-85a1-1da99fe8f6d4', 'dfe22f11-84a3-41d2-a268-149f012eae60', 'Sparkling Lemonade', 1, 110, 110);

INSERT INTO public.order_items (order_id, product_id, name, quantity, unit_price, subtotal)
VALUES ('ece6d913-7983-4f78-85a1-1da99fe8f6d4', '3a6a55c0-70f3-4417-a252-db77d9e511c0', 'Latte', 3, 120, 360);

INSERT INTO public.order_items (order_id, product_id, name, quantity, unit_price, subtotal)
VALUES ('ece6d913-7983-4f78-85a1-1da99fe8f6d4', '65f0b94f-ccbe-4b50-a175-66810ae10f44', 'Croissant', 1, 80, 80);

INSERT INTO public.order_items (order_id, product_id, name, quantity, unit_price, subtotal)
VALUES ('ece6d913-7983-4f78-85a1-1da99fe8f6d4', '1b5c6269-ce45-4413-acb8-21813cd7f9cf', 'Mocha', 2, 140, 280);

INSERT INTO public.orders (id, order_id, status, amount, payment_method, cashier_name, created_at)
VALUES ('541ce881-5d41-4356-8754-5b121f1c8057', 'ORD-01610', 'Void (Not Made)', 670, 'Cash', 'System Seed', '2026-05-23T07:41:33.990Z');

INSERT INTO public.order_items (order_id, product_id, name, quantity, unit_price, subtotal)
VALUES ('541ce881-5d41-4356-8754-5b121f1c8057', 'dfe22f11-84a3-41d2-a268-149f012eae60', 'Sparkling Lemonade', 1, 110, 110);

INSERT INTO public.order_items (order_id, product_id, name, quantity, unit_price, subtotal)
VALUES ('541ce881-5d41-4356-8754-5b121f1c8057', '83a6812d-2665-4ce5-871a-78a4eab3ce80', 'Americano', 2, 100, 200);

INSERT INTO public.order_items (order_id, product_id, name, quantity, unit_price, subtotal)
VALUES ('541ce881-5d41-4356-8754-5b121f1c8057', '48233f0a-6e57-4a45-b033-627d13f1be78', 'Cappuccino', 3, 120, 360);

INSERT INTO public.orders (id, order_id, status, amount, payment_method, cashier_name, created_at)
VALUES ('b1703c92-f9cb-4010-8e66-65c76675de0b', 'ORD-01611', 'Completed', 440, 'Credit Card', 'System Seed', '2026-05-23T12:27:45.990Z');

INSERT INTO public.order_items (order_id, product_id, name, quantity, unit_price, subtotal)
VALUES ('b1703c92-f9cb-4010-8e66-65c76675de0b', '83a6812d-2665-4ce5-871a-78a4eab3ce80', 'Americano', 2, 100, 200);

INSERT INTO public.order_items (order_id, product_id, name, quantity, unit_price, subtotal)
VALUES ('b1703c92-f9cb-4010-8e66-65c76675de0b', '3a6a55c0-70f3-4417-a252-db77d9e511c0', 'Latte', 2, 120, 240);

INSERT INTO public.orders (id, order_id, status, amount, payment_method, cashier_name, created_at)
VALUES ('825fbfd8-5c7b-4e2f-9662-a5bf88d8b24d', 'ORD-01612', 'Completed', 360, 'Cash', 'System Seed', '2026-05-22T23:57:57.990Z');

INSERT INTO public.order_items (order_id, product_id, name, quantity, unit_price, subtotal)
VALUES ('825fbfd8-5c7b-4e2f-9662-a5bf88d8b24d', '3a6a55c0-70f3-4417-a252-db77d9e511c0', 'Latte', 3, 120, 360);

INSERT INTO public.orders (id, order_id, status, amount, payment_method, cashier_name, created_at)
VALUES ('361d96a3-0997-4f5b-84d0-73206d3cc77f', 'ORD-01613', 'Completed', 470, 'Maya', 'System Seed', '2026-05-23T07:51:56.990Z');

INSERT INTO public.order_items (order_id, product_id, name, quantity, unit_price, subtotal)
VALUES ('361d96a3-0997-4f5b-84d0-73206d3cc77f', '3a6a55c0-70f3-4417-a252-db77d9e511c0', 'Latte', 3, 120, 360);

INSERT INTO public.order_items (order_id, product_id, name, quantity, unit_price, subtotal)
VALUES ('361d96a3-0997-4f5b-84d0-73206d3cc77f', 'dfe22f11-84a3-41d2-a268-149f012eae60', 'Sparkling Lemonade', 1, 110, 110);

INSERT INTO public.orders (id, order_id, status, amount, payment_method, cashier_name, created_at)
VALUES ('49cdafea-47ed-4b89-9ad9-39f241c03026', 'ORD-01614', 'Completed', 760, 'Maya', 'System Seed', '2026-05-23T09:11:12.990Z');

INSERT INTO public.order_items (order_id, product_id, name, quantity, unit_price, subtotal)
VALUES ('49cdafea-47ed-4b89-9ad9-39f241c03026', '1b5c6269-ce45-4413-acb8-21813cd7f9cf', 'Mocha', 1, 140, 140);

INSERT INTO public.order_items (order_id, product_id, name, quantity, unit_price, subtotal)
VALUES ('49cdafea-47ed-4b89-9ad9-39f241c03026', 'fe6b02e6-9366-4abd-874c-fcb832e0e282', 'Green Tea', 1, 90, 90);

INSERT INTO public.order_items (order_id, product_id, name, quantity, unit_price, subtotal)
VALUES ('49cdafea-47ed-4b89-9ad9-39f241c03026', '1b5c6269-ce45-4413-acb8-21813cd7f9cf', 'Mocha', 3, 140, 420);

INSERT INTO public.order_items (order_id, product_id, name, quantity, unit_price, subtotal)
VALUES ('49cdafea-47ed-4b89-9ad9-39f241c03026', 'dfe22f11-84a3-41d2-a268-149f012eae60', 'Sparkling Lemonade', 1, 110, 110);

INSERT INTO public.orders (id, order_id, status, amount, payment_method, cashier_name, created_at)
VALUES ('1beb0f01-f6a7-4714-9334-4137a9580f95', 'ORD-01615', 'Void (Consumed)', 500, 'Maya', 'System Seed', '2026-05-23T10:27:06.990Z');

INSERT INTO public.order_items (order_id, product_id, name, quantity, unit_price, subtotal)
VALUES ('1beb0f01-f6a7-4714-9334-4137a9580f95', '36c93748-7c86-4ddb-ba49-1bd1a164bf42', 'Blueberry Muffin', 3, 95, 285);

INSERT INTO public.order_items (order_id, product_id, name, quantity, unit_price, subtotal)
VALUES ('1beb0f01-f6a7-4714-9334-4137a9580f95', '48233f0a-6e57-4a45-b033-627d13f1be78', 'Cappuccino', 1, 120, 120);

INSERT INTO public.order_items (order_id, product_id, name, quantity, unit_price, subtotal)
VALUES ('1beb0f01-f6a7-4714-9334-4137a9580f95', '36c93748-7c86-4ddb-ba49-1bd1a164bf42', 'Blueberry Muffin', 1, 95, 95);

INSERT INTO public.orders (id, order_id, status, amount, payment_method, cashier_name, created_at)
VALUES ('dae1117e-fc59-444d-a34f-6ec43844b154', 'ORD-01616', 'Completed', 800, 'Maya', 'System Seed', '2026-05-23T04:51:08.990Z');

INSERT INTO public.order_items (order_id, product_id, name, quantity, unit_price, subtotal)
VALUES ('dae1117e-fc59-444d-a34f-6ec43844b154', '3a6a55c0-70f3-4417-a252-db77d9e511c0', 'Latte', 3, 120, 360);

INSERT INTO public.order_items (order_id, product_id, name, quantity, unit_price, subtotal)
VALUES ('dae1117e-fc59-444d-a34f-6ec43844b154', 'dfe22f11-84a3-41d2-a268-149f012eae60', 'Sparkling Lemonade', 2, 110, 220);

INSERT INTO public.order_items (order_id, product_id, name, quantity, unit_price, subtotal)
VALUES ('dae1117e-fc59-444d-a34f-6ec43844b154', 'dfe22f11-84a3-41d2-a268-149f012eae60', 'Sparkling Lemonade', 2, 110, 220);

INSERT INTO public.orders (id, order_id, status, amount, payment_method, cashier_name, created_at)
VALUES ('dab80bba-30fe-43a4-a954-40c838865aa9', 'ORD-01617', 'Void (Not Made)', 900, 'GCash', 'System Seed', '2026-05-23T03:47:07.990Z');

INSERT INTO public.order_items (order_id, product_id, name, quantity, unit_price, subtotal)
VALUES ('dab80bba-30fe-43a4-a954-40c838865aa9', '83a6812d-2665-4ce5-871a-78a4eab3ce80', 'Americano', 2, 100, 200);

INSERT INTO public.order_items (order_id, product_id, name, quantity, unit_price, subtotal)
VALUES ('dab80bba-30fe-43a4-a954-40c838865aa9', 'dfe22f11-84a3-41d2-a268-149f012eae60', 'Sparkling Lemonade', 3, 110, 330);

INSERT INTO public.order_items (order_id, product_id, name, quantity, unit_price, subtotal)
VALUES ('dab80bba-30fe-43a4-a954-40c838865aa9', '1b5c6269-ce45-4413-acb8-21813cd7f9cf', 'Mocha', 2, 140, 280);

INSERT INTO public.order_items (order_id, product_id, name, quantity, unit_price, subtotal)
VALUES ('dab80bba-30fe-43a4-a954-40c838865aa9', 'fe6b02e6-9366-4abd-874c-fcb832e0e282', 'Green Tea', 1, 90, 90);

INSERT INTO public.orders (id, order_id, status, amount, payment_method, cashier_name, created_at)
VALUES ('4f49fcb8-9130-4f99-86a4-0553b1eb66dc', 'ORD-01618', 'Completed', 610, 'Maya', 'System Seed', '2026-05-23T01:03:51.990Z');

INSERT INTO public.order_items (order_id, product_id, name, quantity, unit_price, subtotal)
VALUES ('4f49fcb8-9130-4f99-86a4-0553b1eb66dc', '3a6a55c0-70f3-4417-a252-db77d9e511c0', 'Latte', 1, 120, 120);

INSERT INTO public.order_items (order_id, product_id, name, quantity, unit_price, subtotal)
VALUES ('4f49fcb8-9130-4f99-86a4-0553b1eb66dc', 'dfe22f11-84a3-41d2-a268-149f012eae60', 'Sparkling Lemonade', 2, 110, 220);

INSERT INTO public.order_items (order_id, product_id, name, quantity, unit_price, subtotal)
VALUES ('4f49fcb8-9130-4f99-86a4-0553b1eb66dc', 'fe6b02e6-9366-4abd-874c-fcb832e0e282', 'Green Tea', 3, 90, 270);

INSERT INTO public.orders (id, order_id, status, amount, payment_method, cashier_name, created_at)
VALUES ('bba90ff4-993b-4ec1-9cb7-da5f591e1276', 'ORD-01619', 'Completed', 540, 'Credit Card', 'System Seed', '2026-05-23T10:59:39.990Z');

INSERT INTO public.order_items (order_id, product_id, name, quantity, unit_price, subtotal)
VALUES ('bba90ff4-993b-4ec1-9cb7-da5f591e1276', '83a6812d-2665-4ce5-871a-78a4eab3ce80', 'Americano', 3, 100, 300);

INSERT INTO public.order_items (order_id, product_id, name, quantity, unit_price, subtotal)
VALUES ('bba90ff4-993b-4ec1-9cb7-da5f591e1276', '3a6a55c0-70f3-4417-a252-db77d9e511c0', 'Latte', 2, 120, 240);

INSERT INTO public.orders (id, order_id, status, amount, payment_method, cashier_name, created_at)
VALUES ('8bd3ff27-75ad-4ede-a524-7958ddbc3b5c', 'ORD-01620', 'Completed', 700, 'Maya', 'System Seed', '2026-05-22T23:59:11.990Z');

INSERT INTO public.order_items (order_id, product_id, name, quantity, unit_price, subtotal)
VALUES ('8bd3ff27-75ad-4ede-a524-7958ddbc3b5c', '1b5c6269-ce45-4413-acb8-21813cd7f9cf', 'Mocha', 3, 140, 420);

INSERT INTO public.order_items (order_id, product_id, name, quantity, unit_price, subtotal)
VALUES ('8bd3ff27-75ad-4ede-a524-7958ddbc3b5c', '1b5c6269-ce45-4413-acb8-21813cd7f9cf', 'Mocha', 2, 140, 280);

INSERT INTO public.orders (id, order_id, status, amount, payment_method, cashier_name, created_at)
VALUES ('b5f29286-3a5f-4fc0-bf9d-914af944acb2', 'ORD-01621', 'Completed', 690, 'Cash', 'System Seed', '2026-05-22T23:26:13.990Z');

INSERT INTO public.order_items (order_id, product_id, name, quantity, unit_price, subtotal)
VALUES ('b5f29286-3a5f-4fc0-bf9d-914af944acb2', '3a6a55c0-70f3-4417-a252-db77d9e511c0', 'Latte', 2, 120, 240);

INSERT INTO public.order_items (order_id, product_id, name, quantity, unit_price, subtotal)
VALUES ('b5f29286-3a5f-4fc0-bf9d-914af944acb2', 'fe6b02e6-9366-4abd-874c-fcb832e0e282', 'Green Tea', 2, 90, 180);

INSERT INTO public.order_items (order_id, product_id, name, quantity, unit_price, subtotal)
VALUES ('b5f29286-3a5f-4fc0-bf9d-914af944acb2', 'fe6b02e6-9366-4abd-874c-fcb832e0e282', 'Green Tea', 3, 90, 270);

INSERT INTO public.orders (id, order_id, status, amount, payment_method, cashier_name, created_at)
VALUES ('18631950-d847-4fff-bfe6-40a9838f7cc0', 'ORD-01622', 'Void (Consumed)', 835, 'GCash', 'System Seed', '2026-05-22T23:24:06.990Z');

INSERT INTO public.order_items (order_id, product_id, name, quantity, unit_price, subtotal)
VALUES ('18631950-d847-4fff-bfe6-40a9838f7cc0', '36c93748-7c86-4ddb-ba49-1bd1a164bf42', 'Blueberry Muffin', 3, 95, 285);

INSERT INTO public.order_items (order_id, product_id, name, quantity, unit_price, subtotal)
VALUES ('18631950-d847-4fff-bfe6-40a9838f7cc0', '36c93748-7c86-4ddb-ba49-1bd1a164bf42', 'Blueberry Muffin', 2, 95, 190);

INSERT INTO public.order_items (order_id, product_id, name, quantity, unit_price, subtotal)
VALUES ('18631950-d847-4fff-bfe6-40a9838f7cc0', '3a6a55c0-70f3-4417-a252-db77d9e511c0', 'Latte', 3, 120, 360);

INSERT INTO public.orders (id, order_id, status, amount, payment_method, cashier_name, created_at)
VALUES ('cabfbc94-8c60-4ae6-ba70-8eea03055fc0', 'ORD-01623', 'Void (Not Made)', 820, 'Cash', 'System Seed', '2026-05-23T07:09:19.990Z');

INSERT INTO public.order_items (order_id, product_id, name, quantity, unit_price, subtotal)
VALUES ('cabfbc94-8c60-4ae6-ba70-8eea03055fc0', '83a6812d-2665-4ce5-871a-78a4eab3ce80', 'Americano', 3, 100, 300);

INSERT INTO public.order_items (order_id, product_id, name, quantity, unit_price, subtotal)
VALUES ('cabfbc94-8c60-4ae6-ba70-8eea03055fc0', '1b5c6269-ce45-4413-acb8-21813cd7f9cf', 'Mocha', 2, 140, 280);

INSERT INTO public.order_items (order_id, product_id, name, quantity, unit_price, subtotal)
VALUES ('cabfbc94-8c60-4ae6-ba70-8eea03055fc0', '65f0b94f-ccbe-4b50-a175-66810ae10f44', 'Croissant', 3, 80, 240);

INSERT INTO public.orders (id, order_id, status, amount, payment_method, cashier_name, created_at)
VALUES ('30933085-e4e3-4cbe-9ee4-7abbc6f8411b', 'ORD-01624', 'Completed', 570, 'Credit Card', 'System Seed', '2026-05-23T03:41:02.990Z');

INSERT INTO public.order_items (order_id, product_id, name, quantity, unit_price, subtotal)
VALUES ('30933085-e4e3-4cbe-9ee4-7abbc6f8411b', '83a6812d-2665-4ce5-871a-78a4eab3ce80', 'Americano', 3, 100, 300);

INSERT INTO public.order_items (order_id, product_id, name, quantity, unit_price, subtotal)
VALUES ('30933085-e4e3-4cbe-9ee4-7abbc6f8411b', '65f0b94f-ccbe-4b50-a175-66810ae10f44', 'Croissant', 1, 80, 80);

INSERT INTO public.order_items (order_id, product_id, name, quantity, unit_price, subtotal)
VALUES ('30933085-e4e3-4cbe-9ee4-7abbc6f8411b', '83a6812d-2665-4ce5-871a-78a4eab3ce80', 'Americano', 1, 100, 100);

INSERT INTO public.order_items (order_id, product_id, name, quantity, unit_price, subtotal)
VALUES ('30933085-e4e3-4cbe-9ee4-7abbc6f8411b', 'fe6b02e6-9366-4abd-874c-fcb832e0e282', 'Green Tea', 1, 90, 90);

INSERT INTO public.orders (id, order_id, status, amount, payment_method, cashier_name, created_at)
VALUES ('fb4f075f-af13-49cd-8505-ed7914b3eaee', 'ORD-01625', 'Void (Consumed)', 690, 'GCash', 'System Seed', '2026-05-23T05:10:30.990Z');

INSERT INTO public.order_items (order_id, product_id, name, quantity, unit_price, subtotal)
VALUES ('fb4f075f-af13-49cd-8505-ed7914b3eaee', '1b5c6269-ce45-4413-acb8-21813cd7f9cf', 'Mocha', 1, 140, 140);

INSERT INTO public.order_items (order_id, product_id, name, quantity, unit_price, subtotal)
VALUES ('fb4f075f-af13-49cd-8505-ed7914b3eaee', 'fe6b02e6-9366-4abd-874c-fcb832e0e282', 'Green Tea', 3, 90, 270);

INSERT INTO public.order_items (order_id, product_id, name, quantity, unit_price, subtotal)
VALUES ('fb4f075f-af13-49cd-8505-ed7914b3eaee', '1b5c6269-ce45-4413-acb8-21813cd7f9cf', 'Mocha', 2, 140, 280);

INSERT INTO public.orders (id, order_id, status, amount, payment_method, cashier_name, created_at)
VALUES ('83753e49-df8b-4147-9c05-0cdd0b5f1dbe', 'ORD-01626', 'Completed', 865, 'Cash', 'System Seed', '2026-05-23T07:21:04.990Z');

INSERT INTO public.order_items (order_id, product_id, name, quantity, unit_price, subtotal)
VALUES ('83753e49-df8b-4147-9c05-0cdd0b5f1dbe', '36c93748-7c86-4ddb-ba49-1bd1a164bf42', 'Blueberry Muffin', 2, 95, 190);

INSERT INTO public.order_items (order_id, product_id, name, quantity, unit_price, subtotal)
VALUES ('83753e49-df8b-4147-9c05-0cdd0b5f1dbe', '48233f0a-6e57-4a45-b033-627d13f1be78', 'Cappuccino', 3, 120, 360);

INSERT INTO public.order_items (order_id, product_id, name, quantity, unit_price, subtotal)
VALUES ('83753e49-df8b-4147-9c05-0cdd0b5f1dbe', '36c93748-7c86-4ddb-ba49-1bd1a164bf42', 'Blueberry Muffin', 1, 95, 95);

INSERT INTO public.order_items (order_id, product_id, name, quantity, unit_price, subtotal)
VALUES ('83753e49-df8b-4147-9c05-0cdd0b5f1dbe', 'dfe22f11-84a3-41d2-a268-149f012eae60', 'Sparkling Lemonade', 2, 110, 220);

INSERT INTO public.orders (id, order_id, status, amount, payment_method, cashier_name, created_at)
VALUES ('021feefc-1257-4ff7-92ba-e5dec80fad70', 'ORD-01627', 'Completed', 120, 'GCash', 'System Seed', '2026-05-24T07:55:26.990Z');

INSERT INTO public.order_items (order_id, product_id, name, quantity, unit_price, subtotal)
VALUES ('021feefc-1257-4ff7-92ba-e5dec80fad70', '48233f0a-6e57-4a45-b033-627d13f1be78', 'Cappuccino', 1, 120, 120);

INSERT INTO public.orders (id, order_id, status, amount, payment_method, cashier_name, created_at)
VALUES ('0e73eaf2-9958-4a51-8bb1-77a246b30e09', 'ORD-01628', 'Void (Not Made)', 720, 'Credit Card', 'System Seed', '2026-05-24T02:53:49.990Z');

INSERT INTO public.order_items (order_id, product_id, name, quantity, unit_price, subtotal)
VALUES ('0e73eaf2-9958-4a51-8bb1-77a246b30e09', '48233f0a-6e57-4a45-b033-627d13f1be78', 'Cappuccino', 2, 120, 240);

INSERT INTO public.order_items (order_id, product_id, name, quantity, unit_price, subtotal)
VALUES ('0e73eaf2-9958-4a51-8bb1-77a246b30e09', '3a6a55c0-70f3-4417-a252-db77d9e511c0', 'Latte', 1, 120, 120);

INSERT INTO public.order_items (order_id, product_id, name, quantity, unit_price, subtotal)
VALUES ('0e73eaf2-9958-4a51-8bb1-77a246b30e09', '3a6a55c0-70f3-4417-a252-db77d9e511c0', 'Latte', 3, 120, 360);

INSERT INTO public.orders (id, order_id, status, amount, payment_method, cashier_name, created_at)
VALUES ('6b1904cc-c472-4447-947d-99d33b8663b4', 'ORD-01629', 'Completed', 365, 'Cash', 'System Seed', '2026-05-23T23:54:37.990Z');

INSERT INTO public.order_items (order_id, product_id, name, quantity, unit_price, subtotal)
VALUES ('6b1904cc-c472-4447-947d-99d33b8663b4', '36c93748-7c86-4ddb-ba49-1bd1a164bf42', 'Blueberry Muffin', 1, 95, 95);

INSERT INTO public.order_items (order_id, product_id, name, quantity, unit_price, subtotal)
VALUES ('6b1904cc-c472-4447-947d-99d33b8663b4', 'fe6b02e6-9366-4abd-874c-fcb832e0e282', 'Green Tea', 2, 90, 180);

INSERT INTO public.order_items (order_id, product_id, name, quantity, unit_price, subtotal)
VALUES ('6b1904cc-c472-4447-947d-99d33b8663b4', 'fe6b02e6-9366-4abd-874c-fcb832e0e282', 'Green Tea', 1, 90, 90);

INSERT INTO public.orders (id, order_id, status, amount, payment_method, cashier_name, created_at)
VALUES ('61116172-73d5-414b-a533-bb56124a40f1', 'ORD-01630', 'Void (Consumed)', 520, 'GCash', 'System Seed', '2026-05-24T06:46:06.990Z');

INSERT INTO public.order_items (order_id, product_id, name, quantity, unit_price, subtotal)
VALUES ('61116172-73d5-414b-a533-bb56124a40f1', '48233f0a-6e57-4a45-b033-627d13f1be78', 'Cappuccino', 2, 120, 240);

INSERT INTO public.order_items (order_id, product_id, name, quantity, unit_price, subtotal)
VALUES ('61116172-73d5-414b-a533-bb56124a40f1', '1b5c6269-ce45-4413-acb8-21813cd7f9cf', 'Mocha', 2, 140, 280);

INSERT INTO public.orders (id, order_id, status, amount, payment_method, cashier_name, created_at)
VALUES ('c334e5e9-379f-4b40-8e4c-8b32605f85f5', 'ORD-01631', 'Completed', 610, 'GCash', 'System Seed', '2026-05-24T04:30:57.990Z');

INSERT INTO public.order_items (order_id, product_id, name, quantity, unit_price, subtotal)
VALUES ('c334e5e9-379f-4b40-8e4c-8b32605f85f5', 'dfe22f11-84a3-41d2-a268-149f012eae60', 'Sparkling Lemonade', 1, 110, 110);

INSERT INTO public.order_items (order_id, product_id, name, quantity, unit_price, subtotal)
VALUES ('c334e5e9-379f-4b40-8e4c-8b32605f85f5', '3a6a55c0-70f3-4417-a252-db77d9e511c0', 'Latte', 1, 120, 120);

INSERT INTO public.order_items (order_id, product_id, name, quantity, unit_price, subtotal)
VALUES ('c334e5e9-379f-4b40-8e4c-8b32605f85f5', '65f0b94f-ccbe-4b50-a175-66810ae10f44', 'Croissant', 3, 80, 240);

INSERT INTO public.order_items (order_id, product_id, name, quantity, unit_price, subtotal)
VALUES ('c334e5e9-379f-4b40-8e4c-8b32605f85f5', '1b5c6269-ce45-4413-acb8-21813cd7f9cf', 'Mocha', 1, 140, 140);

INSERT INTO public.orders (id, order_id, status, amount, payment_method, cashier_name, created_at)
VALUES ('3c49624f-6298-462f-9376-3a3ae85c81aa', 'ORD-01632', 'Completed', 470, 'Credit Card', 'System Seed', '2026-05-24T07:06:16.990Z');

INSERT INTO public.order_items (order_id, product_id, name, quantity, unit_price, subtotal)
VALUES ('3c49624f-6298-462f-9376-3a3ae85c81aa', 'fe6b02e6-9366-4abd-874c-fcb832e0e282', 'Green Tea', 3, 90, 270);

INSERT INTO public.order_items (order_id, product_id, name, quantity, unit_price, subtotal)
VALUES ('3c49624f-6298-462f-9376-3a3ae85c81aa', 'fe6b02e6-9366-4abd-874c-fcb832e0e282', 'Green Tea', 1, 90, 90);

INSERT INTO public.order_items (order_id, product_id, name, quantity, unit_price, subtotal)
VALUES ('3c49624f-6298-462f-9376-3a3ae85c81aa', 'dfe22f11-84a3-41d2-a268-149f012eae60', 'Sparkling Lemonade', 1, 110, 110);

INSERT INTO public.orders (id, order_id, status, amount, payment_method, cashier_name, created_at)
VALUES ('967d3a79-83d3-4773-871e-c9bd15fc6210', 'ORD-01633', 'Completed', 990, 'Cash', 'System Seed', '2026-05-24T00:52:38.990Z');

INSERT INTO public.order_items (order_id, product_id, name, quantity, unit_price, subtotal)
VALUES ('967d3a79-83d3-4773-871e-c9bd15fc6210', '65f0b94f-ccbe-4b50-a175-66810ae10f44', 'Croissant', 3, 80, 240);

INSERT INTO public.order_items (order_id, product_id, name, quantity, unit_price, subtotal)
VALUES ('967d3a79-83d3-4773-871e-c9bd15fc6210', 'fe6b02e6-9366-4abd-874c-fcb832e0e282', 'Green Tea', 1, 90, 90);

INSERT INTO public.order_items (order_id, product_id, name, quantity, unit_price, subtotal)
VALUES ('967d3a79-83d3-4773-871e-c9bd15fc6210', '83a6812d-2665-4ce5-871a-78a4eab3ce80', 'Americano', 3, 100, 300);

INSERT INTO public.order_items (order_id, product_id, name, quantity, unit_price, subtotal)
VALUES ('967d3a79-83d3-4773-871e-c9bd15fc6210', '48233f0a-6e57-4a45-b033-627d13f1be78', 'Cappuccino', 3, 120, 360);

INSERT INTO public.orders (id, order_id, status, amount, payment_method, cashier_name, created_at)
VALUES ('b0bf85de-4a0c-407a-9a12-7a4dbe0ac910', 'ORD-01634', 'Completed', 700, 'Maya', 'System Seed', '2026-05-24T02:46:28.990Z');

INSERT INTO public.order_items (order_id, product_id, name, quantity, unit_price, subtotal)
VALUES ('b0bf85de-4a0c-407a-9a12-7a4dbe0ac910', '3a6a55c0-70f3-4417-a252-db77d9e511c0', 'Latte', 2, 120, 240);

INSERT INTO public.order_items (order_id, product_id, name, quantity, unit_price, subtotal)
VALUES ('b0bf85de-4a0c-407a-9a12-7a4dbe0ac910', '1b5c6269-ce45-4413-acb8-21813cd7f9cf', 'Mocha', 2, 140, 280);

INSERT INTO public.order_items (order_id, product_id, name, quantity, unit_price, subtotal)
VALUES ('b0bf85de-4a0c-407a-9a12-7a4dbe0ac910', 'fe6b02e6-9366-4abd-874c-fcb832e0e282', 'Green Tea', 2, 90, 180);

INSERT INTO public.orders (id, order_id, status, amount, payment_method, cashier_name, created_at)
VALUES ('65c898c1-673e-4989-9e94-66811c055c56', 'ORD-01635', 'Completed', 1140, 'Cash', 'System Seed', '2026-05-24T03:09:31.990Z');

INSERT INTO public.order_items (order_id, product_id, name, quantity, unit_price, subtotal)
VALUES ('65c898c1-673e-4989-9e94-66811c055c56', '3a6a55c0-70f3-4417-a252-db77d9e511c0', 'Latte', 3, 120, 360);

INSERT INTO public.order_items (order_id, product_id, name, quantity, unit_price, subtotal)
VALUES ('65c898c1-673e-4989-9e94-66811c055c56', '3a6a55c0-70f3-4417-a252-db77d9e511c0', 'Latte', 3, 120, 360);

INSERT INTO public.order_items (order_id, product_id, name, quantity, unit_price, subtotal)
VALUES ('65c898c1-673e-4989-9e94-66811c055c56', '1b5c6269-ce45-4413-acb8-21813cd7f9cf', 'Mocha', 3, 140, 420);

INSERT INTO public.orders (id, order_id, status, amount, payment_method, cashier_name, created_at)
VALUES ('8509f36e-1cdc-419d-9d3f-d3e51d30f003', 'ORD-01636', 'Completed', 605, 'Credit Card', 'System Seed', '2026-05-24T06:20:02.990Z');

INSERT INTO public.order_items (order_id, product_id, name, quantity, unit_price, subtotal)
VALUES ('8509f36e-1cdc-419d-9d3f-d3e51d30f003', '3a6a55c0-70f3-4417-a252-db77d9e511c0', 'Latte', 1, 120, 120);

INSERT INTO public.order_items (order_id, product_id, name, quantity, unit_price, subtotal)
VALUES ('8509f36e-1cdc-419d-9d3f-d3e51d30f003', '36c93748-7c86-4ddb-ba49-1bd1a164bf42', 'Blueberry Muffin', 3, 95, 285);

INSERT INTO public.order_items (order_id, product_id, name, quantity, unit_price, subtotal)
VALUES ('8509f36e-1cdc-419d-9d3f-d3e51d30f003', '83a6812d-2665-4ce5-871a-78a4eab3ce80', 'Americano', 2, 100, 200);

INSERT INTO public.orders (id, order_id, status, amount, payment_method, cashier_name, created_at)
VALUES ('5eeebbac-486b-4606-8606-b722314d8ed7', 'ORD-01637', 'Completed', 740, 'GCash', 'System Seed', '2026-05-24T04:27:13.990Z');

INSERT INTO public.order_items (order_id, product_id, name, quantity, unit_price, subtotal)
VALUES ('5eeebbac-486b-4606-8606-b722314d8ed7', '3a6a55c0-70f3-4417-a252-db77d9e511c0', 'Latte', 1, 120, 120);

INSERT INTO public.order_items (order_id, product_id, name, quantity, unit_price, subtotal)
VALUES ('5eeebbac-486b-4606-8606-b722314d8ed7', '36c93748-7c86-4ddb-ba49-1bd1a164bf42', 'Blueberry Muffin', 2, 95, 190);

INSERT INTO public.order_items (order_id, product_id, name, quantity, unit_price, subtotal)
VALUES ('5eeebbac-486b-4606-8606-b722314d8ed7', 'dfe22f11-84a3-41d2-a268-149f012eae60', 'Sparkling Lemonade', 3, 110, 330);

INSERT INTO public.order_items (order_id, product_id, name, quantity, unit_price, subtotal)
VALUES ('5eeebbac-486b-4606-8606-b722314d8ed7', '83a6812d-2665-4ce5-871a-78a4eab3ce80', 'Americano', 1, 100, 100);

INSERT INTO public.orders (id, order_id, status, amount, payment_method, cashier_name, created_at)
VALUES ('dc8351f9-70f0-4243-9cbf-fbe488e0bfb9', 'ORD-01638', 'Completed', 620, 'Credit Card', 'System Seed', '2026-05-24T09:53:32.990Z');

INSERT INTO public.order_items (order_id, product_id, name, quantity, unit_price, subtotal)
VALUES ('dc8351f9-70f0-4243-9cbf-fbe488e0bfb9', '83a6812d-2665-4ce5-871a-78a4eab3ce80', 'Americano', 3, 100, 300);

INSERT INTO public.order_items (order_id, product_id, name, quantity, unit_price, subtotal)
VALUES ('dc8351f9-70f0-4243-9cbf-fbe488e0bfb9', '3a6a55c0-70f3-4417-a252-db77d9e511c0', 'Latte', 1, 120, 120);

INSERT INTO public.order_items (order_id, product_id, name, quantity, unit_price, subtotal)
VALUES ('dc8351f9-70f0-4243-9cbf-fbe488e0bfb9', '83a6812d-2665-4ce5-871a-78a4eab3ce80', 'Americano', 2, 100, 200);

INSERT INTO public.orders (id, order_id, status, amount, payment_method, cashier_name, created_at)
VALUES ('7d65a688-0190-477c-a437-d7698c661236', 'ORD-01639', 'Completed', 870, 'Credit Card', 'System Seed', '2026-05-24T05:04:59.990Z');

INSERT INTO public.order_items (order_id, product_id, name, quantity, unit_price, subtotal)
VALUES ('7d65a688-0190-477c-a437-d7698c661236', '65f0b94f-ccbe-4b50-a175-66810ae10f44', 'Croissant', 2, 80, 160);

INSERT INTO public.order_items (order_id, product_id, name, quantity, unit_price, subtotal)
VALUES ('7d65a688-0190-477c-a437-d7698c661236', '48233f0a-6e57-4a45-b033-627d13f1be78', 'Cappuccino', 3, 120, 360);

INSERT INTO public.order_items (order_id, product_id, name, quantity, unit_price, subtotal)
VALUES ('7d65a688-0190-477c-a437-d7698c661236', '48233f0a-6e57-4a45-b033-627d13f1be78', 'Cappuccino', 2, 120, 240);

INSERT INTO public.order_items (order_id, product_id, name, quantity, unit_price, subtotal)
VALUES ('7d65a688-0190-477c-a437-d7698c661236', 'dfe22f11-84a3-41d2-a268-149f012eae60', 'Sparkling Lemonade', 1, 110, 110);

INSERT INTO public.orders (id, order_id, status, amount, payment_method, cashier_name, created_at)
VALUES ('c5293a1e-6bf8-4174-acf4-6eaa2467e88f', 'ORD-01640', 'Completed', 260, 'Cash', 'System Seed', '2026-05-24T09:10:10.990Z');

INSERT INTO public.order_items (order_id, product_id, name, quantity, unit_price, subtotal)
VALUES ('c5293a1e-6bf8-4174-acf4-6eaa2467e88f', '1b5c6269-ce45-4413-acb8-21813cd7f9cf', 'Mocha', 1, 140, 140);

INSERT INTO public.order_items (order_id, product_id, name, quantity, unit_price, subtotal)
VALUES ('c5293a1e-6bf8-4174-acf4-6eaa2467e88f', '3a6a55c0-70f3-4417-a252-db77d9e511c0', 'Latte', 1, 120, 120);

INSERT INTO public.orders (id, order_id, status, amount, payment_method, cashier_name, created_at)
VALUES ('7c24ec74-8b10-4368-ad1d-b58575f126a1', 'ORD-01641', 'Completed', 750, 'Credit Card', 'System Seed', '2026-05-24T00:37:42.990Z');

INSERT INTO public.order_items (order_id, product_id, name, quantity, unit_price, subtotal)
VALUES ('7c24ec74-8b10-4368-ad1d-b58575f126a1', 'fe6b02e6-9366-4abd-874c-fcb832e0e282', 'Green Tea', 1, 90, 90);

INSERT INTO public.order_items (order_id, product_id, name, quantity, unit_price, subtotal)
VALUES ('7c24ec74-8b10-4368-ad1d-b58575f126a1', '48233f0a-6e57-4a45-b033-627d13f1be78', 'Cappuccino', 2, 120, 240);

INSERT INTO public.order_items (order_id, product_id, name, quantity, unit_price, subtotal)
VALUES ('7c24ec74-8b10-4368-ad1d-b58575f126a1', '1b5c6269-ce45-4413-acb8-21813cd7f9cf', 'Mocha', 3, 140, 420);

INSERT INTO public.orders (id, order_id, status, amount, payment_method, cashier_name, created_at)
VALUES ('2b386c7d-11a7-4523-accf-8242a32502cf', 'ORD-01642', 'Completed', 200, 'GCash', 'System Seed', '2026-05-24T11:56:27.990Z');

INSERT INTO public.order_items (order_id, product_id, name, quantity, unit_price, subtotal)
VALUES ('2b386c7d-11a7-4523-accf-8242a32502cf', '83a6812d-2665-4ce5-871a-78a4eab3ce80', 'Americano', 2, 100, 200);

INSERT INTO public.orders (id, order_id, status, amount, payment_method, cashier_name, created_at)
VALUES ('c9f18cb2-9238-4cf3-87dd-5eb37bbe3320', 'ORD-01643', 'Completed', 860, 'GCash', 'System Seed', '2026-05-23T23:37:52.990Z');

INSERT INTO public.order_items (order_id, product_id, name, quantity, unit_price, subtotal)
VALUES ('c9f18cb2-9238-4cf3-87dd-5eb37bbe3320', '1b5c6269-ce45-4413-acb8-21813cd7f9cf', 'Mocha', 2, 140, 280);

INSERT INTO public.order_items (order_id, product_id, name, quantity, unit_price, subtotal)
VALUES ('c9f18cb2-9238-4cf3-87dd-5eb37bbe3320', '48233f0a-6e57-4a45-b033-627d13f1be78', 'Cappuccino', 1, 120, 120);

INSERT INTO public.order_items (order_id, product_id, name, quantity, unit_price, subtotal)
VALUES ('c9f18cb2-9238-4cf3-87dd-5eb37bbe3320', 'fe6b02e6-9366-4abd-874c-fcb832e0e282', 'Green Tea', 3, 90, 270);

INSERT INTO public.order_items (order_id, product_id, name, quantity, unit_price, subtotal)
VALUES ('c9f18cb2-9238-4cf3-87dd-5eb37bbe3320', '36c93748-7c86-4ddb-ba49-1bd1a164bf42', 'Blueberry Muffin', 2, 95, 190);

INSERT INTO public.orders (id, order_id, status, amount, payment_method, cashier_name, created_at)
VALUES ('c1b230e4-e846-46cc-a7bf-7d25bf43867c', 'ORD-01644', 'Void (Not Made)', 605, 'Cash', 'System Seed', '2026-05-24T06:03:48.990Z');

INSERT INTO public.order_items (order_id, product_id, name, quantity, unit_price, subtotal)
VALUES ('c1b230e4-e846-46cc-a7bf-7d25bf43867c', '65f0b94f-ccbe-4b50-a175-66810ae10f44', 'Croissant', 1, 80, 80);

INSERT INTO public.order_items (order_id, product_id, name, quantity, unit_price, subtotal)
VALUES ('c1b230e4-e846-46cc-a7bf-7d25bf43867c', 'fe6b02e6-9366-4abd-874c-fcb832e0e282', 'Green Tea', 3, 90, 270);

INSERT INTO public.order_items (order_id, product_id, name, quantity, unit_price, subtotal)
VALUES ('c1b230e4-e846-46cc-a7bf-7d25bf43867c', '36c93748-7c86-4ddb-ba49-1bd1a164bf42', 'Blueberry Muffin', 1, 95, 95);

INSERT INTO public.order_items (order_id, product_id, name, quantity, unit_price, subtotal)
VALUES ('c1b230e4-e846-46cc-a7bf-7d25bf43867c', '65f0b94f-ccbe-4b50-a175-66810ae10f44', 'Croissant', 2, 80, 160);

INSERT INTO public.orders (id, order_id, status, amount, payment_method, cashier_name, created_at)
VALUES ('b98edc03-2e7c-436b-a01a-2c65334761ca', 'ORD-01645', 'Void (Consumed)', 120, 'Cash', 'System Seed', '2026-05-23T23:57:11.990Z');

INSERT INTO public.order_items (order_id, product_id, name, quantity, unit_price, subtotal)
VALUES ('b98edc03-2e7c-436b-a01a-2c65334761ca', '48233f0a-6e57-4a45-b033-627d13f1be78', 'Cappuccino', 1, 120, 120);

INSERT INTO public.orders (id, order_id, status, amount, payment_method, cashier_name, created_at)
VALUES ('aa316795-218b-46bf-87d8-d8f07ef66c77', 'ORD-01646', 'Void (Not Made)', 330, 'Cash', 'System Seed', '2026-05-24T07:00:53.990Z');

INSERT INTO public.order_items (order_id, product_id, name, quantity, unit_price, subtotal)
VALUES ('aa316795-218b-46bf-87d8-d8f07ef66c77', 'dfe22f11-84a3-41d2-a268-149f012eae60', 'Sparkling Lemonade', 3, 110, 330);

INSERT INTO public.orders (id, order_id, status, amount, payment_method, cashier_name, created_at)
VALUES ('01efcb9b-7cf2-42eb-9294-248f4fb4340f', 'ORD-01647', 'Void (Consumed)', 870, 'Maya', 'System Seed', '2026-05-24T11:31:20.990Z');

INSERT INTO public.order_items (order_id, product_id, name, quantity, unit_price, subtotal)
VALUES ('01efcb9b-7cf2-42eb-9294-248f4fb4340f', '48233f0a-6e57-4a45-b033-627d13f1be78', 'Cappuccino', 1, 120, 120);

INSERT INTO public.order_items (order_id, product_id, name, quantity, unit_price, subtotal)
VALUES ('01efcb9b-7cf2-42eb-9294-248f4fb4340f', 'fe6b02e6-9366-4abd-874c-fcb832e0e282', 'Green Tea', 3, 90, 270);

INSERT INTO public.order_items (order_id, product_id, name, quantity, unit_price, subtotal)
VALUES ('01efcb9b-7cf2-42eb-9294-248f4fb4340f', '48233f0a-6e57-4a45-b033-627d13f1be78', 'Cappuccino', 1, 120, 120);

INSERT INTO public.order_items (order_id, product_id, name, quantity, unit_price, subtotal)
VALUES ('01efcb9b-7cf2-42eb-9294-248f4fb4340f', '3a6a55c0-70f3-4417-a252-db77d9e511c0', 'Latte', 3, 120, 360);

INSERT INTO public.orders (id, order_id, status, amount, payment_method, cashier_name, created_at)
VALUES ('08a6879e-f067-4082-8b8c-f660f9005975', 'ORD-01648', 'Void (Consumed)', 470, 'Maya', 'System Seed', '2026-05-24T12:32:14.990Z');

INSERT INTO public.order_items (order_id, product_id, name, quantity, unit_price, subtotal)
VALUES ('08a6879e-f067-4082-8b8c-f660f9005975', 'dfe22f11-84a3-41d2-a268-149f012eae60', 'Sparkling Lemonade', 1, 110, 110);

INSERT INTO public.order_items (order_id, product_id, name, quantity, unit_price, subtotal)
VALUES ('08a6879e-f067-4082-8b8c-f660f9005975', '48233f0a-6e57-4a45-b033-627d13f1be78', 'Cappuccino', 3, 120, 360);

INSERT INTO public.orders (id, order_id, status, amount, payment_method, cashier_name, created_at)
VALUES ('7e66a3da-8745-4f3b-9153-c97a92adf43f', 'ORD-01649', 'Completed', 425, 'Credit Card', 'System Seed', '2026-05-24T10:52:04.990Z');

INSERT INTO public.order_items (order_id, product_id, name, quantity, unit_price, subtotal)
VALUES ('7e66a3da-8745-4f3b-9153-c97a92adf43f', 'dfe22f11-84a3-41d2-a268-149f012eae60', 'Sparkling Lemonade', 3, 110, 330);

INSERT INTO public.order_items (order_id, product_id, name, quantity, unit_price, subtotal)
VALUES ('7e66a3da-8745-4f3b-9153-c97a92adf43f', '36c93748-7c86-4ddb-ba49-1bd1a164bf42', 'Blueberry Muffin', 1, 95, 95);

INSERT INTO public.orders (id, order_id, status, amount, payment_method, cashier_name, created_at)
VALUES ('104c50cd-665f-46eb-9c36-591a25f71f77', 'ORD-01650', 'Completed', 140, 'Maya', 'System Seed', '2026-05-24T03:05:57.990Z');

INSERT INTO public.order_items (order_id, product_id, name, quantity, unit_price, subtotal)
VALUES ('104c50cd-665f-46eb-9c36-591a25f71f77', '1b5c6269-ce45-4413-acb8-21813cd7f9cf', 'Mocha', 1, 140, 140);

INSERT INTO public.orders (id, order_id, status, amount, payment_method, cashier_name, created_at)
VALUES ('f6e68e82-ab1b-47c0-befa-8dc6823bf36d', 'ORD-01651', 'Void (Not Made)', 140, 'Cash', 'System Seed', '2026-05-24T11:56:05.990Z');

INSERT INTO public.order_items (order_id, product_id, name, quantity, unit_price, subtotal)
VALUES ('f6e68e82-ab1b-47c0-befa-8dc6823bf36d', '1b5c6269-ce45-4413-acb8-21813cd7f9cf', 'Mocha', 1, 140, 140);

INSERT INTO public.orders (id, order_id, status, amount, payment_method, cashier_name, created_at)
VALUES ('570ad97c-8ffa-4fec-9784-a471204eb5fd', 'ORD-01652', 'Void (Not Made)', 180, 'Credit Card', 'System Seed', '2026-05-24T03:24:31.990Z');

INSERT INTO public.order_items (order_id, product_id, name, quantity, unit_price, subtotal)
VALUES ('570ad97c-8ffa-4fec-9784-a471204eb5fd', 'fe6b02e6-9366-4abd-874c-fcb832e0e282', 'Green Tea', 2, 90, 180);

INSERT INTO public.orders (id, order_id, status, amount, payment_method, cashier_name, created_at)
VALUES ('2f8582c5-297f-45ce-863c-1577b63afa59', 'ORD-01653', 'Completed', 110, 'Credit Card', 'System Seed', '2026-05-24T04:10:15.990Z');

INSERT INTO public.order_items (order_id, product_id, name, quantity, unit_price, subtotal)
VALUES ('2f8582c5-297f-45ce-863c-1577b63afa59', 'dfe22f11-84a3-41d2-a268-149f012eae60', 'Sparkling Lemonade', 1, 110, 110);

INSERT INTO public.orders (id, order_id, status, amount, payment_method, cashier_name, created_at)
VALUES ('6aa59916-d62d-4535-a6c9-3faa298d1f81', 'ORD-01654', 'Void (Consumed)', 1110, 'Cash', 'System Seed', '2026-05-24T05:58:40.990Z');

INSERT INTO public.order_items (order_id, product_id, name, quantity, unit_price, subtotal)
VALUES ('6aa59916-d62d-4535-a6c9-3faa298d1f81', 'fe6b02e6-9366-4abd-874c-fcb832e0e282', 'Green Tea', 2, 90, 180);

INSERT INTO public.order_items (order_id, product_id, name, quantity, unit_price, subtotal)
VALUES ('6aa59916-d62d-4535-a6c9-3faa298d1f81', '48233f0a-6e57-4a45-b033-627d13f1be78', 'Cappuccino', 3, 120, 360);

INSERT INTO public.order_items (order_id, product_id, name, quantity, unit_price, subtotal)
VALUES ('6aa59916-d62d-4535-a6c9-3faa298d1f81', 'dfe22f11-84a3-41d2-a268-149f012eae60', 'Sparkling Lemonade', 3, 110, 330);

INSERT INTO public.order_items (order_id, product_id, name, quantity, unit_price, subtotal)
VALUES ('6aa59916-d62d-4535-a6c9-3faa298d1f81', '3a6a55c0-70f3-4417-a252-db77d9e511c0', 'Latte', 2, 120, 240);

INSERT INTO public.orders (id, order_id, status, amount, payment_method, cashier_name, created_at)
VALUES ('49ae59a6-d394-49d5-a0dd-7a7831f2745f', 'ORD-01655', 'Completed', 730, 'Credit Card', 'System Seed', '2026-05-24T09:29:27.990Z');

INSERT INTO public.order_items (order_id, product_id, name, quantity, unit_price, subtotal)
VALUES ('49ae59a6-d394-49d5-a0dd-7a7831f2745f', '65f0b94f-ccbe-4b50-a175-66810ae10f44', 'Croissant', 2, 80, 160);

INSERT INTO public.order_items (order_id, product_id, name, quantity, unit_price, subtotal)
VALUES ('49ae59a6-d394-49d5-a0dd-7a7831f2745f', '3a6a55c0-70f3-4417-a252-db77d9e511c0', 'Latte', 3, 120, 360);

INSERT INTO public.order_items (order_id, product_id, name, quantity, unit_price, subtotal)
VALUES ('49ae59a6-d394-49d5-a0dd-7a7831f2745f', '3a6a55c0-70f3-4417-a252-db77d9e511c0', 'Latte', 1, 120, 120);

INSERT INTO public.order_items (order_id, product_id, name, quantity, unit_price, subtotal)
VALUES ('49ae59a6-d394-49d5-a0dd-7a7831f2745f', 'fe6b02e6-9366-4abd-874c-fcb832e0e282', 'Green Tea', 1, 90, 90);

INSERT INTO public.orders (id, order_id, status, amount, payment_method, cashier_name, created_at)
VALUES ('56de73c7-fd0e-4a5a-ab98-3007699ec13b', 'ORD-01656', 'Completed', 750, 'Cash', 'System Seed', '2026-05-24T02:48:41.990Z');

INSERT INTO public.order_items (order_id, product_id, name, quantity, unit_price, subtotal)
VALUES ('56de73c7-fd0e-4a5a-ab98-3007699ec13b', 'dfe22f11-84a3-41d2-a268-149f012eae60', 'Sparkling Lemonade', 3, 110, 330);

INSERT INTO public.order_items (order_id, product_id, name, quantity, unit_price, subtotal)
VALUES ('56de73c7-fd0e-4a5a-ab98-3007699ec13b', '1b5c6269-ce45-4413-acb8-21813cd7f9cf', 'Mocha', 3, 140, 420);

INSERT INTO public.orders (id, order_id, status, amount, payment_method, cashier_name, created_at)
VALUES ('d38a05b8-149c-4c4b-b794-31592c18af42', 'ORD-01657', 'Void (Not Made)', 270, 'GCash', 'System Seed', '2026-05-24T05:13:34.990Z');

INSERT INTO public.order_items (order_id, product_id, name, quantity, unit_price, subtotal)
VALUES ('d38a05b8-149c-4c4b-b794-31592c18af42', 'fe6b02e6-9366-4abd-874c-fcb832e0e282', 'Green Tea', 3, 90, 270);

INSERT INTO public.orders (id, order_id, status, amount, payment_method, cashier_name, created_at)
VALUES ('928b7228-b445-4ad6-95fc-d57d0eba5cbb', 'ORD-01658', 'Void (Consumed)', 240, 'Cash', 'System Seed', '2026-05-24T12:25:05.990Z');

INSERT INTO public.order_items (order_id, product_id, name, quantity, unit_price, subtotal)
VALUES ('928b7228-b445-4ad6-95fc-d57d0eba5cbb', '48233f0a-6e57-4a45-b033-627d13f1be78', 'Cappuccino', 2, 120, 240);

INSERT INTO public.orders (id, order_id, status, amount, payment_method, cashier_name, created_at)
VALUES ('346cc06b-6231-4254-8c4e-1e69dbdb4dd8', 'ORD-01659', 'Completed', 1055, 'GCash', 'System Seed', '2026-05-24T11:11:37.990Z');

INSERT INTO public.order_items (order_id, product_id, name, quantity, unit_price, subtotal)
VALUES ('346cc06b-6231-4254-8c4e-1e69dbdb4dd8', '65f0b94f-ccbe-4b50-a175-66810ae10f44', 'Croissant', 3, 80, 240);

INSERT INTO public.order_items (order_id, product_id, name, quantity, unit_price, subtotal)
VALUES ('346cc06b-6231-4254-8c4e-1e69dbdb4dd8', '36c93748-7c86-4ddb-ba49-1bd1a164bf42', 'Blueberry Muffin', 1, 95, 95);

INSERT INTO public.order_items (order_id, product_id, name, quantity, unit_price, subtotal)
VALUES ('346cc06b-6231-4254-8c4e-1e69dbdb4dd8', '48233f0a-6e57-4a45-b033-627d13f1be78', 'Cappuccino', 3, 120, 360);

INSERT INTO public.order_items (order_id, product_id, name, quantity, unit_price, subtotal)
VALUES ('346cc06b-6231-4254-8c4e-1e69dbdb4dd8', '3a6a55c0-70f3-4417-a252-db77d9e511c0', 'Latte', 3, 120, 360);

INSERT INTO public.orders (id, order_id, status, amount, payment_method, cashier_name, created_at)
VALUES ('d780b808-442d-4b2f-88fb-cae584c02e47', 'ORD-01660', 'Void (Consumed)', 300, 'Cash', 'System Seed', '2026-05-23T23:19:34.990Z');

INSERT INTO public.order_items (order_id, product_id, name, quantity, unit_price, subtotal)
VALUES ('d780b808-442d-4b2f-88fb-cae584c02e47', '83a6812d-2665-4ce5-871a-78a4eab3ce80', 'Americano', 3, 100, 300);

INSERT INTO public.orders (id, order_id, status, amount, payment_method, cashier_name, created_at)
VALUES ('18be9e03-841f-4f2f-a28a-75466264b41c', 'ORD-01661', 'Completed', 340, 'Credit Card', 'System Seed', '2026-05-24T06:37:21.990Z');

INSERT INTO public.order_items (order_id, product_id, name, quantity, unit_price, subtotal)
VALUES ('18be9e03-841f-4f2f-a28a-75466264b41c', '83a6812d-2665-4ce5-871a-78a4eab3ce80', 'Americano', 2, 100, 200);

INSERT INTO public.order_items (order_id, product_id, name, quantity, unit_price, subtotal)
VALUES ('18be9e03-841f-4f2f-a28a-75466264b41c', '1b5c6269-ce45-4413-acb8-21813cd7f9cf', 'Mocha', 1, 140, 140);

INSERT INTO public.orders (id, order_id, status, amount, payment_method, cashier_name, created_at)
VALUES ('5de14b9a-aa44-4999-a7a4-399cafdcc330', 'ORD-01662', 'Completed', 860, 'Credit Card', 'System Seed', '2026-05-25T07:53:43.990Z');

INSERT INTO public.order_items (order_id, product_id, name, quantity, unit_price, subtotal)
VALUES ('5de14b9a-aa44-4999-a7a4-399cafdcc330', '1b5c6269-ce45-4413-acb8-21813cd7f9cf', 'Mocha', 2, 140, 280);

INSERT INTO public.order_items (order_id, product_id, name, quantity, unit_price, subtotal)
VALUES ('5de14b9a-aa44-4999-a7a4-399cafdcc330', '1b5c6269-ce45-4413-acb8-21813cd7f9cf', 'Mocha', 3, 140, 420);

INSERT INTO public.order_items (order_id, product_id, name, quantity, unit_price, subtotal)
VALUES ('5de14b9a-aa44-4999-a7a4-399cafdcc330', '65f0b94f-ccbe-4b50-a175-66810ae10f44', 'Croissant', 2, 80, 160);

INSERT INTO public.orders (id, order_id, status, amount, payment_method, cashier_name, created_at)
VALUES ('38437801-2f69-4a74-9122-5e813de14b52', 'ORD-01663', 'Void (Consumed)', 420, 'GCash', 'System Seed', '2026-05-25T00:27:56.990Z');

INSERT INTO public.order_items (order_id, product_id, name, quantity, unit_price, subtotal)
VALUES ('38437801-2f69-4a74-9122-5e813de14b52', '1b5c6269-ce45-4413-acb8-21813cd7f9cf', 'Mocha', 1, 140, 140);

INSERT INTO public.order_items (order_id, product_id, name, quantity, unit_price, subtotal)
VALUES ('38437801-2f69-4a74-9122-5e813de14b52', '1b5c6269-ce45-4413-acb8-21813cd7f9cf', 'Mocha', 2, 140, 280);

INSERT INTO public.orders (id, order_id, status, amount, payment_method, cashier_name, created_at)
VALUES ('b217b922-85bb-4148-a820-10490f923f97', 'ORD-01664', 'Completed', 95, 'GCash', 'System Seed', '2026-05-25T10:22:33.990Z');

INSERT INTO public.order_items (order_id, product_id, name, quantity, unit_price, subtotal)
VALUES ('b217b922-85bb-4148-a820-10490f923f97', '36c93748-7c86-4ddb-ba49-1bd1a164bf42', 'Blueberry Muffin', 1, 95, 95);

INSERT INTO public.orders (id, order_id, status, amount, payment_method, cashier_name, created_at)
VALUES ('c89d2696-6085-4953-b43d-da970f1148d6', 'ORD-01665', 'Completed', 330, 'Credit Card', 'System Seed', '2026-05-25T10:43:06.990Z');

INSERT INTO public.order_items (order_id, product_id, name, quantity, unit_price, subtotal)
VALUES ('c89d2696-6085-4953-b43d-da970f1148d6', '3a6a55c0-70f3-4417-a252-db77d9e511c0', 'Latte', 2, 120, 240);

INSERT INTO public.order_items (order_id, product_id, name, quantity, unit_price, subtotal)
VALUES ('c89d2696-6085-4953-b43d-da970f1148d6', 'fe6b02e6-9366-4abd-874c-fcb832e0e282', 'Green Tea', 1, 90, 90);

INSERT INTO public.orders (id, order_id, status, amount, payment_method, cashier_name, created_at)
VALUES ('0bc81b44-940a-4a39-8700-4a348ac0bf84', 'ORD-01666', 'Void (Not Made)', 880, 'GCash', 'System Seed', '2026-05-25T01:54:30.990Z');

INSERT INTO public.order_items (order_id, product_id, name, quantity, unit_price, subtotal)
VALUES ('0bc81b44-940a-4a39-8700-4a348ac0bf84', 'dfe22f11-84a3-41d2-a268-149f012eae60', 'Sparkling Lemonade', 2, 110, 220);

INSERT INTO public.order_items (order_id, product_id, name, quantity, unit_price, subtotal)
VALUES ('0bc81b44-940a-4a39-8700-4a348ac0bf84', '1b5c6269-ce45-4413-acb8-21813cd7f9cf', 'Mocha', 3, 140, 420);

INSERT INTO public.order_items (order_id, product_id, name, quantity, unit_price, subtotal)
VALUES ('0bc81b44-940a-4a39-8700-4a348ac0bf84', '48233f0a-6e57-4a45-b033-627d13f1be78', 'Cappuccino', 2, 120, 240);

INSERT INTO public.orders (id, order_id, status, amount, payment_method, cashier_name, created_at)
VALUES ('19882c3b-4a7f-48fd-8387-efd63ad82b55', 'ORD-01667', 'Completed', 490, 'Cash', 'System Seed', '2026-05-25T03:32:06.990Z');

INSERT INTO public.order_items (order_id, product_id, name, quantity, unit_price, subtotal)
VALUES ('19882c3b-4a7f-48fd-8387-efd63ad82b55', '3a6a55c0-70f3-4417-a252-db77d9e511c0', 'Latte', 1, 120, 120);

INSERT INTO public.order_items (order_id, product_id, name, quantity, unit_price, subtotal)
VALUES ('19882c3b-4a7f-48fd-8387-efd63ad82b55', '83a6812d-2665-4ce5-871a-78a4eab3ce80', 'Americano', 1, 100, 100);

INSERT INTO public.order_items (order_id, product_id, name, quantity, unit_price, subtotal)
VALUES ('19882c3b-4a7f-48fd-8387-efd63ad82b55', 'fe6b02e6-9366-4abd-874c-fcb832e0e282', 'Green Tea', 3, 90, 270);

INSERT INTO public.orders (id, order_id, status, amount, payment_method, cashier_name, created_at)
VALUES ('df603b86-1723-47ad-b70c-7c0f103bfdb1', 'ORD-01668', 'Completed', 565, 'Cash', 'System Seed', '2026-05-25T09:11:28.990Z');

INSERT INTO public.order_items (order_id, product_id, name, quantity, unit_price, subtotal)
VALUES ('df603b86-1723-47ad-b70c-7c0f103bfdb1', '48233f0a-6e57-4a45-b033-627d13f1be78', 'Cappuccino', 3, 120, 360);

INSERT INTO public.order_items (order_id, product_id, name, quantity, unit_price, subtotal)
VALUES ('df603b86-1723-47ad-b70c-7c0f103bfdb1', 'dfe22f11-84a3-41d2-a268-149f012eae60', 'Sparkling Lemonade', 1, 110, 110);

INSERT INTO public.order_items (order_id, product_id, name, quantity, unit_price, subtotal)
VALUES ('df603b86-1723-47ad-b70c-7c0f103bfdb1', '36c93748-7c86-4ddb-ba49-1bd1a164bf42', 'Blueberry Muffin', 1, 95, 95);

INSERT INTO public.orders (id, order_id, status, amount, payment_method, cashier_name, created_at)
VALUES ('17ebf202-c7b9-426a-88c1-7c08f544cf70', 'ORD-01669', 'Completed', 360, 'GCash', 'System Seed', '2026-05-25T07:39:15.990Z');

INSERT INTO public.order_items (order_id, product_id, name, quantity, unit_price, subtotal)
VALUES ('17ebf202-c7b9-426a-88c1-7c08f544cf70', '3a6a55c0-70f3-4417-a252-db77d9e511c0', 'Latte', 3, 120, 360);

INSERT INTO public.orders (id, order_id, status, amount, payment_method, cashier_name, created_at)
VALUES ('25aa50d9-ced0-414b-a0df-fecc3f68dabd', 'ORD-01670', 'Void (Consumed)', 640, 'Credit Card', 'System Seed', '2026-05-25T06:53:28.990Z');

INSERT INTO public.order_items (order_id, product_id, name, quantity, unit_price, subtotal)
VALUES ('25aa50d9-ced0-414b-a0df-fecc3f68dabd', '3a6a55c0-70f3-4417-a252-db77d9e511c0', 'Latte', 3, 120, 360);

INSERT INTO public.order_items (order_id, product_id, name, quantity, unit_price, subtotal)
VALUES ('25aa50d9-ced0-414b-a0df-fecc3f68dabd', '3a6a55c0-70f3-4417-a252-db77d9e511c0', 'Latte', 1, 120, 120);

INSERT INTO public.order_items (order_id, product_id, name, quantity, unit_price, subtotal)
VALUES ('25aa50d9-ced0-414b-a0df-fecc3f68dabd', '65f0b94f-ccbe-4b50-a175-66810ae10f44', 'Croissant', 2, 80, 160);

INSERT INTO public.orders (id, order_id, status, amount, payment_method, cashier_name, created_at)
VALUES ('ec74d6c8-983c-4bdd-a9c4-26710d53f9ef', 'ORD-01671', 'Void (Not Made)', 95, 'Maya', 'System Seed', '2026-05-25T03:08:23.990Z');

INSERT INTO public.order_items (order_id, product_id, name, quantity, unit_price, subtotal)
VALUES ('ec74d6c8-983c-4bdd-a9c4-26710d53f9ef', '36c93748-7c86-4ddb-ba49-1bd1a164bf42', 'Blueberry Muffin', 1, 95, 95);

INSERT INTO public.orders (id, order_id, status, amount, payment_method, cashier_name, created_at)
VALUES ('b20f8403-a498-4cfb-86cc-3908a19d94cb', 'ORD-01672', 'Completed', 785, 'Maya', 'System Seed', '2026-05-25T10:15:44.990Z');

INSERT INTO public.order_items (order_id, product_id, name, quantity, unit_price, subtotal)
VALUES ('b20f8403-a498-4cfb-86cc-3908a19d94cb', '3a6a55c0-70f3-4417-a252-db77d9e511c0', 'Latte', 2, 120, 240);

INSERT INTO public.order_items (order_id, product_id, name, quantity, unit_price, subtotal)
VALUES ('b20f8403-a498-4cfb-86cc-3908a19d94cb', '36c93748-7c86-4ddb-ba49-1bd1a164bf42', 'Blueberry Muffin', 1, 95, 95);

INSERT INTO public.order_items (order_id, product_id, name, quantity, unit_price, subtotal)
VALUES ('b20f8403-a498-4cfb-86cc-3908a19d94cb', 'fe6b02e6-9366-4abd-874c-fcb832e0e282', 'Green Tea', 1, 90, 90);

INSERT INTO public.order_items (order_id, product_id, name, quantity, unit_price, subtotal)
VALUES ('b20f8403-a498-4cfb-86cc-3908a19d94cb', '3a6a55c0-70f3-4417-a252-db77d9e511c0', 'Latte', 3, 120, 360);

INSERT INTO public.orders (id, order_id, status, amount, payment_method, cashier_name, created_at)
VALUES ('9cac900a-8ecc-425a-ad35-f8577c96de1e', 'ORD-01673', 'Completed', 270, 'Cash', 'System Seed', '2026-05-25T11:29:44.990Z');

INSERT INTO public.order_items (order_id, product_id, name, quantity, unit_price, subtotal)
VALUES ('9cac900a-8ecc-425a-ad35-f8577c96de1e', 'fe6b02e6-9366-4abd-874c-fcb832e0e282', 'Green Tea', 3, 90, 270);

INSERT INTO public.orders (id, order_id, status, amount, payment_method, cashier_name, created_at)
VALUES ('fef4934a-d26d-4240-9d69-94e78741dc11', 'ORD-01674', 'Void (Consumed)', 580, 'Maya', 'System Seed', '2026-05-25T00:58:48.990Z');

INSERT INTO public.order_items (order_id, product_id, name, quantity, unit_price, subtotal)
VALUES ('fef4934a-d26d-4240-9d69-94e78741dc11', '48233f0a-6e57-4a45-b033-627d13f1be78', 'Cappuccino', 1, 120, 120);

INSERT INTO public.order_items (order_id, product_id, name, quantity, unit_price, subtotal)
VALUES ('fef4934a-d26d-4240-9d69-94e78741dc11', '1b5c6269-ce45-4413-acb8-21813cd7f9cf', 'Mocha', 2, 140, 280);

INSERT INTO public.order_items (order_id, product_id, name, quantity, unit_price, subtotal)
VALUES ('fef4934a-d26d-4240-9d69-94e78741dc11', '65f0b94f-ccbe-4b50-a175-66810ae10f44', 'Croissant', 1, 80, 80);

INSERT INTO public.order_items (order_id, product_id, name, quantity, unit_price, subtotal)
VALUES ('fef4934a-d26d-4240-9d69-94e78741dc11', '83a6812d-2665-4ce5-871a-78a4eab3ce80', 'Americano', 1, 100, 100);

INSERT INTO public.orders (id, order_id, status, amount, payment_method, cashier_name, created_at)
VALUES ('b3f35513-dc72-43e3-b5ca-5b69ccfb77d4', 'ORD-01675', 'Completed', 990, 'Credit Card', 'System Seed', '2026-05-25T07:03:25.990Z');

INSERT INTO public.order_items (order_id, product_id, name, quantity, unit_price, subtotal)
VALUES ('b3f35513-dc72-43e3-b5ca-5b69ccfb77d4', '48233f0a-6e57-4a45-b033-627d13f1be78', 'Cappuccino', 3, 120, 360);

INSERT INTO public.order_items (order_id, product_id, name, quantity, unit_price, subtotal)
VALUES ('b3f35513-dc72-43e3-b5ca-5b69ccfb77d4', 'fe6b02e6-9366-4abd-874c-fcb832e0e282', 'Green Tea', 3, 90, 270);

INSERT INTO public.order_items (order_id, product_id, name, quantity, unit_price, subtotal)
VALUES ('b3f35513-dc72-43e3-b5ca-5b69ccfb77d4', '48233f0a-6e57-4a45-b033-627d13f1be78', 'Cappuccino', 3, 120, 360);

INSERT INTO public.orders (id, order_id, status, amount, payment_method, cashier_name, created_at)
VALUES ('40812104-0683-485b-a7be-ac8c27457338', 'ORD-01676', 'Completed', 570, 'Cash', 'System Seed', '2026-05-25T05:35:27.990Z');

INSERT INTO public.order_items (order_id, product_id, name, quantity, unit_price, subtotal)
VALUES ('40812104-0683-485b-a7be-ac8c27457338', '48233f0a-6e57-4a45-b033-627d13f1be78', 'Cappuccino', 2, 120, 240);

INSERT INTO public.order_items (order_id, product_id, name, quantity, unit_price, subtotal)
VALUES ('40812104-0683-485b-a7be-ac8c27457338', 'dfe22f11-84a3-41d2-a268-149f012eae60', 'Sparkling Lemonade', 3, 110, 330);

INSERT INTO public.orders (id, order_id, status, amount, payment_method, cashier_name, created_at)
VALUES ('926a08b2-bbdf-4dd4-9b89-f4a22968b383', 'ORD-01677', 'Void (Consumed)', 920, 'Maya', 'System Seed', '2026-05-24T23:33:56.990Z');

INSERT INTO public.order_items (order_id, product_id, name, quantity, unit_price, subtotal)
VALUES ('926a08b2-bbdf-4dd4-9b89-f4a22968b383', '83a6812d-2665-4ce5-871a-78a4eab3ce80', 'Americano', 2, 100, 200);

INSERT INTO public.order_items (order_id, product_id, name, quantity, unit_price, subtotal)
VALUES ('926a08b2-bbdf-4dd4-9b89-f4a22968b383', '83a6812d-2665-4ce5-871a-78a4eab3ce80', 'Americano', 3, 100, 300);

INSERT INTO public.order_items (order_id, product_id, name, quantity, unit_price, subtotal)
VALUES ('926a08b2-bbdf-4dd4-9b89-f4a22968b383', '1b5c6269-ce45-4413-acb8-21813cd7f9cf', 'Mocha', 3, 140, 420);

INSERT INTO public.orders (id, order_id, status, amount, payment_method, cashier_name, created_at)
VALUES ('823a46f7-44fd-40fb-9d1e-dd1a14938cba', 'ORD-01678', 'Completed', 1250, 'GCash', 'System Seed', '2026-05-25T12:58:08.990Z');

INSERT INTO public.order_items (order_id, product_id, name, quantity, unit_price, subtotal)
VALUES ('823a46f7-44fd-40fb-9d1e-dd1a14938cba', '1b5c6269-ce45-4413-acb8-21813cd7f9cf', 'Mocha', 2, 140, 280);

INSERT INTO public.order_items (order_id, product_id, name, quantity, unit_price, subtotal)
VALUES ('823a46f7-44fd-40fb-9d1e-dd1a14938cba', '1b5c6269-ce45-4413-acb8-21813cd7f9cf', 'Mocha', 2, 140, 280);

INSERT INTO public.order_items (order_id, product_id, name, quantity, unit_price, subtotal)
VALUES ('823a46f7-44fd-40fb-9d1e-dd1a14938cba', '3a6a55c0-70f3-4417-a252-db77d9e511c0', 'Latte', 3, 120, 360);

INSERT INTO public.order_items (order_id, product_id, name, quantity, unit_price, subtotal)
VALUES ('823a46f7-44fd-40fb-9d1e-dd1a14938cba', 'dfe22f11-84a3-41d2-a268-149f012eae60', 'Sparkling Lemonade', 3, 110, 330);

INSERT INTO public.orders (id, order_id, status, amount, payment_method, cashier_name, created_at)
VALUES ('65ec8fd6-dddb-4bac-8fa1-6e0298e20759', 'ORD-01679', 'Completed', 400, 'Maya', 'System Seed', '2026-05-25T11:40:03.990Z');

INSERT INTO public.order_items (order_id, product_id, name, quantity, unit_price, subtotal)
VALUES ('65ec8fd6-dddb-4bac-8fa1-6e0298e20759', 'fe6b02e6-9366-4abd-874c-fcb832e0e282', 'Green Tea', 2, 90, 180);

INSERT INTO public.order_items (order_id, product_id, name, quantity, unit_price, subtotal)
VALUES ('65ec8fd6-dddb-4bac-8fa1-6e0298e20759', 'dfe22f11-84a3-41d2-a268-149f012eae60', 'Sparkling Lemonade', 2, 110, 220);

INSERT INTO public.orders (id, order_id, status, amount, payment_method, cashier_name, created_at)
VALUES ('84be3299-4858-4a90-8ca2-175a9ad5147f', 'ORD-01680', 'Void (Consumed)', 600, 'Credit Card', 'System Seed', '2026-05-25T10:19:32.990Z');

INSERT INTO public.order_items (order_id, product_id, name, quantity, unit_price, subtotal)
VALUES ('84be3299-4858-4a90-8ca2-175a9ad5147f', '3a6a55c0-70f3-4417-a252-db77d9e511c0', 'Latte', 3, 120, 360);

INSERT INTO public.order_items (order_id, product_id, name, quantity, unit_price, subtotal)
VALUES ('84be3299-4858-4a90-8ca2-175a9ad5147f', '3a6a55c0-70f3-4417-a252-db77d9e511c0', 'Latte', 2, 120, 240);

INSERT INTO public.orders (id, order_id, status, amount, payment_method, cashier_name, created_at)
VALUES ('125c9290-5518-4f53-a303-6c0e4bb7b1f2', 'ORD-01681', 'Void (Not Made)', 580, 'Cash', 'System Seed', '2026-05-25T03:19:15.990Z');

INSERT INTO public.order_items (order_id, product_id, name, quantity, unit_price, subtotal)
VALUES ('125c9290-5518-4f53-a303-6c0e4bb7b1f2', '3a6a55c0-70f3-4417-a252-db77d9e511c0', 'Latte', 3, 120, 360);

INSERT INTO public.order_items (order_id, product_id, name, quantity, unit_price, subtotal)
VALUES ('125c9290-5518-4f53-a303-6c0e4bb7b1f2', 'dfe22f11-84a3-41d2-a268-149f012eae60', 'Sparkling Lemonade', 2, 110, 220);

INSERT INTO public.orders (id, order_id, status, amount, payment_method, cashier_name, created_at)
VALUES ('1684c5ad-dd25-4714-b4aa-85d2e3101aba', 'ORD-01682', 'Completed', 885, 'Credit Card', 'System Seed', '2026-05-25T10:26:42.990Z');

INSERT INTO public.order_items (order_id, product_id, name, quantity, unit_price, subtotal)
VALUES ('1684c5ad-dd25-4714-b4aa-85d2e3101aba', '36c93748-7c86-4ddb-ba49-1bd1a164bf42', 'Blueberry Muffin', 1, 95, 95);

INSERT INTO public.order_items (order_id, product_id, name, quantity, unit_price, subtotal)
VALUES ('1684c5ad-dd25-4714-b4aa-85d2e3101aba', 'fe6b02e6-9366-4abd-874c-fcb832e0e282', 'Green Tea', 3, 90, 270);

INSERT INTO public.order_items (order_id, product_id, name, quantity, unit_price, subtotal)
VALUES ('1684c5ad-dd25-4714-b4aa-85d2e3101aba', '36c93748-7c86-4ddb-ba49-1bd1a164bf42', 'Blueberry Muffin', 2, 95, 190);

INSERT INTO public.order_items (order_id, product_id, name, quantity, unit_price, subtotal)
VALUES ('1684c5ad-dd25-4714-b4aa-85d2e3101aba', 'dfe22f11-84a3-41d2-a268-149f012eae60', 'Sparkling Lemonade', 3, 110, 330);

INSERT INTO public.orders (id, order_id, status, amount, payment_method, cashier_name, created_at)
VALUES ('13fa8c00-0fc3-41fc-9865-506a5a801d29', 'ORD-01683', 'Completed', 380, 'Maya', 'System Seed', '2026-05-25T05:04:07.990Z');

INSERT INTO public.order_items (order_id, product_id, name, quantity, unit_price, subtotal)
VALUES ('13fa8c00-0fc3-41fc-9865-506a5a801d29', '36c93748-7c86-4ddb-ba49-1bd1a164bf42', 'Blueberry Muffin', 1, 95, 95);

INSERT INTO public.order_items (order_id, product_id, name, quantity, unit_price, subtotal)
VALUES ('13fa8c00-0fc3-41fc-9865-506a5a801d29', '36c93748-7c86-4ddb-ba49-1bd1a164bf42', 'Blueberry Muffin', 3, 95, 285);

INSERT INTO public.orders (id, order_id, status, amount, payment_method, cashier_name, created_at)
VALUES ('851ca7c9-0259-4850-817b-e1d2e6bf0c97', 'ORD-01684', 'Completed', 680, 'Maya', 'System Seed', '2026-05-25T08:33:37.990Z');

INSERT INTO public.order_items (order_id, product_id, name, quantity, unit_price, subtotal)
VALUES ('851ca7c9-0259-4850-817b-e1d2e6bf0c97', 'dfe22f11-84a3-41d2-a268-149f012eae60', 'Sparkling Lemonade', 1, 110, 110);

INSERT INTO public.order_items (order_id, product_id, name, quantity, unit_price, subtotal)
VALUES ('851ca7c9-0259-4850-817b-e1d2e6bf0c97', 'dfe22f11-84a3-41d2-a268-149f012eae60', 'Sparkling Lemonade', 3, 110, 330);

INSERT INTO public.order_items (order_id, product_id, name, quantity, unit_price, subtotal)
VALUES ('851ca7c9-0259-4850-817b-e1d2e6bf0c97', '3a6a55c0-70f3-4417-a252-db77d9e511c0', 'Latte', 2, 120, 240);

INSERT INTO public.orders (id, order_id, status, amount, payment_method, cashier_name, created_at)
VALUES ('c53e015b-17c1-4b55-bcdc-af4564200443', 'ORD-01685', 'Void (Not Made)', 430, 'Maya', 'System Seed', '2026-05-25T01:18:34.990Z');

INSERT INTO public.order_items (order_id, product_id, name, quantity, unit_price, subtotal)
VALUES ('c53e015b-17c1-4b55-bcdc-af4564200443', '36c93748-7c86-4ddb-ba49-1bd1a164bf42', 'Blueberry Muffin', 2, 95, 190);

INSERT INTO public.order_items (order_id, product_id, name, quantity, unit_price, subtotal)
VALUES ('c53e015b-17c1-4b55-bcdc-af4564200443', '3a6a55c0-70f3-4417-a252-db77d9e511c0', 'Latte', 1, 120, 120);

INSERT INTO public.order_items (order_id, product_id, name, quantity, unit_price, subtotal)
VALUES ('c53e015b-17c1-4b55-bcdc-af4564200443', '3a6a55c0-70f3-4417-a252-db77d9e511c0', 'Latte', 1, 120, 120);

INSERT INTO public.orders (id, order_id, status, amount, payment_method, cashier_name, created_at)
VALUES ('858ae179-7353-4189-9a8e-71661e1a771d', 'ORD-01686', 'Completed', 465, 'Credit Card', 'System Seed', '2026-05-25T12:10:55.990Z');

INSERT INTO public.order_items (order_id, product_id, name, quantity, unit_price, subtotal)
VALUES ('858ae179-7353-4189-9a8e-71661e1a771d', 'fe6b02e6-9366-4abd-874c-fcb832e0e282', 'Green Tea', 3, 90, 270);

INSERT INTO public.order_items (order_id, product_id, name, quantity, unit_price, subtotal)
VALUES ('858ae179-7353-4189-9a8e-71661e1a771d', '83a6812d-2665-4ce5-871a-78a4eab3ce80', 'Americano', 1, 100, 100);

INSERT INTO public.order_items (order_id, product_id, name, quantity, unit_price, subtotal)
VALUES ('858ae179-7353-4189-9a8e-71661e1a771d', '36c93748-7c86-4ddb-ba49-1bd1a164bf42', 'Blueberry Muffin', 1, 95, 95);

INSERT INTO public.orders (id, order_id, status, amount, payment_method, cashier_name, created_at)
VALUES ('c8c0a25a-b44b-4d2f-a0f3-33967713acd7', 'ORD-01687', 'Void (Consumed)', 280, 'Credit Card', 'System Seed', '2026-05-25T05:12:05.990Z');

INSERT INTO public.order_items (order_id, product_id, name, quantity, unit_price, subtotal)
VALUES ('c8c0a25a-b44b-4d2f-a0f3-33967713acd7', '1b5c6269-ce45-4413-acb8-21813cd7f9cf', 'Mocha', 2, 140, 280);

INSERT INTO public.orders (id, order_id, status, amount, payment_method, cashier_name, created_at)
VALUES ('3c15fad5-c3a0-4c70-85d5-dba0303f9e11', 'ORD-01688', 'Void (Not Made)', 610, 'Credit Card', 'System Seed', '2026-05-24T23:24:32.990Z');

INSERT INTO public.order_items (order_id, product_id, name, quantity, unit_price, subtotal)
VALUES ('3c15fad5-c3a0-4c70-85d5-dba0303f9e11', '1b5c6269-ce45-4413-acb8-21813cd7f9cf', 'Mocha', 2, 140, 280);

INSERT INTO public.order_items (order_id, product_id, name, quantity, unit_price, subtotal)
VALUES ('3c15fad5-c3a0-4c70-85d5-dba0303f9e11', 'dfe22f11-84a3-41d2-a268-149f012eae60', 'Sparkling Lemonade', 3, 110, 330);

INSERT INTO public.orders (id, order_id, status, amount, payment_method, cashier_name, created_at)
VALUES ('f7ce2cfa-412a-4f89-be95-7b6bd04c50e9', 'ORD-01689', 'Void (Consumed)', 285, 'Cash', 'System Seed', '2026-05-25T03:09:09.990Z');

INSERT INTO public.order_items (order_id, product_id, name, quantity, unit_price, subtotal)
VALUES ('f7ce2cfa-412a-4f89-be95-7b6bd04c50e9', '36c93748-7c86-4ddb-ba49-1bd1a164bf42', 'Blueberry Muffin', 3, 95, 285);

INSERT INTO public.orders (id, order_id, status, amount, payment_method, cashier_name, created_at)
VALUES ('c5df9102-c924-4e05-a6ad-85b9cebd6c01', 'ORD-01690', 'Void (Not Made)', 360, 'Cash', 'System Seed', '2026-05-24T23:43:47.990Z');

INSERT INTO public.order_items (order_id, product_id, name, quantity, unit_price, subtotal)
VALUES ('c5df9102-c924-4e05-a6ad-85b9cebd6c01', '48233f0a-6e57-4a45-b033-627d13f1be78', 'Cappuccino', 3, 120, 360);

INSERT INTO public.orders (id, order_id, status, amount, payment_method, cashier_name, created_at)
VALUES ('ec411745-776a-481b-81f1-f56628125fe9', 'ORD-01691', 'Completed', 1140, 'Cash', 'System Seed', '2026-05-25T05:52:57.990Z');

INSERT INTO public.order_items (order_id, product_id, name, quantity, unit_price, subtotal)
VALUES ('ec411745-776a-481b-81f1-f56628125fe9', 'fe6b02e6-9366-4abd-874c-fcb832e0e282', 'Green Tea', 2, 90, 180);

INSERT INTO public.order_items (order_id, product_id, name, quantity, unit_price, subtotal)
VALUES ('ec411745-776a-481b-81f1-f56628125fe9', '48233f0a-6e57-4a45-b033-627d13f1be78', 'Cappuccino', 2, 120, 240);

INSERT INTO public.order_items (order_id, product_id, name, quantity, unit_price, subtotal)
VALUES ('ec411745-776a-481b-81f1-f56628125fe9', '48233f0a-6e57-4a45-b033-627d13f1be78', 'Cappuccino', 3, 120, 360);

INSERT INTO public.order_items (order_id, product_id, name, quantity, unit_price, subtotal)
VALUES ('ec411745-776a-481b-81f1-f56628125fe9', '48233f0a-6e57-4a45-b033-627d13f1be78', 'Cappuccino', 3, 120, 360);

INSERT INTO public.orders (id, order_id, status, amount, payment_method, cashier_name, created_at)
VALUES ('23303d70-42da-4003-90fd-4e136464afc9', 'ORD-01692', 'Void (Consumed)', 120, 'GCash', 'System Seed', '2026-05-25T11:58:55.990Z');

INSERT INTO public.order_items (order_id, product_id, name, quantity, unit_price, subtotal)
VALUES ('23303d70-42da-4003-90fd-4e136464afc9', '48233f0a-6e57-4a45-b033-627d13f1be78', 'Cappuccino', 1, 120, 120);

INSERT INTO public.orders (id, order_id, status, amount, payment_method, cashier_name, created_at)
VALUES ('3ce042b5-6b16-4455-ac9e-c701f65565c2', 'ORD-01693', 'Completed', 240, 'GCash', 'System Seed', '2026-05-25T09:01:04.990Z');

INSERT INTO public.order_items (order_id, product_id, name, quantity, unit_price, subtotal)
VALUES ('3ce042b5-6b16-4455-ac9e-c701f65565c2', '3a6a55c0-70f3-4417-a252-db77d9e511c0', 'Latte', 2, 120, 240);

INSERT INTO public.orders (id, order_id, status, amount, payment_method, cashier_name, created_at)
VALUES ('3c7eff2c-89b5-4a87-b840-90622f76de5e', 'ORD-01694', 'Completed', 450, 'GCash', 'System Seed', '2026-05-25T11:26:26.990Z');

INSERT INTO public.order_items (order_id, product_id, name, quantity, unit_price, subtotal)
VALUES ('3c7eff2c-89b5-4a87-b840-90622f76de5e', '3a6a55c0-70f3-4417-a252-db77d9e511c0', 'Latte', 2, 120, 240);

INSERT INTO public.order_items (order_id, product_id, name, quantity, unit_price, subtotal)
VALUES ('3c7eff2c-89b5-4a87-b840-90622f76de5e', '48233f0a-6e57-4a45-b033-627d13f1be78', 'Cappuccino', 1, 120, 120);

INSERT INTO public.order_items (order_id, product_id, name, quantity, unit_price, subtotal)
VALUES ('3c7eff2c-89b5-4a87-b840-90622f76de5e', 'fe6b02e6-9366-4abd-874c-fcb832e0e282', 'Green Tea', 1, 90, 90);

INSERT INTO public.orders (id, order_id, status, amount, payment_method, cashier_name, created_at)
VALUES ('fa6965e0-3877-47f1-ad92-e0321e6eb2c5', 'ORD-01695', 'Completed', 240, 'Credit Card', 'System Seed', '2026-05-25T00:39:04.990Z');

INSERT INTO public.order_items (order_id, product_id, name, quantity, unit_price, subtotal)
VALUES ('fa6965e0-3877-47f1-ad92-e0321e6eb2c5', '3a6a55c0-70f3-4417-a252-db77d9e511c0', 'Latte', 2, 120, 240);

INSERT INTO public.orders (id, order_id, status, amount, payment_method, cashier_name, created_at)
VALUES ('ffbb900e-f415-45cf-88d2-003579655d70', 'ORD-01696', 'Completed', 95, 'GCash', 'System Seed', '2026-05-26T05:06:01.990Z');

INSERT INTO public.order_items (order_id, product_id, name, quantity, unit_price, subtotal)
VALUES ('ffbb900e-f415-45cf-88d2-003579655d70', '36c93748-7c86-4ddb-ba49-1bd1a164bf42', 'Blueberry Muffin', 1, 95, 95);

INSERT INTO public.orders (id, order_id, status, amount, payment_method, cashier_name, created_at)
VALUES ('c7a0d481-5375-4fc6-9b60-9a8f434ce51e', 'ORD-01697', 'Completed', 680, 'GCash', 'System Seed', '2026-05-26T08:12:11.990Z');

INSERT INTO public.order_items (order_id, product_id, name, quantity, unit_price, subtotal)
VALUES ('c7a0d481-5375-4fc6-9b60-9a8f434ce51e', '48233f0a-6e57-4a45-b033-627d13f1be78', 'Cappuccino', 1, 120, 120);

INSERT INTO public.order_items (order_id, product_id, name, quantity, unit_price, subtotal)
VALUES ('c7a0d481-5375-4fc6-9b60-9a8f434ce51e', '65f0b94f-ccbe-4b50-a175-66810ae10f44', 'Croissant', 2, 80, 160);

INSERT INTO public.order_items (order_id, product_id, name, quantity, unit_price, subtotal)
VALUES ('c7a0d481-5375-4fc6-9b60-9a8f434ce51e', 'dfe22f11-84a3-41d2-a268-149f012eae60', 'Sparkling Lemonade', 2, 110, 220);

INSERT INTO public.order_items (order_id, product_id, name, quantity, unit_price, subtotal)
VALUES ('c7a0d481-5375-4fc6-9b60-9a8f434ce51e', 'fe6b02e6-9366-4abd-874c-fcb832e0e282', 'Green Tea', 2, 90, 180);

INSERT INTO public.orders (id, order_id, status, amount, payment_method, cashier_name, created_at)
VALUES ('f02fcd11-c786-493c-bffa-5c50cc941c4d', 'ORD-01698', 'Completed', 1190, 'Maya', 'System Seed', '2026-05-26T04:10:17.990Z');

INSERT INTO public.order_items (order_id, product_id, name, quantity, unit_price, subtotal)
VALUES ('f02fcd11-c786-493c-bffa-5c50cc941c4d', '36c93748-7c86-4ddb-ba49-1bd1a164bf42', 'Blueberry Muffin', 2, 95, 190);

INSERT INTO public.order_items (order_id, product_id, name, quantity, unit_price, subtotal)
VALUES ('f02fcd11-c786-493c-bffa-5c50cc941c4d', 'dfe22f11-84a3-41d2-a268-149f012eae60', 'Sparkling Lemonade', 2, 110, 220);

INSERT INTO public.order_items (order_id, product_id, name, quantity, unit_price, subtotal)
VALUES ('f02fcd11-c786-493c-bffa-5c50cc941c4d', '1b5c6269-ce45-4413-acb8-21813cd7f9cf', 'Mocha', 3, 140, 420);

INSERT INTO public.order_items (order_id, product_id, name, quantity, unit_price, subtotal)
VALUES ('f02fcd11-c786-493c-bffa-5c50cc941c4d', '48233f0a-6e57-4a45-b033-627d13f1be78', 'Cappuccino', 3, 120, 360);

INSERT INTO public.orders (id, order_id, status, amount, payment_method, cashier_name, created_at)
VALUES ('478e3ce0-eb48-4fb2-80f3-18f6f78ee8be', 'ORD-01699', 'Void (Not Made)', 400, 'Maya', 'System Seed', '2026-05-26T02:33:06.990Z');

INSERT INTO public.order_items (order_id, product_id, name, quantity, unit_price, subtotal)
VALUES ('478e3ce0-eb48-4fb2-80f3-18f6f78ee8be', '83a6812d-2665-4ce5-871a-78a4eab3ce80', 'Americano', 3, 100, 300);

INSERT INTO public.order_items (order_id, product_id, name, quantity, unit_price, subtotal)
VALUES ('478e3ce0-eb48-4fb2-80f3-18f6f78ee8be', '83a6812d-2665-4ce5-871a-78a4eab3ce80', 'Americano', 1, 100, 100);

INSERT INTO public.orders (id, order_id, status, amount, payment_method, cashier_name, created_at)
VALUES ('633b4070-14c8-4c47-9ed2-bb42e716eedc', 'ORD-01700', 'Completed', 510, 'GCash', 'System Seed', '2026-05-26T07:19:37.990Z');

INSERT INTO public.order_items (order_id, product_id, name, quantity, unit_price, subtotal)
VALUES ('633b4070-14c8-4c47-9ed2-bb42e716eedc', '48233f0a-6e57-4a45-b033-627d13f1be78', 'Cappuccino', 2, 120, 240);

INSERT INTO public.order_items (order_id, product_id, name, quantity, unit_price, subtotal)
VALUES ('633b4070-14c8-4c47-9ed2-bb42e716eedc', 'fe6b02e6-9366-4abd-874c-fcb832e0e282', 'Green Tea', 3, 90, 270);

INSERT INTO public.orders (id, order_id, status, amount, payment_method, cashier_name, created_at)
VALUES ('85836f6a-ca0b-489b-a36f-9e348d592c3a', 'ORD-01701', 'Completed', 580, 'Cash', 'System Seed', '2026-05-26T03:20:50.990Z');

INSERT INTO public.order_items (order_id, product_id, name, quantity, unit_price, subtotal)
VALUES ('85836f6a-ca0b-489b-a36f-9e348d592c3a', 'fe6b02e6-9366-4abd-874c-fcb832e0e282', 'Green Tea', 1, 90, 90);

INSERT INTO public.order_items (order_id, product_id, name, quantity, unit_price, subtotal)
VALUES ('85836f6a-ca0b-489b-a36f-9e348d592c3a', '36c93748-7c86-4ddb-ba49-1bd1a164bf42', 'Blueberry Muffin', 2, 95, 190);

INSERT INTO public.order_items (order_id, product_id, name, quantity, unit_price, subtotal)
VALUES ('85836f6a-ca0b-489b-a36f-9e348d592c3a', 'fe6b02e6-9366-4abd-874c-fcb832e0e282', 'Green Tea', 2, 90, 180);

INSERT INTO public.order_items (order_id, product_id, name, quantity, unit_price, subtotal)
VALUES ('85836f6a-ca0b-489b-a36f-9e348d592c3a', '48233f0a-6e57-4a45-b033-627d13f1be78', 'Cappuccino', 1, 120, 120);

INSERT INTO public.orders (id, order_id, status, amount, payment_method, cashier_name, created_at)
VALUES ('e26eb0a6-4855-4211-a480-d39c3b71a8ac', 'ORD-01702', 'Completed', 210, 'Maya', 'System Seed', '2026-05-26T05:16:11.990Z');

INSERT INTO public.order_items (order_id, product_id, name, quantity, unit_price, subtotal)
VALUES ('e26eb0a6-4855-4211-a480-d39c3b71a8ac', 'dfe22f11-84a3-41d2-a268-149f012eae60', 'Sparkling Lemonade', 1, 110, 110);

INSERT INTO public.order_items (order_id, product_id, name, quantity, unit_price, subtotal)
VALUES ('e26eb0a6-4855-4211-a480-d39c3b71a8ac', '83a6812d-2665-4ce5-871a-78a4eab3ce80', 'Americano', 1, 100, 100);

INSERT INTO public.orders (id, order_id, status, amount, payment_method, cashier_name, created_at)
VALUES ('9091432a-8c14-4d4a-8d3c-2e198c6c4d70', 'ORD-01703', 'Completed', 410, 'GCash', 'System Seed', '2026-05-26T05:44:07.990Z');

INSERT INTO public.order_items (order_id, product_id, name, quantity, unit_price, subtotal)
VALUES ('9091432a-8c14-4d4a-8d3c-2e198c6c4d70', 'dfe22f11-84a3-41d2-a268-149f012eae60', 'Sparkling Lemonade', 1, 110, 110);

INSERT INTO public.order_items (order_id, product_id, name, quantity, unit_price, subtotal)
VALUES ('9091432a-8c14-4d4a-8d3c-2e198c6c4d70', '65f0b94f-ccbe-4b50-a175-66810ae10f44', 'Croissant', 1, 80, 80);

INSERT INTO public.order_items (order_id, product_id, name, quantity, unit_price, subtotal)
VALUES ('9091432a-8c14-4d4a-8d3c-2e198c6c4d70', 'dfe22f11-84a3-41d2-a268-149f012eae60', 'Sparkling Lemonade', 2, 110, 220);

INSERT INTO public.orders (id, order_id, status, amount, payment_method, cashier_name, created_at)
VALUES ('332e4718-2a87-46bd-90df-8cc55e27f5dd', 'ORD-01704', 'Completed', 805, 'Credit Card', 'System Seed', '2026-05-26T12:37:21.990Z');

INSERT INTO public.order_items (order_id, product_id, name, quantity, unit_price, subtotal)
VALUES ('332e4718-2a87-46bd-90df-8cc55e27f5dd', '36c93748-7c86-4ddb-ba49-1bd1a164bf42', 'Blueberry Muffin', 3, 95, 285);

INSERT INTO public.order_items (order_id, product_id, name, quantity, unit_price, subtotal)
VALUES ('332e4718-2a87-46bd-90df-8cc55e27f5dd', '3a6a55c0-70f3-4417-a252-db77d9e511c0', 'Latte', 2, 120, 240);

INSERT INTO public.order_items (order_id, product_id, name, quantity, unit_price, subtotal)
VALUES ('332e4718-2a87-46bd-90df-8cc55e27f5dd', '1b5c6269-ce45-4413-acb8-21813cd7f9cf', 'Mocha', 2, 140, 280);

INSERT INTO public.orders (id, order_id, status, amount, payment_method, cashier_name, created_at)
VALUES ('c843ad9c-2149-462a-b9a0-80e02db66e90', 'ORD-01705', 'Completed', 240, 'Credit Card', 'System Seed', '2026-05-26T03:56:19.990Z');

INSERT INTO public.order_items (order_id, product_id, name, quantity, unit_price, subtotal)
VALUES ('c843ad9c-2149-462a-b9a0-80e02db66e90', '3a6a55c0-70f3-4417-a252-db77d9e511c0', 'Latte', 2, 120, 240);

INSERT INTO public.orders (id, order_id, status, amount, payment_method, cashier_name, created_at)
VALUES ('d59f2fc7-5ed5-4847-ad31-03d93226411f', 'ORD-01706', 'Void (Consumed)', 95, 'GCash', 'System Seed', '2026-05-25T23:04:18.990Z');

INSERT INTO public.order_items (order_id, product_id, name, quantity, unit_price, subtotal)
VALUES ('d59f2fc7-5ed5-4847-ad31-03d93226411f', '36c93748-7c86-4ddb-ba49-1bd1a164bf42', 'Blueberry Muffin', 1, 95, 95);

INSERT INTO public.orders (id, order_id, status, amount, payment_method, cashier_name, created_at)
VALUES ('062e5c67-dd5f-4f8d-8265-ec311c805609', 'ORD-01707', 'Completed', 270, 'GCash', 'System Seed', '2026-05-26T04:53:26.990Z');

INSERT INTO public.order_items (order_id, product_id, name, quantity, unit_price, subtotal)
VALUES ('062e5c67-dd5f-4f8d-8265-ec311c805609', 'fe6b02e6-9366-4abd-874c-fcb832e0e282', 'Green Tea', 3, 90, 270);

INSERT INTO public.orders (id, order_id, status, amount, payment_method, cashier_name, created_at)
VALUES ('556cf2a4-28f2-4a53-b32f-9bcc95009cd8', 'ORD-01708', 'Completed', 810, 'Maya', 'System Seed', '2026-05-26T04:20:43.990Z');

INSERT INTO public.order_items (order_id, product_id, name, quantity, unit_price, subtotal)
VALUES ('556cf2a4-28f2-4a53-b32f-9bcc95009cd8', 'dfe22f11-84a3-41d2-a268-149f012eae60', 'Sparkling Lemonade', 3, 110, 330);

INSERT INTO public.order_items (order_id, product_id, name, quantity, unit_price, subtotal)
VALUES ('556cf2a4-28f2-4a53-b32f-9bcc95009cd8', '1b5c6269-ce45-4413-acb8-21813cd7f9cf', 'Mocha', 2, 140, 280);

INSERT INTO public.order_items (order_id, product_id, name, quantity, unit_price, subtotal)
VALUES ('556cf2a4-28f2-4a53-b32f-9bcc95009cd8', '83a6812d-2665-4ce5-871a-78a4eab3ce80', 'Americano', 2, 100, 200);

INSERT INTO public.orders (id, order_id, status, amount, payment_method, cashier_name, created_at)
VALUES ('e2d26cf2-7788-473c-8c52-09f79181edb5', 'ORD-01709', 'Completed', 220, 'Maya', 'System Seed', '2026-05-26T01:57:19.990Z');

INSERT INTO public.order_items (order_id, product_id, name, quantity, unit_price, subtotal)
VALUES ('e2d26cf2-7788-473c-8c52-09f79181edb5', 'dfe22f11-84a3-41d2-a268-149f012eae60', 'Sparkling Lemonade', 2, 110, 220);

INSERT INTO public.orders (id, order_id, status, amount, payment_method, cashier_name, created_at)
VALUES ('02f207c5-ad6d-41e5-a7fb-e499b59e9d6e', 'ORD-01710', 'Void (Not Made)', 425, 'Maya', 'System Seed', '2026-05-25T23:50:36.990Z');

INSERT INTO public.order_items (order_id, product_id, name, quantity, unit_price, subtotal)
VALUES ('02f207c5-ad6d-41e5-a7fb-e499b59e9d6e', 'dfe22f11-84a3-41d2-a268-149f012eae60', 'Sparkling Lemonade', 3, 110, 330);

INSERT INTO public.order_items (order_id, product_id, name, quantity, unit_price, subtotal)
VALUES ('02f207c5-ad6d-41e5-a7fb-e499b59e9d6e', '36c93748-7c86-4ddb-ba49-1bd1a164bf42', 'Blueberry Muffin', 1, 95, 95);

INSERT INTO public.orders (id, order_id, status, amount, payment_method, cashier_name, created_at)
VALUES ('e8cacae8-ac6e-42d3-92d6-a5527272d2b5', 'ORD-01711', 'Void (Consumed)', 940, 'GCash', 'System Seed', '2026-05-26T05:21:08.990Z');

INSERT INTO public.order_items (order_id, product_id, name, quantity, unit_price, subtotal)
VALUES ('e8cacae8-ac6e-42d3-92d6-a5527272d2b5', '83a6812d-2665-4ce5-871a-78a4eab3ce80', 'Americano', 2, 100, 200);

INSERT INTO public.order_items (order_id, product_id, name, quantity, unit_price, subtotal)
VALUES ('e8cacae8-ac6e-42d3-92d6-a5527272d2b5', 'dfe22f11-84a3-41d2-a268-149f012eae60', 'Sparkling Lemonade', 2, 110, 220);

INSERT INTO public.order_items (order_id, product_id, name, quantity, unit_price, subtotal)
VALUES ('e8cacae8-ac6e-42d3-92d6-a5527272d2b5', '3a6a55c0-70f3-4417-a252-db77d9e511c0', 'Latte', 2, 120, 240);

INSERT INTO public.order_items (order_id, product_id, name, quantity, unit_price, subtotal)
VALUES ('e8cacae8-ac6e-42d3-92d6-a5527272d2b5', '1b5c6269-ce45-4413-acb8-21813cd7f9cf', 'Mocha', 2, 140, 280);

INSERT INTO public.orders (id, order_id, status, amount, payment_method, cashier_name, created_at)
VALUES ('d0242a16-2f0c-4845-94f8-7031cdb8906e', 'ORD-01712', 'Void (Consumed)', 240, 'Credit Card', 'System Seed', '2026-05-26T04:01:51.990Z');

INSERT INTO public.order_items (order_id, product_id, name, quantity, unit_price, subtotal)
VALUES ('d0242a16-2f0c-4845-94f8-7031cdb8906e', '65f0b94f-ccbe-4b50-a175-66810ae10f44', 'Croissant', 3, 80, 240);

INSERT INTO public.orders (id, order_id, status, amount, payment_method, cashier_name, created_at)
VALUES ('f02a0166-3d19-433d-ad6d-1903ebf6eb4f', 'ORD-01713', 'Completed', 700, 'GCash', 'System Seed', '2026-05-26T04:56:00.990Z');

INSERT INTO public.order_items (order_id, product_id, name, quantity, unit_price, subtotal)
VALUES ('f02a0166-3d19-433d-ad6d-1903ebf6eb4f', '65f0b94f-ccbe-4b50-a175-66810ae10f44', 'Croissant', 3, 80, 240);

INSERT INTO public.order_items (order_id, product_id, name, quantity, unit_price, subtotal)
VALUES ('f02a0166-3d19-433d-ad6d-1903ebf6eb4f', 'fe6b02e6-9366-4abd-874c-fcb832e0e282', 'Green Tea', 2, 90, 180);

INSERT INTO public.order_items (order_id, product_id, name, quantity, unit_price, subtotal)
VALUES ('f02a0166-3d19-433d-ad6d-1903ebf6eb4f', '1b5c6269-ce45-4413-acb8-21813cd7f9cf', 'Mocha', 2, 140, 280);

INSERT INTO public.orders (id, order_id, status, amount, payment_method, cashier_name, created_at)
VALUES ('3dc64a5f-8a2d-4121-8577-7ed92b9f5685', 'ORD-01714', 'Completed', 950, 'Cash', 'System Seed', '2026-05-25T23:24:28.990Z');

INSERT INTO public.order_items (order_id, product_id, name, quantity, unit_price, subtotal)
VALUES ('3dc64a5f-8a2d-4121-8577-7ed92b9f5685', '1b5c6269-ce45-4413-acb8-21813cd7f9cf', 'Mocha', 1, 140, 140);

INSERT INTO public.order_items (order_id, product_id, name, quantity, unit_price, subtotal)
VALUES ('3dc64a5f-8a2d-4121-8577-7ed92b9f5685', '1b5c6269-ce45-4413-acb8-21813cd7f9cf', 'Mocha', 3, 140, 420);

INSERT INTO public.order_items (order_id, product_id, name, quantity, unit_price, subtotal)
VALUES ('3dc64a5f-8a2d-4121-8577-7ed92b9f5685', '83a6812d-2665-4ce5-871a-78a4eab3ce80', 'Americano', 2, 100, 200);

INSERT INTO public.order_items (order_id, product_id, name, quantity, unit_price, subtotal)
VALUES ('3dc64a5f-8a2d-4121-8577-7ed92b9f5685', '36c93748-7c86-4ddb-ba49-1bd1a164bf42', 'Blueberry Muffin', 2, 95, 190);

INSERT INTO public.orders (id, order_id, status, amount, payment_method, cashier_name, created_at)
VALUES ('46d411b1-4f8f-4206-a2bb-35ab58b2003c', 'ORD-01715', 'Completed', 540, 'Credit Card', 'System Seed', '2026-05-27T12:34:14.990Z');

INSERT INTO public.order_items (order_id, product_id, name, quantity, unit_price, subtotal)
VALUES ('46d411b1-4f8f-4206-a2bb-35ab58b2003c', 'fe6b02e6-9366-4abd-874c-fcb832e0e282', 'Green Tea', 3, 90, 270);

INSERT INTO public.order_items (order_id, product_id, name, quantity, unit_price, subtotal)
VALUES ('46d411b1-4f8f-4206-a2bb-35ab58b2003c', '65f0b94f-ccbe-4b50-a175-66810ae10f44', 'Croissant', 2, 80, 160);

INSERT INTO public.order_items (order_id, product_id, name, quantity, unit_price, subtotal)
VALUES ('46d411b1-4f8f-4206-a2bb-35ab58b2003c', 'dfe22f11-84a3-41d2-a268-149f012eae60', 'Sparkling Lemonade', 1, 110, 110);

INSERT INTO public.orders (id, order_id, status, amount, payment_method, cashier_name, created_at)
VALUES ('12342ce1-3fbd-4b46-a16f-da85838255bb', 'ORD-01716', 'Completed', 300, 'Credit Card', 'System Seed', '2026-05-27T03:12:36.990Z');

INSERT INTO public.order_items (order_id, product_id, name, quantity, unit_price, subtotal)
VALUES ('12342ce1-3fbd-4b46-a16f-da85838255bb', '83a6812d-2665-4ce5-871a-78a4eab3ce80', 'Americano', 3, 100, 300);

INSERT INTO public.orders (id, order_id, status, amount, payment_method, cashier_name, created_at)
VALUES ('625903d7-b2fb-4e14-bf03-73a703d2d299', 'ORD-01717', 'Void (Not Made)', 640, 'GCash', 'System Seed', '2026-05-27T07:10:33.990Z');

INSERT INTO public.order_items (order_id, product_id, name, quantity, unit_price, subtotal)
VALUES ('625903d7-b2fb-4e14-bf03-73a703d2d299', '48233f0a-6e57-4a45-b033-627d13f1be78', 'Cappuccino', 3, 120, 360);

INSERT INTO public.order_items (order_id, product_id, name, quantity, unit_price, subtotal)
VALUES ('625903d7-b2fb-4e14-bf03-73a703d2d299', '1b5c6269-ce45-4413-acb8-21813cd7f9cf', 'Mocha', 2, 140, 280);

INSERT INTO public.orders (id, order_id, status, amount, payment_method, cashier_name, created_at)
VALUES ('fc6605d6-0562-426b-8a3a-bec47711425c', 'ORD-01718', 'Completed', 615, 'GCash', 'System Seed', '2026-05-27T03:56:12.990Z');

INSERT INTO public.order_items (order_id, product_id, name, quantity, unit_price, subtotal)
VALUES ('fc6605d6-0562-426b-8a3a-bec47711425c', '1b5c6269-ce45-4413-acb8-21813cd7f9cf', 'Mocha', 1, 140, 140);

INSERT INTO public.order_items (order_id, product_id, name, quantity, unit_price, subtotal)
VALUES ('fc6605d6-0562-426b-8a3a-bec47711425c', '36c93748-7c86-4ddb-ba49-1bd1a164bf42', 'Blueberry Muffin', 3, 95, 285);

INSERT INTO public.order_items (order_id, product_id, name, quantity, unit_price, subtotal)
VALUES ('fc6605d6-0562-426b-8a3a-bec47711425c', '36c93748-7c86-4ddb-ba49-1bd1a164bf42', 'Blueberry Muffin', 2, 95, 190);

INSERT INTO public.orders (id, order_id, status, amount, payment_method, cashier_name, created_at)
VALUES ('a9a82b48-1f4a-47f1-81cd-33013c0058c3', 'ORD-01719', 'Void (Consumed)', 695, 'Credit Card', 'System Seed', '2026-05-27T00:24:52.990Z');

INSERT INTO public.order_items (order_id, product_id, name, quantity, unit_price, subtotal)
VALUES ('a9a82b48-1f4a-47f1-81cd-33013c0058c3', '36c93748-7c86-4ddb-ba49-1bd1a164bf42', 'Blueberry Muffin', 3, 95, 285);

INSERT INTO public.order_items (order_id, product_id, name, quantity, unit_price, subtotal)
VALUES ('a9a82b48-1f4a-47f1-81cd-33013c0058c3', '48233f0a-6e57-4a45-b033-627d13f1be78', 'Cappuccino', 1, 120, 120);

INSERT INTO public.order_items (order_id, product_id, name, quantity, unit_price, subtotal)
VALUES ('a9a82b48-1f4a-47f1-81cd-33013c0058c3', 'fe6b02e6-9366-4abd-874c-fcb832e0e282', 'Green Tea', 2, 90, 180);

INSERT INTO public.order_items (order_id, product_id, name, quantity, unit_price, subtotal)
VALUES ('a9a82b48-1f4a-47f1-81cd-33013c0058c3', 'dfe22f11-84a3-41d2-a268-149f012eae60', 'Sparkling Lemonade', 1, 110, 110);

INSERT INTO public.orders (id, order_id, status, amount, payment_method, cashier_name, created_at)
VALUES ('3ccfdc1f-77c3-4599-8cf2-66b44e986ef4', 'ORD-01720', 'Void (Not Made)', 160, 'GCash', 'System Seed', '2026-05-27T08:26:23.990Z');

INSERT INTO public.order_items (order_id, product_id, name, quantity, unit_price, subtotal)
VALUES ('3ccfdc1f-77c3-4599-8cf2-66b44e986ef4', '65f0b94f-ccbe-4b50-a175-66810ae10f44', 'Croissant', 2, 80, 160);

INSERT INTO public.orders (id, order_id, status, amount, payment_method, cashier_name, created_at)
VALUES ('467e23ed-5105-4d10-acde-35271cac9d18', 'ORD-01721', 'Completed', 285, 'Maya', 'System Seed', '2026-05-27T04:48:24.990Z');

INSERT INTO public.order_items (order_id, product_id, name, quantity, unit_price, subtotal)
VALUES ('467e23ed-5105-4d10-acde-35271cac9d18', '36c93748-7c86-4ddb-ba49-1bd1a164bf42', 'Blueberry Muffin', 3, 95, 285);

INSERT INTO public.orders (id, order_id, status, amount, payment_method, cashier_name, created_at)
VALUES ('15bc16fe-5fe2-4c56-a86d-f1e9601c1d0c', 'ORD-01722', 'Void (Not Made)', 430, 'Credit Card', 'System Seed', '2026-05-26T23:04:42.990Z');

INSERT INTO public.order_items (order_id, product_id, name, quantity, unit_price, subtotal)
VALUES ('15bc16fe-5fe2-4c56-a86d-f1e9601c1d0c', '65f0b94f-ccbe-4b50-a175-66810ae10f44', 'Croissant', 2, 80, 160);

INSERT INTO public.order_items (order_id, product_id, name, quantity, unit_price, subtotal)
VALUES ('15bc16fe-5fe2-4c56-a86d-f1e9601c1d0c', 'fe6b02e6-9366-4abd-874c-fcb832e0e282', 'Green Tea', 3, 90, 270);

INSERT INTO public.orders (id, order_id, status, amount, payment_method, cashier_name, created_at)
VALUES ('aad485e7-0b53-45f7-a9af-521f7a8e3167', 'ORD-01723', 'Void (Consumed)', 900, 'Maya', 'System Seed', '2026-05-27T07:48:27.990Z');

INSERT INTO public.order_items (order_id, product_id, name, quantity, unit_price, subtotal)
VALUES ('aad485e7-0b53-45f7-a9af-521f7a8e3167', '48233f0a-6e57-4a45-b033-627d13f1be78', 'Cappuccino', 3, 120, 360);

INSERT INTO public.order_items (order_id, product_id, name, quantity, unit_price, subtotal)
VALUES ('aad485e7-0b53-45f7-a9af-521f7a8e3167', '48233f0a-6e57-4a45-b033-627d13f1be78', 'Cappuccino', 3, 120, 360);

INSERT INTO public.order_items (order_id, product_id, name, quantity, unit_price, subtotal)
VALUES ('aad485e7-0b53-45f7-a9af-521f7a8e3167', 'fe6b02e6-9366-4abd-874c-fcb832e0e282', 'Green Tea', 2, 90, 180);

INSERT INTO public.orders (id, order_id, status, amount, payment_method, cashier_name, created_at)
VALUES ('1d172685-cadd-4edd-ab24-5664c665eb7a', 'ORD-01724', 'Completed', 140, 'GCash', 'System Seed', '2026-05-27T01:34:36.990Z');

INSERT INTO public.order_items (order_id, product_id, name, quantity, unit_price, subtotal)
VALUES ('1d172685-cadd-4edd-ab24-5664c665eb7a', '1b5c6269-ce45-4413-acb8-21813cd7f9cf', 'Mocha', 1, 140, 140);

INSERT INTO public.orders (id, order_id, status, amount, payment_method, cashier_name, created_at)
VALUES ('f632f479-b8ed-4ced-b1f6-4df6887051b3', 'ORD-01725', 'Completed', 705, 'Cash', 'System Seed', '2026-05-27T04:48:22.990Z');

INSERT INTO public.order_items (order_id, product_id, name, quantity, unit_price, subtotal)
VALUES ('f632f479-b8ed-4ced-b1f6-4df6887051b3', 'dfe22f11-84a3-41d2-a268-149f012eae60', 'Sparkling Lemonade', 2, 110, 220);

INSERT INTO public.order_items (order_id, product_id, name, quantity, unit_price, subtotal)
VALUES ('f632f479-b8ed-4ced-b1f6-4df6887051b3', '83a6812d-2665-4ce5-871a-78a4eab3ce80', 'Americano', 2, 100, 200);

INSERT INTO public.order_items (order_id, product_id, name, quantity, unit_price, subtotal)
VALUES ('f632f479-b8ed-4ced-b1f6-4df6887051b3', '36c93748-7c86-4ddb-ba49-1bd1a164bf42', 'Blueberry Muffin', 3, 95, 285);

INSERT INTO public.orders (id, order_id, status, amount, payment_method, cashier_name, created_at)
VALUES ('b4d7e981-81cd-46b4-88ed-32cde3e4f734', 'ORD-01726', 'Completed', 445, 'Maya', 'System Seed', '2026-05-27T04:46:39.990Z');

INSERT INTO public.order_items (order_id, product_id, name, quantity, unit_price, subtotal)
VALUES ('b4d7e981-81cd-46b4-88ed-32cde3e4f734', '36c93748-7c86-4ddb-ba49-1bd1a164bf42', 'Blueberry Muffin', 1, 95, 95);

INSERT INTO public.order_items (order_id, product_id, name, quantity, unit_price, subtotal)
VALUES ('b4d7e981-81cd-46b4-88ed-32cde3e4f734', 'dfe22f11-84a3-41d2-a268-149f012eae60', 'Sparkling Lemonade', 1, 110, 110);

INSERT INTO public.order_items (order_id, product_id, name, quantity, unit_price, subtotal)
VALUES ('b4d7e981-81cd-46b4-88ed-32cde3e4f734', '65f0b94f-ccbe-4b50-a175-66810ae10f44', 'Croissant', 3, 80, 240);

INSERT INTO public.orders (id, order_id, status, amount, payment_method, cashier_name, created_at)
VALUES ('6047f9a5-98d6-4aa9-8053-901a7ea3e3ae', 'ORD-01727', 'Completed', 560, 'GCash', 'System Seed', '2026-05-27T00:00:19.990Z');

INSERT INTO public.order_items (order_id, product_id, name, quantity, unit_price, subtotal)
VALUES ('6047f9a5-98d6-4aa9-8053-901a7ea3e3ae', '1b5c6269-ce45-4413-acb8-21813cd7f9cf', 'Mocha', 1, 140, 140);

INSERT INTO public.order_items (order_id, product_id, name, quantity, unit_price, subtotal)
VALUES ('6047f9a5-98d6-4aa9-8053-901a7ea3e3ae', '83a6812d-2665-4ce5-871a-78a4eab3ce80', 'Americano', 3, 100, 300);

INSERT INTO public.order_items (order_id, product_id, name, quantity, unit_price, subtotal)
VALUES ('6047f9a5-98d6-4aa9-8053-901a7ea3e3ae', '3a6a55c0-70f3-4417-a252-db77d9e511c0', 'Latte', 1, 120, 120);

INSERT INTO public.orders (id, order_id, status, amount, payment_method, cashier_name, created_at)
VALUES ('f205c781-e80c-4557-818a-a93a69bf0a39', 'ORD-01728', 'Completed', 600, 'GCash', 'System Seed', '2026-05-27T01:24:55.990Z');

INSERT INTO public.order_items (order_id, product_id, name, quantity, unit_price, subtotal)
VALUES ('f205c781-e80c-4557-818a-a93a69bf0a39', 'fe6b02e6-9366-4abd-874c-fcb832e0e282', 'Green Tea', 2, 90, 180);

INSERT INTO public.order_items (order_id, product_id, name, quantity, unit_price, subtotal)
VALUES ('f205c781-e80c-4557-818a-a93a69bf0a39', '1b5c6269-ce45-4413-acb8-21813cd7f9cf', 'Mocha', 3, 140, 420);

INSERT INTO public.orders (id, order_id, status, amount, payment_method, cashier_name, created_at)
VALUES ('1d409f07-401d-44c3-96c8-2d6817e3a7e2', 'ORD-01729', 'Completed', 465, 'Cash', 'System Seed', '2026-05-26T23:25:35.990Z');

INSERT INTO public.order_items (order_id, product_id, name, quantity, unit_price, subtotal)
VALUES ('1d409f07-401d-44c3-96c8-2d6817e3a7e2', '36c93748-7c86-4ddb-ba49-1bd1a164bf42', 'Blueberry Muffin', 1, 95, 95);

INSERT INTO public.order_items (order_id, product_id, name, quantity, unit_price, subtotal)
VALUES ('1d409f07-401d-44c3-96c8-2d6817e3a7e2', '36c93748-7c86-4ddb-ba49-1bd1a164bf42', 'Blueberry Muffin', 2, 95, 190);

INSERT INTO public.order_items (order_id, product_id, name, quantity, unit_price, subtotal)
VALUES ('1d409f07-401d-44c3-96c8-2d6817e3a7e2', 'fe6b02e6-9366-4abd-874c-fcb832e0e282', 'Green Tea', 2, 90, 180);

INSERT INTO public.orders (id, order_id, status, amount, payment_method, cashier_name, created_at)
VALUES ('b78112be-0ee8-4fa5-91c2-9cdffa33b817', 'ORD-01730', 'Completed', 630, 'GCash', 'System Seed', '2026-05-27T09:32:01.990Z');

INSERT INTO public.order_items (order_id, product_id, name, quantity, unit_price, subtotal)
VALUES ('b78112be-0ee8-4fa5-91c2-9cdffa33b817', '65f0b94f-ccbe-4b50-a175-66810ae10f44', 'Croissant', 2, 80, 160);

INSERT INTO public.order_items (order_id, product_id, name, quantity, unit_price, subtotal)
VALUES ('b78112be-0ee8-4fa5-91c2-9cdffa33b817', '48233f0a-6e57-4a45-b033-627d13f1be78', 'Cappuccino', 3, 120, 360);

INSERT INTO public.order_items (order_id, product_id, name, quantity, unit_price, subtotal)
VALUES ('b78112be-0ee8-4fa5-91c2-9cdffa33b817', 'dfe22f11-84a3-41d2-a268-149f012eae60', 'Sparkling Lemonade', 1, 110, 110);

INSERT INTO public.orders (id, order_id, status, amount, payment_method, cashier_name, created_at)
VALUES ('601952a1-2c99-4316-9035-40e52be2cb8f', 'ORD-01731', 'Completed', 160, 'Cash', 'System Seed', '2026-05-27T02:36:12.990Z');

INSERT INTO public.order_items (order_id, product_id, name, quantity, unit_price, subtotal)
VALUES ('601952a1-2c99-4316-9035-40e52be2cb8f', '65f0b94f-ccbe-4b50-a175-66810ae10f44', 'Croissant', 2, 80, 160);

INSERT INTO public.orders (id, order_id, status, amount, payment_method, cashier_name, created_at)
VALUES ('67b21285-2c51-479a-915b-ae968787f5b1', 'ORD-01732', 'Void (Not Made)', 875, 'Maya', 'System Seed', '2026-05-27T02:28:43.990Z');

INSERT INTO public.order_items (order_id, product_id, name, quantity, unit_price, subtotal)
VALUES ('67b21285-2c51-479a-915b-ae968787f5b1', '1b5c6269-ce45-4413-acb8-21813cd7f9cf', 'Mocha', 1, 140, 140);

INSERT INTO public.order_items (order_id, product_id, name, quantity, unit_price, subtotal)
VALUES ('67b21285-2c51-479a-915b-ae968787f5b1', '36c93748-7c86-4ddb-ba49-1bd1a164bf42', 'Blueberry Muffin', 3, 95, 285);

INSERT INTO public.order_items (order_id, product_id, name, quantity, unit_price, subtotal)
VALUES ('67b21285-2c51-479a-915b-ae968787f5b1', 'fe6b02e6-9366-4abd-874c-fcb832e0e282', 'Green Tea', 1, 90, 90);

INSERT INTO public.order_items (order_id, product_id, name, quantity, unit_price, subtotal)
VALUES ('67b21285-2c51-479a-915b-ae968787f5b1', '3a6a55c0-70f3-4417-a252-db77d9e511c0', 'Latte', 3, 120, 360);

INSERT INTO public.orders (id, order_id, status, amount, payment_method, cashier_name, created_at)
VALUES ('e4660166-fdd5-441c-97a0-e35f9f6c0700', 'ORD-01733', 'Completed', 780, 'Credit Card', 'System Seed', '2026-05-27T03:23:31.990Z');

INSERT INTO public.order_items (order_id, product_id, name, quantity, unit_price, subtotal)
VALUES ('e4660166-fdd5-441c-97a0-e35f9f6c0700', '3a6a55c0-70f3-4417-a252-db77d9e511c0', 'Latte', 1, 120, 120);

INSERT INTO public.order_items (order_id, product_id, name, quantity, unit_price, subtotal)
VALUES ('e4660166-fdd5-441c-97a0-e35f9f6c0700', '48233f0a-6e57-4a45-b033-627d13f1be78', 'Cappuccino', 2, 120, 240);

INSERT INTO public.order_items (order_id, product_id, name, quantity, unit_price, subtotal)
VALUES ('e4660166-fdd5-441c-97a0-e35f9f6c0700', '1b5c6269-ce45-4413-acb8-21813cd7f9cf', 'Mocha', 3, 140, 420);

INSERT INTO public.orders (id, order_id, status, amount, payment_method, cashier_name, created_at)
VALUES ('89554790-2ebe-4f1f-acdf-c7b7724e828c', 'ORD-01734', 'Completed', 95, 'Credit Card', 'System Seed', '2026-05-27T01:05:21.990Z');

INSERT INTO public.order_items (order_id, product_id, name, quantity, unit_price, subtotal)
VALUES ('89554790-2ebe-4f1f-acdf-c7b7724e828c', '36c93748-7c86-4ddb-ba49-1bd1a164bf42', 'Blueberry Muffin', 1, 95, 95);

INSERT INTO public.orders (id, order_id, status, amount, payment_method, cashier_name, created_at)
VALUES ('d4eeed47-f211-4ce4-ab1c-5a16936336dd', 'ORD-01735', 'Completed', 725, 'GCash', 'System Seed', '2026-05-27T08:35:02.990Z');

INSERT INTO public.order_items (order_id, product_id, name, quantity, unit_price, subtotal)
VALUES ('d4eeed47-f211-4ce4-ab1c-5a16936336dd', '1b5c6269-ce45-4413-acb8-21813cd7f9cf', 'Mocha', 2, 140, 280);

INSERT INTO public.order_items (order_id, product_id, name, quantity, unit_price, subtotal)
VALUES ('d4eeed47-f211-4ce4-ab1c-5a16936336dd', '65f0b94f-ccbe-4b50-a175-66810ae10f44', 'Croissant', 2, 80, 160);

INSERT INTO public.order_items (order_id, product_id, name, quantity, unit_price, subtotal)
VALUES ('d4eeed47-f211-4ce4-ab1c-5a16936336dd', '36c93748-7c86-4ddb-ba49-1bd1a164bf42', 'Blueberry Muffin', 3, 95, 285);

INSERT INTO public.orders (id, order_id, status, amount, payment_method, cashier_name, created_at)
VALUES ('728c1138-8032-4811-822c-afe5fa3570d8', 'ORD-01736', 'Void (Consumed)', 560, 'GCash', 'System Seed', '2026-05-27T07:02:32.990Z');

INSERT INTO public.order_items (order_id, product_id, name, quantity, unit_price, subtotal)
VALUES ('728c1138-8032-4811-822c-afe5fa3570d8', 'fe6b02e6-9366-4abd-874c-fcb832e0e282', 'Green Tea', 2, 90, 180);

INSERT INTO public.order_items (order_id, product_id, name, quantity, unit_price, subtotal)
VALUES ('728c1138-8032-4811-822c-afe5fa3570d8', 'fe6b02e6-9366-4abd-874c-fcb832e0e282', 'Green Tea', 2, 90, 180);

INSERT INTO public.order_items (order_id, product_id, name, quantity, unit_price, subtotal)
VALUES ('728c1138-8032-4811-822c-afe5fa3570d8', '83a6812d-2665-4ce5-871a-78a4eab3ce80', 'Americano', 2, 100, 200);

INSERT INTO public.orders (id, order_id, status, amount, payment_method, cashier_name, created_at)
VALUES ('9b724a9d-5f52-4694-a7d8-4479149fac10', 'ORD-01737', 'Void (Not Made)', 140, 'Cash', 'System Seed', '2026-05-27T10:19:47.990Z');

INSERT INTO public.order_items (order_id, product_id, name, quantity, unit_price, subtotal)
VALUES ('9b724a9d-5f52-4694-a7d8-4479149fac10', '1b5c6269-ce45-4413-acb8-21813cd7f9cf', 'Mocha', 1, 140, 140);

INSERT INTO public.orders (id, order_id, status, amount, payment_method, cashier_name, created_at)
VALUES ('66a1afaf-0f6c-42b7-9f86-307a0dcd5a08', 'ORD-01738', 'Void (Not Made)', 555, 'Maya', 'System Seed', '2026-05-27T12:10:15.990Z');

INSERT INTO public.order_items (order_id, product_id, name, quantity, unit_price, subtotal)
VALUES ('66a1afaf-0f6c-42b7-9f86-307a0dcd5a08', '36c93748-7c86-4ddb-ba49-1bd1a164bf42', 'Blueberry Muffin', 2, 95, 190);

INSERT INTO public.order_items (order_id, product_id, name, quantity, unit_price, subtotal)
VALUES ('66a1afaf-0f6c-42b7-9f86-307a0dcd5a08', '65f0b94f-ccbe-4b50-a175-66810ae10f44', 'Croissant', 1, 80, 80);

INSERT INTO public.order_items (order_id, product_id, name, quantity, unit_price, subtotal)
VALUES ('66a1afaf-0f6c-42b7-9f86-307a0dcd5a08', '36c93748-7c86-4ddb-ba49-1bd1a164bf42', 'Blueberry Muffin', 3, 95, 285);

INSERT INTO public.orders (id, order_id, status, amount, payment_method, cashier_name, created_at)
VALUES ('4a5da9ad-bd71-4b3f-bffc-1515a08f3f65', 'ORD-01739', 'Completed', 220, 'Cash', 'System Seed', '2026-05-27T11:29:06.990Z');

INSERT INTO public.order_items (order_id, product_id, name, quantity, unit_price, subtotal)
VALUES ('4a5da9ad-bd71-4b3f-bffc-1515a08f3f65', 'dfe22f11-84a3-41d2-a268-149f012eae60', 'Sparkling Lemonade', 2, 110, 220);

INSERT INTO public.orders (id, order_id, status, amount, payment_method, cashier_name, created_at)
VALUES ('3ee0d312-e4e4-47ae-bfc1-e0df898cc287', 'ORD-01740', 'Completed', 240, 'Maya', 'System Seed', '2026-05-27T05:23:27.990Z');

INSERT INTO public.order_items (order_id, product_id, name, quantity, unit_price, subtotal)
VALUES ('3ee0d312-e4e4-47ae-bfc1-e0df898cc287', '3a6a55c0-70f3-4417-a252-db77d9e511c0', 'Latte', 2, 120, 240);

INSERT INTO public.orders (id, order_id, status, amount, payment_method, cashier_name, created_at)
VALUES ('e1c20e07-56e9-4a06-bdca-ac9ac1bcb479', 'ORD-01741', 'Completed', 440, 'Cash', 'System Seed', '2026-05-27T02:50:27.990Z');

INSERT INTO public.order_items (order_id, product_id, name, quantity, unit_price, subtotal)
VALUES ('e1c20e07-56e9-4a06-bdca-ac9ac1bcb479', '48233f0a-6e57-4a45-b033-627d13f1be78', 'Cappuccino', 3, 120, 360);

INSERT INTO public.order_items (order_id, product_id, name, quantity, unit_price, subtotal)
VALUES ('e1c20e07-56e9-4a06-bdca-ac9ac1bcb479', '65f0b94f-ccbe-4b50-a175-66810ae10f44', 'Croissant', 1, 80, 80);

INSERT INTO public.orders (id, order_id, status, amount, payment_method, cashier_name, created_at)
VALUES ('12ca69e4-645c-4583-b7f4-5d94a9cfcad5', 'ORD-01742', 'Void (Not Made)', 95, 'GCash', 'System Seed', '2026-05-28T01:25:39.990Z');

INSERT INTO public.order_items (order_id, product_id, name, quantity, unit_price, subtotal)
VALUES ('12ca69e4-645c-4583-b7f4-5d94a9cfcad5', '36c93748-7c86-4ddb-ba49-1bd1a164bf42', 'Blueberry Muffin', 1, 95, 95);

INSERT INTO public.orders (id, order_id, status, amount, payment_method, cashier_name, created_at)
VALUES ('80f8b555-1bb5-42a3-b497-b56173bfffab', 'ORD-01743', 'Completed', 755, 'Maya', 'System Seed', '2026-05-28T00:08:02.990Z');

INSERT INTO public.order_items (order_id, product_id, name, quantity, unit_price, subtotal)
VALUES ('80f8b555-1bb5-42a3-b497-b56173bfffab', '36c93748-7c86-4ddb-ba49-1bd1a164bf42', 'Blueberry Muffin', 1, 95, 95);

INSERT INTO public.order_items (order_id, product_id, name, quantity, unit_price, subtotal)
VALUES ('80f8b555-1bb5-42a3-b497-b56173bfffab', '1b5c6269-ce45-4413-acb8-21813cd7f9cf', 'Mocha', 3, 140, 420);

INSERT INTO public.order_items (order_id, product_id, name, quantity, unit_price, subtotal)
VALUES ('80f8b555-1bb5-42a3-b497-b56173bfffab', '65f0b94f-ccbe-4b50-a175-66810ae10f44', 'Croissant', 3, 80, 240);

INSERT INTO public.orders (id, order_id, status, amount, payment_method, cashier_name, created_at)
VALUES ('cb5e3b4d-8cb9-4314-9e20-c48c6288309e', 'ORD-01744', 'Void (Consumed)', 360, 'GCash', 'System Seed', '2026-05-28T03:47:05.990Z');

INSERT INTO public.order_items (order_id, product_id, name, quantity, unit_price, subtotal)
VALUES ('cb5e3b4d-8cb9-4314-9e20-c48c6288309e', '48233f0a-6e57-4a45-b033-627d13f1be78', 'Cappuccino', 3, 120, 360);

INSERT INTO public.orders (id, order_id, status, amount, payment_method, cashier_name, created_at)
VALUES ('10ef952e-7a4d-4294-8ad5-eeacac405479', 'ORD-01745', 'Completed', 140, 'Credit Card', 'System Seed', '2026-05-28T06:10:47.990Z');

INSERT INTO public.order_items (order_id, product_id, name, quantity, unit_price, subtotal)
VALUES ('10ef952e-7a4d-4294-8ad5-eeacac405479', '1b5c6269-ce45-4413-acb8-21813cd7f9cf', 'Mocha', 1, 140, 140);

INSERT INTO public.orders (id, order_id, status, amount, payment_method, cashier_name, created_at)
VALUES ('26dacdcb-144d-4611-8b4e-1349a5498fa2', 'ORD-01746', 'Completed', 655, 'Maya', 'System Seed', '2026-05-28T12:50:25.990Z');

INSERT INTO public.order_items (order_id, product_id, name, quantity, unit_price, subtotal)
VALUES ('26dacdcb-144d-4611-8b4e-1349a5498fa2', 'fe6b02e6-9366-4abd-874c-fcb832e0e282', 'Green Tea', 2, 90, 180);

INSERT INTO public.order_items (order_id, product_id, name, quantity, unit_price, subtotal)
VALUES ('26dacdcb-144d-4611-8b4e-1349a5498fa2', '83a6812d-2665-4ce5-871a-78a4eab3ce80', 'Americano', 3, 100, 300);

INSERT INTO public.order_items (order_id, product_id, name, quantity, unit_price, subtotal)
VALUES ('26dacdcb-144d-4611-8b4e-1349a5498fa2', '65f0b94f-ccbe-4b50-a175-66810ae10f44', 'Croissant', 1, 80, 80);

INSERT INTO public.order_items (order_id, product_id, name, quantity, unit_price, subtotal)
VALUES ('26dacdcb-144d-4611-8b4e-1349a5498fa2', '36c93748-7c86-4ddb-ba49-1bd1a164bf42', 'Blueberry Muffin', 1, 95, 95);

INSERT INTO public.orders (id, order_id, status, amount, payment_method, cashier_name, created_at)
VALUES ('75b290a8-4a1f-47d5-9f35-1e4e00d5a445', 'ORD-01747', 'Void (Consumed)', 210, 'Maya', 'System Seed', '2026-05-28T05:01:45.990Z');

INSERT INTO public.order_items (order_id, product_id, name, quantity, unit_price, subtotal)
VALUES ('75b290a8-4a1f-47d5-9f35-1e4e00d5a445', '48233f0a-6e57-4a45-b033-627d13f1be78', 'Cappuccino', 1, 120, 120);

INSERT INTO public.order_items (order_id, product_id, name, quantity, unit_price, subtotal)
VALUES ('75b290a8-4a1f-47d5-9f35-1e4e00d5a445', 'fe6b02e6-9366-4abd-874c-fcb832e0e282', 'Green Tea', 1, 90, 90);

INSERT INTO public.orders (id, order_id, status, amount, payment_method, cashier_name, created_at)
VALUES ('03d0df7b-8543-4ce1-bb0a-720ebf62cce9', 'ORD-01748', 'Completed', 1185, 'Maya', 'System Seed', '2026-05-28T00:30:27.990Z');

INSERT INTO public.order_items (order_id, product_id, name, quantity, unit_price, subtotal)
VALUES ('03d0df7b-8543-4ce1-bb0a-720ebf62cce9', 'fe6b02e6-9366-4abd-874c-fcb832e0e282', 'Green Tea', 2, 90, 180);

INSERT INTO public.order_items (order_id, product_id, name, quantity, unit_price, subtotal)
VALUES ('03d0df7b-8543-4ce1-bb0a-720ebf62cce9', '36c93748-7c86-4ddb-ba49-1bd1a164bf42', 'Blueberry Muffin', 3, 95, 285);

INSERT INTO public.order_items (order_id, product_id, name, quantity, unit_price, subtotal)
VALUES ('03d0df7b-8543-4ce1-bb0a-720ebf62cce9', '48233f0a-6e57-4a45-b033-627d13f1be78', 'Cappuccino', 3, 120, 360);

INSERT INTO public.order_items (order_id, product_id, name, quantity, unit_price, subtotal)
VALUES ('03d0df7b-8543-4ce1-bb0a-720ebf62cce9', '48233f0a-6e57-4a45-b033-627d13f1be78', 'Cappuccino', 3, 120, 360);

INSERT INTO public.orders (id, order_id, status, amount, payment_method, cashier_name, created_at)
VALUES ('ad0cb4a4-4d91-479e-919e-df3eac739d70', 'ORD-01749', 'Void (Not Made)', 770, 'Cash', 'System Seed', '2026-05-28T06:28:53.990Z');

INSERT INTO public.order_items (order_id, product_id, name, quantity, unit_price, subtotal)
VALUES ('ad0cb4a4-4d91-479e-919e-df3eac739d70', '3a6a55c0-70f3-4417-a252-db77d9e511c0', 'Latte', 2, 120, 240);

INSERT INTO public.order_items (order_id, product_id, name, quantity, unit_price, subtotal)
VALUES ('ad0cb4a4-4d91-479e-919e-df3eac739d70', 'dfe22f11-84a3-41d2-a268-149f012eae60', 'Sparkling Lemonade', 3, 110, 330);

INSERT INTO public.order_items (order_id, product_id, name, quantity, unit_price, subtotal)
VALUES ('ad0cb4a4-4d91-479e-919e-df3eac739d70', '83a6812d-2665-4ce5-871a-78a4eab3ce80', 'Americano', 2, 100, 200);

INSERT INTO public.orders (id, order_id, status, amount, payment_method, cashier_name, created_at)
VALUES ('9199d808-f428-4c59-97ca-ee86aed76884', 'ORD-01750', 'Completed', 860, 'GCash', 'System Seed', '2026-05-28T06:23:02.990Z');

INSERT INTO public.order_items (order_id, product_id, name, quantity, unit_price, subtotal)
VALUES ('9199d808-f428-4c59-97ca-ee86aed76884', '1b5c6269-ce45-4413-acb8-21813cd7f9cf', 'Mocha', 1, 140, 140);

INSERT INTO public.order_items (order_id, product_id, name, quantity, unit_price, subtotal)
VALUES ('9199d808-f428-4c59-97ca-ee86aed76884', '3a6a55c0-70f3-4417-a252-db77d9e511c0', 'Latte', 3, 120, 360);

INSERT INTO public.order_items (order_id, product_id, name, quantity, unit_price, subtotal)
VALUES ('9199d808-f428-4c59-97ca-ee86aed76884', '3a6a55c0-70f3-4417-a252-db77d9e511c0', 'Latte', 1, 120, 120);

INSERT INTO public.order_items (order_id, product_id, name, quantity, unit_price, subtotal)
VALUES ('9199d808-f428-4c59-97ca-ee86aed76884', '3a6a55c0-70f3-4417-a252-db77d9e511c0', 'Latte', 2, 120, 240);

INSERT INTO public.orders (id, order_id, status, amount, payment_method, cashier_name, created_at)
VALUES ('4abe9b65-7921-4728-ae1c-99fe2503af88', 'ORD-01751', 'Completed', 300, 'GCash', 'System Seed', '2026-05-28T04:29:54.990Z');

INSERT INTO public.order_items (order_id, product_id, name, quantity, unit_price, subtotal)
VALUES ('4abe9b65-7921-4728-ae1c-99fe2503af88', '65f0b94f-ccbe-4b50-a175-66810ae10f44', 'Croissant', 2, 80, 160);

INSERT INTO public.order_items (order_id, product_id, name, quantity, unit_price, subtotal)
VALUES ('4abe9b65-7921-4728-ae1c-99fe2503af88', '1b5c6269-ce45-4413-acb8-21813cd7f9cf', 'Mocha', 1, 140, 140);

INSERT INTO public.orders (id, order_id, status, amount, payment_method, cashier_name, created_at)
VALUES ('a68532f4-6254-49e5-820f-a74f981ff281', 'ORD-01752', 'Completed', 80, 'Maya', 'System Seed', '2026-05-28T09:54:42.990Z');

INSERT INTO public.order_items (order_id, product_id, name, quantity, unit_price, subtotal)
VALUES ('a68532f4-6254-49e5-820f-a74f981ff281', '65f0b94f-ccbe-4b50-a175-66810ae10f44', 'Croissant', 1, 80, 80);

INSERT INTO public.orders (id, order_id, status, amount, payment_method, cashier_name, created_at)
VALUES ('87599b76-90df-4a9a-bed5-788f17416a0a', 'ORD-01753', 'Void (Consumed)', 1070, 'Maya', 'System Seed', '2026-05-27T23:09:37.990Z');

INSERT INTO public.order_items (order_id, product_id, name, quantity, unit_price, subtotal)
VALUES ('87599b76-90df-4a9a-bed5-788f17416a0a', 'fe6b02e6-9366-4abd-874c-fcb832e0e282', 'Green Tea', 2, 90, 180);

INSERT INTO public.order_items (order_id, product_id, name, quantity, unit_price, subtotal)
VALUES ('87599b76-90df-4a9a-bed5-788f17416a0a', '36c93748-7c86-4ddb-ba49-1bd1a164bf42', 'Blueberry Muffin', 2, 95, 190);

INSERT INTO public.order_items (order_id, product_id, name, quantity, unit_price, subtotal)
VALUES ('87599b76-90df-4a9a-bed5-788f17416a0a', '1b5c6269-ce45-4413-acb8-21813cd7f9cf', 'Mocha', 2, 140, 280);

INSERT INTO public.order_items (order_id, product_id, name, quantity, unit_price, subtotal)
VALUES ('87599b76-90df-4a9a-bed5-788f17416a0a', '1b5c6269-ce45-4413-acb8-21813cd7f9cf', 'Mocha', 3, 140, 420);

INSERT INTO public.orders (id, order_id, status, amount, payment_method, cashier_name, created_at)
VALUES ('ed5e69a6-7ed0-4fc1-a190-5a8cf7e148a9', 'ORD-01754', 'Void (Not Made)', 440, 'Credit Card', 'System Seed', '2026-05-28T11:42:30.990Z');

INSERT INTO public.order_items (order_id, product_id, name, quantity, unit_price, subtotal)
VALUES ('ed5e69a6-7ed0-4fc1-a190-5a8cf7e148a9', '65f0b94f-ccbe-4b50-a175-66810ae10f44', 'Croissant', 3, 80, 240);

INSERT INTO public.order_items (order_id, product_id, name, quantity, unit_price, subtotal)
VALUES ('ed5e69a6-7ed0-4fc1-a190-5a8cf7e148a9', '83a6812d-2665-4ce5-871a-78a4eab3ce80', 'Americano', 2, 100, 200);

INSERT INTO public.orders (id, order_id, status, amount, payment_method, cashier_name, created_at)
VALUES ('65b1aff0-03b0-4deb-8d95-be5945100d76', 'ORD-01755', 'Completed', 790, 'Cash', 'System Seed', '2026-05-28T07:24:26.990Z');

INSERT INTO public.order_items (order_id, product_id, name, quantity, unit_price, subtotal)
VALUES ('65b1aff0-03b0-4deb-8d95-be5945100d76', '65f0b94f-ccbe-4b50-a175-66810ae10f44', 'Croissant', 2, 80, 160);

INSERT INTO public.order_items (order_id, product_id, name, quantity, unit_price, subtotal)
VALUES ('65b1aff0-03b0-4deb-8d95-be5945100d76', 'fe6b02e6-9366-4abd-874c-fcb832e0e282', 'Green Tea', 3, 90, 270);

INSERT INTO public.order_items (order_id, product_id, name, quantity, unit_price, subtotal)
VALUES ('65b1aff0-03b0-4deb-8d95-be5945100d76', '48233f0a-6e57-4a45-b033-627d13f1be78', 'Cappuccino', 3, 120, 360);

INSERT INTO public.orders (id, order_id, status, amount, payment_method, cashier_name, created_at)
VALUES ('80af2362-c1d7-4c22-937e-98969e51b9db', 'ORD-01756', 'Completed', 570, 'Credit Card', 'System Seed', '2026-05-28T02:05:33.990Z');

INSERT INTO public.order_items (order_id, product_id, name, quantity, unit_price, subtotal)
VALUES ('80af2362-c1d7-4c22-937e-98969e51b9db', 'dfe22f11-84a3-41d2-a268-149f012eae60', 'Sparkling Lemonade', 1, 110, 110);

INSERT INTO public.order_items (order_id, product_id, name, quantity, unit_price, subtotal)
VALUES ('80af2362-c1d7-4c22-937e-98969e51b9db', '83a6812d-2665-4ce5-871a-78a4eab3ce80', 'Americano', 1, 100, 100);

INSERT INTO public.order_items (order_id, product_id, name, quantity, unit_price, subtotal)
VALUES ('80af2362-c1d7-4c22-937e-98969e51b9db', '3a6a55c0-70f3-4417-a252-db77d9e511c0', 'Latte', 1, 120, 120);

INSERT INTO public.order_items (order_id, product_id, name, quantity, unit_price, subtotal)
VALUES ('80af2362-c1d7-4c22-937e-98969e51b9db', '48233f0a-6e57-4a45-b033-627d13f1be78', 'Cappuccino', 2, 120, 240);

INSERT INTO public.orders (id, order_id, status, amount, payment_method, cashier_name, created_at)
VALUES ('cf6af681-53f3-4ea5-887f-e373aea3863b', 'ORD-01757', 'Completed', 420, 'Credit Card', 'System Seed', '2026-05-27T23:41:23.990Z');

INSERT INTO public.order_items (order_id, product_id, name, quantity, unit_price, subtotal)
VALUES ('cf6af681-53f3-4ea5-887f-e373aea3863b', '1b5c6269-ce45-4413-acb8-21813cd7f9cf', 'Mocha', 3, 140, 420);

INSERT INTO public.orders (id, order_id, status, amount, payment_method, cashier_name, created_at)
VALUES ('a58bad92-f59a-4f36-a0ea-a903b4c3f5b2', 'ORD-01758', 'Completed', 120, 'Cash', 'System Seed', '2026-05-28T09:42:51.990Z');

INSERT INTO public.order_items (order_id, product_id, name, quantity, unit_price, subtotal)
VALUES ('a58bad92-f59a-4f36-a0ea-a903b4c3f5b2', '48233f0a-6e57-4a45-b033-627d13f1be78', 'Cappuccino', 1, 120, 120);

INSERT INTO public.orders (id, order_id, status, amount, payment_method, cashier_name, created_at)
VALUES ('2d530a73-29e7-448f-8481-d84b394e2834', 'ORD-01759', 'Void (Consumed)', 90, 'Maya', 'System Seed', '2026-05-28T07:38:26.990Z');

INSERT INTO public.order_items (order_id, product_id, name, quantity, unit_price, subtotal)
VALUES ('2d530a73-29e7-448f-8481-d84b394e2834', 'fe6b02e6-9366-4abd-874c-fcb832e0e282', 'Green Tea', 1, 90, 90);

INSERT INTO public.orders (id, order_id, status, amount, payment_method, cashier_name, created_at)
VALUES ('fbf7e8ea-b737-4a0a-851e-f0716e44dfcb', 'ORD-01760', 'Completed', 820, 'Cash', 'System Seed', '2026-05-28T05:55:15.990Z');

INSERT INTO public.order_items (order_id, product_id, name, quantity, unit_price, subtotal)
VALUES ('fbf7e8ea-b737-4a0a-851e-f0716e44dfcb', '48233f0a-6e57-4a45-b033-627d13f1be78', 'Cappuccino', 3, 120, 360);

INSERT INTO public.order_items (order_id, product_id, name, quantity, unit_price, subtotal)
VALUES ('fbf7e8ea-b737-4a0a-851e-f0716e44dfcb', '1b5c6269-ce45-4413-acb8-21813cd7f9cf', 'Mocha', 2, 140, 280);

INSERT INTO public.order_items (order_id, product_id, name, quantity, unit_price, subtotal)
VALUES ('fbf7e8ea-b737-4a0a-851e-f0716e44dfcb', 'fe6b02e6-9366-4abd-874c-fcb832e0e282', 'Green Tea', 2, 90, 180);

INSERT INTO public.orders (id, order_id, status, amount, payment_method, cashier_name, created_at)
VALUES ('c67f4bc1-a807-4498-b3a4-e7cb8a554d5c', 'ORD-01761', 'Void (Consumed)', 1010, 'Maya', 'System Seed', '2026-05-27T23:35:45.990Z');

INSERT INTO public.order_items (order_id, product_id, name, quantity, unit_price, subtotal)
VALUES ('c67f4bc1-a807-4498-b3a4-e7cb8a554d5c', '1b5c6269-ce45-4413-acb8-21813cd7f9cf', 'Mocha', 2, 140, 280);

INSERT INTO public.order_items (order_id, product_id, name, quantity, unit_price, subtotal)
VALUES ('c67f4bc1-a807-4498-b3a4-e7cb8a554d5c', 'dfe22f11-84a3-41d2-a268-149f012eae60', 'Sparkling Lemonade', 2, 110, 220);

INSERT INTO public.order_items (order_id, product_id, name, quantity, unit_price, subtotal)
VALUES ('c67f4bc1-a807-4498-b3a4-e7cb8a554d5c', 'fe6b02e6-9366-4abd-874c-fcb832e0e282', 'Green Tea', 2, 90, 180);

INSERT INTO public.order_items (order_id, product_id, name, quantity, unit_price, subtotal)
VALUES ('c67f4bc1-a807-4498-b3a4-e7cb8a554d5c', 'dfe22f11-84a3-41d2-a268-149f012eae60', 'Sparkling Lemonade', 3, 110, 330);

INSERT INTO public.orders (id, order_id, status, amount, payment_method, cashier_name, created_at)
VALUES ('121b002e-4ef7-4f9b-94cf-aa4ffa613f69', 'ORD-01762', 'Completed', 870, 'Credit Card', 'System Seed', '2026-05-27T23:06:25.990Z');

INSERT INTO public.order_items (order_id, product_id, name, quantity, unit_price, subtotal)
VALUES ('121b002e-4ef7-4f9b-94cf-aa4ffa613f69', '3a6a55c0-70f3-4417-a252-db77d9e511c0', 'Latte', 2, 120, 240);

INSERT INTO public.order_items (order_id, product_id, name, quantity, unit_price, subtotal)
VALUES ('121b002e-4ef7-4f9b-94cf-aa4ffa613f69', '48233f0a-6e57-4a45-b033-627d13f1be78', 'Cappuccino', 3, 120, 360);

INSERT INTO public.order_items (order_id, product_id, name, quantity, unit_price, subtotal)
VALUES ('121b002e-4ef7-4f9b-94cf-aa4ffa613f69', 'fe6b02e6-9366-4abd-874c-fcb832e0e282', 'Green Tea', 2, 90, 180);

INSERT INTO public.order_items (order_id, product_id, name, quantity, unit_price, subtotal)
VALUES ('121b002e-4ef7-4f9b-94cf-aa4ffa613f69', 'fe6b02e6-9366-4abd-874c-fcb832e0e282', 'Green Tea', 1, 90, 90);

INSERT INTO public.orders (id, order_id, status, amount, payment_method, cashier_name, created_at)
VALUES ('4195aff9-9494-4027-8180-2575a857b2cf', 'ORD-01763', 'Completed', 110, 'Maya', 'System Seed', '2026-05-27T23:42:02.990Z');

INSERT INTO public.order_items (order_id, product_id, name, quantity, unit_price, subtotal)
VALUES ('4195aff9-9494-4027-8180-2575a857b2cf', 'dfe22f11-84a3-41d2-a268-149f012eae60', 'Sparkling Lemonade', 1, 110, 110);

INSERT INTO public.orders (id, order_id, status, amount, payment_method, cashier_name, created_at)
VALUES ('b8ef13ed-13e5-48e8-b519-c1e9050016bd', 'ORD-01764', 'Void (Not Made)', 770, 'Cash', 'System Seed', '2026-05-28T03:15:30.990Z');

INSERT INTO public.order_items (order_id, product_id, name, quantity, unit_price, subtotal)
VALUES ('b8ef13ed-13e5-48e8-b519-c1e9050016bd', 'dfe22f11-84a3-41d2-a268-149f012eae60', 'Sparkling Lemonade', 2, 110, 220);

INSERT INTO public.order_items (order_id, product_id, name, quantity, unit_price, subtotal)
VALUES ('b8ef13ed-13e5-48e8-b519-c1e9050016bd', 'fe6b02e6-9366-4abd-874c-fcb832e0e282', 'Green Tea', 3, 90, 270);

INSERT INTO public.order_items (order_id, product_id, name, quantity, unit_price, subtotal)
VALUES ('b8ef13ed-13e5-48e8-b519-c1e9050016bd', '1b5c6269-ce45-4413-acb8-21813cd7f9cf', 'Mocha', 2, 140, 280);

INSERT INTO public.orders (id, order_id, status, amount, payment_method, cashier_name, created_at)
VALUES ('cf654b5a-5e71-4802-8dd1-4b34b4688c6d', 'ORD-01765', 'Completed', 490, 'Maya', 'System Seed', '2026-05-28T09:37:07.990Z');

INSERT INTO public.order_items (order_id, product_id, name, quantity, unit_price, subtotal)
VALUES ('cf654b5a-5e71-4802-8dd1-4b34b4688c6d', 'fe6b02e6-9366-4abd-874c-fcb832e0e282', 'Green Tea', 3, 90, 270);

INSERT INTO public.order_items (order_id, product_id, name, quantity, unit_price, subtotal)
VALUES ('cf654b5a-5e71-4802-8dd1-4b34b4688c6d', 'dfe22f11-84a3-41d2-a268-149f012eae60', 'Sparkling Lemonade', 2, 110, 220);

INSERT INTO public.orders (id, order_id, status, amount, payment_method, cashier_name, created_at)
VALUES ('289ba1fb-d369-4945-98d4-10ade958281c', 'ORD-01766', 'Void (Not Made)', 360, 'Cash', 'System Seed', '2026-05-28T01:45:09.990Z');

INSERT INTO public.order_items (order_id, product_id, name, quantity, unit_price, subtotal)
VALUES ('289ba1fb-d369-4945-98d4-10ade958281c', '3a6a55c0-70f3-4417-a252-db77d9e511c0', 'Latte', 3, 120, 360);

INSERT INTO public.orders (id, order_id, status, amount, payment_method, cashier_name, created_at)
VALUES ('0f4b99ac-e9f1-481e-a812-fd831caf1419', 'ORD-01767', 'Completed', 480, 'Cash', 'System Seed', '2026-05-27T23:39:52.990Z');

INSERT INTO public.order_items (order_id, product_id, name, quantity, unit_price, subtotal)
VALUES ('0f4b99ac-e9f1-481e-a812-fd831caf1419', '48233f0a-6e57-4a45-b033-627d13f1be78', 'Cappuccino', 2, 120, 240);

INSERT INTO public.order_items (order_id, product_id, name, quantity, unit_price, subtotal)
VALUES ('0f4b99ac-e9f1-481e-a812-fd831caf1419', '48233f0a-6e57-4a45-b033-627d13f1be78', 'Cappuccino', 2, 120, 240);

INSERT INTO public.orders (id, order_id, status, amount, payment_method, cashier_name, created_at)
VALUES ('019685f4-a7ad-4c9a-9ac4-45a69e2658d4', 'ORD-01768', 'Completed', 660, 'Credit Card', 'System Seed', '2026-05-28T03:01:10.990Z');

INSERT INTO public.order_items (order_id, product_id, name, quantity, unit_price, subtotal)
VALUES ('019685f4-a7ad-4c9a-9ac4-45a69e2658d4', 'dfe22f11-84a3-41d2-a268-149f012eae60', 'Sparkling Lemonade', 3, 110, 330);

INSERT INTO public.order_items (order_id, product_id, name, quantity, unit_price, subtotal)
VALUES ('019685f4-a7ad-4c9a-9ac4-45a69e2658d4', 'dfe22f11-84a3-41d2-a268-149f012eae60', 'Sparkling Lemonade', 3, 110, 330);

INSERT INTO public.orders (id, order_id, status, amount, payment_method, cashier_name, created_at)
VALUES ('6a2d8560-790e-4026-9f1f-670be9f62077', 'ORD-01769', 'Completed', 205, 'Maya', 'System Seed', '2026-05-28T02:56:26.990Z');

INSERT INTO public.order_items (order_id, product_id, name, quantity, unit_price, subtotal)
VALUES ('6a2d8560-790e-4026-9f1f-670be9f62077', 'dfe22f11-84a3-41d2-a268-149f012eae60', 'Sparkling Lemonade', 1, 110, 110);

INSERT INTO public.order_items (order_id, product_id, name, quantity, unit_price, subtotal)
VALUES ('6a2d8560-790e-4026-9f1f-670be9f62077', '36c93748-7c86-4ddb-ba49-1bd1a164bf42', 'Blueberry Muffin', 1, 95, 95);

INSERT INTO public.orders (id, order_id, status, amount, payment_method, cashier_name, created_at)
VALUES ('9655beeb-5ae7-46f6-ad8f-b038288076c3', 'ORD-01770', 'Completed', 740, 'Maya', 'System Seed', '2026-05-28T04:45:51.990Z');

INSERT INTO public.order_items (order_id, product_id, name, quantity, unit_price, subtotal)
VALUES ('9655beeb-5ae7-46f6-ad8f-b038288076c3', '3a6a55c0-70f3-4417-a252-db77d9e511c0', 'Latte', 1, 120, 120);

INSERT INTO public.order_items (order_id, product_id, name, quantity, unit_price, subtotal)
VALUES ('9655beeb-5ae7-46f6-ad8f-b038288076c3', '3a6a55c0-70f3-4417-a252-db77d9e511c0', 'Latte', 2, 120, 240);

INSERT INTO public.order_items (order_id, product_id, name, quantity, unit_price, subtotal)
VALUES ('9655beeb-5ae7-46f6-ad8f-b038288076c3', '83a6812d-2665-4ce5-871a-78a4eab3ce80', 'Americano', 3, 100, 300);

INSERT INTO public.order_items (order_id, product_id, name, quantity, unit_price, subtotal)
VALUES ('9655beeb-5ae7-46f6-ad8f-b038288076c3', '65f0b94f-ccbe-4b50-a175-66810ae10f44', 'Croissant', 1, 80, 80);

INSERT INTO public.orders (id, order_id, status, amount, payment_method, cashier_name, created_at)
VALUES ('7c6133f7-d954-4fd4-9ca4-6f4b7888b068', 'ORD-01771', 'Completed', 240, 'Cash', 'System Seed', '2026-05-28T03:29:30.990Z');

INSERT INTO public.order_items (order_id, product_id, name, quantity, unit_price, subtotal)
VALUES ('7c6133f7-d954-4fd4-9ca4-6f4b7888b068', '65f0b94f-ccbe-4b50-a175-66810ae10f44', 'Croissant', 3, 80, 240);

INSERT INTO public.orders (id, order_id, status, amount, payment_method, cashier_name, created_at)
VALUES ('e9aea1b4-27b4-4722-bb89-600de851919f', 'ORD-01772', 'Void (Not Made)', 500, 'Maya', 'System Seed', '2026-05-28T11:59:34.990Z');

INSERT INTO public.order_items (order_id, product_id, name, quantity, unit_price, subtotal)
VALUES ('e9aea1b4-27b4-4722-bb89-600de851919f', '48233f0a-6e57-4a45-b033-627d13f1be78', 'Cappuccino', 3, 120, 360);

INSERT INTO public.order_items (order_id, product_id, name, quantity, unit_price, subtotal)
VALUES ('e9aea1b4-27b4-4722-bb89-600de851919f', '1b5c6269-ce45-4413-acb8-21813cd7f9cf', 'Mocha', 1, 140, 140);

INSERT INTO public.orders (id, order_id, status, amount, payment_method, cashier_name, created_at)
VALUES ('c4bb81d9-1980-4b00-b8c2-d6df62429f64', 'ORD-01773', 'Completed', 160, 'Maya', 'System Seed', '2026-05-28T05:09:12.990Z');

INSERT INTO public.order_items (order_id, product_id, name, quantity, unit_price, subtotal)
VALUES ('c4bb81d9-1980-4b00-b8c2-d6df62429f64', '65f0b94f-ccbe-4b50-a175-66810ae10f44', 'Croissant', 2, 80, 160);

INSERT INTO public.orders (id, order_id, status, amount, payment_method, cashier_name, created_at)
VALUES ('f978275f-871c-4460-a171-9c35ccc26551', 'ORD-01774', 'Completed', 900, 'Credit Card', 'System Seed', '2026-05-28T05:21:58.990Z');

INSERT INTO public.order_items (order_id, product_id, name, quantity, unit_price, subtotal)
VALUES ('f978275f-871c-4460-a171-9c35ccc26551', '3a6a55c0-70f3-4417-a252-db77d9e511c0', 'Latte', 3, 120, 360);

INSERT INTO public.order_items (order_id, product_id, name, quantity, unit_price, subtotal)
VALUES ('f978275f-871c-4460-a171-9c35ccc26551', '83a6812d-2665-4ce5-871a-78a4eab3ce80', 'Americano', 3, 100, 300);

INSERT INTO public.order_items (order_id, product_id, name, quantity, unit_price, subtotal)
VALUES ('f978275f-871c-4460-a171-9c35ccc26551', '48233f0a-6e57-4a45-b033-627d13f1be78', 'Cappuccino', 2, 120, 240);

INSERT INTO public.orders (id, order_id, status, amount, payment_method, cashier_name, created_at)
VALUES ('ff484974-5fc7-4ff2-8333-8ea7811f7599', 'ORD-01775', 'Void (Not Made)', 830, 'GCash', 'System Seed', '2026-05-28T02:21:24.990Z');

INSERT INTO public.order_items (order_id, product_id, name, quantity, unit_price, subtotal)
VALUES ('ff484974-5fc7-4ff2-8333-8ea7811f7599', '48233f0a-6e57-4a45-b033-627d13f1be78', 'Cappuccino', 3, 120, 360);

INSERT INTO public.order_items (order_id, product_id, name, quantity, unit_price, subtotal)
VALUES ('ff484974-5fc7-4ff2-8333-8ea7811f7599', '36c93748-7c86-4ddb-ba49-1bd1a164bf42', 'Blueberry Muffin', 2, 95, 190);

INSERT INTO public.order_items (order_id, product_id, name, quantity, unit_price, subtotal)
VALUES ('ff484974-5fc7-4ff2-8333-8ea7811f7599', '1b5c6269-ce45-4413-acb8-21813cd7f9cf', 'Mocha', 2, 140, 280);

INSERT INTO public.orders (id, order_id, status, amount, payment_method, cashier_name, created_at)
VALUES ('ec64799d-5706-4bfc-aae0-34c744d0ed78', 'ORD-01776', 'Completed', 160, 'GCash', 'System Seed', '2026-05-28T06:02:31.990Z');

INSERT INTO public.order_items (order_id, product_id, name, quantity, unit_price, subtotal)
VALUES ('ec64799d-5706-4bfc-aae0-34c744d0ed78', '65f0b94f-ccbe-4b50-a175-66810ae10f44', 'Croissant', 2, 80, 160);

INSERT INTO public.orders (id, order_id, status, amount, payment_method, cashier_name, created_at)
VALUES ('7ef5b00f-12b6-4cb4-8da6-59c416f75f1e', 'ORD-01777', 'Void (Not Made)', 520, 'Cash', 'System Seed', '2026-05-29T00:07:43.990Z');

INSERT INTO public.order_items (order_id, product_id, name, quantity, unit_price, subtotal)
VALUES ('7ef5b00f-12b6-4cb4-8da6-59c416f75f1e', 'dfe22f11-84a3-41d2-a268-149f012eae60', 'Sparkling Lemonade', 3, 110, 330);

INSERT INTO public.order_items (order_id, product_id, name, quantity, unit_price, subtotal)
VALUES ('7ef5b00f-12b6-4cb4-8da6-59c416f75f1e', '36c93748-7c86-4ddb-ba49-1bd1a164bf42', 'Blueberry Muffin', 2, 95, 190);

INSERT INTO public.orders (id, order_id, status, amount, payment_method, cashier_name, created_at)
VALUES ('c24ede6e-0222-4e90-985c-ec01728277ac', 'ORD-01778', 'Completed', 300, 'GCash', 'System Seed', '2026-05-29T03:14:36.990Z');

INSERT INTO public.order_items (order_id, product_id, name, quantity, unit_price, subtotal)
VALUES ('c24ede6e-0222-4e90-985c-ec01728277ac', '83a6812d-2665-4ce5-871a-78a4eab3ce80', 'Americano', 3, 100, 300);

INSERT INTO public.orders (id, order_id, status, amount, payment_method, cashier_name, created_at)
VALUES ('bae9ddd5-367a-4597-a5f5-c1a1fec65f77', 'ORD-01779', 'Completed', 520, 'Cash', 'System Seed', '2026-05-29T12:00:17.990Z');

INSERT INTO public.order_items (order_id, product_id, name, quantity, unit_price, subtotal)
VALUES ('bae9ddd5-367a-4597-a5f5-c1a1fec65f77', '48233f0a-6e57-4a45-b033-627d13f1be78', 'Cappuccino', 3, 120, 360);

INSERT INTO public.order_items (order_id, product_id, name, quantity, unit_price, subtotal)
VALUES ('bae9ddd5-367a-4597-a5f5-c1a1fec65f77', '65f0b94f-ccbe-4b50-a175-66810ae10f44', 'Croissant', 2, 80, 160);

INSERT INTO public.orders (id, order_id, status, amount, payment_method, cashier_name, created_at)
VALUES ('51ab0421-4d82-4ee6-9109-11751659287c', 'ORD-01780', 'Completed', 660, 'Maya', 'System Seed', '2026-05-28T23:14:03.990Z');

INSERT INTO public.order_items (order_id, product_id, name, quantity, unit_price, subtotal)
VALUES ('51ab0421-4d82-4ee6-9109-11751659287c', '48233f0a-6e57-4a45-b033-627d13f1be78', 'Cappuccino', 2, 120, 240);

INSERT INTO public.order_items (order_id, product_id, name, quantity, unit_price, subtotal)
VALUES ('51ab0421-4d82-4ee6-9109-11751659287c', '83a6812d-2665-4ce5-871a-78a4eab3ce80', 'Americano', 3, 100, 300);

INSERT INTO public.order_items (order_id, product_id, name, quantity, unit_price, subtotal)
VALUES ('51ab0421-4d82-4ee6-9109-11751659287c', '3a6a55c0-70f3-4417-a252-db77d9e511c0', 'Latte', 1, 120, 120);

INSERT INTO public.orders (id, order_id, status, amount, payment_method, cashier_name, created_at)
VALUES ('ff96ee32-5700-42d4-9eae-88fc3d000814', 'ORD-01781', 'Void (Consumed)', 300, 'Maya', 'System Seed', '2026-05-29T06:23:50.990Z');

INSERT INTO public.order_items (order_id, product_id, name, quantity, unit_price, subtotal)
VALUES ('ff96ee32-5700-42d4-9eae-88fc3d000814', 'fe6b02e6-9366-4abd-874c-fcb832e0e282', 'Green Tea', 2, 90, 180);

INSERT INTO public.order_items (order_id, product_id, name, quantity, unit_price, subtotal)
VALUES ('ff96ee32-5700-42d4-9eae-88fc3d000814', '3a6a55c0-70f3-4417-a252-db77d9e511c0', 'Latte', 1, 120, 120);

INSERT INTO public.orders (id, order_id, status, amount, payment_method, cashier_name, created_at)
VALUES ('b5ebd4b8-58c5-4584-9d98-918b3a47602b', 'ORD-01782', 'Void (Consumed)', 270, 'Cash', 'System Seed', '2026-05-29T03:03:53.990Z');

INSERT INTO public.order_items (order_id, product_id, name, quantity, unit_price, subtotal)
VALUES ('b5ebd4b8-58c5-4584-9d98-918b3a47602b', 'fe6b02e6-9366-4abd-874c-fcb832e0e282', 'Green Tea', 3, 90, 270);

INSERT INTO public.orders (id, order_id, status, amount, payment_method, cashier_name, created_at)
VALUES ('bd6237d9-f41b-4c69-99c4-f2326d800275', 'ORD-01783', 'Completed', 1130, 'Credit Card', 'System Seed', '2026-05-29T08:51:19.990Z');

INSERT INTO public.order_items (order_id, product_id, name, quantity, unit_price, subtotal)
VALUES ('bd6237d9-f41b-4c69-99c4-f2326d800275', 'dfe22f11-84a3-41d2-a268-149f012eae60', 'Sparkling Lemonade', 1, 110, 110);

INSERT INTO public.order_items (order_id, product_id, name, quantity, unit_price, subtotal)
VALUES ('bd6237d9-f41b-4c69-99c4-f2326d800275', '1b5c6269-ce45-4413-acb8-21813cd7f9cf', 'Mocha', 3, 140, 420);

INSERT INTO public.order_items (order_id, product_id, name, quantity, unit_price, subtotal)
VALUES ('bd6237d9-f41b-4c69-99c4-f2326d800275', '48233f0a-6e57-4a45-b033-627d13f1be78', 'Cappuccino', 2, 120, 240);

INSERT INTO public.order_items (order_id, product_id, name, quantity, unit_price, subtotal)
VALUES ('bd6237d9-f41b-4c69-99c4-f2326d800275', '3a6a55c0-70f3-4417-a252-db77d9e511c0', 'Latte', 3, 120, 360);

INSERT INTO public.orders (id, order_id, status, amount, payment_method, cashier_name, created_at)
VALUES ('ff5936bd-e529-4a38-b705-d4a108c8fbeb', 'ORD-01784', 'Completed', 335, 'Maya', 'System Seed', '2026-05-29T04:42:46.990Z');

INSERT INTO public.order_items (order_id, product_id, name, quantity, unit_price, subtotal)
VALUES ('ff5936bd-e529-4a38-b705-d4a108c8fbeb', '48233f0a-6e57-4a45-b033-627d13f1be78', 'Cappuccino', 2, 120, 240);

INSERT INTO public.order_items (order_id, product_id, name, quantity, unit_price, subtotal)
VALUES ('ff5936bd-e529-4a38-b705-d4a108c8fbeb', '36c93748-7c86-4ddb-ba49-1bd1a164bf42', 'Blueberry Muffin', 1, 95, 95);

INSERT INTO public.orders (id, order_id, status, amount, payment_method, cashier_name, created_at)
VALUES ('baf216c3-86a7-4cc7-b7ba-80bd6a924fa4', 'ORD-01785', 'Void (Not Made)', 90, 'GCash', 'System Seed', '2026-05-28T23:33:45.990Z');

INSERT INTO public.order_items (order_id, product_id, name, quantity, unit_price, subtotal)
VALUES ('baf216c3-86a7-4cc7-b7ba-80bd6a924fa4', 'fe6b02e6-9366-4abd-874c-fcb832e0e282', 'Green Tea', 1, 90, 90);

INSERT INTO public.orders (id, order_id, status, amount, payment_method, cashier_name, created_at)
VALUES ('bb9e30a0-9676-42fa-b078-6745911d7d8e', 'ORD-01786', 'Completed', 180, 'GCash', 'System Seed', '2026-05-29T06:47:08.990Z');

INSERT INTO public.order_items (order_id, product_id, name, quantity, unit_price, subtotal)
VALUES ('bb9e30a0-9676-42fa-b078-6745911d7d8e', 'fe6b02e6-9366-4abd-874c-fcb832e0e282', 'Green Tea', 2, 90, 180);

INSERT INTO public.orders (id, order_id, status, amount, payment_method, cashier_name, created_at)
VALUES ('833c2bc2-f545-46b7-a308-72ecff922f41', 'ORD-01787', 'Completed', 360, 'Cash', 'System Seed', '2026-05-29T11:45:41.990Z');

INSERT INTO public.order_items (order_id, product_id, name, quantity, unit_price, subtotal)
VALUES ('833c2bc2-f545-46b7-a308-72ecff922f41', '1b5c6269-ce45-4413-acb8-21813cd7f9cf', 'Mocha', 1, 140, 140);

INSERT INTO public.order_items (order_id, product_id, name, quantity, unit_price, subtotal)
VALUES ('833c2bc2-f545-46b7-a308-72ecff922f41', 'dfe22f11-84a3-41d2-a268-149f012eae60', 'Sparkling Lemonade', 2, 110, 220);

INSERT INTO public.orders (id, order_id, status, amount, payment_method, cashier_name, created_at)
VALUES ('9883ab42-63b1-4803-b982-63bf36c1d82a', 'ORD-01788', 'Void (Not Made)', 120, 'GCash', 'System Seed', '2026-05-29T07:53:58.990Z');

INSERT INTO public.order_items (order_id, product_id, name, quantity, unit_price, subtotal)
VALUES ('9883ab42-63b1-4803-b982-63bf36c1d82a', '3a6a55c0-70f3-4417-a252-db77d9e511c0', 'Latte', 1, 120, 120);

INSERT INTO public.orders (id, order_id, status, amount, payment_method, cashier_name, created_at)
VALUES ('54da26b6-4f5f-422d-8450-6c6a0827cead', 'ORD-01789', 'Completed', 780, 'Maya', 'System Seed', '2026-05-29T11:46:40.990Z');

INSERT INTO public.order_items (order_id, product_id, name, quantity, unit_price, subtotal)
VALUES ('54da26b6-4f5f-422d-8450-6c6a0827cead', '48233f0a-6e57-4a45-b033-627d13f1be78', 'Cappuccino', 3, 120, 360);

INSERT INTO public.order_items (order_id, product_id, name, quantity, unit_price, subtotal)
VALUES ('54da26b6-4f5f-422d-8450-6c6a0827cead', '1b5c6269-ce45-4413-acb8-21813cd7f9cf', 'Mocha', 3, 140, 420);

INSERT INTO public.orders (id, order_id, status, amount, payment_method, cashier_name, created_at)
VALUES ('4d77ad14-1f06-41c2-8298-535607ae8fa1', 'ORD-01790', 'Void (Consumed)', 330, 'Cash', 'System Seed', '2026-05-29T02:43:56.990Z');

INSERT INTO public.order_items (order_id, product_id, name, quantity, unit_price, subtotal)
VALUES ('4d77ad14-1f06-41c2-8298-535607ae8fa1', 'dfe22f11-84a3-41d2-a268-149f012eae60', 'Sparkling Lemonade', 3, 110, 330);

INSERT INTO public.orders (id, order_id, status, amount, payment_method, cashier_name, created_at)
VALUES ('e9dbab8a-8174-406f-8181-3583ddc267d0', 'ORD-01791', 'Completed', 870, 'Cash', 'System Seed', '2026-05-29T05:58:29.990Z');

INSERT INTO public.order_items (order_id, product_id, name, quantity, unit_price, subtotal)
VALUES ('e9dbab8a-8174-406f-8181-3583ddc267d0', 'dfe22f11-84a3-41d2-a268-149f012eae60', 'Sparkling Lemonade', 3, 110, 330);

INSERT INTO public.order_items (order_id, product_id, name, quantity, unit_price, subtotal)
VALUES ('e9dbab8a-8174-406f-8181-3583ddc267d0', '48233f0a-6e57-4a45-b033-627d13f1be78', 'Cappuccino', 3, 120, 360);

INSERT INTO public.order_items (order_id, product_id, name, quantity, unit_price, subtotal)
VALUES ('e9dbab8a-8174-406f-8181-3583ddc267d0', 'fe6b02e6-9366-4abd-874c-fcb832e0e282', 'Green Tea', 2, 90, 180);

INSERT INTO public.orders (id, order_id, status, amount, payment_method, cashier_name, created_at)
VALUES ('49c576ef-843c-4085-891b-b1a5e3654b37', 'ORD-01792', 'Completed', 945, 'Maya', 'System Seed', '2026-05-29T06:41:02.990Z');

INSERT INTO public.order_items (order_id, product_id, name, quantity, unit_price, subtotal)
VALUES ('49c576ef-843c-4085-891b-b1a5e3654b37', '1b5c6269-ce45-4413-acb8-21813cd7f9cf', 'Mocha', 2, 140, 280);

INSERT INTO public.order_items (order_id, product_id, name, quantity, unit_price, subtotal)
VALUES ('49c576ef-843c-4085-891b-b1a5e3654b37', 'dfe22f11-84a3-41d2-a268-149f012eae60', 'Sparkling Lemonade', 2, 110, 220);

INSERT INTO public.order_items (order_id, product_id, name, quantity, unit_price, subtotal)
VALUES ('49c576ef-843c-4085-891b-b1a5e3654b37', '65f0b94f-ccbe-4b50-a175-66810ae10f44', 'Croissant', 2, 80, 160);

INSERT INTO public.order_items (order_id, product_id, name, quantity, unit_price, subtotal)
VALUES ('49c576ef-843c-4085-891b-b1a5e3654b37', '36c93748-7c86-4ddb-ba49-1bd1a164bf42', 'Blueberry Muffin', 3, 95, 285);

INSERT INTO public.orders (id, order_id, status, amount, payment_method, cashier_name, created_at)
VALUES ('56a58eea-5787-437d-bb83-5e847cbadb3f', 'ORD-01793', 'Void (Not Made)', 330, 'GCash', 'System Seed', '2026-05-29T12:16:51.990Z');

INSERT INTO public.order_items (order_id, product_id, name, quantity, unit_price, subtotal)
VALUES ('56a58eea-5787-437d-bb83-5e847cbadb3f', 'dfe22f11-84a3-41d2-a268-149f012eae60', 'Sparkling Lemonade', 3, 110, 330);

INSERT INTO public.orders (id, order_id, status, amount, payment_method, cashier_name, created_at)
VALUES ('596aeef0-a410-4e8e-bb21-458f39660929', 'ORD-01794', 'Completed', 650, 'Credit Card', 'System Seed', '2026-05-29T23:31:34.990Z');

INSERT INTO public.order_items (order_id, product_id, name, quantity, unit_price, subtotal)
VALUES ('596aeef0-a410-4e8e-bb21-458f39660929', 'dfe22f11-84a3-41d2-a268-149f012eae60', 'Sparkling Lemonade', 2, 110, 220);

INSERT INTO public.order_items (order_id, product_id, name, quantity, unit_price, subtotal)
VALUES ('596aeef0-a410-4e8e-bb21-458f39660929', '83a6812d-2665-4ce5-871a-78a4eab3ce80', 'Americano', 1, 100, 100);

INSERT INTO public.order_items (order_id, product_id, name, quantity, unit_price, subtotal)
VALUES ('596aeef0-a410-4e8e-bb21-458f39660929', 'dfe22f11-84a3-41d2-a268-149f012eae60', 'Sparkling Lemonade', 3, 110, 330);

INSERT INTO public.orders (id, order_id, status, amount, payment_method, cashier_name, created_at)
VALUES ('8e4f53ec-01fc-421b-9f64-0189a3ccf617', 'ORD-01795', 'Completed', 930, 'Credit Card', 'System Seed', '2026-05-30T09:12:11.990Z');

INSERT INTO public.order_items (order_id, product_id, name, quantity, unit_price, subtotal)
VALUES ('8e4f53ec-01fc-421b-9f64-0189a3ccf617', '48233f0a-6e57-4a45-b033-627d13f1be78', 'Cappuccino', 3, 120, 360);

INSERT INTO public.order_items (order_id, product_id, name, quantity, unit_price, subtotal)
VALUES ('8e4f53ec-01fc-421b-9f64-0189a3ccf617', 'dfe22f11-84a3-41d2-a268-149f012eae60', 'Sparkling Lemonade', 2, 110, 220);

INSERT INTO public.order_items (order_id, product_id, name, quantity, unit_price, subtotal)
VALUES ('8e4f53ec-01fc-421b-9f64-0189a3ccf617', '65f0b94f-ccbe-4b50-a175-66810ae10f44', 'Croissant', 3, 80, 240);

INSERT INTO public.order_items (order_id, product_id, name, quantity, unit_price, subtotal)
VALUES ('8e4f53ec-01fc-421b-9f64-0189a3ccf617', 'dfe22f11-84a3-41d2-a268-149f012eae60', 'Sparkling Lemonade', 1, 110, 110);

INSERT INTO public.orders (id, order_id, status, amount, payment_method, cashier_name, created_at)
VALUES ('a67ca744-abe3-4c96-8738-705a8e98ff2e', 'ORD-01796', 'Void (Not Made)', 240, 'Cash', 'System Seed', '2026-05-30T08:42:21.990Z');

INSERT INTO public.order_items (order_id, product_id, name, quantity, unit_price, subtotal)
VALUES ('a67ca744-abe3-4c96-8738-705a8e98ff2e', '48233f0a-6e57-4a45-b033-627d13f1be78', 'Cappuccino', 2, 120, 240);

INSERT INTO public.orders (id, order_id, status, amount, payment_method, cashier_name, created_at)
VALUES ('266a146e-d907-4852-bce3-9911d5ad99d5', 'ORD-01797', 'Void (Consumed)', 350, 'Credit Card', 'System Seed', '2026-05-30T00:21:34.990Z');

INSERT INTO public.order_items (order_id, product_id, name, quantity, unit_price, subtotal)
VALUES ('266a146e-d907-4852-bce3-9911d5ad99d5', '36c93748-7c86-4ddb-ba49-1bd1a164bf42', 'Blueberry Muffin', 2, 95, 190);

INSERT INTO public.order_items (order_id, product_id, name, quantity, unit_price, subtotal)
VALUES ('266a146e-d907-4852-bce3-9911d5ad99d5', '65f0b94f-ccbe-4b50-a175-66810ae10f44', 'Croissant', 2, 80, 160);

INSERT INTO public.orders (id, order_id, status, amount, payment_method, cashier_name, created_at)
VALUES ('57d5ea8d-1da5-4ad5-9cc9-7fa18819bdfe', 'ORD-01798', 'Completed', 200, 'Credit Card', 'System Seed', '2026-05-30T05:56:41.990Z');

INSERT INTO public.order_items (order_id, product_id, name, quantity, unit_price, subtotal)
VALUES ('57d5ea8d-1da5-4ad5-9cc9-7fa18819bdfe', '83a6812d-2665-4ce5-871a-78a4eab3ce80', 'Americano', 2, 100, 200);

INSERT INTO public.orders (id, order_id, status, amount, payment_method, cashier_name, created_at)
VALUES ('cdddbb2b-bdb7-4098-8e02-fdc4b2b84277', 'ORD-01799', 'Completed', 550, 'GCash', 'System Seed', '2026-05-30T00:39:29.990Z');

INSERT INTO public.order_items (order_id, product_id, name, quantity, unit_price, subtotal)
VALUES ('cdddbb2b-bdb7-4098-8e02-fdc4b2b84277', '1b5c6269-ce45-4413-acb8-21813cd7f9cf', 'Mocha', 2, 140, 280);

INSERT INTO public.order_items (order_id, product_id, name, quantity, unit_price, subtotal)
VALUES ('cdddbb2b-bdb7-4098-8e02-fdc4b2b84277', 'fe6b02e6-9366-4abd-874c-fcb832e0e282', 'Green Tea', 1, 90, 90);

INSERT INTO public.order_items (order_id, product_id, name, quantity, unit_price, subtotal)
VALUES ('cdddbb2b-bdb7-4098-8e02-fdc4b2b84277', 'fe6b02e6-9366-4abd-874c-fcb832e0e282', 'Green Tea', 2, 90, 180);

INSERT INTO public.orders (id, order_id, status, amount, payment_method, cashier_name, created_at)
VALUES ('932597dc-e90d-4053-868e-ab2f8b6cd412', 'ORD-01800', 'Completed', 360, 'Credit Card', 'System Seed', '2026-05-30T06:09:22.990Z');

INSERT INTO public.order_items (order_id, product_id, name, quantity, unit_price, subtotal)
VALUES ('932597dc-e90d-4053-868e-ab2f8b6cd412', '65f0b94f-ccbe-4b50-a175-66810ae10f44', 'Croissant', 1, 80, 80);

INSERT INTO public.order_items (order_id, product_id, name, quantity, unit_price, subtotal)
VALUES ('932597dc-e90d-4053-868e-ab2f8b6cd412', '1b5c6269-ce45-4413-acb8-21813cd7f9cf', 'Mocha', 2, 140, 280);

INSERT INTO public.orders (id, order_id, status, amount, payment_method, cashier_name, created_at)
VALUES ('30c68e40-ab6a-4d18-bd35-ed18fb117ebb', 'ORD-01801', 'Completed', 960, 'GCash', 'System Seed', '2026-05-30T06:04:43.990Z');

INSERT INTO public.order_items (order_id, product_id, name, quantity, unit_price, subtotal)
VALUES ('30c68e40-ab6a-4d18-bd35-ed18fb117ebb', '65f0b94f-ccbe-4b50-a175-66810ae10f44', 'Croissant', 3, 80, 240);

INSERT INTO public.order_items (order_id, product_id, name, quantity, unit_price, subtotal)
VALUES ('30c68e40-ab6a-4d18-bd35-ed18fb117ebb', '3a6a55c0-70f3-4417-a252-db77d9e511c0', 'Latte', 3, 120, 360);

INSERT INTO public.order_items (order_id, product_id, name, quantity, unit_price, subtotal)
VALUES ('30c68e40-ab6a-4d18-bd35-ed18fb117ebb', '3a6a55c0-70f3-4417-a252-db77d9e511c0', 'Latte', 3, 120, 360);

INSERT INTO public.orders (id, order_id, status, amount, payment_method, cashier_name, created_at)
VALUES ('8dbd861e-ebdd-4501-81c8-992a3209bbaf', 'ORD-01802', 'Completed', 330, 'Cash', 'System Seed', '2026-05-30T04:43:25.990Z');

INSERT INTO public.order_items (order_id, product_id, name, quantity, unit_price, subtotal)
VALUES ('8dbd861e-ebdd-4501-81c8-992a3209bbaf', 'dfe22f11-84a3-41d2-a268-149f012eae60', 'Sparkling Lemonade', 3, 110, 330);

INSERT INTO public.orders (id, order_id, status, amount, payment_method, cashier_name, created_at)
VALUES ('7a09ec67-e6c5-4d69-99c0-3085496f20b5', 'ORD-01803', 'Void (Consumed)', 670, 'Credit Card', 'System Seed', '2026-05-30T07:15:17.990Z');

INSERT INTO public.order_items (order_id, product_id, name, quantity, unit_price, subtotal)
VALUES ('7a09ec67-e6c5-4d69-99c0-3085496f20b5', '36c93748-7c86-4ddb-ba49-1bd1a164bf42', 'Blueberry Muffin', 2, 95, 190);

INSERT INTO public.order_items (order_id, product_id, name, quantity, unit_price, subtotal)
VALUES ('7a09ec67-e6c5-4d69-99c0-3085496f20b5', '48233f0a-6e57-4a45-b033-627d13f1be78', 'Cappuccino', 3, 120, 360);

INSERT INTO public.order_items (order_id, product_id, name, quantity, unit_price, subtotal)
VALUES ('7a09ec67-e6c5-4d69-99c0-3085496f20b5', '3a6a55c0-70f3-4417-a252-db77d9e511c0', 'Latte', 1, 120, 120);

INSERT INTO public.orders (id, order_id, status, amount, payment_method, cashier_name, created_at)
VALUES ('87678d1b-9b5d-46cd-b749-d4229a5d4674', 'ORD-01804', 'Void (Consumed)', 930, 'Credit Card', 'System Seed', '2026-05-30T07:35:15.990Z');

INSERT INTO public.order_items (order_id, product_id, name, quantity, unit_price, subtotal)
VALUES ('87678d1b-9b5d-46cd-b749-d4229a5d4674', 'fe6b02e6-9366-4abd-874c-fcb832e0e282', 'Green Tea', 2, 90, 180);

INSERT INTO public.order_items (order_id, product_id, name, quantity, unit_price, subtotal)
VALUES ('87678d1b-9b5d-46cd-b749-d4229a5d4674', 'dfe22f11-84a3-41d2-a268-149f012eae60', 'Sparkling Lemonade', 3, 110, 330);

INSERT INTO public.order_items (order_id, product_id, name, quantity, unit_price, subtotal)
VALUES ('87678d1b-9b5d-46cd-b749-d4229a5d4674', '1b5c6269-ce45-4413-acb8-21813cd7f9cf', 'Mocha', 3, 140, 420);

INSERT INTO public.orders (id, order_id, status, amount, payment_method, cashier_name, created_at)
VALUES ('3cb2e223-bef2-4d67-89eb-1b4b840ee350', 'ORD-01805', 'Completed', 420, 'GCash', 'System Seed', '2026-05-30T00:39:35.990Z');

INSERT INTO public.order_items (order_id, product_id, name, quantity, unit_price, subtotal)
VALUES ('3cb2e223-bef2-4d67-89eb-1b4b840ee350', '48233f0a-6e57-4a45-b033-627d13f1be78', 'Cappuccino', 1, 120, 120);

INSERT INTO public.order_items (order_id, product_id, name, quantity, unit_price, subtotal)
VALUES ('3cb2e223-bef2-4d67-89eb-1b4b840ee350', '83a6812d-2665-4ce5-871a-78a4eab3ce80', 'Americano', 3, 100, 300);

INSERT INTO public.orders (id, order_id, status, amount, payment_method, cashier_name, created_at)
VALUES ('07a0ef5c-a8a2-4f80-8d13-2f1edbe02d1a', 'ORD-01806', 'Completed', 360, 'GCash', 'System Seed', '2026-05-30T04:20:24.990Z');

INSERT INTO public.order_items (order_id, product_id, name, quantity, unit_price, subtotal)
VALUES ('07a0ef5c-a8a2-4f80-8d13-2f1edbe02d1a', '48233f0a-6e57-4a45-b033-627d13f1be78', 'Cappuccino', 3, 120, 360);

INSERT INTO public.orders (id, order_id, status, amount, payment_method, cashier_name, created_at)
VALUES ('983565a3-7658-4b2a-a449-62ed75ca92f6', 'ORD-01807', 'Completed', 210, 'Credit Card', 'System Seed', '2026-05-30T01:40:06.990Z');

INSERT INTO public.order_items (order_id, product_id, name, quantity, unit_price, subtotal)
VALUES ('983565a3-7658-4b2a-a449-62ed75ca92f6', 'dfe22f11-84a3-41d2-a268-149f012eae60', 'Sparkling Lemonade', 1, 110, 110);

INSERT INTO public.order_items (order_id, product_id, name, quantity, unit_price, subtotal)
VALUES ('983565a3-7658-4b2a-a449-62ed75ca92f6', '83a6812d-2665-4ce5-871a-78a4eab3ce80', 'Americano', 1, 100, 100);

INSERT INTO public.orders (id, order_id, status, amount, payment_method, cashier_name, created_at)
VALUES ('499d3cad-fe84-4e4c-91e2-93d0a5b44124', 'ORD-01808', 'Void (Consumed)', 640, 'Maya', 'System Seed', '2026-05-30T01:29:20.990Z');

INSERT INTO public.order_items (order_id, product_id, name, quantity, unit_price, subtotal)
VALUES ('499d3cad-fe84-4e4c-91e2-93d0a5b44124', '1b5c6269-ce45-4413-acb8-21813cd7f9cf', 'Mocha', 3, 140, 420);

INSERT INTO public.order_items (order_id, product_id, name, quantity, unit_price, subtotal)
VALUES ('499d3cad-fe84-4e4c-91e2-93d0a5b44124', 'dfe22f11-84a3-41d2-a268-149f012eae60', 'Sparkling Lemonade', 2, 110, 220);

INSERT INTO public.orders (id, order_id, status, amount, payment_method, cashier_name, created_at)
VALUES ('74c278a4-a950-46b1-8f29-a3e192a3ed62', 'ORD-01809', 'Completed', 490, 'Cash', 'System Seed', '2026-05-30T02:23:27.990Z');

INSERT INTO public.order_items (order_id, product_id, name, quantity, unit_price, subtotal)
VALUES ('74c278a4-a950-46b1-8f29-a3e192a3ed62', '65f0b94f-ccbe-4b50-a175-66810ae10f44', 'Croissant', 2, 80, 160);

INSERT INTO public.order_items (order_id, product_id, name, quantity, unit_price, subtotal)
VALUES ('74c278a4-a950-46b1-8f29-a3e192a3ed62', 'dfe22f11-84a3-41d2-a268-149f012eae60', 'Sparkling Lemonade', 3, 110, 330);

INSERT INTO public.orders (id, order_id, status, amount, payment_method, cashier_name, created_at)
VALUES ('4d880cd2-6d34-466f-b3c0-01bd1643cf1b', 'ORD-01810', 'Completed', 180, 'GCash', 'System Seed', '2026-05-30T12:58:47.990Z');

INSERT INTO public.order_items (order_id, product_id, name, quantity, unit_price, subtotal)
VALUES ('4d880cd2-6d34-466f-b3c0-01bd1643cf1b', 'fe6b02e6-9366-4abd-874c-fcb832e0e282', 'Green Tea', 2, 90, 180);

INSERT INTO public.orders (id, order_id, status, amount, payment_method, cashier_name, created_at)
VALUES ('6e2f4220-d56d-43e2-97df-05fa1dc41894', 'ORD-01811', 'Completed', 270, 'Credit Card', 'System Seed', '2026-05-30T02:39:15.990Z');

INSERT INTO public.order_items (order_id, product_id, name, quantity, unit_price, subtotal)
VALUES ('6e2f4220-d56d-43e2-97df-05fa1dc41894', 'fe6b02e6-9366-4abd-874c-fcb832e0e282', 'Green Tea', 3, 90, 270);

INSERT INTO public.orders (id, order_id, status, amount, payment_method, cashier_name, created_at)
VALUES ('067b0005-c52a-4c36-ab67-669d4c6228e3', 'ORD-01812', 'Completed', 285, 'Maya', 'System Seed', '2026-05-30T10:22:50.990Z');

INSERT INTO public.order_items (order_id, product_id, name, quantity, unit_price, subtotal)
VALUES ('067b0005-c52a-4c36-ab67-669d4c6228e3', '36c93748-7c86-4ddb-ba49-1bd1a164bf42', 'Blueberry Muffin', 3, 95, 285);

INSERT INTO public.orders (id, order_id, status, amount, payment_method, cashier_name, created_at)
VALUES ('0e035a53-5797-445a-bd6b-7cb0cee8dcc7', 'ORD-01813', 'Completed', 100, 'Credit Card', 'System Seed', '2026-05-30T08:43:20.990Z');

INSERT INTO public.order_items (order_id, product_id, name, quantity, unit_price, subtotal)
VALUES ('0e035a53-5797-445a-bd6b-7cb0cee8dcc7', '83a6812d-2665-4ce5-871a-78a4eab3ce80', 'Americano', 1, 100, 100);

INSERT INTO public.orders (id, order_id, status, amount, payment_method, cashier_name, created_at)
VALUES ('72741ab7-9134-4d64-bc1d-c061d8b8bce2', 'ORD-01814', 'Void (Consumed)', 590, 'Cash', 'System Seed', '2026-05-30T01:46:52.990Z');

INSERT INTO public.order_items (order_id, product_id, name, quantity, unit_price, subtotal)
VALUES ('72741ab7-9134-4d64-bc1d-c061d8b8bce2', '83a6812d-2665-4ce5-871a-78a4eab3ce80', 'Americano', 3, 100, 300);

INSERT INTO public.order_items (order_id, product_id, name, quantity, unit_price, subtotal)
VALUES ('72741ab7-9134-4d64-bc1d-c061d8b8bce2', 'fe6b02e6-9366-4abd-874c-fcb832e0e282', 'Green Tea', 2, 90, 180);

INSERT INTO public.order_items (order_id, product_id, name, quantity, unit_price, subtotal)
VALUES ('72741ab7-9134-4d64-bc1d-c061d8b8bce2', 'dfe22f11-84a3-41d2-a268-149f012eae60', 'Sparkling Lemonade', 1, 110, 110);

INSERT INTO public.orders (id, order_id, status, amount, payment_method, cashier_name, created_at)
VALUES ('5591b53b-0633-4e46-9bee-606b8cf9030d', 'ORD-01815', 'Completed', 660, 'Maya', 'System Seed', '2026-05-30T02:49:31.990Z');

INSERT INTO public.order_items (order_id, product_id, name, quantity, unit_price, subtotal)
VALUES ('5591b53b-0633-4e46-9bee-606b8cf9030d', '1b5c6269-ce45-4413-acb8-21813cd7f9cf', 'Mocha', 3, 140, 420);

INSERT INTO public.order_items (order_id, product_id, name, quantity, unit_price, subtotal)
VALUES ('5591b53b-0633-4e46-9bee-606b8cf9030d', '65f0b94f-ccbe-4b50-a175-66810ae10f44', 'Croissant', 3, 80, 240);

INSERT INTO public.orders (id, order_id, status, amount, payment_method, cashier_name, created_at)
VALUES ('55bc52af-d14a-451d-a879-8f76c6f4a7a5', 'ORD-01816', 'Completed', 725, 'Credit Card', 'System Seed', '2026-05-30T02:59:36.990Z');

INSERT INTO public.order_items (order_id, product_id, name, quantity, unit_price, subtotal)
VALUES ('55bc52af-d14a-451d-a879-8f76c6f4a7a5', '36c93748-7c86-4ddb-ba49-1bd1a164bf42', 'Blueberry Muffin', 1, 95, 95);

INSERT INTO public.order_items (order_id, product_id, name, quantity, unit_price, subtotal)
VALUES ('55bc52af-d14a-451d-a879-8f76c6f4a7a5', '3a6a55c0-70f3-4417-a252-db77d9e511c0', 'Latte', 3, 120, 360);

INSERT INTO public.order_items (order_id, product_id, name, quantity, unit_price, subtotal)
VALUES ('55bc52af-d14a-451d-a879-8f76c6f4a7a5', 'fe6b02e6-9366-4abd-874c-fcb832e0e282', 'Green Tea', 3, 90, 270);

INSERT INTO public.orders (id, order_id, status, amount, payment_method, cashier_name, created_at)
VALUES ('f396331e-de35-439e-b140-d0d9fb229016', 'ORD-01817', 'Completed', 360, 'Cash', 'System Seed', '2026-05-30T10:44:51.990Z');

INSERT INTO public.order_items (order_id, product_id, name, quantity, unit_price, subtotal)
VALUES ('f396331e-de35-439e-b140-d0d9fb229016', '48233f0a-6e57-4a45-b033-627d13f1be78', 'Cappuccino', 1, 120, 120);

INSERT INTO public.order_items (order_id, product_id, name, quantity, unit_price, subtotal)
VALUES ('f396331e-de35-439e-b140-d0d9fb229016', '65f0b94f-ccbe-4b50-a175-66810ae10f44', 'Croissant', 3, 80, 240);

INSERT INTO public.orders (id, order_id, status, amount, payment_method, cashier_name, created_at)
VALUES ('955200bb-5aa9-42b5-b1f7-45b1ec2aad2e', 'ORD-01818', 'Completed', 600, 'Maya', 'System Seed', '2026-05-30T11:33:10.990Z');

INSERT INTO public.order_items (order_id, product_id, name, quantity, unit_price, subtotal)
VALUES ('955200bb-5aa9-42b5-b1f7-45b1ec2aad2e', '65f0b94f-ccbe-4b50-a175-66810ae10f44', 'Croissant', 2, 80, 160);

INSERT INTO public.order_items (order_id, product_id, name, quantity, unit_price, subtotal)
VALUES ('955200bb-5aa9-42b5-b1f7-45b1ec2aad2e', '65f0b94f-ccbe-4b50-a175-66810ae10f44', 'Croissant', 3, 80, 240);

INSERT INTO public.order_items (order_id, product_id, name, quantity, unit_price, subtotal)
VALUES ('955200bb-5aa9-42b5-b1f7-45b1ec2aad2e', '83a6812d-2665-4ce5-871a-78a4eab3ce80', 'Americano', 2, 100, 200);

INSERT INTO public.orders (id, order_id, status, amount, payment_method, cashier_name, created_at)
VALUES ('1283351a-09f0-47fc-a2af-5877ee983d42', 'ORD-01819', 'Completed', 580, 'Maya', 'System Seed', '2026-05-30T00:27:46.990Z');

INSERT INTO public.order_items (order_id, product_id, name, quantity, unit_price, subtotal)
VALUES ('1283351a-09f0-47fc-a2af-5877ee983d42', '65f0b94f-ccbe-4b50-a175-66810ae10f44', 'Croissant', 1, 80, 80);

INSERT INTO public.order_items (order_id, product_id, name, quantity, unit_price, subtotal)
VALUES ('1283351a-09f0-47fc-a2af-5877ee983d42', '48233f0a-6e57-4a45-b033-627d13f1be78', 'Cappuccino', 1, 120, 120);

INSERT INTO public.order_items (order_id, product_id, name, quantity, unit_price, subtotal)
VALUES ('1283351a-09f0-47fc-a2af-5877ee983d42', '3a6a55c0-70f3-4417-a252-db77d9e511c0', 'Latte', 2, 120, 240);

INSERT INTO public.order_items (order_id, product_id, name, quantity, unit_price, subtotal)
VALUES ('1283351a-09f0-47fc-a2af-5877ee983d42', '1b5c6269-ce45-4413-acb8-21813cd7f9cf', 'Mocha', 1, 140, 140);

INSERT INTO public.orders (id, order_id, status, amount, payment_method, cashier_name, created_at)
VALUES ('b5d4b71e-a216-4536-95ad-eb5f3ddb7b45', 'ORD-01820', 'Completed', 140, 'Maya', 'System Seed', '2026-05-30T02:23:24.990Z');

INSERT INTO public.order_items (order_id, product_id, name, quantity, unit_price, subtotal)
VALUES ('b5d4b71e-a216-4536-95ad-eb5f3ddb7b45', '1b5c6269-ce45-4413-acb8-21813cd7f9cf', 'Mocha', 1, 140, 140);

INSERT INTO public.orders (id, order_id, status, amount, payment_method, cashier_name, created_at)
VALUES ('f0a9e920-0b46-4d4a-bd2d-58bbac581e88', 'ORD-01821', 'Void (Consumed)', 80, 'GCash', 'System Seed', '2026-05-30T11:04:51.990Z');

INSERT INTO public.order_items (order_id, product_id, name, quantity, unit_price, subtotal)
VALUES ('f0a9e920-0b46-4d4a-bd2d-58bbac581e88', '65f0b94f-ccbe-4b50-a175-66810ae10f44', 'Croissant', 1, 80, 80);

INSERT INTO public.orders (id, order_id, status, amount, payment_method, cashier_name, created_at)
VALUES ('12fd2a58-0f92-40f5-837e-40228e9f8e0f', 'ORD-01822', 'Completed', 885, 'GCash', 'System Seed', '2026-05-30T10:26:16.990Z');

INSERT INTO public.order_items (order_id, product_id, name, quantity, unit_price, subtotal)
VALUES ('12fd2a58-0f92-40f5-837e-40228e9f8e0f', '3a6a55c0-70f3-4417-a252-db77d9e511c0', 'Latte', 3, 120, 360);

INSERT INTO public.order_items (order_id, product_id, name, quantity, unit_price, subtotal)
VALUES ('12fd2a58-0f92-40f5-837e-40228e9f8e0f', '48233f0a-6e57-4a45-b033-627d13f1be78', 'Cappuccino', 1, 120, 120);

INSERT INTO public.order_items (order_id, product_id, name, quantity, unit_price, subtotal)
VALUES ('12fd2a58-0f92-40f5-837e-40228e9f8e0f', '48233f0a-6e57-4a45-b033-627d13f1be78', 'Cappuccino', 1, 120, 120);

INSERT INTO public.order_items (order_id, product_id, name, quantity, unit_price, subtotal)
VALUES ('12fd2a58-0f92-40f5-837e-40228e9f8e0f', '36c93748-7c86-4ddb-ba49-1bd1a164bf42', 'Blueberry Muffin', 3, 95, 285);

INSERT INTO public.orders (id, order_id, status, amount, payment_method, cashier_name, created_at)
VALUES ('1753c0bf-8cad-441b-8b4a-616942843da1', 'ORD-01823', 'Completed', 755, 'Cash', 'System Seed', '2026-05-31T00:29:37.990Z');

INSERT INTO public.order_items (order_id, product_id, name, quantity, unit_price, subtotal)
VALUES ('1753c0bf-8cad-441b-8b4a-616942843da1', '3a6a55c0-70f3-4417-a252-db77d9e511c0', 'Latte', 2, 120, 240);

INSERT INTO public.order_items (order_id, product_id, name, quantity, unit_price, subtotal)
VALUES ('1753c0bf-8cad-441b-8b4a-616942843da1', '1b5c6269-ce45-4413-acb8-21813cd7f9cf', 'Mocha', 3, 140, 420);

INSERT INTO public.order_items (order_id, product_id, name, quantity, unit_price, subtotal)
VALUES ('1753c0bf-8cad-441b-8b4a-616942843da1', '36c93748-7c86-4ddb-ba49-1bd1a164bf42', 'Blueberry Muffin', 1, 95, 95);

INSERT INTO public.orders (id, order_id, status, amount, payment_method, cashier_name, created_at)
VALUES ('426cf92c-aaf9-467d-8c4e-e6a0cb9cc4f8', 'ORD-01824', 'Completed', 680, 'GCash', 'System Seed', '2026-05-31T07:02:57.990Z');

INSERT INTO public.order_items (order_id, product_id, name, quantity, unit_price, subtotal)
VALUES ('426cf92c-aaf9-467d-8c4e-e6a0cb9cc4f8', '36c93748-7c86-4ddb-ba49-1bd1a164bf42', 'Blueberry Muffin', 1, 95, 95);

INSERT INTO public.order_items (order_id, product_id, name, quantity, unit_price, subtotal)
VALUES ('426cf92c-aaf9-467d-8c4e-e6a0cb9cc4f8', '36c93748-7c86-4ddb-ba49-1bd1a164bf42', 'Blueberry Muffin', 1, 95, 95);

INSERT INTO public.order_items (order_id, product_id, name, quantity, unit_price, subtotal)
VALUES ('426cf92c-aaf9-467d-8c4e-e6a0cb9cc4f8', 'dfe22f11-84a3-41d2-a268-149f012eae60', 'Sparkling Lemonade', 3, 110, 330);

INSERT INTO public.order_items (order_id, product_id, name, quantity, unit_price, subtotal)
VALUES ('426cf92c-aaf9-467d-8c4e-e6a0cb9cc4f8', '65f0b94f-ccbe-4b50-a175-66810ae10f44', 'Croissant', 2, 80, 160);

INSERT INTO public.orders (id, order_id, status, amount, payment_method, cashier_name, created_at)
VALUES ('057a4df3-cf8a-4143-bb1e-0f549564585e', 'ORD-01825', 'Completed', 390, 'GCash', 'System Seed', '2026-05-31T06:50:01.990Z');

INSERT INTO public.order_items (order_id, product_id, name, quantity, unit_price, subtotal)
VALUES ('057a4df3-cf8a-4143-bb1e-0f549564585e', 'fe6b02e6-9366-4abd-874c-fcb832e0e282', 'Green Tea', 3, 90, 270);

INSERT INTO public.order_items (order_id, product_id, name, quantity, unit_price, subtotal)
VALUES ('057a4df3-cf8a-4143-bb1e-0f549564585e', '3a6a55c0-70f3-4417-a252-db77d9e511c0', 'Latte', 1, 120, 120);

INSERT INTO public.orders (id, order_id, status, amount, payment_method, cashier_name, created_at)
VALUES ('2536a804-508e-485b-be7b-12090690de85', 'ORD-01826', 'Completed', 285, 'Cash', 'System Seed', '2026-05-31T00:11:11.990Z');

INSERT INTO public.order_items (order_id, product_id, name, quantity, unit_price, subtotal)
VALUES ('2536a804-508e-485b-be7b-12090690de85', '36c93748-7c86-4ddb-ba49-1bd1a164bf42', 'Blueberry Muffin', 3, 95, 285);

INSERT INTO public.orders (id, order_id, status, amount, payment_method, cashier_name, created_at)
VALUES ('9c80755e-5594-4cf2-b68d-8887581976f0', 'ORD-01827', 'Completed', 360, 'Credit Card', 'System Seed', '2026-05-31T00:58:43.990Z');

INSERT INTO public.order_items (order_id, product_id, name, quantity, unit_price, subtotal)
VALUES ('9c80755e-5594-4cf2-b68d-8887581976f0', '48233f0a-6e57-4a45-b033-627d13f1be78', 'Cappuccino', 3, 120, 360);

INSERT INTO public.orders (id, order_id, status, amount, payment_method, cashier_name, created_at)
VALUES ('f207304e-4990-4746-84e9-f77046ae6595', 'ORD-01828', 'Completed', 700, 'Credit Card', 'System Seed', '2026-05-31T10:43:14.990Z');

INSERT INTO public.order_items (order_id, product_id, name, quantity, unit_price, subtotal)
VALUES ('f207304e-4990-4746-84e9-f77046ae6595', '65f0b94f-ccbe-4b50-a175-66810ae10f44', 'Croissant', 1, 80, 80);

INSERT INTO public.order_items (order_id, product_id, name, quantity, unit_price, subtotal)
VALUES ('f207304e-4990-4746-84e9-f77046ae6595', '1b5c6269-ce45-4413-acb8-21813cd7f9cf', 'Mocha', 3, 140, 420);

INSERT INTO public.order_items (order_id, product_id, name, quantity, unit_price, subtotal)
VALUES ('f207304e-4990-4746-84e9-f77046ae6595', '83a6812d-2665-4ce5-871a-78a4eab3ce80', 'Americano', 2, 100, 200);

INSERT INTO public.orders (id, order_id, status, amount, payment_method, cashier_name, created_at)
VALUES ('d00dfed2-9a11-482a-a696-35dfeb75b872', 'ORD-01829', 'Completed', 590, 'Maya', 'System Seed', '2026-05-31T10:40:05.990Z');

INSERT INTO public.order_items (order_id, product_id, name, quantity, unit_price, subtotal)
VALUES ('d00dfed2-9a11-482a-a696-35dfeb75b872', '48233f0a-6e57-4a45-b033-627d13f1be78', 'Cappuccino', 3, 120, 360);

INSERT INTO public.order_items (order_id, product_id, name, quantity, unit_price, subtotal)
VALUES ('d00dfed2-9a11-482a-a696-35dfeb75b872', 'dfe22f11-84a3-41d2-a268-149f012eae60', 'Sparkling Lemonade', 1, 110, 110);

INSERT INTO public.order_items (order_id, product_id, name, quantity, unit_price, subtotal)
VALUES ('d00dfed2-9a11-482a-a696-35dfeb75b872', '48233f0a-6e57-4a45-b033-627d13f1be78', 'Cappuccino', 1, 120, 120);

INSERT INTO public.orders (id, order_id, status, amount, payment_method, cashier_name, created_at)
VALUES ('a75d38b1-de97-4ae8-927e-2c8fa476d44a', 'ORD-01830', 'Completed', 200, 'GCash', 'System Seed', '2026-05-31T11:03:29.990Z');

INSERT INTO public.order_items (order_id, product_id, name, quantity, unit_price, subtotal)
VALUES ('a75d38b1-de97-4ae8-927e-2c8fa476d44a', '83a6812d-2665-4ce5-871a-78a4eab3ce80', 'Americano', 2, 100, 200);

INSERT INTO public.orders (id, order_id, status, amount, payment_method, cashier_name, created_at)
VALUES ('804c71ad-2b9b-4d4f-b4ac-58c785a44bd8', 'ORD-01831', 'Void (Not Made)', 625, 'Credit Card', 'System Seed', '2026-05-31T09:46:35.990Z');

INSERT INTO public.order_items (order_id, product_id, name, quantity, unit_price, subtotal)
VALUES ('804c71ad-2b9b-4d4f-b4ac-58c785a44bd8', '36c93748-7c86-4ddb-ba49-1bd1a164bf42', 'Blueberry Muffin', 3, 95, 285);

INSERT INTO public.order_items (order_id, product_id, name, quantity, unit_price, subtotal)
VALUES ('804c71ad-2b9b-4d4f-b4ac-58c785a44bd8', 'dfe22f11-84a3-41d2-a268-149f012eae60', 'Sparkling Lemonade', 2, 110, 220);

INSERT INTO public.order_items (order_id, product_id, name, quantity, unit_price, subtotal)
VALUES ('804c71ad-2b9b-4d4f-b4ac-58c785a44bd8', '3a6a55c0-70f3-4417-a252-db77d9e511c0', 'Latte', 1, 120, 120);

INSERT INTO public.orders (id, order_id, status, amount, payment_method, cashier_name, created_at)
VALUES ('7e970039-2636-4229-8c4d-683c7997fcb9', 'ORD-01832', 'Completed', 420, 'GCash', 'System Seed', '2026-05-31T11:37:43.990Z');

INSERT INTO public.order_items (order_id, product_id, name, quantity, unit_price, subtotal)
VALUES ('7e970039-2636-4229-8c4d-683c7997fcb9', '1b5c6269-ce45-4413-acb8-21813cd7f9cf', 'Mocha', 3, 140, 420);

INSERT INTO public.orders (id, order_id, status, amount, payment_method, cashier_name, created_at)
VALUES ('88cd35ca-d530-44a2-8132-13bff60a99df', 'ORD-01833', 'Void (Consumed)', 160, 'Credit Card', 'System Seed', '2026-05-31T08:02:33.990Z');

INSERT INTO public.order_items (order_id, product_id, name, quantity, unit_price, subtotal)
VALUES ('88cd35ca-d530-44a2-8132-13bff60a99df', '65f0b94f-ccbe-4b50-a175-66810ae10f44', 'Croissant', 2, 80, 160);

INSERT INTO public.orders (id, order_id, status, amount, payment_method, cashier_name, created_at)
VALUES ('23eb230d-cd1c-45bb-973a-51b50433f8a5', 'ORD-01834', 'Void (Not Made)', 360, 'Cash', 'System Seed', '2026-05-31T03:54:00.990Z');

INSERT INTO public.order_items (order_id, product_id, name, quantity, unit_price, subtotal)
VALUES ('23eb230d-cd1c-45bb-973a-51b50433f8a5', '48233f0a-6e57-4a45-b033-627d13f1be78', 'Cappuccino', 3, 120, 360);

INSERT INTO public.orders (id, order_id, status, amount, payment_method, cashier_name, created_at)
VALUES ('ee28ade4-c92d-479b-b8c3-a98164bd3cea', 'ORD-01835', 'Completed', 515, 'Maya', 'System Seed', '2026-05-31T02:34:37.990Z');

INSERT INTO public.order_items (order_id, product_id, name, quantity, unit_price, subtotal)
VALUES ('ee28ade4-c92d-479b-b8c3-a98164bd3cea', '36c93748-7c86-4ddb-ba49-1bd1a164bf42', 'Blueberry Muffin', 1, 95, 95);

INSERT INTO public.order_items (order_id, product_id, name, quantity, unit_price, subtotal)
VALUES ('ee28ade4-c92d-479b-b8c3-a98164bd3cea', '48233f0a-6e57-4a45-b033-627d13f1be78', 'Cappuccino', 1, 120, 120);

INSERT INTO public.order_items (order_id, product_id, name, quantity, unit_price, subtotal)
VALUES ('ee28ade4-c92d-479b-b8c3-a98164bd3cea', '83a6812d-2665-4ce5-871a-78a4eab3ce80', 'Americano', 3, 100, 300);

INSERT INTO public.orders (id, order_id, status, amount, payment_method, cashier_name, created_at)
VALUES ('46b757c7-c591-4757-8e0b-d73c8d69a17f', 'ORD-01836', 'Void (Consumed)', 1085, 'Credit Card', 'System Seed', '2026-05-31T09:23:38.990Z');

INSERT INTO public.order_items (order_id, product_id, name, quantity, unit_price, subtotal)
VALUES ('46b757c7-c591-4757-8e0b-d73c8d69a17f', '36c93748-7c86-4ddb-ba49-1bd1a164bf42', 'Blueberry Muffin', 3, 95, 285);

INSERT INTO public.order_items (order_id, product_id, name, quantity, unit_price, subtotal)
VALUES ('46b757c7-c591-4757-8e0b-d73c8d69a17f', '3a6a55c0-70f3-4417-a252-db77d9e511c0', 'Latte', 3, 120, 360);

INSERT INTO public.order_items (order_id, product_id, name, quantity, unit_price, subtotal)
VALUES ('46b757c7-c591-4757-8e0b-d73c8d69a17f', '3a6a55c0-70f3-4417-a252-db77d9e511c0', 'Latte', 3, 120, 360);

INSERT INTO public.order_items (order_id, product_id, name, quantity, unit_price, subtotal)
VALUES ('46b757c7-c591-4757-8e0b-d73c8d69a17f', '65f0b94f-ccbe-4b50-a175-66810ae10f44', 'Croissant', 1, 80, 80);

INSERT INTO public.orders (id, order_id, status, amount, payment_method, cashier_name, created_at)
VALUES ('bf35c34e-17ec-4efd-9878-2cb214e793b3', 'ORD-01837', 'Completed', 800, 'Maya', 'System Seed', '2026-05-31T05:14:28.990Z');

INSERT INTO public.order_items (order_id, product_id, name, quantity, unit_price, subtotal)
VALUES ('bf35c34e-17ec-4efd-9878-2cb214e793b3', 'fe6b02e6-9366-4abd-874c-fcb832e0e282', 'Green Tea', 3, 90, 270);

INSERT INTO public.order_items (order_id, product_id, name, quantity, unit_price, subtotal)
VALUES ('bf35c34e-17ec-4efd-9878-2cb214e793b3', 'fe6b02e6-9366-4abd-874c-fcb832e0e282', 'Green Tea', 3, 90, 270);

INSERT INTO public.order_items (order_id, product_id, name, quantity, unit_price, subtotal)
VALUES ('bf35c34e-17ec-4efd-9878-2cb214e793b3', '65f0b94f-ccbe-4b50-a175-66810ae10f44', 'Croissant', 1, 80, 80);

INSERT INTO public.order_items (order_id, product_id, name, quantity, unit_price, subtotal)
VALUES ('bf35c34e-17ec-4efd-9878-2cb214e793b3', 'fe6b02e6-9366-4abd-874c-fcb832e0e282', 'Green Tea', 2, 90, 180);

INSERT INTO public.orders (id, order_id, status, amount, payment_method, cashier_name, created_at)
VALUES ('28871d3d-ba4d-4926-a8d7-4fd1ff44dc3f', 'ORD-01838', 'Completed', 360, 'GCash', 'System Seed', '2026-05-31T08:53:16.990Z');

INSERT INTO public.order_items (order_id, product_id, name, quantity, unit_price, subtotal)
VALUES ('28871d3d-ba4d-4926-a8d7-4fd1ff44dc3f', '3a6a55c0-70f3-4417-a252-db77d9e511c0', 'Latte', 3, 120, 360);

INSERT INTO public.orders (id, order_id, status, amount, payment_method, cashier_name, created_at)
VALUES ('f2b82c8f-c939-44ba-b5cd-c176c150083a', 'ORD-01839', 'Void (Consumed)', 340, 'Cash', 'System Seed', '2026-05-31T09:47:09.990Z');

INSERT INTO public.order_items (order_id, product_id, name, quantity, unit_price, subtotal)
VALUES ('f2b82c8f-c939-44ba-b5cd-c176c150083a', '83a6812d-2665-4ce5-871a-78a4eab3ce80', 'Americano', 2, 100, 200);

INSERT INTO public.order_items (order_id, product_id, name, quantity, unit_price, subtotal)
VALUES ('f2b82c8f-c939-44ba-b5cd-c176c150083a', '1b5c6269-ce45-4413-acb8-21813cd7f9cf', 'Mocha', 1, 140, 140);

INSERT INTO public.orders (id, order_id, status, amount, payment_method, cashier_name, created_at)
VALUES ('9cff1cdc-888b-4cd2-8322-6cf2aec1cd3b', 'ORD-01840', 'Completed', 385, 'Cash', 'System Seed', '2026-05-31T12:28:30.990Z');

INSERT INTO public.order_items (order_id, product_id, name, quantity, unit_price, subtotal)
VALUES ('9cff1cdc-888b-4cd2-8322-6cf2aec1cd3b', '83a6812d-2665-4ce5-871a-78a4eab3ce80', 'Americano', 1, 100, 100);

INSERT INTO public.order_items (order_id, product_id, name, quantity, unit_price, subtotal)
VALUES ('9cff1cdc-888b-4cd2-8322-6cf2aec1cd3b', '36c93748-7c86-4ddb-ba49-1bd1a164bf42', 'Blueberry Muffin', 3, 95, 285);

INSERT INTO public.orders (id, order_id, status, amount, payment_method, cashier_name, created_at)
VALUES ('7d368957-0180-4dd0-a795-4c5b3927313d', 'ORD-01841', 'Completed', 560, 'Credit Card', 'System Seed', '2026-05-31T07:17:07.990Z');

INSERT INTO public.order_items (order_id, product_id, name, quantity, unit_price, subtotal)
VALUES ('7d368957-0180-4dd0-a795-4c5b3927313d', '1b5c6269-ce45-4413-acb8-21813cd7f9cf', 'Mocha', 1, 140, 140);

INSERT INTO public.order_items (order_id, product_id, name, quantity, unit_price, subtotal)
VALUES ('7d368957-0180-4dd0-a795-4c5b3927313d', '1b5c6269-ce45-4413-acb8-21813cd7f9cf', 'Mocha', 3, 140, 420);

INSERT INTO public.orders (id, order_id, status, amount, payment_method, cashier_name, created_at)
VALUES ('7bf49848-5b35-487e-889a-396b8222f26c', 'ORD-01842', 'Completed', 1110, 'GCash', 'System Seed', '2026-05-31T00:55:15.990Z');

INSERT INTO public.order_items (order_id, product_id, name, quantity, unit_price, subtotal)
VALUES ('7bf49848-5b35-487e-889a-396b8222f26c', '36c93748-7c86-4ddb-ba49-1bd1a164bf42', 'Blueberry Muffin', 2, 95, 190);

INSERT INTO public.order_items (order_id, product_id, name, quantity, unit_price, subtotal)
VALUES ('7bf49848-5b35-487e-889a-396b8222f26c', '48233f0a-6e57-4a45-b033-627d13f1be78', 'Cappuccino', 3, 120, 360);

INSERT INTO public.order_items (order_id, product_id, name, quantity, unit_price, subtotal)
VALUES ('7bf49848-5b35-487e-889a-396b8222f26c', '1b5c6269-ce45-4413-acb8-21813cd7f9cf', 'Mocha', 3, 140, 420);

INSERT INTO public.order_items (order_id, product_id, name, quantity, unit_price, subtotal)
VALUES ('7bf49848-5b35-487e-889a-396b8222f26c', '1b5c6269-ce45-4413-acb8-21813cd7f9cf', 'Mocha', 1, 140, 140);

INSERT INTO public.orders (id, order_id, status, amount, payment_method, cashier_name, created_at)
VALUES ('2875da38-02ce-4237-8de7-176bec62ca54', 'ORD-01843', 'Completed', 970, 'GCash', 'System Seed', '2026-05-31T06:51:43.990Z');

INSERT INTO public.order_items (order_id, product_id, name, quantity, unit_price, subtotal)
VALUES ('2875da38-02ce-4237-8de7-176bec62ca54', '48233f0a-6e57-4a45-b033-627d13f1be78', 'Cappuccino', 3, 120, 360);

INSERT INTO public.order_items (order_id, product_id, name, quantity, unit_price, subtotal)
VALUES ('2875da38-02ce-4237-8de7-176bec62ca54', '1b5c6269-ce45-4413-acb8-21813cd7f9cf', 'Mocha', 1, 140, 140);

INSERT INTO public.order_items (order_id, product_id, name, quantity, unit_price, subtotal)
VALUES ('2875da38-02ce-4237-8de7-176bec62ca54', 'dfe22f11-84a3-41d2-a268-149f012eae60', 'Sparkling Lemonade', 1, 110, 110);

INSERT INTO public.order_items (order_id, product_id, name, quantity, unit_price, subtotal)
VALUES ('2875da38-02ce-4237-8de7-176bec62ca54', '3a6a55c0-70f3-4417-a252-db77d9e511c0', 'Latte', 3, 120, 360);

INSERT INTO public.orders (id, order_id, status, amount, payment_method, cashier_name, created_at)
VALUES ('ac0f81eb-b060-43a8-a232-7ad5d15c62d3', 'ORD-01844', 'Completed', 410, 'GCash', 'System Seed', '2026-05-31T07:12:19.990Z');

INSERT INTO public.order_items (order_id, product_id, name, quantity, unit_price, subtotal)
VALUES ('ac0f81eb-b060-43a8-a232-7ad5d15c62d3', '65f0b94f-ccbe-4b50-a175-66810ae10f44', 'Croissant', 1, 80, 80);

INSERT INTO public.order_items (order_id, product_id, name, quantity, unit_price, subtotal)
VALUES ('ac0f81eb-b060-43a8-a232-7ad5d15c62d3', 'dfe22f11-84a3-41d2-a268-149f012eae60', 'Sparkling Lemonade', 3, 110, 330);

INSERT INTO public.orders (id, order_id, status, amount, payment_method, cashier_name, created_at)
VALUES ('92c0c378-182b-41b3-b4c6-a888468bfa83', 'ORD-01845', 'Completed', 730, 'Credit Card', 'System Seed', '2026-05-31T04:18:26.990Z');

INSERT INTO public.order_items (order_id, product_id, name, quantity, unit_price, subtotal)
VALUES ('92c0c378-182b-41b3-b4c6-a888468bfa83', '48233f0a-6e57-4a45-b033-627d13f1be78', 'Cappuccino', 2, 120, 240);

INSERT INTO public.order_items (order_id, product_id, name, quantity, unit_price, subtotal)
VALUES ('92c0c378-182b-41b3-b4c6-a888468bfa83', '36c93748-7c86-4ddb-ba49-1bd1a164bf42', 'Blueberry Muffin', 2, 95, 190);

INSERT INTO public.order_items (order_id, product_id, name, quantity, unit_price, subtotal)
VALUES ('92c0c378-182b-41b3-b4c6-a888468bfa83', '83a6812d-2665-4ce5-871a-78a4eab3ce80', 'Americano', 3, 100, 300);

INSERT INTO public.orders (id, order_id, status, amount, payment_method, cashier_name, created_at)
VALUES ('a15feeca-d75d-4f4b-b586-d4c7f51cf296', 'ORD-01846', 'Void (Consumed)', 540, 'Maya', 'System Seed', '2026-05-31T02:57:32.990Z');

INSERT INTO public.order_items (order_id, product_id, name, quantity, unit_price, subtotal)
VALUES ('a15feeca-d75d-4f4b-b586-d4c7f51cf296', 'fe6b02e6-9366-4abd-874c-fcb832e0e282', 'Green Tea', 3, 90, 270);

INSERT INTO public.order_items (order_id, product_id, name, quantity, unit_price, subtotal)
VALUES ('a15feeca-d75d-4f4b-b586-d4c7f51cf296', 'fe6b02e6-9366-4abd-874c-fcb832e0e282', 'Green Tea', 3, 90, 270);

INSERT INTO public.orders (id, order_id, status, amount, payment_method, cashier_name, created_at)
VALUES ('7a647b97-cf2a-4170-9c46-6a6181f6c684', 'ORD-01847', 'Void (Consumed)', 480, 'Credit Card', 'System Seed', '2026-05-31T10:34:44.990Z');

INSERT INTO public.order_items (order_id, product_id, name, quantity, unit_price, subtotal)
VALUES ('7a647b97-cf2a-4170-9c46-6a6181f6c684', '48233f0a-6e57-4a45-b033-627d13f1be78', 'Cappuccino', 1, 120, 120);

INSERT INTO public.order_items (order_id, product_id, name, quantity, unit_price, subtotal)
VALUES ('7a647b97-cf2a-4170-9c46-6a6181f6c684', '3a6a55c0-70f3-4417-a252-db77d9e511c0', 'Latte', 3, 120, 360);

INSERT INTO public.orders (id, order_id, status, amount, payment_method, cashier_name, created_at)
VALUES ('0953d382-2456-46e3-9a97-cd6e3ba94d33', 'ORD-01848', 'Completed', 90, 'Credit Card', 'System Seed', '2026-05-31T12:37:41.990Z');

INSERT INTO public.order_items (order_id, product_id, name, quantity, unit_price, subtotal)
VALUES ('0953d382-2456-46e3-9a97-cd6e3ba94d33', 'fe6b02e6-9366-4abd-874c-fcb832e0e282', 'Green Tea', 1, 90, 90);

INSERT INTO public.orders (id, order_id, status, amount, payment_method, cashier_name, created_at)
VALUES ('78ad714b-6c23-41a8-843b-f2d761d28e91', 'ORD-01849', 'Void (Not Made)', 540, 'Cash', 'System Seed', '2026-05-31T04:22:34.990Z');

INSERT INTO public.order_items (order_id, product_id, name, quantity, unit_price, subtotal)
VALUES ('78ad714b-6c23-41a8-843b-f2d761d28e91', 'fe6b02e6-9366-4abd-874c-fcb832e0e282', 'Green Tea', 2, 90, 180);

INSERT INTO public.order_items (order_id, product_id, name, quantity, unit_price, subtotal)
VALUES ('78ad714b-6c23-41a8-843b-f2d761d28e91', '3a6a55c0-70f3-4417-a252-db77d9e511c0', 'Latte', 3, 120, 360);

INSERT INTO public.orders (id, order_id, status, amount, payment_method, cashier_name, created_at)
VALUES ('63be070b-8239-4350-b7fb-58afed0a84fe', 'ORD-01850', 'Completed', 270, 'Credit Card', 'System Seed', '2026-05-31T04:44:17.990Z');

INSERT INTO public.order_items (order_id, product_id, name, quantity, unit_price, subtotal)
VALUES ('63be070b-8239-4350-b7fb-58afed0a84fe', 'fe6b02e6-9366-4abd-874c-fcb832e0e282', 'Green Tea', 3, 90, 270);

INSERT INTO public.orders (id, order_id, status, amount, payment_method, cashier_name, created_at)
VALUES ('543425f0-a2a9-479f-9e39-85532bff11dc', 'ORD-01851', 'Void (Not Made)', 530, 'Credit Card', 'System Seed', '2026-05-31T00:47:01.990Z');

INSERT INTO public.order_items (order_id, product_id, name, quantity, unit_price, subtotal)
VALUES ('543425f0-a2a9-479f-9e39-85532bff11dc', '1b5c6269-ce45-4413-acb8-21813cd7f9cf', 'Mocha', 1, 140, 140);

INSERT INTO public.order_items (order_id, product_id, name, quantity, unit_price, subtotal)
VALUES ('543425f0-a2a9-479f-9e39-85532bff11dc', '83a6812d-2665-4ce5-871a-78a4eab3ce80', 'Americano', 2, 100, 200);

INSERT INTO public.order_items (order_id, product_id, name, quantity, unit_price, subtotal)
VALUES ('543425f0-a2a9-479f-9e39-85532bff11dc', '36c93748-7c86-4ddb-ba49-1bd1a164bf42', 'Blueberry Muffin', 2, 95, 190);

INSERT INTO public.orders (id, order_id, status, amount, payment_method, cashier_name, created_at)
VALUES ('befaa202-a8f3-441c-96c9-19504e34876d', 'ORD-01852', 'Completed', 510, 'GCash', 'System Seed', '2026-05-31T05:47:01.990Z');

INSERT INTO public.order_items (order_id, product_id, name, quantity, unit_price, subtotal)
VALUES ('befaa202-a8f3-441c-96c9-19504e34876d', 'fe6b02e6-9366-4abd-874c-fcb832e0e282', 'Green Tea', 3, 90, 270);

INSERT INTO public.order_items (order_id, product_id, name, quantity, unit_price, subtotal)
VALUES ('befaa202-a8f3-441c-96c9-19504e34876d', '65f0b94f-ccbe-4b50-a175-66810ae10f44', 'Croissant', 3, 80, 240);

INSERT INTO public.orders (id, order_id, status, amount, payment_method, cashier_name, created_at)
VALUES ('e22bd77b-0650-4707-a165-e3b01a21b1b4', 'ORD-01853', 'Void (Consumed)', 1110, 'Maya', 'System Seed', '2026-05-31T06:15:47.990Z');

INSERT INTO public.order_items (order_id, product_id, name, quantity, unit_price, subtotal)
VALUES ('e22bd77b-0650-4707-a165-e3b01a21b1b4', '3a6a55c0-70f3-4417-a252-db77d9e511c0', 'Latte', 3, 120, 360);

INSERT INTO public.order_items (order_id, product_id, name, quantity, unit_price, subtotal)
VALUES ('e22bd77b-0650-4707-a165-e3b01a21b1b4', '83a6812d-2665-4ce5-871a-78a4eab3ce80', 'Americano', 3, 100, 300);

INSERT INTO public.order_items (order_id, product_id, name, quantity, unit_price, subtotal)
VALUES ('e22bd77b-0650-4707-a165-e3b01a21b1b4', 'fe6b02e6-9366-4abd-874c-fcb832e0e282', 'Green Tea', 2, 90, 180);

INSERT INTO public.order_items (order_id, product_id, name, quantity, unit_price, subtotal)
VALUES ('e22bd77b-0650-4707-a165-e3b01a21b1b4', 'fe6b02e6-9366-4abd-874c-fcb832e0e282', 'Green Tea', 3, 90, 270);

INSERT INTO public.orders (id, order_id, status, amount, payment_method, cashier_name, created_at)
VALUES ('be829c7e-a179-4023-a159-233d710ab9d4', 'ORD-01854', 'Completed', 840, 'GCash', 'System Seed', '2026-05-30T23:10:16.990Z');

INSERT INTO public.order_items (order_id, product_id, name, quantity, unit_price, subtotal)
VALUES ('be829c7e-a179-4023-a159-233d710ab9d4', '48233f0a-6e57-4a45-b033-627d13f1be78', 'Cappuccino', 3, 120, 360);

INSERT INTO public.order_items (order_id, product_id, name, quantity, unit_price, subtotal)
VALUES ('be829c7e-a179-4023-a159-233d710ab9d4', '48233f0a-6e57-4a45-b033-627d13f1be78', 'Cappuccino', 1, 120, 120);

INSERT INTO public.order_items (order_id, product_id, name, quantity, unit_price, subtotal)
VALUES ('be829c7e-a179-4023-a159-233d710ab9d4', '65f0b94f-ccbe-4b50-a175-66810ae10f44', 'Croissant', 2, 80, 160);

INSERT INTO public.order_items (order_id, product_id, name, quantity, unit_price, subtotal)
VALUES ('be829c7e-a179-4023-a159-233d710ab9d4', '83a6812d-2665-4ce5-871a-78a4eab3ce80', 'Americano', 2, 100, 200);

INSERT INTO public.orders (id, order_id, status, amount, payment_method, cashier_name, created_at)
VALUES ('33eb42b7-852f-4d93-a950-b2141b87d1e5', 'ORD-01855', 'Void (Consumed)', 750, 'Cash', 'System Seed', '2026-05-31T09:33:08.990Z');

INSERT INTO public.order_items (order_id, product_id, name, quantity, unit_price, subtotal)
VALUES ('33eb42b7-852f-4d93-a950-b2141b87d1e5', '1b5c6269-ce45-4413-acb8-21813cd7f9cf', 'Mocha', 3, 140, 420);

INSERT INTO public.order_items (order_id, product_id, name, quantity, unit_price, subtotal)
VALUES ('33eb42b7-852f-4d93-a950-b2141b87d1e5', 'dfe22f11-84a3-41d2-a268-149f012eae60', 'Sparkling Lemonade', 3, 110, 330);

INSERT INTO public.orders (id, order_id, status, amount, payment_method, cashier_name, created_at)
VALUES ('fac093f5-3cdf-4efd-9b02-4b53eb4834f8', 'ORD-01856', 'Completed', 540, 'Credit Card', 'System Seed', '2026-06-01T04:27:50.990Z');

INSERT INTO public.order_items (order_id, product_id, name, quantity, unit_price, subtotal)
VALUES ('fac093f5-3cdf-4efd-9b02-4b53eb4834f8', '3a6a55c0-70f3-4417-a252-db77d9e511c0', 'Latte', 1, 120, 120);

INSERT INTO public.order_items (order_id, product_id, name, quantity, unit_price, subtotal)
VALUES ('fac093f5-3cdf-4efd-9b02-4b53eb4834f8', 'fe6b02e6-9366-4abd-874c-fcb832e0e282', 'Green Tea', 2, 90, 180);

INSERT INTO public.order_items (order_id, product_id, name, quantity, unit_price, subtotal)
VALUES ('fac093f5-3cdf-4efd-9b02-4b53eb4834f8', '48233f0a-6e57-4a45-b033-627d13f1be78', 'Cappuccino', 2, 120, 240);

INSERT INTO public.orders (id, order_id, status, amount, payment_method, cashier_name, created_at)
VALUES ('2e590ec2-5404-4145-a392-da7a1ae75c97', 'ORD-01857', 'Completed', 755, 'Maya', 'System Seed', '2026-06-01T11:18:39.990Z');

INSERT INTO public.order_items (order_id, product_id, name, quantity, unit_price, subtotal)
VALUES ('2e590ec2-5404-4145-a392-da7a1ae75c97', '1b5c6269-ce45-4413-acb8-21813cd7f9cf', 'Mocha', 1, 140, 140);

INSERT INTO public.order_items (order_id, product_id, name, quantity, unit_price, subtotal)
VALUES ('2e590ec2-5404-4145-a392-da7a1ae75c97', '36c93748-7c86-4ddb-ba49-1bd1a164bf42', 'Blueberry Muffin', 1, 95, 95);

INSERT INTO public.order_items (order_id, product_id, name, quantity, unit_price, subtotal)
VALUES ('2e590ec2-5404-4145-a392-da7a1ae75c97', 'dfe22f11-84a3-41d2-a268-149f012eae60', 'Sparkling Lemonade', 2, 110, 220);

INSERT INTO public.order_items (order_id, product_id, name, quantity, unit_price, subtotal)
VALUES ('2e590ec2-5404-4145-a392-da7a1ae75c97', '83a6812d-2665-4ce5-871a-78a4eab3ce80', 'Americano', 3, 100, 300);

INSERT INTO public.orders (id, order_id, status, amount, payment_method, cashier_name, created_at)
VALUES ('74116c3c-9f4f-4c1c-ba1c-8f77494f5196', 'ORD-01858', 'Completed', 300, 'GCash', 'System Seed', '2026-06-01T11:13:33.990Z');

INSERT INTO public.order_items (order_id, product_id, name, quantity, unit_price, subtotal)
VALUES ('74116c3c-9f4f-4c1c-ba1c-8f77494f5196', '83a6812d-2665-4ce5-871a-78a4eab3ce80', 'Americano', 3, 100, 300);

INSERT INTO public.orders (id, order_id, status, amount, payment_method, cashier_name, created_at)
VALUES ('6ceae85b-4bfd-422c-b089-c7de5831ad92', 'ORD-01859', 'Completed', 420, 'Maya', 'System Seed', '2026-06-01T02:46:34.990Z');

INSERT INTO public.order_items (order_id, product_id, name, quantity, unit_price, subtotal)
VALUES ('6ceae85b-4bfd-422c-b089-c7de5831ad92', '1b5c6269-ce45-4413-acb8-21813cd7f9cf', 'Mocha', 3, 140, 420);

INSERT INTO public.orders (id, order_id, status, amount, payment_method, cashier_name, created_at)
VALUES ('c95d1ba7-c07b-4e71-b119-b76a873fc2ae', 'ORD-01860', 'Completed', 235, 'Credit Card', 'System Seed', '2026-05-31T23:31:10.990Z');

INSERT INTO public.order_items (order_id, product_id, name, quantity, unit_price, subtotal)
VALUES ('c95d1ba7-c07b-4e71-b119-b76a873fc2ae', '36c93748-7c86-4ddb-ba49-1bd1a164bf42', 'Blueberry Muffin', 1, 95, 95);

INSERT INTO public.order_items (order_id, product_id, name, quantity, unit_price, subtotal)
VALUES ('c95d1ba7-c07b-4e71-b119-b76a873fc2ae', '1b5c6269-ce45-4413-acb8-21813cd7f9cf', 'Mocha', 1, 140, 140);

INSERT INTO public.orders (id, order_id, status, amount, payment_method, cashier_name, created_at)
VALUES ('fa6caa5a-e30a-4f8a-b17b-668dc0068a08', 'ORD-01861', 'Completed', 980, 'Maya', 'System Seed', '2026-06-01T07:36:46.990Z');

INSERT INTO public.order_items (order_id, product_id, name, quantity, unit_price, subtotal)
VALUES ('fa6caa5a-e30a-4f8a-b17b-668dc0068a08', '83a6812d-2665-4ce5-871a-78a4eab3ce80', 'Americano', 3, 100, 300);

INSERT INTO public.order_items (order_id, product_id, name, quantity, unit_price, subtotal)
VALUES ('fa6caa5a-e30a-4f8a-b17b-668dc0068a08', 'dfe22f11-84a3-41d2-a268-149f012eae60', 'Sparkling Lemonade', 3, 110, 330);

INSERT INTO public.order_items (order_id, product_id, name, quantity, unit_price, subtotal)
VALUES ('fa6caa5a-e30a-4f8a-b17b-668dc0068a08', 'dfe22f11-84a3-41d2-a268-149f012eae60', 'Sparkling Lemonade', 1, 110, 110);

INSERT INTO public.order_items (order_id, product_id, name, quantity, unit_price, subtotal)
VALUES ('fa6caa5a-e30a-4f8a-b17b-668dc0068a08', '48233f0a-6e57-4a45-b033-627d13f1be78', 'Cappuccino', 2, 120, 240);

INSERT INTO public.orders (id, order_id, status, amount, payment_method, cashier_name, created_at)
VALUES ('a23d4f08-6748-408d-8a28-31f406e10cfb', 'ORD-01862', 'Completed', 865, 'Cash', 'System Seed', '2026-06-01T01:35:33.990Z');

INSERT INTO public.order_items (order_id, product_id, name, quantity, unit_price, subtotal)
VALUES ('a23d4f08-6748-408d-8a28-31f406e10cfb', '48233f0a-6e57-4a45-b033-627d13f1be78', 'Cappuccino', 3, 120, 360);

INSERT INTO public.order_items (order_id, product_id, name, quantity, unit_price, subtotal)
VALUES ('a23d4f08-6748-408d-8a28-31f406e10cfb', 'dfe22f11-84a3-41d2-a268-149f012eae60', 'Sparkling Lemonade', 2, 110, 220);

INSERT INTO public.order_items (order_id, product_id, name, quantity, unit_price, subtotal)
VALUES ('a23d4f08-6748-408d-8a28-31f406e10cfb', '36c93748-7c86-4ddb-ba49-1bd1a164bf42', 'Blueberry Muffin', 3, 95, 285);

INSERT INTO public.orders (id, order_id, status, amount, payment_method, cashier_name, created_at)
VALUES ('64cd610c-b8ad-4ce1-a17e-2d2251c19e96', 'ORD-01863', 'Void (Consumed)', 390, 'Credit Card', 'System Seed', '2026-06-01T00:38:00.990Z');

INSERT INTO public.order_items (order_id, product_id, name, quantity, unit_price, subtotal)
VALUES ('64cd610c-b8ad-4ce1-a17e-2d2251c19e96', '48233f0a-6e57-4a45-b033-627d13f1be78', 'Cappuccino', 1, 120, 120);

INSERT INTO public.order_items (order_id, product_id, name, quantity, unit_price, subtotal)
VALUES ('64cd610c-b8ad-4ce1-a17e-2d2251c19e96', 'fe6b02e6-9366-4abd-874c-fcb832e0e282', 'Green Tea', 3, 90, 270);

INSERT INTO public.orders (id, order_id, status, amount, payment_method, cashier_name, created_at)
VALUES ('7f208ba5-35de-4164-9b99-78c8dadca303', 'ORD-01864', 'Completed', 510, 'Cash', 'System Seed', '2026-06-01T11:17:29.990Z');

INSERT INTO public.order_items (order_id, product_id, name, quantity, unit_price, subtotal)
VALUES ('7f208ba5-35de-4164-9b99-78c8dadca303', '1b5c6269-ce45-4413-acb8-21813cd7f9cf', 'Mocha', 3, 140, 420);

INSERT INTO public.order_items (order_id, product_id, name, quantity, unit_price, subtotal)
VALUES ('7f208ba5-35de-4164-9b99-78c8dadca303', 'fe6b02e6-9366-4abd-874c-fcb832e0e282', 'Green Tea', 1, 90, 90);

INSERT INTO public.orders (id, order_id, status, amount, payment_method, cashier_name, created_at)
VALUES ('d96d0fe9-b436-4a48-9b14-f503142db295', 'ORD-01865', 'Void (Not Made)', 190, 'Cash', 'System Seed', '2026-06-01T11:54:15.990Z');

INSERT INTO public.order_items (order_id, product_id, name, quantity, unit_price, subtotal)
VALUES ('d96d0fe9-b436-4a48-9b14-f503142db295', '36c93748-7c86-4ddb-ba49-1bd1a164bf42', 'Blueberry Muffin', 2, 95, 190);

INSERT INTO public.orders (id, order_id, status, amount, payment_method, cashier_name, created_at)
VALUES ('72ab7e95-5f52-456f-9829-3263ee77cd03', 'ORD-01866', 'Completed', 270, 'GCash', 'System Seed', '2026-06-01T01:17:31.990Z');

INSERT INTO public.order_items (order_id, product_id, name, quantity, unit_price, subtotal)
VALUES ('72ab7e95-5f52-456f-9829-3263ee77cd03', '65f0b94f-ccbe-4b50-a175-66810ae10f44', 'Croissant', 1, 80, 80);

INSERT INTO public.order_items (order_id, product_id, name, quantity, unit_price, subtotal)
VALUES ('72ab7e95-5f52-456f-9829-3263ee77cd03', '36c93748-7c86-4ddb-ba49-1bd1a164bf42', 'Blueberry Muffin', 2, 95, 190);

INSERT INTO public.orders (id, order_id, status, amount, payment_method, cashier_name, created_at)
VALUES ('94201424-1123-4e8a-b177-48389888c2e8', 'ORD-01867', 'Completed', 1050, 'GCash', 'System Seed', '2026-06-01T06:05:55.990Z');

INSERT INTO public.order_items (order_id, product_id, name, quantity, unit_price, subtotal)
VALUES ('94201424-1123-4e8a-b177-48389888c2e8', '1b5c6269-ce45-4413-acb8-21813cd7f9cf', 'Mocha', 3, 140, 420);

INSERT INTO public.order_items (order_id, product_id, name, quantity, unit_price, subtotal)
VALUES ('94201424-1123-4e8a-b177-48389888c2e8', '83a6812d-2665-4ce5-871a-78a4eab3ce80', 'Americano', 3, 100, 300);

INSERT INTO public.order_items (order_id, product_id, name, quantity, unit_price, subtotal)
VALUES ('94201424-1123-4e8a-b177-48389888c2e8', 'fe6b02e6-9366-4abd-874c-fcb832e0e282', 'Green Tea', 1, 90, 90);

INSERT INTO public.order_items (order_id, product_id, name, quantity, unit_price, subtotal)
VALUES ('94201424-1123-4e8a-b177-48389888c2e8', '3a6a55c0-70f3-4417-a252-db77d9e511c0', 'Latte', 2, 120, 240);

INSERT INTO public.orders (id, order_id, status, amount, payment_method, cashier_name, created_at)
VALUES ('1be300ae-eb0a-4ebc-a1e9-d11b562b7946', 'ORD-01868', 'Void (Consumed)', 325, 'Maya', 'System Seed', '2026-06-01T12:26:32.990Z');

INSERT INTO public.order_items (order_id, product_id, name, quantity, unit_price, subtotal)
VALUES ('1be300ae-eb0a-4ebc-a1e9-d11b562b7946', '36c93748-7c86-4ddb-ba49-1bd1a164bf42', 'Blueberry Muffin', 1, 95, 95);

INSERT INTO public.order_items (order_id, product_id, name, quantity, unit_price, subtotal)
VALUES ('1be300ae-eb0a-4ebc-a1e9-d11b562b7946', 'fe6b02e6-9366-4abd-874c-fcb832e0e282', 'Green Tea', 1, 90, 90);

INSERT INTO public.order_items (order_id, product_id, name, quantity, unit_price, subtotal)
VALUES ('1be300ae-eb0a-4ebc-a1e9-d11b562b7946', '1b5c6269-ce45-4413-acb8-21813cd7f9cf', 'Mocha', 1, 140, 140);

INSERT INTO public.orders (id, order_id, status, amount, payment_method, cashier_name, created_at)
VALUES ('b1a9ec30-d5b6-4367-8b5f-3eb0703ad01c', 'ORD-01869', 'Completed', 410, 'Cash', 'System Seed', '2026-06-01T09:11:32.990Z');

INSERT INTO public.order_items (order_id, product_id, name, quantity, unit_price, subtotal)
VALUES ('b1a9ec30-d5b6-4367-8b5f-3eb0703ad01c', '83a6812d-2665-4ce5-871a-78a4eab3ce80', 'Americano', 3, 100, 300);

INSERT INTO public.order_items (order_id, product_id, name, quantity, unit_price, subtotal)
VALUES ('b1a9ec30-d5b6-4367-8b5f-3eb0703ad01c', 'dfe22f11-84a3-41d2-a268-149f012eae60', 'Sparkling Lemonade', 1, 110, 110);

INSERT INTO public.orders (id, order_id, status, amount, payment_method, cashier_name, created_at)
VALUES ('b8699939-820c-44ff-a0c1-5901aecec8d8', 'ORD-01870', 'Completed', 875, 'Cash', 'System Seed', '2026-06-01T00:34:20.990Z');

INSERT INTO public.order_items (order_id, product_id, name, quantity, unit_price, subtotal)
VALUES ('b8699939-820c-44ff-a0c1-5901aecec8d8', '36c93748-7c86-4ddb-ba49-1bd1a164bf42', 'Blueberry Muffin', 1, 95, 95);

INSERT INTO public.order_items (order_id, product_id, name, quantity, unit_price, subtotal)
VALUES ('b8699939-820c-44ff-a0c1-5901aecec8d8', '3a6a55c0-70f3-4417-a252-db77d9e511c0', 'Latte', 3, 120, 360);

INSERT INTO public.order_items (order_id, product_id, name, quantity, unit_price, subtotal)
VALUES ('b8699939-820c-44ff-a0c1-5901aecec8d8', '3a6a55c0-70f3-4417-a252-db77d9e511c0', 'Latte', 2, 120, 240);

INSERT INTO public.order_items (order_id, product_id, name, quantity, unit_price, subtotal)
VALUES ('b8699939-820c-44ff-a0c1-5901aecec8d8', 'fe6b02e6-9366-4abd-874c-fcb832e0e282', 'Green Tea', 2, 90, 180);

INSERT INTO public.orders (id, order_id, status, amount, payment_method, cashier_name, created_at)
VALUES ('6be33c60-175b-49ff-a97b-3cb330112c76', 'ORD-01871', 'Completed', 605, 'Credit Card', 'System Seed', '2026-05-31T23:07:59.990Z');

INSERT INTO public.order_items (order_id, product_id, name, quantity, unit_price, subtotal)
VALUES ('6be33c60-175b-49ff-a97b-3cb330112c76', 'dfe22f11-84a3-41d2-a268-149f012eae60', 'Sparkling Lemonade', 1, 110, 110);

INSERT INTO public.order_items (order_id, product_id, name, quantity, unit_price, subtotal)
VALUES ('6be33c60-175b-49ff-a97b-3cb330112c76', '65f0b94f-ccbe-4b50-a175-66810ae10f44', 'Croissant', 2, 80, 160);

INSERT INTO public.order_items (order_id, product_id, name, quantity, unit_price, subtotal)
VALUES ('6be33c60-175b-49ff-a97b-3cb330112c76', '36c93748-7c86-4ddb-ba49-1bd1a164bf42', 'Blueberry Muffin', 1, 95, 95);

INSERT INTO public.order_items (order_id, product_id, name, quantity, unit_price, subtotal)
VALUES ('6be33c60-175b-49ff-a97b-3cb330112c76', '48233f0a-6e57-4a45-b033-627d13f1be78', 'Cappuccino', 2, 120, 240);

INSERT INTO public.orders (id, order_id, status, amount, payment_method, cashier_name, created_at)
VALUES ('948537ce-b5b0-4c41-8d5d-c1383dbe58d3', 'ORD-01872', 'Completed', 280, 'GCash', 'System Seed', '2026-06-01T08:52:02.990Z');

INSERT INTO public.order_items (order_id, product_id, name, quantity, unit_price, subtotal)
VALUES ('948537ce-b5b0-4c41-8d5d-c1383dbe58d3', '1b5c6269-ce45-4413-acb8-21813cd7f9cf', 'Mocha', 2, 140, 280);

INSERT INTO public.orders (id, order_id, status, amount, payment_method, cashier_name, created_at)
VALUES ('a789aabd-e374-4789-a9be-40556e639f2e', 'ORD-01873', 'Completed', 285, 'Cash', 'System Seed', '2026-06-02T00:44:27.990Z');

INSERT INTO public.order_items (order_id, product_id, name, quantity, unit_price, subtotal)
VALUES ('a789aabd-e374-4789-a9be-40556e639f2e', '36c93748-7c86-4ddb-ba49-1bd1a164bf42', 'Blueberry Muffin', 3, 95, 285);

INSERT INTO public.orders (id, order_id, status, amount, payment_method, cashier_name, created_at)
VALUES ('2dfc3fae-05aa-4de7-ad43-eba82c854fab', 'ORD-01874', 'Completed', 240, 'GCash', 'System Seed', '2026-06-02T07:52:04.990Z');

INSERT INTO public.order_items (order_id, product_id, name, quantity, unit_price, subtotal)
VALUES ('2dfc3fae-05aa-4de7-ad43-eba82c854fab', '3a6a55c0-70f3-4417-a252-db77d9e511c0', 'Latte', 2, 120, 240);

INSERT INTO public.orders (id, order_id, status, amount, payment_method, cashier_name, created_at)
VALUES ('5e448ebe-a3c3-445c-8234-bb0b76d3dea5', 'ORD-01875', 'Completed', 790, 'Cash', 'System Seed', '2026-06-02T10:46:12.990Z');

INSERT INTO public.order_items (order_id, product_id, name, quantity, unit_price, subtotal)
VALUES ('5e448ebe-a3c3-445c-8234-bb0b76d3dea5', '3a6a55c0-70f3-4417-a252-db77d9e511c0', 'Latte', 2, 120, 240);

INSERT INTO public.order_items (order_id, product_id, name, quantity, unit_price, subtotal)
VALUES ('5e448ebe-a3c3-445c-8234-bb0b76d3dea5', '48233f0a-6e57-4a45-b033-627d13f1be78', 'Cappuccino', 3, 120, 360);

INSERT INTO public.order_items (order_id, product_id, name, quantity, unit_price, subtotal)
VALUES ('5e448ebe-a3c3-445c-8234-bb0b76d3dea5', 'dfe22f11-84a3-41d2-a268-149f012eae60', 'Sparkling Lemonade', 1, 110, 110);

INSERT INTO public.order_items (order_id, product_id, name, quantity, unit_price, subtotal)
VALUES ('5e448ebe-a3c3-445c-8234-bb0b76d3dea5', '65f0b94f-ccbe-4b50-a175-66810ae10f44', 'Croissant', 1, 80, 80);

INSERT INTO public.orders (id, order_id, status, amount, payment_method, cashier_name, created_at)
VALUES ('2830921d-f11a-4487-9beb-01d4fe60d6f4', 'ORD-01876', 'Completed', 240, 'GCash', 'System Seed', '2026-06-02T09:51:31.990Z');

INSERT INTO public.order_items (order_id, product_id, name, quantity, unit_price, subtotal)
VALUES ('2830921d-f11a-4487-9beb-01d4fe60d6f4', '3a6a55c0-70f3-4417-a252-db77d9e511c0', 'Latte', 2, 120, 240);

INSERT INTO public.orders (id, order_id, status, amount, payment_method, cashier_name, created_at)
VALUES ('761428d0-071f-4bbf-b140-2ba2668d261e', 'ORD-01877', 'Completed', 580, 'Credit Card', 'System Seed', '2026-06-02T07:56:22.990Z');

INSERT INTO public.order_items (order_id, product_id, name, quantity, unit_price, subtotal)
VALUES ('761428d0-071f-4bbf-b140-2ba2668d261e', '48233f0a-6e57-4a45-b033-627d13f1be78', 'Cappuccino', 3, 120, 360);

INSERT INTO public.order_items (order_id, product_id, name, quantity, unit_price, subtotal)
VALUES ('761428d0-071f-4bbf-b140-2ba2668d261e', '65f0b94f-ccbe-4b50-a175-66810ae10f44', 'Croissant', 1, 80, 80);

INSERT INTO public.order_items (order_id, product_id, name, quantity, unit_price, subtotal)
VALUES ('761428d0-071f-4bbf-b140-2ba2668d261e', '1b5c6269-ce45-4413-acb8-21813cd7f9cf', 'Mocha', 1, 140, 140);

INSERT INTO public.orders (id, order_id, status, amount, payment_method, cashier_name, created_at)
VALUES ('cd45c11e-f6df-42d4-9a4c-7e436d8e16a1', 'ORD-01878', 'Completed', 540, 'Cash', 'System Seed', '2026-06-02T08:32:42.990Z');

INSERT INTO public.order_items (order_id, product_id, name, quantity, unit_price, subtotal)
VALUES ('cd45c11e-f6df-42d4-9a4c-7e436d8e16a1', 'dfe22f11-84a3-41d2-a268-149f012eae60', 'Sparkling Lemonade', 1, 110, 110);

INSERT INTO public.order_items (order_id, product_id, name, quantity, unit_price, subtotal)
VALUES ('cd45c11e-f6df-42d4-9a4c-7e436d8e16a1', '65f0b94f-ccbe-4b50-a175-66810ae10f44', 'Croissant', 2, 80, 160);

INSERT INTO public.order_items (order_id, product_id, name, quantity, unit_price, subtotal)
VALUES ('cd45c11e-f6df-42d4-9a4c-7e436d8e16a1', 'fe6b02e6-9366-4abd-874c-fcb832e0e282', 'Green Tea', 1, 90, 90);

INSERT INTO public.order_items (order_id, product_id, name, quantity, unit_price, subtotal)
VALUES ('cd45c11e-f6df-42d4-9a4c-7e436d8e16a1', 'fe6b02e6-9366-4abd-874c-fcb832e0e282', 'Green Tea', 2, 90, 180);

INSERT INTO public.orders (id, order_id, status, amount, payment_method, cashier_name, created_at)
VALUES ('3818cc3b-7953-4c41-9e3c-40f946429cb0', 'ORD-01879', 'Void (Consumed)', 840, 'Credit Card', 'System Seed', '2026-06-02T05:25:47.990Z');

INSERT INTO public.order_items (order_id, product_id, name, quantity, unit_price, subtotal)
VALUES ('3818cc3b-7953-4c41-9e3c-40f946429cb0', '83a6812d-2665-4ce5-871a-78a4eab3ce80', 'Americano', 1, 100, 100);

INSERT INTO public.order_items (order_id, product_id, name, quantity, unit_price, subtotal)
VALUES ('3818cc3b-7953-4c41-9e3c-40f946429cb0', '3a6a55c0-70f3-4417-a252-db77d9e511c0', 'Latte', 3, 120, 360);

INSERT INTO public.order_items (order_id, product_id, name, quantity, unit_price, subtotal)
VALUES ('3818cc3b-7953-4c41-9e3c-40f946429cb0', '65f0b94f-ccbe-4b50-a175-66810ae10f44', 'Croissant', 2, 80, 160);

INSERT INTO public.order_items (order_id, product_id, name, quantity, unit_price, subtotal)
VALUES ('3818cc3b-7953-4c41-9e3c-40f946429cb0', 'dfe22f11-84a3-41d2-a268-149f012eae60', 'Sparkling Lemonade', 2, 110, 220);

INSERT INTO public.orders (id, order_id, status, amount, payment_method, cashier_name, created_at)
VALUES ('49fd5535-daa4-4cf2-96b7-5da010b18849', 'ORD-01880', 'Completed', 940, 'Cash', 'System Seed', '2026-06-02T10:45:28.990Z');

INSERT INTO public.order_items (order_id, product_id, name, quantity, unit_price, subtotal)
VALUES ('49fd5535-daa4-4cf2-96b7-5da010b18849', '1b5c6269-ce45-4413-acb8-21813cd7f9cf', 'Mocha', 3, 140, 420);

INSERT INTO public.order_items (order_id, product_id, name, quantity, unit_price, subtotal)
VALUES ('49fd5535-daa4-4cf2-96b7-5da010b18849', '36c93748-7c86-4ddb-ba49-1bd1a164bf42', 'Blueberry Muffin', 2, 95, 190);

INSERT INTO public.order_items (order_id, product_id, name, quantity, unit_price, subtotal)
VALUES ('49fd5535-daa4-4cf2-96b7-5da010b18849', 'dfe22f11-84a3-41d2-a268-149f012eae60', 'Sparkling Lemonade', 3, 110, 330);

INSERT INTO public.orders (id, order_id, status, amount, payment_method, cashier_name, created_at)
VALUES ('9b0d831e-5f4f-406b-9223-477b2dc1901b', 'ORD-01881', 'Completed', 330, 'Credit Card', 'System Seed', '2026-06-02T00:58:51.990Z');

INSERT INTO public.order_items (order_id, product_id, name, quantity, unit_price, subtotal)
VALUES ('9b0d831e-5f4f-406b-9223-477b2dc1901b', 'dfe22f11-84a3-41d2-a268-149f012eae60', 'Sparkling Lemonade', 3, 110, 330);

INSERT INTO public.orders (id, order_id, status, amount, payment_method, cashier_name, created_at)
VALUES ('345b34ef-74a5-4270-b2f5-a4f039cf3d94', 'ORD-01882', 'Void (Consumed)', 890, 'Cash', 'System Seed', '2026-06-02T03:34:13.990Z');

INSERT INTO public.order_items (order_id, product_id, name, quantity, unit_price, subtotal)
VALUES ('345b34ef-74a5-4270-b2f5-a4f039cf3d94', '48233f0a-6e57-4a45-b033-627d13f1be78', 'Cappuccino', 2, 120, 240);

INSERT INTO public.order_items (order_id, product_id, name, quantity, unit_price, subtotal)
VALUES ('345b34ef-74a5-4270-b2f5-a4f039cf3d94', 'fe6b02e6-9366-4abd-874c-fcb832e0e282', 'Green Tea', 1, 90, 90);

INSERT INTO public.order_items (order_id, product_id, name, quantity, unit_price, subtotal)
VALUES ('345b34ef-74a5-4270-b2f5-a4f039cf3d94', '3a6a55c0-70f3-4417-a252-db77d9e511c0', 'Latte', 3, 120, 360);

INSERT INTO public.order_items (order_id, product_id, name, quantity, unit_price, subtotal)
VALUES ('345b34ef-74a5-4270-b2f5-a4f039cf3d94', '83a6812d-2665-4ce5-871a-78a4eab3ce80', 'Americano', 2, 100, 200);

INSERT INTO public.orders (id, order_id, status, amount, payment_method, cashier_name, created_at)
VALUES ('19111b9a-109e-46d9-925a-5afbef7f1f1e', 'ORD-01883', 'Completed', 360, 'GCash', 'System Seed', '2026-06-01T23:31:41.990Z');

INSERT INTO public.order_items (order_id, product_id, name, quantity, unit_price, subtotal)
VALUES ('19111b9a-109e-46d9-925a-5afbef7f1f1e', 'fe6b02e6-9366-4abd-874c-fcb832e0e282', 'Green Tea', 1, 90, 90);

INSERT INTO public.order_items (order_id, product_id, name, quantity, unit_price, subtotal)
VALUES ('19111b9a-109e-46d9-925a-5afbef7f1f1e', 'fe6b02e6-9366-4abd-874c-fcb832e0e282', 'Green Tea', 1, 90, 90);

INSERT INTO public.order_items (order_id, product_id, name, quantity, unit_price, subtotal)
VALUES ('19111b9a-109e-46d9-925a-5afbef7f1f1e', 'fe6b02e6-9366-4abd-874c-fcb832e0e282', 'Green Tea', 2, 90, 180);

INSERT INTO public.orders (id, order_id, status, amount, payment_method, cashier_name, created_at)
VALUES ('0166b949-f1b7-4794-86b9-e1931c8f3b13', 'ORD-01884', 'Completed', 800, 'Maya', 'System Seed', '2026-06-02T00:09:19.990Z');

INSERT INTO public.order_items (order_id, product_id, name, quantity, unit_price, subtotal)
VALUES ('0166b949-f1b7-4794-86b9-e1931c8f3b13', '48233f0a-6e57-4a45-b033-627d13f1be78', 'Cappuccino', 3, 120, 360);

INSERT INTO public.order_items (order_id, product_id, name, quantity, unit_price, subtotal)
VALUES ('0166b949-f1b7-4794-86b9-e1931c8f3b13', '1b5c6269-ce45-4413-acb8-21813cd7f9cf', 'Mocha', 1, 140, 140);

INSERT INTO public.order_items (order_id, product_id, name, quantity, unit_price, subtotal)
VALUES ('0166b949-f1b7-4794-86b9-e1931c8f3b13', '83a6812d-2665-4ce5-871a-78a4eab3ce80', 'Americano', 3, 100, 300);

INSERT INTO public.orders (id, order_id, status, amount, payment_method, cashier_name, created_at)
VALUES ('02fecf24-c5b2-4bbf-964a-10a08a53ee8e', 'ORD-01885', 'Void (Consumed)', 360, 'GCash', 'System Seed', '2026-06-02T07:22:59.990Z');

INSERT INTO public.order_items (order_id, product_id, name, quantity, unit_price, subtotal)
VALUES ('02fecf24-c5b2-4bbf-964a-10a08a53ee8e', '3a6a55c0-70f3-4417-a252-db77d9e511c0', 'Latte', 3, 120, 360);

INSERT INTO public.orders (id, order_id, status, amount, payment_method, cashier_name, created_at)
VALUES ('9c9955e4-0d66-4504-b158-c8bd5dd66d76', 'ORD-01886', 'Void (Not Made)', 320, 'GCash', 'System Seed', '2026-06-02T05:03:00.990Z');

INSERT INTO public.order_items (order_id, product_id, name, quantity, unit_price, subtotal)
VALUES ('9c9955e4-0d66-4504-b158-c8bd5dd66d76', '83a6812d-2665-4ce5-871a-78a4eab3ce80', 'Americano', 2, 100, 200);

INSERT INTO public.order_items (order_id, product_id, name, quantity, unit_price, subtotal)
VALUES ('9c9955e4-0d66-4504-b158-c8bd5dd66d76', '48233f0a-6e57-4a45-b033-627d13f1be78', 'Cappuccino', 1, 120, 120);

INSERT INTO public.orders (id, order_id, status, amount, payment_method, cashier_name, created_at)
VALUES ('6dc326f4-9297-426e-858c-7d7ae728aa6e', 'ORD-01887', 'Completed', 620, 'Credit Card', 'System Seed', '2026-06-02T12:48:12.990Z');

INSERT INTO public.order_items (order_id, product_id, name, quantity, unit_price, subtotal)
VALUES ('6dc326f4-9297-426e-858c-7d7ae728aa6e', '65f0b94f-ccbe-4b50-a175-66810ae10f44', 'Croissant', 3, 80, 240);

INSERT INTO public.order_items (order_id, product_id, name, quantity, unit_price, subtotal)
VALUES ('6dc326f4-9297-426e-858c-7d7ae728aa6e', '48233f0a-6e57-4a45-b033-627d13f1be78', 'Cappuccino', 2, 120, 240);

INSERT INTO public.order_items (order_id, product_id, name, quantity, unit_price, subtotal)
VALUES ('6dc326f4-9297-426e-858c-7d7ae728aa6e', '1b5c6269-ce45-4413-acb8-21813cd7f9cf', 'Mocha', 1, 140, 140);

INSERT INTO public.orders (id, order_id, status, amount, payment_method, cashier_name, created_at)
VALUES ('01099795-acc9-4e97-a578-6eea9f69ff19', 'ORD-01888', 'Completed', 660, 'Maya', 'System Seed', '2026-06-03T04:51:26.990Z');

INSERT INTO public.order_items (order_id, product_id, name, quantity, unit_price, subtotal)
VALUES ('01099795-acc9-4e97-a578-6eea9f69ff19', 'fe6b02e6-9366-4abd-874c-fcb832e0e282', 'Green Tea', 3, 90, 270);

INSERT INTO public.order_items (order_id, product_id, name, quantity, unit_price, subtotal)
VALUES ('01099795-acc9-4e97-a578-6eea9f69ff19', 'fe6b02e6-9366-4abd-874c-fcb832e0e282', 'Green Tea', 1, 90, 90);

INSERT INTO public.order_items (order_id, product_id, name, quantity, unit_price, subtotal)
VALUES ('01099795-acc9-4e97-a578-6eea9f69ff19', '83a6812d-2665-4ce5-871a-78a4eab3ce80', 'Americano', 3, 100, 300);

INSERT INTO public.orders (id, order_id, status, amount, payment_method, cashier_name, created_at)
VALUES ('58b5fab6-8d89-4e23-8f3f-4bf3e8c1f96d', 'ORD-01889', 'Void (Consumed)', 360, 'GCash', 'System Seed', '2026-06-03T09:54:40.990Z');

INSERT INTO public.order_items (order_id, product_id, name, quantity, unit_price, subtotal)
VALUES ('58b5fab6-8d89-4e23-8f3f-4bf3e8c1f96d', '3a6a55c0-70f3-4417-a252-db77d9e511c0', 'Latte', 3, 120, 360);

INSERT INTO public.orders (id, order_id, status, amount, payment_method, cashier_name, created_at)
VALUES ('21b35441-fdd2-48eb-8656-33154e41d530', 'ORD-01890', 'Completed', 370, 'Maya', 'System Seed', '2026-06-03T03:01:36.990Z');

INSERT INTO public.order_items (order_id, product_id, name, quantity, unit_price, subtotal)
VALUES ('21b35441-fdd2-48eb-8656-33154e41d530', '36c93748-7c86-4ddb-ba49-1bd1a164bf42', 'Blueberry Muffin', 2, 95, 190);

INSERT INTO public.order_items (order_id, product_id, name, quantity, unit_price, subtotal)
VALUES ('21b35441-fdd2-48eb-8656-33154e41d530', 'fe6b02e6-9366-4abd-874c-fcb832e0e282', 'Green Tea', 2, 90, 180);

INSERT INTO public.orders (id, order_id, status, amount, payment_method, cashier_name, created_at)
VALUES ('3a49c64f-6669-41d8-b5e9-b128d632ef15', 'ORD-01891', 'Completed', 670, 'Maya', 'System Seed', '2026-06-03T00:03:46.990Z');

INSERT INTO public.order_items (order_id, product_id, name, quantity, unit_price, subtotal)
VALUES ('3a49c64f-6669-41d8-b5e9-b128d632ef15', '1b5c6269-ce45-4413-acb8-21813cd7f9cf', 'Mocha', 1, 140, 140);

INSERT INTO public.order_items (order_id, product_id, name, quantity, unit_price, subtotal)
VALUES ('3a49c64f-6669-41d8-b5e9-b128d632ef15', 'fe6b02e6-9366-4abd-874c-fcb832e0e282', 'Green Tea', 2, 90, 180);

INSERT INTO public.order_items (order_id, product_id, name, quantity, unit_price, subtotal)
VALUES ('3a49c64f-6669-41d8-b5e9-b128d632ef15', '65f0b94f-ccbe-4b50-a175-66810ae10f44', 'Croissant', 1, 80, 80);

INSERT INTO public.order_items (order_id, product_id, name, quantity, unit_price, subtotal)
VALUES ('3a49c64f-6669-41d8-b5e9-b128d632ef15', 'fe6b02e6-9366-4abd-874c-fcb832e0e282', 'Green Tea', 3, 90, 270);

INSERT INTO public.orders (id, order_id, status, amount, payment_method, cashier_name, created_at)
VALUES ('155c6055-4c0a-4ffb-b8e6-2203db92dcca', 'ORD-01892', 'Completed', 615, 'Cash', 'System Seed', '2026-06-03T03:46:56.990Z');

INSERT INTO public.order_items (order_id, product_id, name, quantity, unit_price, subtotal)
VALUES ('155c6055-4c0a-4ffb-b8e6-2203db92dcca', '48233f0a-6e57-4a45-b033-627d13f1be78', 'Cappuccino', 3, 120, 360);

INSERT INTO public.order_items (order_id, product_id, name, quantity, unit_price, subtotal)
VALUES ('155c6055-4c0a-4ffb-b8e6-2203db92dcca', '36c93748-7c86-4ddb-ba49-1bd1a164bf42', 'Blueberry Muffin', 1, 95, 95);

INSERT INTO public.order_items (order_id, product_id, name, quantity, unit_price, subtotal)
VALUES ('155c6055-4c0a-4ffb-b8e6-2203db92dcca', '65f0b94f-ccbe-4b50-a175-66810ae10f44', 'Croissant', 2, 80, 160);

INSERT INTO public.orders (id, order_id, status, amount, payment_method, cashier_name, created_at)
VALUES ('41b126af-9b68-43b7-ac53-d6d559e37a9e', 'ORD-01893', 'Completed', 370, 'Credit Card', 'System Seed', '2026-06-03T05:04:45.990Z');

INSERT INTO public.order_items (order_id, product_id, name, quantity, unit_price, subtotal)
VALUES ('41b126af-9b68-43b7-ac53-d6d559e37a9e', '36c93748-7c86-4ddb-ba49-1bd1a164bf42', 'Blueberry Muffin', 2, 95, 190);

INSERT INTO public.order_items (order_id, product_id, name, quantity, unit_price, subtotal)
VALUES ('41b126af-9b68-43b7-ac53-d6d559e37a9e', 'fe6b02e6-9366-4abd-874c-fcb832e0e282', 'Green Tea', 2, 90, 180);

INSERT INTO public.orders (id, order_id, status, amount, payment_method, cashier_name, created_at)
VALUES ('b4944ead-e7d3-48f7-9ffd-da4e0096ca37', 'ORD-01894', 'Completed', 460, 'Credit Card', 'System Seed', '2026-06-03T02:39:00.990Z');

INSERT INTO public.order_items (order_id, product_id, name, quantity, unit_price, subtotal)
VALUES ('b4944ead-e7d3-48f7-9ffd-da4e0096ca37', '83a6812d-2665-4ce5-871a-78a4eab3ce80', 'Americano', 3, 100, 300);

INSERT INTO public.order_items (order_id, product_id, name, quantity, unit_price, subtotal)
VALUES ('b4944ead-e7d3-48f7-9ffd-da4e0096ca37', '65f0b94f-ccbe-4b50-a175-66810ae10f44', 'Croissant', 2, 80, 160);

INSERT INTO public.orders (id, order_id, status, amount, payment_method, cashier_name, created_at)
VALUES ('b4adf061-8314-4e4a-aa7c-122f48025a72', 'ORD-01895', 'Completed', 475, 'GCash', 'System Seed', '2026-06-03T11:50:22.990Z');

INSERT INTO public.order_items (order_id, product_id, name, quantity, unit_price, subtotal)
VALUES ('b4adf061-8314-4e4a-aa7c-122f48025a72', '36c93748-7c86-4ddb-ba49-1bd1a164bf42', 'Blueberry Muffin', 2, 95, 190);

INSERT INTO public.order_items (order_id, product_id, name, quantity, unit_price, subtotal)
VALUES ('b4adf061-8314-4e4a-aa7c-122f48025a72', '36c93748-7c86-4ddb-ba49-1bd1a164bf42', 'Blueberry Muffin', 3, 95, 285);

INSERT INTO public.orders (id, order_id, status, amount, payment_method, cashier_name, created_at)
VALUES ('372f14b6-4f62-4ee8-9ecc-97a5b4fabb88', 'ORD-01896', 'Void (Consumed)', 120, 'Cash', 'System Seed', '2026-06-03T09:51:22.990Z');

INSERT INTO public.order_items (order_id, product_id, name, quantity, unit_price, subtotal)
VALUES ('372f14b6-4f62-4ee8-9ecc-97a5b4fabb88', '3a6a55c0-70f3-4417-a252-db77d9e511c0', 'Latte', 1, 120, 120);

INSERT INTO public.orders (id, order_id, status, amount, payment_method, cashier_name, created_at)
VALUES ('29f35103-310b-4912-8182-a52b13490a8e', 'ORD-01897', 'Void (Consumed)', 460, 'GCash', 'System Seed', '2026-06-03T07:37:28.990Z');

INSERT INTO public.order_items (order_id, product_id, name, quantity, unit_price, subtotal)
VALUES ('29f35103-310b-4912-8182-a52b13490a8e', 'dfe22f11-84a3-41d2-a268-149f012eae60', 'Sparkling Lemonade', 2, 110, 220);

INSERT INTO public.order_items (order_id, product_id, name, quantity, unit_price, subtotal)
VALUES ('29f35103-310b-4912-8182-a52b13490a8e', '65f0b94f-ccbe-4b50-a175-66810ae10f44', 'Croissant', 3, 80, 240);

INSERT INTO public.orders (id, order_id, status, amount, payment_method, cashier_name, created_at)
VALUES ('8fa007f5-7ed2-4337-b061-09a4d5b6fff3', 'ORD-01898', 'Void (Consumed)', 880, 'Cash', 'System Seed', '2026-06-03T09:06:27.990Z');

INSERT INTO public.order_items (order_id, product_id, name, quantity, unit_price, subtotal)
VALUES ('8fa007f5-7ed2-4337-b061-09a4d5b6fff3', '3a6a55c0-70f3-4417-a252-db77d9e511c0', 'Latte', 3, 120, 360);

INSERT INTO public.order_items (order_id, product_id, name, quantity, unit_price, subtotal)
VALUES ('8fa007f5-7ed2-4337-b061-09a4d5b6fff3', 'dfe22f11-84a3-41d2-a268-149f012eae60', 'Sparkling Lemonade', 2, 110, 220);

INSERT INTO public.order_items (order_id, product_id, name, quantity, unit_price, subtotal)
VALUES ('8fa007f5-7ed2-4337-b061-09a4d5b6fff3', '83a6812d-2665-4ce5-871a-78a4eab3ce80', 'Americano', 1, 100, 100);

INSERT INTO public.order_items (order_id, product_id, name, quantity, unit_price, subtotal)
VALUES ('8fa007f5-7ed2-4337-b061-09a4d5b6fff3', '83a6812d-2665-4ce5-871a-78a4eab3ce80', 'Americano', 2, 100, 200);

INSERT INTO public.orders (id, order_id, status, amount, payment_method, cashier_name, created_at)
VALUES ('792a5f1f-05b9-4c9a-916c-be12de518517', 'ORD-01899', 'Completed', 610, 'Credit Card', 'System Seed', '2026-06-03T08:07:02.990Z');

INSERT INTO public.order_items (order_id, product_id, name, quantity, unit_price, subtotal)
VALUES ('792a5f1f-05b9-4c9a-916c-be12de518517', '36c93748-7c86-4ddb-ba49-1bd1a164bf42', 'Blueberry Muffin', 2, 95, 190);

INSERT INTO public.order_items (order_id, product_id, name, quantity, unit_price, subtotal)
VALUES ('792a5f1f-05b9-4c9a-916c-be12de518517', '1b5c6269-ce45-4413-acb8-21813cd7f9cf', 'Mocha', 3, 140, 420);

INSERT INTO public.orders (id, order_id, status, amount, payment_method, cashier_name, created_at)
VALUES ('313b9f0e-21ee-43e8-aa1c-67cd928c81b9', 'ORD-01900', 'Completed', 510, 'Maya', 'System Seed', '2026-06-03T12:21:49.990Z');

INSERT INTO public.order_items (order_id, product_id, name, quantity, unit_price, subtotal)
VALUES ('313b9f0e-21ee-43e8-aa1c-67cd928c81b9', '48233f0a-6e57-4a45-b033-627d13f1be78', 'Cappuccino', 2, 120, 240);

INSERT INTO public.order_items (order_id, product_id, name, quantity, unit_price, subtotal)
VALUES ('313b9f0e-21ee-43e8-aa1c-67cd928c81b9', 'fe6b02e6-9366-4abd-874c-fcb832e0e282', 'Green Tea', 3, 90, 270);

INSERT INTO public.orders (id, order_id, status, amount, payment_method, cashier_name, created_at)
VALUES ('c3893130-7936-496b-8f76-fc43a9db84ef', 'ORD-01901', 'Completed', 540, 'Credit Card', 'System Seed', '2026-06-03T02:07:37.990Z');

INSERT INTO public.order_items (order_id, product_id, name, quantity, unit_price, subtotal)
VALUES ('c3893130-7936-496b-8f76-fc43a9db84ef', '48233f0a-6e57-4a45-b033-627d13f1be78', 'Cappuccino', 3, 120, 360);

INSERT INTO public.order_items (order_id, product_id, name, quantity, unit_price, subtotal)
VALUES ('c3893130-7936-496b-8f76-fc43a9db84ef', 'fe6b02e6-9366-4abd-874c-fcb832e0e282', 'Green Tea', 2, 90, 180);

INSERT INTO public.orders (id, order_id, status, amount, payment_method, cashier_name, created_at)
VALUES ('22b7728d-42d0-40de-a329-595746a3668f', 'ORD-01902', 'Completed', 480, 'Credit Card', 'System Seed', '2026-06-03T03:41:17.990Z');

INSERT INTO public.order_items (order_id, product_id, name, quantity, unit_price, subtotal)
VALUES ('22b7728d-42d0-40de-a329-595746a3668f', '48233f0a-6e57-4a45-b033-627d13f1be78', 'Cappuccino', 3, 120, 360);

INSERT INTO public.order_items (order_id, product_id, name, quantity, unit_price, subtotal)
VALUES ('22b7728d-42d0-40de-a329-595746a3668f', '48233f0a-6e57-4a45-b033-627d13f1be78', 'Cappuccino', 1, 120, 120);

INSERT INTO public.orders (id, order_id, status, amount, payment_method, cashier_name, created_at)
VALUES ('f75ada14-e8db-4663-9b96-ec84fab33869', 'ORD-01903', 'Completed', 240, 'GCash', 'System Seed', '2026-06-03T06:52:24.990Z');

INSERT INTO public.order_items (order_id, product_id, name, quantity, unit_price, subtotal)
VALUES ('f75ada14-e8db-4663-9b96-ec84fab33869', '48233f0a-6e57-4a45-b033-627d13f1be78', 'Cappuccino', 1, 120, 120);

INSERT INTO public.order_items (order_id, product_id, name, quantity, unit_price, subtotal)
VALUES ('f75ada14-e8db-4663-9b96-ec84fab33869', '3a6a55c0-70f3-4417-a252-db77d9e511c0', 'Latte', 1, 120, 120);

INSERT INTO public.orders (id, order_id, status, amount, payment_method, cashier_name, created_at)
VALUES ('a7c637f2-3734-4fe3-b0a6-52f34443bea7', 'ORD-01904', 'Completed', 630, 'Maya', 'System Seed', '2026-06-03T06:26:09.990Z');

INSERT INTO public.order_items (order_id, product_id, name, quantity, unit_price, subtotal)
VALUES ('a7c637f2-3734-4fe3-b0a6-52f34443bea7', '65f0b94f-ccbe-4b50-a175-66810ae10f44', 'Croissant', 2, 80, 160);

INSERT INTO public.order_items (order_id, product_id, name, quantity, unit_price, subtotal)
VALUES ('a7c637f2-3734-4fe3-b0a6-52f34443bea7', 'dfe22f11-84a3-41d2-a268-149f012eae60', 'Sparkling Lemonade', 1, 110, 110);

INSERT INTO public.order_items (order_id, product_id, name, quantity, unit_price, subtotal)
VALUES ('a7c637f2-3734-4fe3-b0a6-52f34443bea7', '3a6a55c0-70f3-4417-a252-db77d9e511c0', 'Latte', 2, 120, 240);

INSERT INTO public.order_items (order_id, product_id, name, quantity, unit_price, subtotal)
VALUES ('a7c637f2-3734-4fe3-b0a6-52f34443bea7', '48233f0a-6e57-4a45-b033-627d13f1be78', 'Cappuccino', 1, 120, 120);

INSERT INTO public.orders (id, order_id, status, amount, payment_method, cashier_name, created_at)
VALUES ('cfa44eb8-91c8-479f-8557-0982c7894c9a', 'ORD-01905', 'Completed', 200, 'Credit Card', 'System Seed', '2026-06-03T00:32:02.990Z');

INSERT INTO public.order_items (order_id, product_id, name, quantity, unit_price, subtotal)
VALUES ('cfa44eb8-91c8-479f-8557-0982c7894c9a', '83a6812d-2665-4ce5-871a-78a4eab3ce80', 'Americano', 2, 100, 200);

INSERT INTO public.orders (id, order_id, status, amount, payment_method, cashier_name, created_at)
VALUES ('fcc2b65b-d4bd-445b-85d0-934c67457fa4', 'ORD-01906', 'Completed', 765, 'Maya', 'System Seed', '2026-06-03T11:42:51.990Z');

INSERT INTO public.order_items (order_id, product_id, name, quantity, unit_price, subtotal)
VALUES ('fcc2b65b-d4bd-445b-85d0-934c67457fa4', '36c93748-7c86-4ddb-ba49-1bd1a164bf42', 'Blueberry Muffin', 3, 95, 285);

INSERT INTO public.order_items (order_id, product_id, name, quantity, unit_price, subtotal)
VALUES ('fcc2b65b-d4bd-445b-85d0-934c67457fa4', 'fe6b02e6-9366-4abd-874c-fcb832e0e282', 'Green Tea', 2, 90, 180);

INSERT INTO public.order_items (order_id, product_id, name, quantity, unit_price, subtotal)
VALUES ('fcc2b65b-d4bd-445b-85d0-934c67457fa4', '83a6812d-2665-4ce5-871a-78a4eab3ce80', 'Americano', 3, 100, 300);

INSERT INTO public.orders (id, order_id, status, amount, payment_method, cashier_name, created_at)
VALUES ('3975c3b3-6570-4bd4-b22b-ea1654f4c449', 'ORD-01907', 'Completed', 710, 'Cash', 'System Seed', '2026-06-03T03:12:58.990Z');

INSERT INTO public.order_items (order_id, product_id, name, quantity, unit_price, subtotal)
VALUES ('3975c3b3-6570-4bd4-b22b-ea1654f4c449', '48233f0a-6e57-4a45-b033-627d13f1be78', 'Cappuccino', 2, 120, 240);

INSERT INTO public.order_items (order_id, product_id, name, quantity, unit_price, subtotal)
VALUES ('3975c3b3-6570-4bd4-b22b-ea1654f4c449', '48233f0a-6e57-4a45-b033-627d13f1be78', 'Cappuccino', 3, 120, 360);

INSERT INTO public.order_items (order_id, product_id, name, quantity, unit_price, subtotal)
VALUES ('3975c3b3-6570-4bd4-b22b-ea1654f4c449', 'dfe22f11-84a3-41d2-a268-149f012eae60', 'Sparkling Lemonade', 1, 110, 110);

INSERT INTO public.orders (id, order_id, status, amount, payment_method, cashier_name, created_at)
VALUES ('3e321151-1c28-48b2-9ef5-6465573a9e9a', 'ORD-01908', 'Void (Not Made)', 180, 'GCash', 'System Seed', '2026-06-03T09:22:20.990Z');

INSERT INTO public.order_items (order_id, product_id, name, quantity, unit_price, subtotal)
VALUES ('3e321151-1c28-48b2-9ef5-6465573a9e9a', 'fe6b02e6-9366-4abd-874c-fcb832e0e282', 'Green Tea', 2, 90, 180);

INSERT INTO public.orders (id, order_id, status, amount, payment_method, cashier_name, created_at)
VALUES ('32811f8a-2754-4521-80e8-271d25ec8c04', 'ORD-01909', 'Completed', 255, 'GCash', 'System Seed', '2026-06-04T02:07:52.990Z');

INSERT INTO public.order_items (order_id, product_id, name, quantity, unit_price, subtotal)
VALUES ('32811f8a-2754-4521-80e8-271d25ec8c04', '36c93748-7c86-4ddb-ba49-1bd1a164bf42', 'Blueberry Muffin', 1, 95, 95);

INSERT INTO public.order_items (order_id, product_id, name, quantity, unit_price, subtotal)
VALUES ('32811f8a-2754-4521-80e8-271d25ec8c04', '65f0b94f-ccbe-4b50-a175-66810ae10f44', 'Croissant', 2, 80, 160);

INSERT INTO public.orders (id, order_id, status, amount, payment_method, cashier_name, created_at)
VALUES ('2e487c45-dfc7-46b7-ba23-8afc1b03e502', 'ORD-01910', 'Completed', 140, 'Maya', 'System Seed', '2026-06-04T03:39:28.990Z');

INSERT INTO public.order_items (order_id, product_id, name, quantity, unit_price, subtotal)
VALUES ('2e487c45-dfc7-46b7-ba23-8afc1b03e502', '1b5c6269-ce45-4413-acb8-21813cd7f9cf', 'Mocha', 1, 140, 140);

INSERT INTO public.orders (id, order_id, status, amount, payment_method, cashier_name, created_at)
VALUES ('7743a9c3-a463-44fc-af22-13d0097545eb', 'ORD-01911', 'Void (Consumed)', 1200, 'Credit Card', 'System Seed', '2026-06-04T00:58:18.990Z');

INSERT INTO public.order_items (order_id, product_id, name, quantity, unit_price, subtotal)
VALUES ('7743a9c3-a463-44fc-af22-13d0097545eb', 'fe6b02e6-9366-4abd-874c-fcb832e0e282', 'Green Tea', 3, 90, 270);

INSERT INTO public.order_items (order_id, product_id, name, quantity, unit_price, subtotal)
VALUES ('7743a9c3-a463-44fc-af22-13d0097545eb', '83a6812d-2665-4ce5-871a-78a4eab3ce80', 'Americano', 3, 100, 300);

INSERT INTO public.order_items (order_id, product_id, name, quantity, unit_price, subtotal)
VALUES ('7743a9c3-a463-44fc-af22-13d0097545eb', 'fe6b02e6-9366-4abd-874c-fcb832e0e282', 'Green Tea', 3, 90, 270);

INSERT INTO public.order_items (order_id, product_id, name, quantity, unit_price, subtotal)
VALUES ('7743a9c3-a463-44fc-af22-13d0097545eb', '3a6a55c0-70f3-4417-a252-db77d9e511c0', 'Latte', 3, 120, 360);

INSERT INTO public.orders (id, order_id, status, amount, payment_method, cashier_name, created_at)
VALUES ('61019d1b-f21b-412c-855e-965a6db1f77b', 'ORD-01912', 'Completed', 405, 'Credit Card', 'System Seed', '2026-06-04T05:30:00.990Z');

INSERT INTO public.order_items (order_id, product_id, name, quantity, unit_price, subtotal)
VALUES ('61019d1b-f21b-412c-855e-965a6db1f77b', '36c93748-7c86-4ddb-ba49-1bd1a164bf42', 'Blueberry Muffin', 3, 95, 285);

INSERT INTO public.order_items (order_id, product_id, name, quantity, unit_price, subtotal)
VALUES ('61019d1b-f21b-412c-855e-965a6db1f77b', '3a6a55c0-70f3-4417-a252-db77d9e511c0', 'Latte', 1, 120, 120);

INSERT INTO public.orders (id, order_id, status, amount, payment_method, cashier_name, created_at)
VALUES ('b6110de3-08db-464c-9e00-811f3427aaa2', 'ORD-01913', 'Completed', 835, 'Maya', 'System Seed', '2026-06-04T08:58:43.990Z');

INSERT INTO public.order_items (order_id, product_id, name, quantity, unit_price, subtotal)
VALUES ('b6110de3-08db-464c-9e00-811f3427aaa2', '48233f0a-6e57-4a45-b033-627d13f1be78', 'Cappuccino', 2, 120, 240);

INSERT INTO public.order_items (order_id, product_id, name, quantity, unit_price, subtotal)
VALUES ('b6110de3-08db-464c-9e00-811f3427aaa2', '36c93748-7c86-4ddb-ba49-1bd1a164bf42', 'Blueberry Muffin', 1, 95, 95);

INSERT INTO public.order_items (order_id, product_id, name, quantity, unit_price, subtotal)
VALUES ('b6110de3-08db-464c-9e00-811f3427aaa2', '1b5c6269-ce45-4413-acb8-21813cd7f9cf', 'Mocha', 2, 140, 280);

INSERT INTO public.order_items (order_id, product_id, name, quantity, unit_price, subtotal)
VALUES ('b6110de3-08db-464c-9e00-811f3427aaa2', 'dfe22f11-84a3-41d2-a268-149f012eae60', 'Sparkling Lemonade', 2, 110, 220);

INSERT INTO public.orders (id, order_id, status, amount, payment_method, cashier_name, created_at)
VALUES ('7ec76ecd-809d-4973-8aea-6ba16a616970', 'ORD-01914', 'Void (Consumed)', 690, 'Maya', 'System Seed', '2026-06-03T23:43:31.990Z');

INSERT INTO public.order_items (order_id, product_id, name, quantity, unit_price, subtotal)
VALUES ('7ec76ecd-809d-4973-8aea-6ba16a616970', '1b5c6269-ce45-4413-acb8-21813cd7f9cf', 'Mocha', 3, 140, 420);

INSERT INTO public.order_items (order_id, product_id, name, quantity, unit_price, subtotal)
VALUES ('7ec76ecd-809d-4973-8aea-6ba16a616970', 'fe6b02e6-9366-4abd-874c-fcb832e0e282', 'Green Tea', 3, 90, 270);

INSERT INTO public.orders (id, order_id, status, amount, payment_method, cashier_name, created_at)
VALUES ('2bda246b-6cff-47cc-ac62-f62555c1decc', 'ORD-01915', 'Void (Consumed)', 420, 'Maya', 'System Seed', '2026-06-04T05:53:43.990Z');

INSERT INTO public.order_items (order_id, product_id, name, quantity, unit_price, subtotal)
VALUES ('2bda246b-6cff-47cc-ac62-f62555c1decc', '1b5c6269-ce45-4413-acb8-21813cd7f9cf', 'Mocha', 3, 140, 420);

INSERT INTO public.orders (id, order_id, status, amount, payment_method, cashier_name, created_at)
VALUES ('01096202-d39b-4c80-b1bd-d6fc2383e1ea', 'ORD-01916', 'Completed', 1005, 'Credit Card', 'System Seed', '2026-06-04T00:15:15.990Z');

INSERT INTO public.order_items (order_id, product_id, name, quantity, unit_price, subtotal)
VALUES ('01096202-d39b-4c80-b1bd-d6fc2383e1ea', '36c93748-7c86-4ddb-ba49-1bd1a164bf42', 'Blueberry Muffin', 1, 95, 95);

INSERT INTO public.order_items (order_id, product_id, name, quantity, unit_price, subtotal)
VALUES ('01096202-d39b-4c80-b1bd-d6fc2383e1ea', 'dfe22f11-84a3-41d2-a268-149f012eae60', 'Sparkling Lemonade', 2, 110, 220);

INSERT INTO public.order_items (order_id, product_id, name, quantity, unit_price, subtotal)
VALUES ('01096202-d39b-4c80-b1bd-d6fc2383e1ea', '48233f0a-6e57-4a45-b033-627d13f1be78', 'Cappuccino', 3, 120, 360);

INSERT INTO public.order_items (order_id, product_id, name, quantity, unit_price, subtotal)
VALUES ('01096202-d39b-4c80-b1bd-d6fc2383e1ea', 'dfe22f11-84a3-41d2-a268-149f012eae60', 'Sparkling Lemonade', 3, 110, 330);

INSERT INTO public.orders (id, order_id, status, amount, payment_method, cashier_name, created_at)
VALUES ('1355867f-5fd2-4d35-a300-4bad1e69fe74', 'ORD-01917', 'Completed', 240, 'Credit Card', 'System Seed', '2026-06-04T00:13:24.990Z');

INSERT INTO public.order_items (order_id, product_id, name, quantity, unit_price, subtotal)
VALUES ('1355867f-5fd2-4d35-a300-4bad1e69fe74', '48233f0a-6e57-4a45-b033-627d13f1be78', 'Cappuccino', 2, 120, 240);

INSERT INTO public.orders (id, order_id, status, amount, payment_method, cashier_name, created_at)
VALUES ('992ca38c-b74a-4d9b-a1fe-0bd6b8b445f6', 'ORD-01918', 'Completed', 565, 'Maya', 'System Seed', '2026-06-04T09:57:48.990Z');

INSERT INTO public.order_items (order_id, product_id, name, quantity, unit_price, subtotal)
VALUES ('992ca38c-b74a-4d9b-a1fe-0bd6b8b445f6', '48233f0a-6e57-4a45-b033-627d13f1be78', 'Cappuccino', 3, 120, 360);

INSERT INTO public.order_items (order_id, product_id, name, quantity, unit_price, subtotal)
VALUES ('992ca38c-b74a-4d9b-a1fe-0bd6b8b445f6', 'dfe22f11-84a3-41d2-a268-149f012eae60', 'Sparkling Lemonade', 1, 110, 110);

INSERT INTO public.order_items (order_id, product_id, name, quantity, unit_price, subtotal)
VALUES ('992ca38c-b74a-4d9b-a1fe-0bd6b8b445f6', '36c93748-7c86-4ddb-ba49-1bd1a164bf42', 'Blueberry Muffin', 1, 95, 95);

INSERT INTO public.orders (id, order_id, status, amount, payment_method, cashier_name, created_at)
VALUES ('5135e194-cd2c-433e-98eb-73c2f3338af7', 'ORD-01919', 'Completed', 95, 'Cash', 'System Seed', '2026-06-04T03:57:21.990Z');

INSERT INTO public.order_items (order_id, product_id, name, quantity, unit_price, subtotal)
VALUES ('5135e194-cd2c-433e-98eb-73c2f3338af7', '36c93748-7c86-4ddb-ba49-1bd1a164bf42', 'Blueberry Muffin', 1, 95, 95);

INSERT INTO public.orders (id, order_id, status, amount, payment_method, cashier_name, created_at)
VALUES ('578e72a1-f5c6-40c2-8bc3-65fd08c03c98', 'ORD-01920', 'Completed', 820, 'GCash', 'System Seed', '2026-06-04T11:21:45.990Z');

INSERT INTO public.order_items (order_id, product_id, name, quantity, unit_price, subtotal)
VALUES ('578e72a1-f5c6-40c2-8bc3-65fd08c03c98', 'dfe22f11-84a3-41d2-a268-149f012eae60', 'Sparkling Lemonade', 3, 110, 330);

INSERT INTO public.order_items (order_id, product_id, name, quantity, unit_price, subtotal)
VALUES ('578e72a1-f5c6-40c2-8bc3-65fd08c03c98', 'dfe22f11-84a3-41d2-a268-149f012eae60', 'Sparkling Lemonade', 3, 110, 330);

INSERT INTO public.order_items (order_id, product_id, name, quantity, unit_price, subtotal)
VALUES ('578e72a1-f5c6-40c2-8bc3-65fd08c03c98', '65f0b94f-ccbe-4b50-a175-66810ae10f44', 'Croissant', 2, 80, 160);

INSERT INTO public.orders (id, order_id, status, amount, payment_method, cashier_name, created_at)
VALUES ('71e60b20-968e-4375-badd-4bde3021bf55', 'ORD-01921', 'Completed', 385, 'Cash', 'System Seed', '2026-06-03T23:13:12.990Z');

INSERT INTO public.order_items (order_id, product_id, name, quantity, unit_price, subtotal)
VALUES ('71e60b20-968e-4375-badd-4bde3021bf55', '36c93748-7c86-4ddb-ba49-1bd1a164bf42', 'Blueberry Muffin', 2, 95, 190);

INSERT INTO public.order_items (order_id, product_id, name, quantity, unit_price, subtotal)
VALUES ('71e60b20-968e-4375-badd-4bde3021bf55', '36c93748-7c86-4ddb-ba49-1bd1a164bf42', 'Blueberry Muffin', 1, 95, 95);

INSERT INTO public.order_items (order_id, product_id, name, quantity, unit_price, subtotal)
VALUES ('71e60b20-968e-4375-badd-4bde3021bf55', '83a6812d-2665-4ce5-871a-78a4eab3ce80', 'Americano', 1, 100, 100);

INSERT INTO public.orders (id, order_id, status, amount, payment_method, cashier_name, created_at)
VALUES ('0ab82f1e-c060-4245-a8be-539bc70814bc', 'ORD-01922', 'Completed', 540, 'Cash', 'System Seed', '2026-06-04T11:29:41.990Z');

INSERT INTO public.order_items (order_id, product_id, name, quantity, unit_price, subtotal)
VALUES ('0ab82f1e-c060-4245-a8be-539bc70814bc', '83a6812d-2665-4ce5-871a-78a4eab3ce80', 'Americano', 3, 100, 300);

INSERT INTO public.order_items (order_id, product_id, name, quantity, unit_price, subtotal)
VALUES ('0ab82f1e-c060-4245-a8be-539bc70814bc', '65f0b94f-ccbe-4b50-a175-66810ae10f44', 'Croissant', 3, 80, 240);

INSERT INTO public.orders (id, order_id, status, amount, payment_method, cashier_name, created_at)
VALUES ('2c89ed20-00d5-479c-af3d-2ef9ce00cdf9', 'ORD-01923', 'Void (Not Made)', 620, 'Maya', 'System Seed', '2026-06-04T08:51:38.990Z');

INSERT INTO public.order_items (order_id, product_id, name, quantity, unit_price, subtotal)
VALUES ('2c89ed20-00d5-479c-af3d-2ef9ce00cdf9', '83a6812d-2665-4ce5-871a-78a4eab3ce80', 'Americano', 1, 100, 100);

INSERT INTO public.order_items (order_id, product_id, name, quantity, unit_price, subtotal)
VALUES ('2c89ed20-00d5-479c-af3d-2ef9ce00cdf9', 'dfe22f11-84a3-41d2-a268-149f012eae60', 'Sparkling Lemonade', 1, 110, 110);

INSERT INTO public.order_items (order_id, product_id, name, quantity, unit_price, subtotal)
VALUES ('2c89ed20-00d5-479c-af3d-2ef9ce00cdf9', '65f0b94f-ccbe-4b50-a175-66810ae10f44', 'Croissant', 1, 80, 80);

INSERT INTO public.order_items (order_id, product_id, name, quantity, unit_price, subtotal)
VALUES ('2c89ed20-00d5-479c-af3d-2ef9ce00cdf9', 'dfe22f11-84a3-41d2-a268-149f012eae60', 'Sparkling Lemonade', 3, 110, 330);

INSERT INTO public.orders (id, order_id, status, amount, payment_method, cashier_name, created_at)
VALUES ('df12bafd-2198-429e-81bf-50489056420b', 'ORD-01924', 'Completed', 210, 'Maya', 'System Seed', '2026-06-04T06:09:55.990Z');

INSERT INTO public.order_items (order_id, product_id, name, quantity, unit_price, subtotal)
VALUES ('df12bafd-2198-429e-81bf-50489056420b', '3a6a55c0-70f3-4417-a252-db77d9e511c0', 'Latte', 1, 120, 120);

INSERT INTO public.order_items (order_id, product_id, name, quantity, unit_price, subtotal)
VALUES ('df12bafd-2198-429e-81bf-50489056420b', 'fe6b02e6-9366-4abd-874c-fcb832e0e282', 'Green Tea', 1, 90, 90);

INSERT INTO public.orders (id, order_id, status, amount, payment_method, cashier_name, created_at)
VALUES ('685d3af2-818c-4da1-bf1a-dec244c661cf', 'ORD-01925', 'Completed', 670, 'Cash', 'System Seed', '2026-06-04T07:46:43.990Z');

INSERT INTO public.order_items (order_id, product_id, name, quantity, unit_price, subtotal)
VALUES ('685d3af2-818c-4da1-bf1a-dec244c661cf', 'fe6b02e6-9366-4abd-874c-fcb832e0e282', 'Green Tea', 1, 90, 90);

INSERT INTO public.order_items (order_id, product_id, name, quantity, unit_price, subtotal)
VALUES ('685d3af2-818c-4da1-bf1a-dec244c661cf', '1b5c6269-ce45-4413-acb8-21813cd7f9cf', 'Mocha', 1, 140, 140);

INSERT INTO public.order_items (order_id, product_id, name, quantity, unit_price, subtotal)
VALUES ('685d3af2-818c-4da1-bf1a-dec244c661cf', '65f0b94f-ccbe-4b50-a175-66810ae10f44', 'Croissant', 1, 80, 80);

INSERT INTO public.order_items (order_id, product_id, name, quantity, unit_price, subtotal)
VALUES ('685d3af2-818c-4da1-bf1a-dec244c661cf', '48233f0a-6e57-4a45-b033-627d13f1be78', 'Cappuccino', 3, 120, 360);

INSERT INTO public.orders (id, order_id, status, amount, payment_method, cashier_name, created_at)
VALUES ('ef0571e0-8e1b-41f4-b3a5-5eb3a5f27c13', 'ORD-01926', 'Completed', 370, 'Maya', 'System Seed', '2026-06-04T01:22:31.990Z');

INSERT INTO public.order_items (order_id, product_id, name, quantity, unit_price, subtotal)
VALUES ('ef0571e0-8e1b-41f4-b3a5-5eb3a5f27c13', '65f0b94f-ccbe-4b50-a175-66810ae10f44', 'Croissant', 2, 80, 160);

INSERT INTO public.order_items (order_id, product_id, name, quantity, unit_price, subtotal)
VALUES ('ef0571e0-8e1b-41f4-b3a5-5eb3a5f27c13', '48233f0a-6e57-4a45-b033-627d13f1be78', 'Cappuccino', 1, 120, 120);

INSERT INTO public.order_items (order_id, product_id, name, quantity, unit_price, subtotal)
VALUES ('ef0571e0-8e1b-41f4-b3a5-5eb3a5f27c13', 'fe6b02e6-9366-4abd-874c-fcb832e0e282', 'Green Tea', 1, 90, 90);

INSERT INTO public.orders (id, order_id, status, amount, payment_method, cashier_name, created_at)
VALUES ('8ef5c569-ddb6-460e-b023-086091cae248', 'ORD-01927', 'Void (Not Made)', 120, 'Maya', 'System Seed', '2026-06-03T23:46:23.990Z');

INSERT INTO public.order_items (order_id, product_id, name, quantity, unit_price, subtotal)
VALUES ('8ef5c569-ddb6-460e-b023-086091cae248', '3a6a55c0-70f3-4417-a252-db77d9e511c0', 'Latte', 1, 120, 120);

INSERT INTO public.orders (id, order_id, status, amount, payment_method, cashier_name, created_at)
VALUES ('edf4afc0-f4de-448d-92d5-65502b804ffa', 'ORD-01928', 'Completed', 110, 'Cash', 'System Seed', '2026-06-04T03:42:03.990Z');

INSERT INTO public.order_items (order_id, product_id, name, quantity, unit_price, subtotal)
VALUES ('edf4afc0-f4de-448d-92d5-65502b804ffa', 'dfe22f11-84a3-41d2-a268-149f012eae60', 'Sparkling Lemonade', 1, 110, 110);

INSERT INTO public.orders (id, order_id, status, amount, payment_method, cashier_name, created_at)
VALUES ('1eeb023e-bc9d-4d74-984c-3ae18ff679e5', 'ORD-01929', 'Completed', 450, 'Cash', 'System Seed', '2026-06-04T06:49:53.990Z');

INSERT INTO public.order_items (order_id, product_id, name, quantity, unit_price, subtotal)
VALUES ('1eeb023e-bc9d-4d74-984c-3ae18ff679e5', 'fe6b02e6-9366-4abd-874c-fcb832e0e282', 'Green Tea', 1, 90, 90);

INSERT INTO public.order_items (order_id, product_id, name, quantity, unit_price, subtotal)
VALUES ('1eeb023e-bc9d-4d74-984c-3ae18ff679e5', '3a6a55c0-70f3-4417-a252-db77d9e511c0', 'Latte', 3, 120, 360);

INSERT INTO public.orders (id, order_id, status, amount, payment_method, cashier_name, created_at)
VALUES ('29835b5a-4ffa-4d5b-9b63-6abe19ba4d6e', 'ORD-01930', 'Void (Not Made)', 480, 'Cash', 'System Seed', '2026-06-04T10:19:17.990Z');

INSERT INTO public.order_items (order_id, product_id, name, quantity, unit_price, subtotal)
VALUES ('29835b5a-4ffa-4d5b-9b63-6abe19ba4d6e', '48233f0a-6e57-4a45-b033-627d13f1be78', 'Cappuccino', 3, 120, 360);

INSERT INTO public.order_items (order_id, product_id, name, quantity, unit_price, subtotal)
VALUES ('29835b5a-4ffa-4d5b-9b63-6abe19ba4d6e', '3a6a55c0-70f3-4417-a252-db77d9e511c0', 'Latte', 1, 120, 120);

INSERT INTO public.orders (id, order_id, status, amount, payment_method, cashier_name, created_at)
VALUES ('095dcc94-b3b9-4be1-b6ba-d64bb3894cf2', 'ORD-01931', 'Void (Consumed)', 110, 'Credit Card', 'System Seed', '2026-06-05T06:27:04.990Z');

INSERT INTO public.order_items (order_id, product_id, name, quantity, unit_price, subtotal)
VALUES ('095dcc94-b3b9-4be1-b6ba-d64bb3894cf2', 'dfe22f11-84a3-41d2-a268-149f012eae60', 'Sparkling Lemonade', 1, 110, 110);

INSERT INTO public.orders (id, order_id, status, amount, payment_method, cashier_name, created_at)
VALUES ('bfb97f9e-9a88-49f0-948b-87eb57885d6d', 'ORD-01932', 'Void (Not Made)', 555, 'Maya', 'System Seed', '2026-06-05T07:44:52.990Z');

INSERT INTO public.order_items (order_id, product_id, name, quantity, unit_price, subtotal)
VALUES ('bfb97f9e-9a88-49f0-948b-87eb57885d6d', '36c93748-7c86-4ddb-ba49-1bd1a164bf42', 'Blueberry Muffin', 3, 95, 285);

INSERT INTO public.order_items (order_id, product_id, name, quantity, unit_price, subtotal)
VALUES ('bfb97f9e-9a88-49f0-948b-87eb57885d6d', '65f0b94f-ccbe-4b50-a175-66810ae10f44', 'Croissant', 2, 80, 160);

INSERT INTO public.order_items (order_id, product_id, name, quantity, unit_price, subtotal)
VALUES ('bfb97f9e-9a88-49f0-948b-87eb57885d6d', 'dfe22f11-84a3-41d2-a268-149f012eae60', 'Sparkling Lemonade', 1, 110, 110);

INSERT INTO public.orders (id, order_id, status, amount, payment_method, cashier_name, created_at)
VALUES ('edcb9214-ab1a-4d79-8285-0f74866d6f9d', 'ORD-01933', 'Completed', 180, 'Maya', 'System Seed', '2026-06-05T07:20:31.990Z');

INSERT INTO public.order_items (order_id, product_id, name, quantity, unit_price, subtotal)
VALUES ('edcb9214-ab1a-4d79-8285-0f74866d6f9d', '65f0b94f-ccbe-4b50-a175-66810ae10f44', 'Croissant', 1, 80, 80);

INSERT INTO public.order_items (order_id, product_id, name, quantity, unit_price, subtotal)
VALUES ('edcb9214-ab1a-4d79-8285-0f74866d6f9d', '83a6812d-2665-4ce5-871a-78a4eab3ce80', 'Americano', 1, 100, 100);

INSERT INTO public.orders (id, order_id, status, amount, payment_method, cashier_name, created_at)
VALUES ('7ef3fa6e-1a41-4dc3-9441-c4efdc36b31d', 'ORD-01934', 'Void (Consumed)', 560, 'Credit Card', 'System Seed', '2026-06-05T01:23:10.990Z');

INSERT INTO public.order_items (order_id, product_id, name, quantity, unit_price, subtotal)
VALUES ('7ef3fa6e-1a41-4dc3-9441-c4efdc36b31d', '1b5c6269-ce45-4413-acb8-21813cd7f9cf', 'Mocha', 1, 140, 140);

INSERT INTO public.order_items (order_id, product_id, name, quantity, unit_price, subtotal)
VALUES ('7ef3fa6e-1a41-4dc3-9441-c4efdc36b31d', '1b5c6269-ce45-4413-acb8-21813cd7f9cf', 'Mocha', 3, 140, 420);

INSERT INTO public.orders (id, order_id, status, amount, payment_method, cashier_name, created_at)
VALUES ('01d133b6-3416-432c-af60-5f570c9be718', 'ORD-01935', 'Completed', 705, 'Credit Card', 'System Seed', '2026-06-05T02:48:51.990Z');

INSERT INTO public.order_items (order_id, product_id, name, quantity, unit_price, subtotal)
VALUES ('01d133b6-3416-432c-af60-5f570c9be718', '1b5c6269-ce45-4413-acb8-21813cd7f9cf', 'Mocha', 3, 140, 420);

INSERT INTO public.order_items (order_id, product_id, name, quantity, unit_price, subtotal)
VALUES ('01d133b6-3416-432c-af60-5f570c9be718', '36c93748-7c86-4ddb-ba49-1bd1a164bf42', 'Blueberry Muffin', 3, 95, 285);

INSERT INTO public.orders (id, order_id, status, amount, payment_method, cashier_name, created_at)
VALUES ('4da5a766-2658-4137-9525-3b2bc8c7a9b2', 'ORD-01936', 'Void (Consumed)', 385, 'Cash', 'System Seed', '2026-06-05T02:42:07.990Z');

INSERT INTO public.order_items (order_id, product_id, name, quantity, unit_price, subtotal)
VALUES ('4da5a766-2658-4137-9525-3b2bc8c7a9b2', '36c93748-7c86-4ddb-ba49-1bd1a164bf42', 'Blueberry Muffin', 2, 95, 190);

INSERT INTO public.order_items (order_id, product_id, name, quantity, unit_price, subtotal)
VALUES ('4da5a766-2658-4137-9525-3b2bc8c7a9b2', '83a6812d-2665-4ce5-871a-78a4eab3ce80', 'Americano', 1, 100, 100);

INSERT INTO public.order_items (order_id, product_id, name, quantity, unit_price, subtotal)
VALUES ('4da5a766-2658-4137-9525-3b2bc8c7a9b2', '36c93748-7c86-4ddb-ba49-1bd1a164bf42', 'Blueberry Muffin', 1, 95, 95);

INSERT INTO public.orders (id, order_id, status, amount, payment_method, cashier_name, created_at)
VALUES ('d365b721-140b-4a8e-ba96-ce15fdf28124', 'ORD-01937', 'Completed', 880, 'Maya', 'System Seed', '2026-06-05T04:09:04.990Z');

INSERT INTO public.order_items (order_id, product_id, name, quantity, unit_price, subtotal)
VALUES ('d365b721-140b-4a8e-ba96-ce15fdf28124', '83a6812d-2665-4ce5-871a-78a4eab3ce80', 'Americano', 1, 100, 100);

INSERT INTO public.order_items (order_id, product_id, name, quantity, unit_price, subtotal)
VALUES ('d365b721-140b-4a8e-ba96-ce15fdf28124', '3a6a55c0-70f3-4417-a252-db77d9e511c0', 'Latte', 2, 120, 240);

INSERT INTO public.order_items (order_id, product_id, name, quantity, unit_price, subtotal)
VALUES ('d365b721-140b-4a8e-ba96-ce15fdf28124', '1b5c6269-ce45-4413-acb8-21813cd7f9cf', 'Mocha', 3, 140, 420);

INSERT INTO public.order_items (order_id, product_id, name, quantity, unit_price, subtotal)
VALUES ('d365b721-140b-4a8e-ba96-ce15fdf28124', '3a6a55c0-70f3-4417-a252-db77d9e511c0', 'Latte', 1, 120, 120);

INSERT INTO public.orders (id, order_id, status, amount, payment_method, cashier_name, created_at)
VALUES ('31aac8c7-facc-4970-991d-cea837c9343f', 'ORD-01938', 'Completed', 780, 'Credit Card', 'System Seed', '2026-06-04T23:56:54.990Z');

INSERT INTO public.order_items (order_id, product_id, name, quantity, unit_price, subtotal)
VALUES ('31aac8c7-facc-4970-991d-cea837c9343f', '3a6a55c0-70f3-4417-a252-db77d9e511c0', 'Latte', 3, 120, 360);

INSERT INTO public.order_items (order_id, product_id, name, quantity, unit_price, subtotal)
VALUES ('31aac8c7-facc-4970-991d-cea837c9343f', '1b5c6269-ce45-4413-acb8-21813cd7f9cf', 'Mocha', 3, 140, 420);

INSERT INTO public.orders (id, order_id, status, amount, payment_method, cashier_name, created_at)
VALUES ('2b241b8e-7f65-4814-9fca-44ad608b5f77', 'ORD-01939', 'Completed', 620, 'Maya', 'System Seed', '2026-06-05T01:22:14.990Z');

INSERT INTO public.order_items (order_id, product_id, name, quantity, unit_price, subtotal)
VALUES ('2b241b8e-7f65-4814-9fca-44ad608b5f77', '3a6a55c0-70f3-4417-a252-db77d9e511c0', 'Latte', 2, 120, 240);

INSERT INTO public.order_items (order_id, product_id, name, quantity, unit_price, subtotal)
VALUES ('2b241b8e-7f65-4814-9fca-44ad608b5f77', '36c93748-7c86-4ddb-ba49-1bd1a164bf42', 'Blueberry Muffin', 2, 95, 190);

INSERT INTO public.order_items (order_id, product_id, name, quantity, unit_price, subtotal)
VALUES ('2b241b8e-7f65-4814-9fca-44ad608b5f77', '83a6812d-2665-4ce5-871a-78a4eab3ce80', 'Americano', 1, 100, 100);

INSERT INTO public.order_items (order_id, product_id, name, quantity, unit_price, subtotal)
VALUES ('2b241b8e-7f65-4814-9fca-44ad608b5f77', 'fe6b02e6-9366-4abd-874c-fcb832e0e282', 'Green Tea', 1, 90, 90);

INSERT INTO public.orders (id, order_id, status, amount, payment_method, cashier_name, created_at)
VALUES ('5f9d7f70-cb03-4ebf-a0f9-139c44adbc52', 'ORD-01940', 'Completed', 685, 'Credit Card', 'System Seed', '2026-06-05T10:46:45.990Z');

INSERT INTO public.order_items (order_id, product_id, name, quantity, unit_price, subtotal)
VALUES ('5f9d7f70-cb03-4ebf-a0f9-139c44adbc52', 'fe6b02e6-9366-4abd-874c-fcb832e0e282', 'Green Tea', 1, 90, 90);

INSERT INTO public.order_items (order_id, product_id, name, quantity, unit_price, subtotal)
VALUES ('5f9d7f70-cb03-4ebf-a0f9-139c44adbc52', 'dfe22f11-84a3-41d2-a268-149f012eae60', 'Sparkling Lemonade', 1, 110, 110);

INSERT INTO public.order_items (order_id, product_id, name, quantity, unit_price, subtotal)
VALUES ('5f9d7f70-cb03-4ebf-a0f9-139c44adbc52', '36c93748-7c86-4ddb-ba49-1bd1a164bf42', 'Blueberry Muffin', 3, 95, 285);

INSERT INTO public.order_items (order_id, product_id, name, quantity, unit_price, subtotal)
VALUES ('5f9d7f70-cb03-4ebf-a0f9-139c44adbc52', '83a6812d-2665-4ce5-871a-78a4eab3ce80', 'Americano', 2, 100, 200);

INSERT INTO public.orders (id, order_id, status, amount, payment_method, cashier_name, created_at)
VALUES ('efa08a08-ea79-466a-a257-7681a9b44187', 'ORD-01941', 'Completed', 280, 'Credit Card', 'System Seed', '2026-06-05T11:49:42.990Z');

INSERT INTO public.order_items (order_id, product_id, name, quantity, unit_price, subtotal)
VALUES ('efa08a08-ea79-466a-a257-7681a9b44187', '1b5c6269-ce45-4413-acb8-21813cd7f9cf', 'Mocha', 2, 140, 280);

INSERT INTO public.orders (id, order_id, status, amount, payment_method, cashier_name, created_at)
VALUES ('c84508b1-96b3-4d5f-a852-5b2acd576ab9', 'ORD-01942', 'Void (Consumed)', 1140, 'GCash', 'System Seed', '2026-06-05T06:06:17.990Z');

INSERT INTO public.order_items (order_id, product_id, name, quantity, unit_price, subtotal)
VALUES ('c84508b1-96b3-4d5f-a852-5b2acd576ab9', '1b5c6269-ce45-4413-acb8-21813cd7f9cf', 'Mocha', 3, 140, 420);

INSERT INTO public.order_items (order_id, product_id, name, quantity, unit_price, subtotal)
VALUES ('c84508b1-96b3-4d5f-a852-5b2acd576ab9', 'fe6b02e6-9366-4abd-874c-fcb832e0e282', 'Green Tea', 1, 90, 90);

INSERT INTO public.order_items (order_id, product_id, name, quantity, unit_price, subtotal)
VALUES ('c84508b1-96b3-4d5f-a852-5b2acd576ab9', 'dfe22f11-84a3-41d2-a268-149f012eae60', 'Sparkling Lemonade', 3, 110, 330);

INSERT INTO public.order_items (order_id, product_id, name, quantity, unit_price, subtotal)
VALUES ('c84508b1-96b3-4d5f-a852-5b2acd576ab9', '83a6812d-2665-4ce5-871a-78a4eab3ce80', 'Americano', 3, 100, 300);

INSERT INTO public.orders (id, order_id, status, amount, payment_method, cashier_name, created_at)
VALUES ('e02e4852-1832-4659-a39e-0eb5da49dfbd', 'ORD-01943', 'Void (Consumed)', 950, 'GCash', 'System Seed', '2026-06-05T01:13:48.990Z');

INSERT INTO public.order_items (order_id, product_id, name, quantity, unit_price, subtotal)
VALUES ('e02e4852-1832-4659-a39e-0eb5da49dfbd', '65f0b94f-ccbe-4b50-a175-66810ae10f44', 'Croissant', 2, 80, 160);

INSERT INTO public.order_items (order_id, product_id, name, quantity, unit_price, subtotal)
VALUES ('e02e4852-1832-4659-a39e-0eb5da49dfbd', 'fe6b02e6-9366-4abd-874c-fcb832e0e282', 'Green Tea', 3, 90, 270);

INSERT INTO public.order_items (order_id, product_id, name, quantity, unit_price, subtotal)
VALUES ('e02e4852-1832-4659-a39e-0eb5da49dfbd', 'dfe22f11-84a3-41d2-a268-149f012eae60', 'Sparkling Lemonade', 2, 110, 220);

INSERT INTO public.order_items (order_id, product_id, name, quantity, unit_price, subtotal)
VALUES ('e02e4852-1832-4659-a39e-0eb5da49dfbd', '83a6812d-2665-4ce5-871a-78a4eab3ce80', 'Americano', 3, 100, 300);

INSERT INTO public.orders (id, order_id, status, amount, payment_method, cashier_name, created_at)
VALUES ('03a4962d-6434-431c-9196-c1a839fe0c89', 'ORD-01944', 'Completed', 760, 'Cash', 'System Seed', '2026-06-05T10:16:01.990Z');

INSERT INTO public.order_items (order_id, product_id, name, quantity, unit_price, subtotal)
VALUES ('03a4962d-6434-431c-9196-c1a839fe0c89', '1b5c6269-ce45-4413-acb8-21813cd7f9cf', 'Mocha', 1, 140, 140);

INSERT INTO public.order_items (order_id, product_id, name, quantity, unit_price, subtotal)
VALUES ('03a4962d-6434-431c-9196-c1a839fe0c89', 'dfe22f11-84a3-41d2-a268-149f012eae60', 'Sparkling Lemonade', 2, 110, 220);

INSERT INTO public.order_items (order_id, product_id, name, quantity, unit_price, subtotal)
VALUES ('03a4962d-6434-431c-9196-c1a839fe0c89', '48233f0a-6e57-4a45-b033-627d13f1be78', 'Cappuccino', 2, 120, 240);

INSERT INTO public.order_items (order_id, product_id, name, quantity, unit_price, subtotal)
VALUES ('03a4962d-6434-431c-9196-c1a839fe0c89', '65f0b94f-ccbe-4b50-a175-66810ae10f44', 'Croissant', 2, 80, 160);

INSERT INTO public.orders (id, order_id, status, amount, payment_method, cashier_name, created_at)
VALUES ('1ed0082d-c4b6-4310-a92e-44d3902249e9', 'ORD-01945', 'Void (Consumed)', 1040, 'Maya', 'System Seed', '2026-06-05T11:35:22.990Z');

INSERT INTO public.order_items (order_id, product_id, name, quantity, unit_price, subtotal)
VALUES ('1ed0082d-c4b6-4310-a92e-44d3902249e9', '83a6812d-2665-4ce5-871a-78a4eab3ce80', 'Americano', 3, 100, 300);

INSERT INTO public.order_items (order_id, product_id, name, quantity, unit_price, subtotal)
VALUES ('1ed0082d-c4b6-4310-a92e-44d3902249e9', 'dfe22f11-84a3-41d2-a268-149f012eae60', 'Sparkling Lemonade', 3, 110, 330);

INSERT INTO public.order_items (order_id, product_id, name, quantity, unit_price, subtotal)
VALUES ('1ed0082d-c4b6-4310-a92e-44d3902249e9', '36c93748-7c86-4ddb-ba49-1bd1a164bf42', 'Blueberry Muffin', 2, 95, 190);

INSERT INTO public.order_items (order_id, product_id, name, quantity, unit_price, subtotal)
VALUES ('1ed0082d-c4b6-4310-a92e-44d3902249e9', 'dfe22f11-84a3-41d2-a268-149f012eae60', 'Sparkling Lemonade', 2, 110, 220);

INSERT INTO public.orders (id, order_id, status, amount, payment_method, cashier_name, created_at)
VALUES ('3f43a93a-4976-4e77-9c5d-d488782bc87c', 'ORD-01946', 'Completed', 460, 'GCash', 'System Seed', '2026-06-04T23:41:58.990Z');

INSERT INTO public.order_items (order_id, product_id, name, quantity, unit_price, subtotal)
VALUES ('3f43a93a-4976-4e77-9c5d-d488782bc87c', 'fe6b02e6-9366-4abd-874c-fcb832e0e282', 'Green Tea', 2, 90, 180);

INSERT INTO public.order_items (order_id, product_id, name, quantity, unit_price, subtotal)
VALUES ('3f43a93a-4976-4e77-9c5d-d488782bc87c', 'fe6b02e6-9366-4abd-874c-fcb832e0e282', 'Green Tea', 1, 90, 90);

INSERT INTO public.order_items (order_id, product_id, name, quantity, unit_price, subtotal)
VALUES ('3f43a93a-4976-4e77-9c5d-d488782bc87c', '36c93748-7c86-4ddb-ba49-1bd1a164bf42', 'Blueberry Muffin', 2, 95, 190);

INSERT INTO public.orders (id, order_id, status, amount, payment_method, cashier_name, created_at)
VALUES ('083a866b-5016-4677-8ac0-2b12bfeae7b6', 'ORD-01947', 'Void (Consumed)', 670, 'GCash', 'System Seed', '2026-06-05T09:16:25.990Z');

INSERT INTO public.order_items (order_id, product_id, name, quantity, unit_price, subtotal)
VALUES ('083a866b-5016-4677-8ac0-2b12bfeae7b6', '83a6812d-2665-4ce5-871a-78a4eab3ce80', 'Americano', 2, 100, 200);

INSERT INTO public.order_items (order_id, product_id, name, quantity, unit_price, subtotal)
VALUES ('083a866b-5016-4677-8ac0-2b12bfeae7b6', '48233f0a-6e57-4a45-b033-627d13f1be78', 'Cappuccino', 3, 120, 360);

INSERT INTO public.order_items (order_id, product_id, name, quantity, unit_price, subtotal)
VALUES ('083a866b-5016-4677-8ac0-2b12bfeae7b6', 'dfe22f11-84a3-41d2-a268-149f012eae60', 'Sparkling Lemonade', 1, 110, 110);

INSERT INTO public.orders (id, order_id, status, amount, payment_method, cashier_name, created_at)
VALUES ('f5a22a9a-c21b-4338-b619-315676d7cfa9', 'ORD-01948', 'Void (Consumed)', 920, 'Credit Card', 'System Seed', '2026-06-05T00:35:44.990Z');

INSERT INTO public.order_items (order_id, product_id, name, quantity, unit_price, subtotal)
VALUES ('f5a22a9a-c21b-4338-b619-315676d7cfa9', '1b5c6269-ce45-4413-acb8-21813cd7f9cf', 'Mocha', 1, 140, 140);

INSERT INTO public.order_items (order_id, product_id, name, quantity, unit_price, subtotal)
VALUES ('f5a22a9a-c21b-4338-b619-315676d7cfa9', '1b5c6269-ce45-4413-acb8-21813cd7f9cf', 'Mocha', 3, 140, 420);

INSERT INTO public.order_items (order_id, product_id, name, quantity, unit_price, subtotal)
VALUES ('f5a22a9a-c21b-4338-b619-315676d7cfa9', '3a6a55c0-70f3-4417-a252-db77d9e511c0', 'Latte', 3, 120, 360);

INSERT INTO public.orders (id, order_id, status, amount, payment_method, cashier_name, created_at)
VALUES ('83909911-1375-4a9f-a12e-d215a710ef01', 'ORD-01949', 'Completed', 450, 'GCash', 'System Seed', '2026-06-05T03:38:40.990Z');

INSERT INTO public.order_items (order_id, product_id, name, quantity, unit_price, subtotal)
VALUES ('83909911-1375-4a9f-a12e-d215a710ef01', '48233f0a-6e57-4a45-b033-627d13f1be78', 'Cappuccino', 1, 120, 120);

INSERT INTO public.order_items (order_id, product_id, name, quantity, unit_price, subtotal)
VALUES ('83909911-1375-4a9f-a12e-d215a710ef01', 'dfe22f11-84a3-41d2-a268-149f012eae60', 'Sparkling Lemonade', 3, 110, 330);

INSERT INTO public.orders (id, order_id, status, amount, payment_method, cashier_name, created_at)
VALUES ('cdb6a344-a451-4b82-8ef5-21c7d36208b6', 'ORD-01950', 'Void (Consumed)', 710, 'Cash', 'System Seed', '2026-06-05T11:09:09.990Z');

INSERT INTO public.order_items (order_id, product_id, name, quantity, unit_price, subtotal)
VALUES ('cdb6a344-a451-4b82-8ef5-21c7d36208b6', '1b5c6269-ce45-4413-acb8-21813cd7f9cf', 'Mocha', 2, 140, 280);

INSERT INTO public.order_items (order_id, product_id, name, quantity, unit_price, subtotal)
VALUES ('cdb6a344-a451-4b82-8ef5-21c7d36208b6', '83a6812d-2665-4ce5-871a-78a4eab3ce80', 'Americano', 1, 100, 100);

INSERT INTO public.order_items (order_id, product_id, name, quantity, unit_price, subtotal)
VALUES ('cdb6a344-a451-4b82-8ef5-21c7d36208b6', '48233f0a-6e57-4a45-b033-627d13f1be78', 'Cappuccino', 2, 120, 240);

INSERT INTO public.order_items (order_id, product_id, name, quantity, unit_price, subtotal)
VALUES ('cdb6a344-a451-4b82-8ef5-21c7d36208b6', 'fe6b02e6-9366-4abd-874c-fcb832e0e282', 'Green Tea', 1, 90, 90);

INSERT INTO public.orders (id, order_id, status, amount, payment_method, cashier_name, created_at)
VALUES ('d37829cb-d932-4ad3-80f4-34a5c05d5ff5', 'ORD-01951', 'Completed', 730, 'Cash', 'System Seed', '2026-06-05T07:52:18.990Z');

INSERT INTO public.order_items (order_id, product_id, name, quantity, unit_price, subtotal)
VALUES ('d37829cb-d932-4ad3-80f4-34a5c05d5ff5', 'fe6b02e6-9366-4abd-874c-fcb832e0e282', 'Green Tea', 1, 90, 90);

INSERT INTO public.order_items (order_id, product_id, name, quantity, unit_price, subtotal)
VALUES ('d37829cb-d932-4ad3-80f4-34a5c05d5ff5', '3a6a55c0-70f3-4417-a252-db77d9e511c0', 'Latte', 3, 120, 360);

INSERT INTO public.order_items (order_id, product_id, name, quantity, unit_price, subtotal)
VALUES ('d37829cb-d932-4ad3-80f4-34a5c05d5ff5', 'fe6b02e6-9366-4abd-874c-fcb832e0e282', 'Green Tea', 2, 90, 180);

INSERT INTO public.order_items (order_id, product_id, name, quantity, unit_price, subtotal)
VALUES ('d37829cb-d932-4ad3-80f4-34a5c05d5ff5', '83a6812d-2665-4ce5-871a-78a4eab3ce80', 'Americano', 1, 100, 100);

INSERT INTO public.orders (id, order_id, status, amount, payment_method, cashier_name, created_at)
VALUES ('cb171f7c-f39c-42ad-b662-338f7bb9f511', 'ORD-01952', 'Void (Not Made)', 600, 'Credit Card', 'System Seed', '2026-06-05T04:39:45.990Z');

INSERT INTO public.order_items (order_id, product_id, name, quantity, unit_price, subtotal)
VALUES ('cb171f7c-f39c-42ad-b662-338f7bb9f511', '3a6a55c0-70f3-4417-a252-db77d9e511c0', 'Latte', 3, 120, 360);

INSERT INTO public.order_items (order_id, product_id, name, quantity, unit_price, subtotal)
VALUES ('cb171f7c-f39c-42ad-b662-338f7bb9f511', '65f0b94f-ccbe-4b50-a175-66810ae10f44', 'Croissant', 3, 80, 240);

INSERT INTO public.orders (id, order_id, status, amount, payment_method, cashier_name, created_at)
VALUES ('7b525847-b770-40b2-9d94-48e375214618', 'ORD-01953', 'Completed', 440, 'Credit Card', 'System Seed', '2026-06-05T06:44:32.990Z');

INSERT INTO public.order_items (order_id, product_id, name, quantity, unit_price, subtotal)
VALUES ('7b525847-b770-40b2-9d94-48e375214618', '3a6a55c0-70f3-4417-a252-db77d9e511c0', 'Latte', 3, 120, 360);

INSERT INTO public.order_items (order_id, product_id, name, quantity, unit_price, subtotal)
VALUES ('7b525847-b770-40b2-9d94-48e375214618', '65f0b94f-ccbe-4b50-a175-66810ae10f44', 'Croissant', 1, 80, 80);

INSERT INTO public.orders (id, order_id, status, amount, payment_method, cashier_name, created_at)
VALUES ('426915a9-ebff-4d18-ab8a-cd00528efff6', 'ORD-01954', 'Completed', 700, 'Credit Card', 'System Seed', '2026-06-05T03:36:26.990Z');

INSERT INTO public.order_items (order_id, product_id, name, quantity, unit_price, subtotal)
VALUES ('426915a9-ebff-4d18-ab8a-cd00528efff6', 'fe6b02e6-9366-4abd-874c-fcb832e0e282', 'Green Tea', 2, 90, 180);

INSERT INTO public.order_items (order_id, product_id, name, quantity, unit_price, subtotal)
VALUES ('426915a9-ebff-4d18-ab8a-cd00528efff6', 'fe6b02e6-9366-4abd-874c-fcb832e0e282', 'Green Tea', 2, 90, 180);

INSERT INTO public.order_items (order_id, product_id, name, quantity, unit_price, subtotal)
VALUES ('426915a9-ebff-4d18-ab8a-cd00528efff6', '83a6812d-2665-4ce5-871a-78a4eab3ce80', 'Americano', 1, 100, 100);

INSERT INTO public.order_items (order_id, product_id, name, quantity, unit_price, subtotal)
VALUES ('426915a9-ebff-4d18-ab8a-cd00528efff6', '65f0b94f-ccbe-4b50-a175-66810ae10f44', 'Croissant', 3, 80, 240);

INSERT INTO public.orders (id, order_id, status, amount, payment_method, cashier_name, created_at)
VALUES ('af4c666f-f8ac-4fb7-9cf3-d57a08ed5d20', 'ORD-01955', 'Void (Consumed)', 560, 'Maya', 'System Seed', '2026-06-05T11:56:15.990Z');

INSERT INTO public.order_items (order_id, product_id, name, quantity, unit_price, subtotal)
VALUES ('af4c666f-f8ac-4fb7-9cf3-d57a08ed5d20', 'dfe22f11-84a3-41d2-a268-149f012eae60', 'Sparkling Lemonade', 2, 110, 220);

INSERT INTO public.order_items (order_id, product_id, name, quantity, unit_price, subtotal)
VALUES ('af4c666f-f8ac-4fb7-9cf3-d57a08ed5d20', 'fe6b02e6-9366-4abd-874c-fcb832e0e282', 'Green Tea', 2, 90, 180);

INSERT INTO public.order_items (order_id, product_id, name, quantity, unit_price, subtotal)
VALUES ('af4c666f-f8ac-4fb7-9cf3-d57a08ed5d20', '65f0b94f-ccbe-4b50-a175-66810ae10f44', 'Croissant', 2, 80, 160);

INSERT INTO public.orders (id, order_id, status, amount, payment_method, cashier_name, created_at)
VALUES ('8ffa5942-84a4-4019-9e43-79a4711f3257', 'ORD-01956', 'Completed', 420, 'GCash', 'System Seed', '2026-06-05T08:27:50.990Z');

INSERT INTO public.order_items (order_id, product_id, name, quantity, unit_price, subtotal)
VALUES ('8ffa5942-84a4-4019-9e43-79a4711f3257', '83a6812d-2665-4ce5-871a-78a4eab3ce80', 'Americano', 3, 100, 300);

INSERT INTO public.order_items (order_id, product_id, name, quantity, unit_price, subtotal)
VALUES ('8ffa5942-84a4-4019-9e43-79a4711f3257', '48233f0a-6e57-4a45-b033-627d13f1be78', 'Cappuccino', 1, 120, 120);

INSERT INTO public.orders (id, order_id, status, amount, payment_method, cashier_name, created_at)
VALUES ('ee1dcae1-20f2-4219-9059-0deb6a2b18ae', 'ORD-01957', 'Void (Not Made)', 720, 'GCash', 'System Seed', '2026-06-05T06:18:58.990Z');

INSERT INTO public.order_items (order_id, product_id, name, quantity, unit_price, subtotal)
VALUES ('ee1dcae1-20f2-4219-9059-0deb6a2b18ae', '48233f0a-6e57-4a45-b033-627d13f1be78', 'Cappuccino', 1, 120, 120);

INSERT INTO public.order_items (order_id, product_id, name, quantity, unit_price, subtotal)
VALUES ('ee1dcae1-20f2-4219-9059-0deb6a2b18ae', 'dfe22f11-84a3-41d2-a268-149f012eae60', 'Sparkling Lemonade', 3, 110, 330);

INSERT INTO public.order_items (order_id, product_id, name, quantity, unit_price, subtotal)
VALUES ('ee1dcae1-20f2-4219-9059-0deb6a2b18ae', 'fe6b02e6-9366-4abd-874c-fcb832e0e282', 'Green Tea', 3, 90, 270);

INSERT INTO public.orders (id, order_id, status, amount, payment_method, cashier_name, created_at)
VALUES ('e0956cd8-89ca-4ccd-a038-7ac94573dfdd', 'ORD-01958', 'Void (Consumed)', 380, 'Credit Card', 'System Seed', '2026-06-05T12:36:55.990Z');

INSERT INTO public.order_items (order_id, product_id, name, quantity, unit_price, subtotal)
VALUES ('e0956cd8-89ca-4ccd-a038-7ac94573dfdd', '36c93748-7c86-4ddb-ba49-1bd1a164bf42', 'Blueberry Muffin', 2, 95, 190);

INSERT INTO public.order_items (order_id, product_id, name, quantity, unit_price, subtotal)
VALUES ('e0956cd8-89ca-4ccd-a038-7ac94573dfdd', '36c93748-7c86-4ddb-ba49-1bd1a164bf42', 'Blueberry Muffin', 2, 95, 190);

INSERT INTO public.orders (id, order_id, status, amount, payment_method, cashier_name, created_at)
VALUES ('64528da4-f5e6-40b6-83dd-54794c5e9d86', 'ORD-01959', 'Void (Consumed)', 630, 'Maya', 'System Seed', '2026-06-05T02:03:58.990Z');

INSERT INTO public.order_items (order_id, product_id, name, quantity, unit_price, subtotal)
VALUES ('64528da4-f5e6-40b6-83dd-54794c5e9d86', '3a6a55c0-70f3-4417-a252-db77d9e511c0', 'Latte', 1, 120, 120);

INSERT INTO public.order_items (order_id, product_id, name, quantity, unit_price, subtotal)
VALUES ('64528da4-f5e6-40b6-83dd-54794c5e9d86', 'fe6b02e6-9366-4abd-874c-fcb832e0e282', 'Green Tea', 1, 90, 90);

INSERT INTO public.order_items (order_id, product_id, name, quantity, unit_price, subtotal)
VALUES ('64528da4-f5e6-40b6-83dd-54794c5e9d86', '1b5c6269-ce45-4413-acb8-21813cd7f9cf', 'Mocha', 3, 140, 420);

INSERT INTO public.orders (id, order_id, status, amount, payment_method, cashier_name, created_at)
VALUES ('97b5ea58-882d-4cdb-b63f-ef328c076594', 'ORD-01960', 'Completed', 670, 'GCash', 'System Seed', '2026-06-05T01:27:00.990Z');

INSERT INTO public.order_items (order_id, product_id, name, quantity, unit_price, subtotal)
VALUES ('97b5ea58-882d-4cdb-b63f-ef328c076594', '83a6812d-2665-4ce5-871a-78a4eab3ce80', 'Americano', 2, 100, 200);

INSERT INTO public.order_items (order_id, product_id, name, quantity, unit_price, subtotal)
VALUES ('97b5ea58-882d-4cdb-b63f-ef328c076594', 'fe6b02e6-9366-4abd-874c-fcb832e0e282', 'Green Tea', 1, 90, 90);

INSERT INTO public.order_items (order_id, product_id, name, quantity, unit_price, subtotal)
VALUES ('97b5ea58-882d-4cdb-b63f-ef328c076594', '36c93748-7c86-4ddb-ba49-1bd1a164bf42', 'Blueberry Muffin', 3, 95, 285);

INSERT INTO public.order_items (order_id, product_id, name, quantity, unit_price, subtotal)
VALUES ('97b5ea58-882d-4cdb-b63f-ef328c076594', '36c93748-7c86-4ddb-ba49-1bd1a164bf42', 'Blueberry Muffin', 1, 95, 95);

INSERT INTO public.orders (id, order_id, status, amount, payment_method, cashier_name, created_at)
VALUES ('0ce61804-5803-4feb-a5e7-d07604017cf8', 'ORD-01961', 'Completed', 1120, 'Credit Card', 'System Seed', '2026-06-06T09:06:04.990Z');

INSERT INTO public.order_items (order_id, product_id, name, quantity, unit_price, subtotal)
VALUES ('0ce61804-5803-4feb-a5e7-d07604017cf8', '65f0b94f-ccbe-4b50-a175-66810ae10f44', 'Croissant', 3, 80, 240);

INSERT INTO public.order_items (order_id, product_id, name, quantity, unit_price, subtotal)
VALUES ('0ce61804-5803-4feb-a5e7-d07604017cf8', '48233f0a-6e57-4a45-b033-627d13f1be78', 'Cappuccino', 2, 120, 240);

INSERT INTO public.order_items (order_id, product_id, name, quantity, unit_price, subtotal)
VALUES ('0ce61804-5803-4feb-a5e7-d07604017cf8', 'dfe22f11-84a3-41d2-a268-149f012eae60', 'Sparkling Lemonade', 2, 110, 220);

INSERT INTO public.order_items (order_id, product_id, name, quantity, unit_price, subtotal)
VALUES ('0ce61804-5803-4feb-a5e7-d07604017cf8', '1b5c6269-ce45-4413-acb8-21813cd7f9cf', 'Mocha', 3, 140, 420);

INSERT INTO public.orders (id, order_id, status, amount, payment_method, cashier_name, created_at)
VALUES ('858d9e2e-3a77-4f9b-8535-1b37c256eade', 'ORD-01962', 'Completed', 260, 'Cash', 'System Seed', '2026-06-06T10:10:51.990Z');

INSERT INTO public.order_items (order_id, product_id, name, quantity, unit_price, subtotal)
VALUES ('858d9e2e-3a77-4f9b-8535-1b37c256eade', '48233f0a-6e57-4a45-b033-627d13f1be78', 'Cappuccino', 1, 120, 120);

INSERT INTO public.order_items (order_id, product_id, name, quantity, unit_price, subtotal)
VALUES ('858d9e2e-3a77-4f9b-8535-1b37c256eade', '1b5c6269-ce45-4413-acb8-21813cd7f9cf', 'Mocha', 1, 140, 140);

INSERT INTO public.orders (id, order_id, status, amount, payment_method, cashier_name, created_at)
VALUES ('864cffa4-71fa-46fa-bda5-07c947510cf9', 'ORD-01963', 'Completed', 240, 'GCash', 'System Seed', '2026-06-05T23:17:59.990Z');

INSERT INTO public.order_items (order_id, product_id, name, quantity, unit_price, subtotal)
VALUES ('864cffa4-71fa-46fa-bda5-07c947510cf9', '65f0b94f-ccbe-4b50-a175-66810ae10f44', 'Croissant', 3, 80, 240);

INSERT INTO public.orders (id, order_id, status, amount, payment_method, cashier_name, created_at)
VALUES ('463ca3e5-a748-4776-9382-302a76792711', 'ORD-01964', 'Void (Consumed)', 635, 'Cash', 'System Seed', '2026-06-06T09:59:25.990Z');

INSERT INTO public.order_items (order_id, product_id, name, quantity, unit_price, subtotal)
VALUES ('463ca3e5-a748-4776-9382-302a76792711', '65f0b94f-ccbe-4b50-a175-66810ae10f44', 'Croissant', 2, 80, 160);

INSERT INTO public.order_items (order_id, product_id, name, quantity, unit_price, subtotal)
VALUES ('463ca3e5-a748-4776-9382-302a76792711', '36c93748-7c86-4ddb-ba49-1bd1a164bf42', 'Blueberry Muffin', 3, 95, 285);

INSERT INTO public.order_items (order_id, product_id, name, quantity, unit_price, subtotal)
VALUES ('463ca3e5-a748-4776-9382-302a76792711', '36c93748-7c86-4ddb-ba49-1bd1a164bf42', 'Blueberry Muffin', 2, 95, 190);

INSERT INTO public.orders (id, order_id, status, amount, payment_method, cashier_name, created_at)
VALUES ('069c9e38-eab3-4e98-a3e3-aae7025db546', 'ORD-01965', 'Completed', 525, 'Maya', 'System Seed', '2026-06-06T12:27:36.990Z');

INSERT INTO public.order_items (order_id, product_id, name, quantity, unit_price, subtotal)
VALUES ('069c9e38-eab3-4e98-a3e3-aae7025db546', '65f0b94f-ccbe-4b50-a175-66810ae10f44', 'Croissant', 3, 80, 240);

INSERT INTO public.order_items (order_id, product_id, name, quantity, unit_price, subtotal)
VALUES ('069c9e38-eab3-4e98-a3e3-aae7025db546', '36c93748-7c86-4ddb-ba49-1bd1a164bf42', 'Blueberry Muffin', 3, 95, 285);

INSERT INTO public.orders (id, order_id, status, amount, payment_method, cashier_name, created_at)
VALUES ('8d49ad87-c463-434c-a48b-3c3b03206aeb', 'ORD-01966', 'Completed', 560, 'Credit Card', 'System Seed', '2026-06-06T06:17:23.990Z');

INSERT INTO public.order_items (order_id, product_id, name, quantity, unit_price, subtotal)
VALUES ('8d49ad87-c463-434c-a48b-3c3b03206aeb', '36c93748-7c86-4ddb-ba49-1bd1a164bf42', 'Blueberry Muffin', 2, 95, 190);

INSERT INTO public.order_items (order_id, product_id, name, quantity, unit_price, subtotal)
VALUES ('8d49ad87-c463-434c-a48b-3c3b03206aeb', 'dfe22f11-84a3-41d2-a268-149f012eae60', 'Sparkling Lemonade', 1, 110, 110);

INSERT INTO public.order_items (order_id, product_id, name, quantity, unit_price, subtotal)
VALUES ('8d49ad87-c463-434c-a48b-3c3b03206aeb', '3a6a55c0-70f3-4417-a252-db77d9e511c0', 'Latte', 1, 120, 120);

INSERT INTO public.order_items (order_id, product_id, name, quantity, unit_price, subtotal)
VALUES ('8d49ad87-c463-434c-a48b-3c3b03206aeb', '1b5c6269-ce45-4413-acb8-21813cd7f9cf', 'Mocha', 1, 140, 140);

INSERT INTO public.orders (id, order_id, status, amount, payment_method, cashier_name, created_at)
VALUES ('59bb29dd-976f-47a9-9158-52eaf404960b', 'ORD-01967', 'Void (Consumed)', 840, 'Maya', 'System Seed', '2026-06-06T09:14:48.990Z');

INSERT INTO public.order_items (order_id, product_id, name, quantity, unit_price, subtotal)
VALUES ('59bb29dd-976f-47a9-9158-52eaf404960b', '48233f0a-6e57-4a45-b033-627d13f1be78', 'Cappuccino', 3, 120, 360);

INSERT INTO public.order_items (order_id, product_id, name, quantity, unit_price, subtotal)
VALUES ('59bb29dd-976f-47a9-9158-52eaf404960b', '48233f0a-6e57-4a45-b033-627d13f1be78', 'Cappuccino', 1, 120, 120);

INSERT INTO public.order_items (order_id, product_id, name, quantity, unit_price, subtotal)
VALUES ('59bb29dd-976f-47a9-9158-52eaf404960b', '3a6a55c0-70f3-4417-a252-db77d9e511c0', 'Latte', 3, 120, 360);

INSERT INTO public.orders (id, order_id, status, amount, payment_method, cashier_name, created_at)
VALUES ('89f94b38-8194-427f-adac-28e0dcdfb6d6', 'ORD-01968', 'Completed', 660, 'Credit Card', 'System Seed', '2026-06-06T02:24:41.990Z');

INSERT INTO public.order_items (order_id, product_id, name, quantity, unit_price, subtotal)
VALUES ('89f94b38-8194-427f-adac-28e0dcdfb6d6', 'dfe22f11-84a3-41d2-a268-149f012eae60', 'Sparkling Lemonade', 1, 110, 110);

INSERT INTO public.order_items (order_id, product_id, name, quantity, unit_price, subtotal)
VALUES ('89f94b38-8194-427f-adac-28e0dcdfb6d6', '48233f0a-6e57-4a45-b033-627d13f1be78', 'Cappuccino', 1, 120, 120);

INSERT INTO public.order_items (order_id, product_id, name, quantity, unit_price, subtotal)
VALUES ('89f94b38-8194-427f-adac-28e0dcdfb6d6', 'dfe22f11-84a3-41d2-a268-149f012eae60', 'Sparkling Lemonade', 3, 110, 330);

INSERT INTO public.order_items (order_id, product_id, name, quantity, unit_price, subtotal)
VALUES ('89f94b38-8194-427f-adac-28e0dcdfb6d6', '83a6812d-2665-4ce5-871a-78a4eab3ce80', 'Americano', 1, 100, 100);

INSERT INTO public.orders (id, order_id, status, amount, payment_method, cashier_name, created_at)
VALUES ('eefa7a31-d465-40c6-8a19-6d10c57bed8c', 'ORD-01969', 'Completed', 640, 'Maya', 'System Seed', '2026-06-06T04:26:42.990Z');

INSERT INTO public.order_items (order_id, product_id, name, quantity, unit_price, subtotal)
VALUES ('eefa7a31-d465-40c6-8a19-6d10c57bed8c', 'fe6b02e6-9366-4abd-874c-fcb832e0e282', 'Green Tea', 2, 90, 180);

INSERT INTO public.order_items (order_id, product_id, name, quantity, unit_price, subtotal)
VALUES ('eefa7a31-d465-40c6-8a19-6d10c57bed8c', '48233f0a-6e57-4a45-b033-627d13f1be78', 'Cappuccino', 1, 120, 120);

INSERT INTO public.order_items (order_id, product_id, name, quantity, unit_price, subtotal)
VALUES ('eefa7a31-d465-40c6-8a19-6d10c57bed8c', '3a6a55c0-70f3-4417-a252-db77d9e511c0', 'Latte', 2, 120, 240);

INSERT INTO public.order_items (order_id, product_id, name, quantity, unit_price, subtotal)
VALUES ('eefa7a31-d465-40c6-8a19-6d10c57bed8c', '83a6812d-2665-4ce5-871a-78a4eab3ce80', 'Americano', 1, 100, 100);

INSERT INTO public.orders (id, order_id, status, amount, payment_method, cashier_name, created_at)
VALUES ('e03bd11a-dc71-450b-91b6-2dee62924c5c', 'ORD-01970', 'Void (Consumed)', 180, 'Credit Card', 'System Seed', '2026-06-06T04:17:36.990Z');

INSERT INTO public.order_items (order_id, product_id, name, quantity, unit_price, subtotal)
VALUES ('e03bd11a-dc71-450b-91b6-2dee62924c5c', 'fe6b02e6-9366-4abd-874c-fcb832e0e282', 'Green Tea', 2, 90, 180);

INSERT INTO public.orders (id, order_id, status, amount, payment_method, cashier_name, created_at)
VALUES ('56e50a87-96bb-4280-b63c-4042e85097df', 'ORD-01971', 'Completed', 690, 'GCash', 'System Seed', '2026-06-06T05:09:04.990Z');

INSERT INTO public.order_items (order_id, product_id, name, quantity, unit_price, subtotal)
VALUES ('56e50a87-96bb-4280-b63c-4042e85097df', '3a6a55c0-70f3-4417-a252-db77d9e511c0', 'Latte', 3, 120, 360);

INSERT INTO public.order_items (order_id, product_id, name, quantity, unit_price, subtotal)
VALUES ('56e50a87-96bb-4280-b63c-4042e85097df', 'dfe22f11-84a3-41d2-a268-149f012eae60', 'Sparkling Lemonade', 3, 110, 330);

INSERT INTO public.orders (id, order_id, status, amount, payment_method, cashier_name, created_at)
VALUES ('84c74b77-f48d-43a9-8e9f-31a5662969d0', 'ORD-01972', 'Void (Not Made)', 810, 'Credit Card', 'System Seed', '2026-06-06T05:39:48.990Z');

INSERT INTO public.order_items (order_id, product_id, name, quantity, unit_price, subtotal)
VALUES ('84c74b77-f48d-43a9-8e9f-31a5662969d0', '83a6812d-2665-4ce5-871a-78a4eab3ce80', 'Americano', 3, 100, 300);

INSERT INTO public.order_items (order_id, product_id, name, quantity, unit_price, subtotal)
VALUES ('84c74b77-f48d-43a9-8e9f-31a5662969d0', 'fe6b02e6-9366-4abd-874c-fcb832e0e282', 'Green Tea', 3, 90, 270);

INSERT INTO public.order_items (order_id, product_id, name, quantity, unit_price, subtotal)
VALUES ('84c74b77-f48d-43a9-8e9f-31a5662969d0', '65f0b94f-ccbe-4b50-a175-66810ae10f44', 'Croissant', 3, 80, 240);

INSERT INTO public.orders (id, order_id, status, amount, payment_method, cashier_name, created_at)
VALUES ('c24ad5d3-8429-41dc-b30d-17a68b7b5bda', 'ORD-01973', 'Completed', 915, 'Cash', 'System Seed', '2026-06-06T00:52:01.990Z');

INSERT INTO public.order_items (order_id, product_id, name, quantity, unit_price, subtotal)
VALUES ('c24ad5d3-8429-41dc-b30d-17a68b7b5bda', '36c93748-7c86-4ddb-ba49-1bd1a164bf42', 'Blueberry Muffin', 3, 95, 285);

INSERT INTO public.order_items (order_id, product_id, name, quantity, unit_price, subtotal)
VALUES ('c24ad5d3-8429-41dc-b30d-17a68b7b5bda', '48233f0a-6e57-4a45-b033-627d13f1be78', 'Cappuccino', 3, 120, 360);

INSERT INTO public.order_items (order_id, product_id, name, quantity, unit_price, subtotal)
VALUES ('c24ad5d3-8429-41dc-b30d-17a68b7b5bda', 'fe6b02e6-9366-4abd-874c-fcb832e0e282', 'Green Tea', 3, 90, 270);

INSERT INTO public.orders (id, order_id, status, amount, payment_method, cashier_name, created_at)
VALUES ('52c5a8ce-a4c5-4ac5-a882-2c5f1dc15a1c', 'ORD-01974', 'Completed', 590, 'Maya', 'System Seed', '2026-06-05T23:44:42.990Z');

INSERT INTO public.order_items (order_id, product_id, name, quantity, unit_price, subtotal)
VALUES ('52c5a8ce-a4c5-4ac5-a882-2c5f1dc15a1c', '48233f0a-6e57-4a45-b033-627d13f1be78', 'Cappuccino', 2, 120, 240);

INSERT INTO public.order_items (order_id, product_id, name, quantity, unit_price, subtotal)
VALUES ('52c5a8ce-a4c5-4ac5-a882-2c5f1dc15a1c', '65f0b94f-ccbe-4b50-a175-66810ae10f44', 'Croissant', 3, 80, 240);

INSERT INTO public.order_items (order_id, product_id, name, quantity, unit_price, subtotal)
VALUES ('52c5a8ce-a4c5-4ac5-a882-2c5f1dc15a1c', 'dfe22f11-84a3-41d2-a268-149f012eae60', 'Sparkling Lemonade', 1, 110, 110);

INSERT INTO public.orders (id, order_id, status, amount, payment_method, cashier_name, created_at)
VALUES ('e6708b9f-d5ab-4b24-9dbd-e9a0f4b9e485', 'ORD-01975', 'Completed', 750, 'Credit Card', 'System Seed', '2026-06-06T03:53:38.990Z');

INSERT INTO public.order_items (order_id, product_id, name, quantity, unit_price, subtotal)
VALUES ('e6708b9f-d5ab-4b24-9dbd-e9a0f4b9e485', 'dfe22f11-84a3-41d2-a268-149f012eae60', 'Sparkling Lemonade', 3, 110, 330);

INSERT INTO public.order_items (order_id, product_id, name, quantity, unit_price, subtotal)
VALUES ('e6708b9f-d5ab-4b24-9dbd-e9a0f4b9e485', '83a6812d-2665-4ce5-871a-78a4eab3ce80', 'Americano', 2, 100, 200);

INSERT INTO public.order_items (order_id, product_id, name, quantity, unit_price, subtotal)
VALUES ('e6708b9f-d5ab-4b24-9dbd-e9a0f4b9e485', 'dfe22f11-84a3-41d2-a268-149f012eae60', 'Sparkling Lemonade', 2, 110, 220);

INSERT INTO public.orders (id, order_id, status, amount, payment_method, cashier_name, created_at)
VALUES ('0c84846f-0160-4247-9bc0-fe3f7212f390', 'ORD-01976', 'Completed', 240, 'Maya', 'System Seed', '2026-06-06T00:14:50.990Z');

INSERT INTO public.order_items (order_id, product_id, name, quantity, unit_price, subtotal)
VALUES ('0c84846f-0160-4247-9bc0-fe3f7212f390', '65f0b94f-ccbe-4b50-a175-66810ae10f44', 'Croissant', 3, 80, 240);

INSERT INTO public.orders (id, order_id, status, amount, payment_method, cashier_name, created_at)
VALUES ('44b45562-2eed-4a83-b395-be6cb01fcdea', 'ORD-01977', 'Completed', 1060, 'Credit Card', 'System Seed', '2026-06-06T11:50:40.990Z');

INSERT INTO public.order_items (order_id, product_id, name, quantity, unit_price, subtotal)
VALUES ('44b45562-2eed-4a83-b395-be6cb01fcdea', '1b5c6269-ce45-4413-acb8-21813cd7f9cf', 'Mocha', 3, 140, 420);

INSERT INTO public.order_items (order_id, product_id, name, quantity, unit_price, subtotal)
VALUES ('44b45562-2eed-4a83-b395-be6cb01fcdea', '48233f0a-6e57-4a45-b033-627d13f1be78', 'Cappuccino', 2, 120, 240);

INSERT INTO public.order_items (order_id, product_id, name, quantity, unit_price, subtotal)
VALUES ('44b45562-2eed-4a83-b395-be6cb01fcdea', '3a6a55c0-70f3-4417-a252-db77d9e511c0', 'Latte', 1, 120, 120);

INSERT INTO public.order_items (order_id, product_id, name, quantity, unit_price, subtotal)
VALUES ('44b45562-2eed-4a83-b395-be6cb01fcdea', '1b5c6269-ce45-4413-acb8-21813cd7f9cf', 'Mocha', 2, 140, 280);

INSERT INTO public.orders (id, order_id, status, amount, payment_method, cashier_name, created_at)
VALUES ('aa6784ab-a328-4282-9d6f-25d180e38760', 'ORD-01978', 'Completed', 190, 'GCash', 'System Seed', '2026-06-06T06:29:33.990Z');

INSERT INTO public.order_items (order_id, product_id, name, quantity, unit_price, subtotal)
VALUES ('aa6784ab-a328-4282-9d6f-25d180e38760', '36c93748-7c86-4ddb-ba49-1bd1a164bf42', 'Blueberry Muffin', 2, 95, 190);

INSERT INTO public.orders (id, order_id, status, amount, payment_method, cashier_name, created_at)
VALUES ('89ee6ddf-989d-42fa-ac96-56a9a193cc73', 'ORD-01979', 'Void (Consumed)', 300, 'Maya', 'System Seed', '2026-06-06T01:08:32.990Z');

INSERT INTO public.order_items (order_id, product_id, name, quantity, unit_price, subtotal)
VALUES ('89ee6ddf-989d-42fa-ac96-56a9a193cc73', '83a6812d-2665-4ce5-871a-78a4eab3ce80', 'Americano', 3, 100, 300);

INSERT INTO public.orders (id, order_id, status, amount, payment_method, cashier_name, created_at)
VALUES ('b84a20c1-cd47-4164-82aa-b485555ec0f0', 'ORD-01980', 'Completed', 470, 'Maya', 'System Seed', '2026-06-06T03:16:24.990Z');

INSERT INTO public.order_items (order_id, product_id, name, quantity, unit_price, subtotal)
VALUES ('b84a20c1-cd47-4164-82aa-b485555ec0f0', '65f0b94f-ccbe-4b50-a175-66810ae10f44', 'Croissant', 1, 80, 80);

INSERT INTO public.order_items (order_id, product_id, name, quantity, unit_price, subtotal)
VALUES ('b84a20c1-cd47-4164-82aa-b485555ec0f0', 'dfe22f11-84a3-41d2-a268-149f012eae60', 'Sparkling Lemonade', 2, 110, 220);

INSERT INTO public.order_items (order_id, product_id, name, quantity, unit_price, subtotal)
VALUES ('b84a20c1-cd47-4164-82aa-b485555ec0f0', '65f0b94f-ccbe-4b50-a175-66810ae10f44', 'Croissant', 1, 80, 80);

INSERT INTO public.order_items (order_id, product_id, name, quantity, unit_price, subtotal)
VALUES ('b84a20c1-cd47-4164-82aa-b485555ec0f0', 'fe6b02e6-9366-4abd-874c-fcb832e0e282', 'Green Tea', 1, 90, 90);

INSERT INTO public.orders (id, order_id, status, amount, payment_method, cashier_name, created_at)
VALUES ('f07183a5-1281-44b9-a623-ef136d1f33ea', 'ORD-01981', 'Void (Consumed)', 670, 'Maya', 'System Seed', '2026-06-06T09:57:14.990Z');

INSERT INTO public.order_items (order_id, product_id, name, quantity, unit_price, subtotal)
VALUES ('f07183a5-1281-44b9-a623-ef136d1f33ea', 'fe6b02e6-9366-4abd-874c-fcb832e0e282', 'Green Tea', 1, 90, 90);

INSERT INTO public.order_items (order_id, product_id, name, quantity, unit_price, subtotal)
VALUES ('f07183a5-1281-44b9-a623-ef136d1f33ea', '48233f0a-6e57-4a45-b033-627d13f1be78', 'Cappuccino', 3, 120, 360);

INSERT INTO public.order_items (order_id, product_id, name, quantity, unit_price, subtotal)
VALUES ('f07183a5-1281-44b9-a623-ef136d1f33ea', 'dfe22f11-84a3-41d2-a268-149f012eae60', 'Sparkling Lemonade', 2, 110, 220);

INSERT INTO public.orders (id, order_id, status, amount, payment_method, cashier_name, created_at)
VALUES ('7145a311-fc35-43cf-906a-f1bca769a367', 'ORD-01982', 'Completed', 400, 'Credit Card', 'System Seed', '2026-06-06T00:21:56.990Z');

INSERT INTO public.order_items (order_id, product_id, name, quantity, unit_price, subtotal)
VALUES ('7145a311-fc35-43cf-906a-f1bca769a367', '48233f0a-6e57-4a45-b033-627d13f1be78', 'Cappuccino', 1, 120, 120);

INSERT INTO public.order_items (order_id, product_id, name, quantity, unit_price, subtotal)
VALUES ('7145a311-fc35-43cf-906a-f1bca769a367', '1b5c6269-ce45-4413-acb8-21813cd7f9cf', 'Mocha', 2, 140, 280);

INSERT INTO public.orders (id, order_id, status, amount, payment_method, cashier_name, created_at)
VALUES ('9c2d73fd-db65-43de-8065-d36d5314ab55', 'ORD-01983', 'Void (Consumed)', 900, 'Maya', 'System Seed', '2026-06-06T01:15:04.990Z');

INSERT INTO public.order_items (order_id, product_id, name, quantity, unit_price, subtotal)
VALUES ('9c2d73fd-db65-43de-8065-d36d5314ab55', 'dfe22f11-84a3-41d2-a268-149f012eae60', 'Sparkling Lemonade', 2, 110, 220);

INSERT INTO public.order_items (order_id, product_id, name, quantity, unit_price, subtotal)
VALUES ('9c2d73fd-db65-43de-8065-d36d5314ab55', '3a6a55c0-70f3-4417-a252-db77d9e511c0', 'Latte', 2, 120, 240);

INSERT INTO public.order_items (order_id, product_id, name, quantity, unit_price, subtotal)
VALUES ('9c2d73fd-db65-43de-8065-d36d5314ab55', '3a6a55c0-70f3-4417-a252-db77d9e511c0', 'Latte', 2, 120, 240);

INSERT INTO public.order_items (order_id, product_id, name, quantity, unit_price, subtotal)
VALUES ('9c2d73fd-db65-43de-8065-d36d5314ab55', '83a6812d-2665-4ce5-871a-78a4eab3ce80', 'Americano', 2, 100, 200);

INSERT INTO public.orders (id, order_id, status, amount, payment_method, cashier_name, created_at)
VALUES ('5159d14a-cb96-4ace-9654-c7eb51fb3c80', 'ORD-01984', 'Void (Not Made)', 710, 'Cash', 'System Seed', '2026-06-06T12:42:27.990Z');

INSERT INTO public.order_items (order_id, product_id, name, quantity, unit_price, subtotal)
VALUES ('5159d14a-cb96-4ace-9654-c7eb51fb3c80', '36c93748-7c86-4ddb-ba49-1bd1a164bf42', 'Blueberry Muffin', 1, 95, 95);

INSERT INTO public.order_items (order_id, product_id, name, quantity, unit_price, subtotal)
VALUES ('5159d14a-cb96-4ace-9654-c7eb51fb3c80', '65f0b94f-ccbe-4b50-a175-66810ae10f44', 'Croissant', 2, 80, 160);

INSERT INTO public.order_items (order_id, product_id, name, quantity, unit_price, subtotal)
VALUES ('5159d14a-cb96-4ace-9654-c7eb51fb3c80', '36c93748-7c86-4ddb-ba49-1bd1a164bf42', 'Blueberry Muffin', 1, 95, 95);

INSERT INTO public.order_items (order_id, product_id, name, quantity, unit_price, subtotal)
VALUES ('5159d14a-cb96-4ace-9654-c7eb51fb3c80', '3a6a55c0-70f3-4417-a252-db77d9e511c0', 'Latte', 3, 120, 360);

INSERT INTO public.orders (id, order_id, status, amount, payment_method, cashier_name, created_at)
VALUES ('d317a3a6-c917-4483-a3f2-3629cb5ebeeb', 'ORD-01985', 'Completed', 180, 'Cash', 'System Seed', '2026-06-06T09:56:44.990Z');

INSERT INTO public.order_items (order_id, product_id, name, quantity, unit_price, subtotal)
VALUES ('d317a3a6-c917-4483-a3f2-3629cb5ebeeb', '83a6812d-2665-4ce5-871a-78a4eab3ce80', 'Americano', 1, 100, 100);

INSERT INTO public.order_items (order_id, product_id, name, quantity, unit_price, subtotal)
VALUES ('d317a3a6-c917-4483-a3f2-3629cb5ebeeb', '65f0b94f-ccbe-4b50-a175-66810ae10f44', 'Croissant', 1, 80, 80);

INSERT INTO public.orders (id, order_id, status, amount, payment_method, cashier_name, created_at)
VALUES ('a2a88700-6e83-4572-85e9-b9a38195ca29', 'ORD-01986', 'Completed', 370, 'Credit Card', 'System Seed', '2026-06-06T06:59:01.990Z');

INSERT INTO public.order_items (order_id, product_id, name, quantity, unit_price, subtotal)
VALUES ('a2a88700-6e83-4572-85e9-b9a38195ca29', '1b5c6269-ce45-4413-acb8-21813cd7f9cf', 'Mocha', 2, 140, 280);

INSERT INTO public.order_items (order_id, product_id, name, quantity, unit_price, subtotal)
VALUES ('a2a88700-6e83-4572-85e9-b9a38195ca29', 'fe6b02e6-9366-4abd-874c-fcb832e0e282', 'Green Tea', 1, 90, 90);

INSERT INTO public.orders (id, order_id, status, amount, payment_method, cashier_name, created_at)
VALUES ('e4f1f37a-c837-42c2-80a2-b827c87dd28e', 'ORD-01987', 'Completed', 440, 'GCash', 'System Seed', '2026-06-06T06:33:20.990Z');

INSERT INTO public.order_items (order_id, product_id, name, quantity, unit_price, subtotal)
VALUES ('e4f1f37a-c837-42c2-80a2-b827c87dd28e', '83a6812d-2665-4ce5-871a-78a4eab3ce80', 'Americano', 2, 100, 200);

INSERT INTO public.order_items (order_id, product_id, name, quantity, unit_price, subtotal)
VALUES ('e4f1f37a-c837-42c2-80a2-b827c87dd28e', '65f0b94f-ccbe-4b50-a175-66810ae10f44', 'Croissant', 2, 80, 160);

INSERT INTO public.order_items (order_id, product_id, name, quantity, unit_price, subtotal)
VALUES ('e4f1f37a-c837-42c2-80a2-b827c87dd28e', '65f0b94f-ccbe-4b50-a175-66810ae10f44', 'Croissant', 1, 80, 80);

INSERT INTO public.orders (id, order_id, status, amount, payment_method, cashier_name, created_at)
VALUES ('1cb20432-0e34-45bc-9378-0f15ebab4533', 'ORD-01988', 'Completed', 1130, 'Maya', 'System Seed', '2026-06-07T12:35:04.990Z');

INSERT INTO public.order_items (order_id, product_id, name, quantity, unit_price, subtotal)
VALUES ('1cb20432-0e34-45bc-9378-0f15ebab4533', '48233f0a-6e57-4a45-b033-627d13f1be78', 'Cappuccino', 3, 120, 360);

INSERT INTO public.order_items (order_id, product_id, name, quantity, unit_price, subtotal)
VALUES ('1cb20432-0e34-45bc-9378-0f15ebab4533', '36c93748-7c86-4ddb-ba49-1bd1a164bf42', 'Blueberry Muffin', 3, 95, 285);

INSERT INTO public.order_items (order_id, product_id, name, quantity, unit_price, subtotal)
VALUES ('1cb20432-0e34-45bc-9378-0f15ebab4533', '83a6812d-2665-4ce5-871a-78a4eab3ce80', 'Americano', 2, 100, 200);

INSERT INTO public.order_items (order_id, product_id, name, quantity, unit_price, subtotal)
VALUES ('1cb20432-0e34-45bc-9378-0f15ebab4533', '36c93748-7c86-4ddb-ba49-1bd1a164bf42', 'Blueberry Muffin', 3, 95, 285);

INSERT INTO public.orders (id, order_id, status, amount, payment_method, cashier_name, created_at)
VALUES ('645e0b0c-808f-452f-aebf-294dc87f3faf', 'ORD-01989', 'Completed', 440, 'Credit Card', 'System Seed', '2026-06-07T02:42:55.990Z');

INSERT INTO public.order_items (order_id, product_id, name, quantity, unit_price, subtotal)
VALUES ('645e0b0c-808f-452f-aebf-294dc87f3faf', '65f0b94f-ccbe-4b50-a175-66810ae10f44', 'Croissant', 1, 80, 80);

INSERT INTO public.order_items (order_id, product_id, name, quantity, unit_price, subtotal)
VALUES ('645e0b0c-808f-452f-aebf-294dc87f3faf', '48233f0a-6e57-4a45-b033-627d13f1be78', 'Cappuccino', 3, 120, 360);

INSERT INTO public.orders (id, order_id, status, amount, payment_method, cashier_name, created_at)
VALUES ('58ee9967-bfa0-4530-b919-b404f9454eab', 'ORD-01990', 'Completed', 720, 'Maya', 'System Seed', '2026-06-07T04:40:30.990Z');

INSERT INTO public.order_items (order_id, product_id, name, quantity, unit_price, subtotal)
VALUES ('58ee9967-bfa0-4530-b919-b404f9454eab', '83a6812d-2665-4ce5-871a-78a4eab3ce80', 'Americano', 2, 100, 200);

INSERT INTO public.order_items (order_id, product_id, name, quantity, unit_price, subtotal)
VALUES ('58ee9967-bfa0-4530-b919-b404f9454eab', '36c93748-7c86-4ddb-ba49-1bd1a164bf42', 'Blueberry Muffin', 2, 95, 190);

INSERT INTO public.order_items (order_id, product_id, name, quantity, unit_price, subtotal)
VALUES ('58ee9967-bfa0-4530-b919-b404f9454eab', 'dfe22f11-84a3-41d2-a268-149f012eae60', 'Sparkling Lemonade', 3, 110, 330);

INSERT INTO public.orders (id, order_id, status, amount, payment_method, cashier_name, created_at)
VALUES ('22b3db57-fcf1-46a0-997f-6ac21cc2d062', 'ORD-01991', 'Completed', 835, 'Credit Card', 'System Seed', '2026-06-07T10:12:05.990Z');

INSERT INTO public.order_items (order_id, product_id, name, quantity, unit_price, subtotal)
VALUES ('22b3db57-fcf1-46a0-997f-6ac21cc2d062', '48233f0a-6e57-4a45-b033-627d13f1be78', 'Cappuccino', 2, 120, 240);

INSERT INTO public.order_items (order_id, product_id, name, quantity, unit_price, subtotal)
VALUES ('22b3db57-fcf1-46a0-997f-6ac21cc2d062', '36c93748-7c86-4ddb-ba49-1bd1a164bf42', 'Blueberry Muffin', 3, 95, 285);

INSERT INTO public.order_items (order_id, product_id, name, quantity, unit_price, subtotal)
VALUES ('22b3db57-fcf1-46a0-997f-6ac21cc2d062', 'dfe22f11-84a3-41d2-a268-149f012eae60', 'Sparkling Lemonade', 1, 110, 110);

INSERT INTO public.order_items (order_id, product_id, name, quantity, unit_price, subtotal)
VALUES ('22b3db57-fcf1-46a0-997f-6ac21cc2d062', '83a6812d-2665-4ce5-871a-78a4eab3ce80', 'Americano', 2, 100, 200);

INSERT INTO public.orders (id, order_id, status, amount, payment_method, cashier_name, created_at)
VALUES ('6ad72d3b-41b8-49e9-91c1-96f708d90777', 'ORD-01992', 'Void (Consumed)', 725, 'Maya', 'System Seed', '2026-06-06T23:10:26.990Z');

INSERT INTO public.order_items (order_id, product_id, name, quantity, unit_price, subtotal)
VALUES ('6ad72d3b-41b8-49e9-91c1-96f708d90777', '48233f0a-6e57-4a45-b033-627d13f1be78', 'Cappuccino', 2, 120, 240);

INSERT INTO public.order_items (order_id, product_id, name, quantity, unit_price, subtotal)
VALUES ('6ad72d3b-41b8-49e9-91c1-96f708d90777', 'dfe22f11-84a3-41d2-a268-149f012eae60', 'Sparkling Lemonade', 1, 110, 110);

INSERT INTO public.order_items (order_id, product_id, name, quantity, unit_price, subtotal)
VALUES ('6ad72d3b-41b8-49e9-91c1-96f708d90777', 'fe6b02e6-9366-4abd-874c-fcb832e0e282', 'Green Tea', 1, 90, 90);

INSERT INTO public.order_items (order_id, product_id, name, quantity, unit_price, subtotal)
VALUES ('6ad72d3b-41b8-49e9-91c1-96f708d90777', '36c93748-7c86-4ddb-ba49-1bd1a164bf42', 'Blueberry Muffin', 3, 95, 285);

INSERT INTO public.orders (id, order_id, status, amount, payment_method, cashier_name, created_at)
VALUES ('043835b4-8091-4e0d-be68-38323723771d', 'ORD-01993', 'Completed', 420, 'Maya', 'System Seed', '2026-06-07T00:39:33.990Z');

INSERT INTO public.order_items (order_id, product_id, name, quantity, unit_price, subtotal)
VALUES ('043835b4-8091-4e0d-be68-38323723771d', 'fe6b02e6-9366-4abd-874c-fcb832e0e282', 'Green Tea', 2, 90, 180);

INSERT INTO public.order_items (order_id, product_id, name, quantity, unit_price, subtotal)
VALUES ('043835b4-8091-4e0d-be68-38323723771d', '65f0b94f-ccbe-4b50-a175-66810ae10f44', 'Croissant', 3, 80, 240);

INSERT INTO public.orders (id, order_id, status, amount, payment_method, cashier_name, created_at)
VALUES ('9dbdea1b-dcef-48cf-bc78-b9edf0eb1bf1', 'ORD-01994', 'Completed', 665, 'GCash', 'System Seed', '2026-06-07T12:33:38.990Z');

INSERT INTO public.order_items (order_id, product_id, name, quantity, unit_price, subtotal)
VALUES ('9dbdea1b-dcef-48cf-bc78-b9edf0eb1bf1', 'fe6b02e6-9366-4abd-874c-fcb832e0e282', 'Green Tea', 3, 90, 270);

INSERT INTO public.order_items (order_id, product_id, name, quantity, unit_price, subtotal)
VALUES ('9dbdea1b-dcef-48cf-bc78-b9edf0eb1bf1', 'dfe22f11-84a3-41d2-a268-149f012eae60', 'Sparkling Lemonade', 1, 110, 110);

INSERT INTO public.order_items (order_id, product_id, name, quantity, unit_price, subtotal)
VALUES ('9dbdea1b-dcef-48cf-bc78-b9edf0eb1bf1', '36c93748-7c86-4ddb-ba49-1bd1a164bf42', 'Blueberry Muffin', 3, 95, 285);

INSERT INTO public.orders (id, order_id, status, amount, payment_method, cashier_name, created_at)
VALUES ('fe6cb6cb-2533-4930-941b-198bcd2b5f22', 'ORD-01995', 'Completed', 1410, 'Credit Card', 'System Seed', '2026-06-06T23:13:17.990Z');

INSERT INTO public.order_items (order_id, product_id, name, quantity, unit_price, subtotal)
VALUES ('fe6cb6cb-2533-4930-941b-198bcd2b5f22', '1b5c6269-ce45-4413-acb8-21813cd7f9cf', 'Mocha', 3, 140, 420);

INSERT INTO public.order_items (order_id, product_id, name, quantity, unit_price, subtotal)
VALUES ('fe6cb6cb-2533-4930-941b-198bcd2b5f22', 'dfe22f11-84a3-41d2-a268-149f012eae60', 'Sparkling Lemonade', 3, 110, 330);

INSERT INTO public.order_items (order_id, product_id, name, quantity, unit_price, subtotal)
VALUES ('fe6cb6cb-2533-4930-941b-198bcd2b5f22', '1b5c6269-ce45-4413-acb8-21813cd7f9cf', 'Mocha', 3, 140, 420);

INSERT INTO public.order_items (order_id, product_id, name, quantity, unit_price, subtotal)
VALUES ('fe6cb6cb-2533-4930-941b-198bcd2b5f22', '3a6a55c0-70f3-4417-a252-db77d9e511c0', 'Latte', 2, 120, 240);

INSERT INTO public.orders (id, order_id, status, amount, payment_method, cashier_name, created_at)
VALUES ('91d9d182-ca6b-4789-8268-a967a5021f83', 'ORD-01996', 'Void (Not Made)', 200, 'GCash', 'System Seed', '2026-06-07T05:36:53.990Z');

INSERT INTO public.order_items (order_id, product_id, name, quantity, unit_price, subtotal)
VALUES ('91d9d182-ca6b-4789-8268-a967a5021f83', '83a6812d-2665-4ce5-871a-78a4eab3ce80', 'Americano', 2, 100, 200);

INSERT INTO public.orders (id, order_id, status, amount, payment_method, cashier_name, created_at)
VALUES ('966a40a9-e2a7-4158-ac55-1d016125c61c', 'ORD-01997', 'Completed', 770, 'Credit Card', 'System Seed', '2026-06-07T10:48:31.990Z');

INSERT INTO public.order_items (order_id, product_id, name, quantity, unit_price, subtotal)
VALUES ('966a40a9-e2a7-4158-ac55-1d016125c61c', '3a6a55c0-70f3-4417-a252-db77d9e511c0', 'Latte', 2, 120, 240);

INSERT INTO public.order_items (order_id, product_id, name, quantity, unit_price, subtotal)
VALUES ('966a40a9-e2a7-4158-ac55-1d016125c61c', 'dfe22f11-84a3-41d2-a268-149f012eae60', 'Sparkling Lemonade', 3, 110, 330);

INSERT INTO public.order_items (order_id, product_id, name, quantity, unit_price, subtotal)
VALUES ('966a40a9-e2a7-4158-ac55-1d016125c61c', '3a6a55c0-70f3-4417-a252-db77d9e511c0', 'Latte', 1, 120, 120);

INSERT INTO public.order_items (order_id, product_id, name, quantity, unit_price, subtotal)
VALUES ('966a40a9-e2a7-4158-ac55-1d016125c61c', '65f0b94f-ccbe-4b50-a175-66810ae10f44', 'Croissant', 1, 80, 80);

INSERT INTO public.orders (id, order_id, status, amount, payment_method, cashier_name, created_at)
VALUES ('c0c89db0-4b56-4b1f-a6b6-c8122e3d0a24', 'ORD-01998', 'Void (Not Made)', 560, 'GCash', 'System Seed', '2026-06-07T07:30:49.990Z');

INSERT INTO public.order_items (order_id, product_id, name, quantity, unit_price, subtotal)
VALUES ('c0c89db0-4b56-4b1f-a6b6-c8122e3d0a24', '48233f0a-6e57-4a45-b033-627d13f1be78', 'Cappuccino', 2, 120, 240);

INSERT INTO public.order_items (order_id, product_id, name, quantity, unit_price, subtotal)
VALUES ('c0c89db0-4b56-4b1f-a6b6-c8122e3d0a24', '65f0b94f-ccbe-4b50-a175-66810ae10f44', 'Croissant', 2, 80, 160);

INSERT INTO public.order_items (order_id, product_id, name, quantity, unit_price, subtotal)
VALUES ('c0c89db0-4b56-4b1f-a6b6-c8122e3d0a24', '65f0b94f-ccbe-4b50-a175-66810ae10f44', 'Croissant', 2, 80, 160);

INSERT INTO public.orders (id, order_id, status, amount, payment_method, cashier_name, created_at)
VALUES ('fc4155fe-fdc2-4828-a9ea-dacd20aa3211', 'ORD-01999', 'Void (Consumed)', 540, 'GCash', 'System Seed', '2026-06-07T06:37:39.990Z');

INSERT INTO public.order_items (order_id, product_id, name, quantity, unit_price, subtotal)
VALUES ('fc4155fe-fdc2-4828-a9ea-dacd20aa3211', '1b5c6269-ce45-4413-acb8-21813cd7f9cf', 'Mocha', 3, 140, 420);

INSERT INTO public.order_items (order_id, product_id, name, quantity, unit_price, subtotal)
VALUES ('fc4155fe-fdc2-4828-a9ea-dacd20aa3211', '3a6a55c0-70f3-4417-a252-db77d9e511c0', 'Latte', 1, 120, 120);

INSERT INTO public.orders (id, order_id, status, amount, payment_method, cashier_name, created_at)
VALUES ('ea04f809-7d63-41d3-a52c-9338ef3419fe', 'ORD-02000', 'Void (Consumed)', 905, 'Credit Card', 'System Seed', '2026-06-07T03:14:04.990Z');

INSERT INTO public.order_items (order_id, product_id, name, quantity, unit_price, subtotal)
VALUES ('ea04f809-7d63-41d3-a52c-9338ef3419fe', '65f0b94f-ccbe-4b50-a175-66810ae10f44', 'Croissant', 3, 80, 240);

INSERT INTO public.order_items (order_id, product_id, name, quantity, unit_price, subtotal)
VALUES ('ea04f809-7d63-41d3-a52c-9338ef3419fe', '36c93748-7c86-4ddb-ba49-1bd1a164bf42', 'Blueberry Muffin', 1, 95, 95);

INSERT INTO public.order_items (order_id, product_id, name, quantity, unit_price, subtotal)
VALUES ('ea04f809-7d63-41d3-a52c-9338ef3419fe', 'fe6b02e6-9366-4abd-874c-fcb832e0e282', 'Green Tea', 3, 90, 270);

INSERT INTO public.order_items (order_id, product_id, name, quantity, unit_price, subtotal)
VALUES ('ea04f809-7d63-41d3-a52c-9338ef3419fe', '83a6812d-2665-4ce5-871a-78a4eab3ce80', 'Americano', 3, 100, 300);

INSERT INTO public.orders (id, order_id, status, amount, payment_method, cashier_name, created_at)
VALUES ('2f973473-c19e-4ff1-ae5a-3cba36642a15', 'ORD-02001', 'Void (Not Made)', 365, 'Maya', 'System Seed', '2026-06-07T10:49:44.990Z');

INSERT INTO public.order_items (order_id, product_id, name, quantity, unit_price, subtotal)
VALUES ('2f973473-c19e-4ff1-ae5a-3cba36642a15', '36c93748-7c86-4ddb-ba49-1bd1a164bf42', 'Blueberry Muffin', 3, 95, 285);

INSERT INTO public.order_items (order_id, product_id, name, quantity, unit_price, subtotal)
VALUES ('2f973473-c19e-4ff1-ae5a-3cba36642a15', '65f0b94f-ccbe-4b50-a175-66810ae10f44', 'Croissant', 1, 80, 80);

INSERT INTO public.orders (id, order_id, status, amount, payment_method, cashier_name, created_at)
VALUES ('060b5249-8b59-482c-b05f-2bd728d8fd3f', 'ORD-02002', 'Completed', 300, 'Cash', 'System Seed', '2026-06-07T08:55:29.990Z');

INSERT INTO public.order_items (order_id, product_id, name, quantity, unit_price, subtotal)
VALUES ('060b5249-8b59-482c-b05f-2bd728d8fd3f', '1b5c6269-ce45-4413-acb8-21813cd7f9cf', 'Mocha', 1, 140, 140);

INSERT INTO public.order_items (order_id, product_id, name, quantity, unit_price, subtotal)
VALUES ('060b5249-8b59-482c-b05f-2bd728d8fd3f', '65f0b94f-ccbe-4b50-a175-66810ae10f44', 'Croissant', 1, 80, 80);

INSERT INTO public.order_items (order_id, product_id, name, quantity, unit_price, subtotal)
VALUES ('060b5249-8b59-482c-b05f-2bd728d8fd3f', '65f0b94f-ccbe-4b50-a175-66810ae10f44', 'Croissant', 1, 80, 80);

INSERT INTO public.orders (id, order_id, status, amount, payment_method, cashier_name, created_at)
VALUES ('8086e52a-75b4-443b-9e50-a9609ad3de2a', 'ORD-02003', 'Completed', 140, 'GCash', 'System Seed', '2026-06-07T08:06:01.990Z');

INSERT INTO public.order_items (order_id, product_id, name, quantity, unit_price, subtotal)
VALUES ('8086e52a-75b4-443b-9e50-a9609ad3de2a', '1b5c6269-ce45-4413-acb8-21813cd7f9cf', 'Mocha', 1, 140, 140);

INSERT INTO public.orders (id, order_id, status, amount, payment_method, cashier_name, created_at)
VALUES ('3201e09f-d1e6-401b-9f88-76e669b588e5', 'ORD-02004', 'Void (Consumed)', 680, 'Cash', 'System Seed', '2026-06-07T02:21:02.990Z');

INSERT INTO public.order_items (order_id, product_id, name, quantity, unit_price, subtotal)
VALUES ('3201e09f-d1e6-401b-9f88-76e669b588e5', '83a6812d-2665-4ce5-871a-78a4eab3ce80', 'Americano', 1, 100, 100);

INSERT INTO public.order_items (order_id, product_id, name, quantity, unit_price, subtotal)
VALUES ('3201e09f-d1e6-401b-9f88-76e669b588e5', '1b5c6269-ce45-4413-acb8-21813cd7f9cf', 'Mocha', 3, 140, 420);

INSERT INTO public.order_items (order_id, product_id, name, quantity, unit_price, subtotal)
VALUES ('3201e09f-d1e6-401b-9f88-76e669b588e5', '65f0b94f-ccbe-4b50-a175-66810ae10f44', 'Croissant', 1, 80, 80);

INSERT INTO public.order_items (order_id, product_id, name, quantity, unit_price, subtotal)
VALUES ('3201e09f-d1e6-401b-9f88-76e669b588e5', '65f0b94f-ccbe-4b50-a175-66810ae10f44', 'Croissant', 1, 80, 80);

INSERT INTO public.orders (id, order_id, status, amount, payment_method, cashier_name, created_at)
VALUES ('355d529b-1fdf-44fb-8258-879f51a086bb', 'ORD-02005', 'Void (Not Made)', 650, 'Credit Card', 'System Seed', '2026-06-07T06:52:30.990Z');

INSERT INTO public.order_items (order_id, product_id, name, quantity, unit_price, subtotal)
VALUES ('355d529b-1fdf-44fb-8258-879f51a086bb', 'dfe22f11-84a3-41d2-a268-149f012eae60', 'Sparkling Lemonade', 1, 110, 110);

INSERT INTO public.order_items (order_id, product_id, name, quantity, unit_price, subtotal)
VALUES ('355d529b-1fdf-44fb-8258-879f51a086bb', 'fe6b02e6-9366-4abd-874c-fcb832e0e282', 'Green Tea', 3, 90, 270);

INSERT INTO public.order_items (order_id, product_id, name, quantity, unit_price, subtotal)
VALUES ('355d529b-1fdf-44fb-8258-879f51a086bb', '65f0b94f-ccbe-4b50-a175-66810ae10f44', 'Croissant', 1, 80, 80);

INSERT INTO public.order_items (order_id, product_id, name, quantity, unit_price, subtotal)
VALUES ('355d529b-1fdf-44fb-8258-879f51a086bb', '36c93748-7c86-4ddb-ba49-1bd1a164bf42', 'Blueberry Muffin', 2, 95, 190);

INSERT INTO public.orders (id, order_id, status, amount, payment_method, cashier_name, created_at)
VALUES ('bba41352-4e03-40c2-9826-70d6c61908b1', 'ORD-02006', 'Void (Not Made)', 540, 'Maya', 'System Seed', '2026-06-07T05:04:27.990Z');

INSERT INTO public.order_items (order_id, product_id, name, quantity, unit_price, subtotal)
VALUES ('bba41352-4e03-40c2-9826-70d6c61908b1', '1b5c6269-ce45-4413-acb8-21813cd7f9cf', 'Mocha', 3, 140, 420);

INSERT INTO public.order_items (order_id, product_id, name, quantity, unit_price, subtotal)
VALUES ('bba41352-4e03-40c2-9826-70d6c61908b1', '3a6a55c0-70f3-4417-a252-db77d9e511c0', 'Latte', 1, 120, 120);

INSERT INTO public.orders (id, order_id, status, amount, payment_method, cashier_name, created_at)
VALUES ('39630c10-677c-4cd1-9bfb-db4b600acbd5', 'ORD-02007', 'Completed', 585, 'Credit Card', 'System Seed', '2026-06-07T09:06:34.990Z');

INSERT INTO public.order_items (order_id, product_id, name, quantity, unit_price, subtotal)
VALUES ('39630c10-677c-4cd1-9bfb-db4b600acbd5', '83a6812d-2665-4ce5-871a-78a4eab3ce80', 'Americano', 3, 100, 300);

INSERT INTO public.order_items (order_id, product_id, name, quantity, unit_price, subtotal)
VALUES ('39630c10-677c-4cd1-9bfb-db4b600acbd5', '36c93748-7c86-4ddb-ba49-1bd1a164bf42', 'Blueberry Muffin', 1, 95, 95);

INSERT INTO public.order_items (order_id, product_id, name, quantity, unit_price, subtotal)
VALUES ('39630c10-677c-4cd1-9bfb-db4b600acbd5', '36c93748-7c86-4ddb-ba49-1bd1a164bf42', 'Blueberry Muffin', 2, 95, 190);

INSERT INTO public.orders (id, order_id, status, amount, payment_method, cashier_name, created_at)
VALUES ('f123b38d-67d7-417f-a237-8bb4936b271b', 'ORD-02008', 'Void (Consumed)', 810, 'GCash', 'System Seed', '2026-06-07T06:32:57.990Z');

INSERT INTO public.order_items (order_id, product_id, name, quantity, unit_price, subtotal)
VALUES ('f123b38d-67d7-417f-a237-8bb4936b271b', 'fe6b02e6-9366-4abd-874c-fcb832e0e282', 'Green Tea', 2, 90, 180);

INSERT INTO public.order_items (order_id, product_id, name, quantity, unit_price, subtotal)
VALUES ('f123b38d-67d7-417f-a237-8bb4936b271b', '3a6a55c0-70f3-4417-a252-db77d9e511c0', 'Latte', 1, 120, 120);

INSERT INTO public.order_items (order_id, product_id, name, quantity, unit_price, subtotal)
VALUES ('f123b38d-67d7-417f-a237-8bb4936b271b', 'fe6b02e6-9366-4abd-874c-fcb832e0e282', 'Green Tea', 3, 90, 270);

INSERT INTO public.order_items (order_id, product_id, name, quantity, unit_price, subtotal)
VALUES ('f123b38d-67d7-417f-a237-8bb4936b271b', '3a6a55c0-70f3-4417-a252-db77d9e511c0', 'Latte', 2, 120, 240);

INSERT INTO public.orders (id, order_id, status, amount, payment_method, cashier_name, created_at)
VALUES ('54d0790b-83df-483f-b772-fce9712ab73f', 'ORD-02009', 'Void (Not Made)', 380, 'Credit Card', 'System Seed', '2026-06-06T23:03:36.990Z');

INSERT INTO public.order_items (order_id, product_id, name, quantity, unit_price, subtotal)
VALUES ('54d0790b-83df-483f-b772-fce9712ab73f', '1b5c6269-ce45-4413-acb8-21813cd7f9cf', 'Mocha', 1, 140, 140);

INSERT INTO public.order_items (order_id, product_id, name, quantity, unit_price, subtotal)
VALUES ('54d0790b-83df-483f-b772-fce9712ab73f', '3a6a55c0-70f3-4417-a252-db77d9e511c0', 'Latte', 2, 120, 240);

INSERT INTO public.orders (id, order_id, status, amount, payment_method, cashier_name, created_at)
VALUES ('da73d16c-dbe8-4f50-a1ff-b611caf24fa6', 'ORD-02010', 'Completed', 860, 'Maya', 'System Seed', '2026-06-07T09:02:28.990Z');

INSERT INTO public.order_items (order_id, product_id, name, quantity, unit_price, subtotal)
VALUES ('da73d16c-dbe8-4f50-a1ff-b611caf24fa6', '1b5c6269-ce45-4413-acb8-21813cd7f9cf', 'Mocha', 2, 140, 280);

INSERT INTO public.order_items (order_id, product_id, name, quantity, unit_price, subtotal)
VALUES ('da73d16c-dbe8-4f50-a1ff-b611caf24fa6', '48233f0a-6e57-4a45-b033-627d13f1be78', 'Cappuccino', 3, 120, 360);

INSERT INTO public.order_items (order_id, product_id, name, quantity, unit_price, subtotal)
VALUES ('da73d16c-dbe8-4f50-a1ff-b611caf24fa6', 'dfe22f11-84a3-41d2-a268-149f012eae60', 'Sparkling Lemonade', 2, 110, 220);

INSERT INTO public.orders (id, order_id, status, amount, payment_method, cashier_name, created_at)
VALUES ('211932ac-e46c-410d-b68a-352ae36bd26d', 'ORD-02011', 'Completed', 540, 'Credit Card', 'System Seed', '2026-06-07T00:34:19.990Z');

INSERT INTO public.order_items (order_id, product_id, name, quantity, unit_price, subtotal)
VALUES ('211932ac-e46c-410d-b68a-352ae36bd26d', '1b5c6269-ce45-4413-acb8-21813cd7f9cf', 'Mocha', 2, 140, 280);

INSERT INTO public.order_items (order_id, product_id, name, quantity, unit_price, subtotal)
VALUES ('211932ac-e46c-410d-b68a-352ae36bd26d', '1b5c6269-ce45-4413-acb8-21813cd7f9cf', 'Mocha', 1, 140, 140);

INSERT INTO public.order_items (order_id, product_id, name, quantity, unit_price, subtotal)
VALUES ('211932ac-e46c-410d-b68a-352ae36bd26d', '48233f0a-6e57-4a45-b033-627d13f1be78', 'Cappuccino', 1, 120, 120);

INSERT INTO public.orders (id, order_id, status, amount, payment_method, cashier_name, created_at)
VALUES ('f2779f6e-d56e-462e-8433-e640e91307a8', 'ORD-02012', 'Completed', 840, 'Maya', 'System Seed', '2026-06-07T06:04:45.990Z');

INSERT INTO public.order_items (order_id, product_id, name, quantity, unit_price, subtotal)
VALUES ('f2779f6e-d56e-462e-8433-e640e91307a8', '3a6a55c0-70f3-4417-a252-db77d9e511c0', 'Latte', 1, 120, 120);

INSERT INTO public.order_items (order_id, product_id, name, quantity, unit_price, subtotal)
VALUES ('f2779f6e-d56e-462e-8433-e640e91307a8', '48233f0a-6e57-4a45-b033-627d13f1be78', 'Cappuccino', 3, 120, 360);

INSERT INTO public.order_items (order_id, product_id, name, quantity, unit_price, subtotal)
VALUES ('f2779f6e-d56e-462e-8433-e640e91307a8', '3a6a55c0-70f3-4417-a252-db77d9e511c0', 'Latte', 3, 120, 360);

INSERT INTO public.orders (id, order_id, status, amount, payment_method, cashier_name, created_at)
VALUES ('92ee9262-3665-4a77-94e1-dc1d88de8918', 'ORD-02013', 'Completed', 240, 'Cash', 'System Seed', '2026-06-07T12:59:33.990Z');

INSERT INTO public.order_items (order_id, product_id, name, quantity, unit_price, subtotal)
VALUES ('92ee9262-3665-4a77-94e1-dc1d88de8918', '3a6a55c0-70f3-4417-a252-db77d9e511c0', 'Latte', 2, 120, 240);

INSERT INTO public.orders (id, order_id, status, amount, payment_method, cashier_name, created_at)
VALUES ('be2e4389-a763-4fbd-9424-411e668a80b2', 'ORD-02014', 'Completed', 790, 'Cash', 'System Seed', '2026-06-08T01:18:59.990Z');

INSERT INTO public.order_items (order_id, product_id, name, quantity, unit_price, subtotal)
VALUES ('be2e4389-a763-4fbd-9424-411e668a80b2', '1b5c6269-ce45-4413-acb8-21813cd7f9cf', 'Mocha', 3, 140, 420);

INSERT INTO public.order_items (order_id, product_id, name, quantity, unit_price, subtotal)
VALUES ('be2e4389-a763-4fbd-9424-411e668a80b2', '36c93748-7c86-4ddb-ba49-1bd1a164bf42', 'Blueberry Muffin', 2, 95, 190);

INSERT INTO public.order_items (order_id, product_id, name, quantity, unit_price, subtotal)
VALUES ('be2e4389-a763-4fbd-9424-411e668a80b2', 'fe6b02e6-9366-4abd-874c-fcb832e0e282', 'Green Tea', 2, 90, 180);

INSERT INTO public.orders (id, order_id, status, amount, payment_method, cashier_name, created_at)
VALUES ('9ce0fde9-0d60-4bc1-9921-4d6fb51b311a', 'ORD-02015', 'Completed', 600, 'GCash', 'System Seed', '2026-06-08T00:30:07.990Z');

INSERT INTO public.order_items (order_id, product_id, name, quantity, unit_price, subtotal)
VALUES ('9ce0fde9-0d60-4bc1-9921-4d6fb51b311a', '3a6a55c0-70f3-4417-a252-db77d9e511c0', 'Latte', 3, 120, 360);

INSERT INTO public.order_items (order_id, product_id, name, quantity, unit_price, subtotal)
VALUES ('9ce0fde9-0d60-4bc1-9921-4d6fb51b311a', '3a6a55c0-70f3-4417-a252-db77d9e511c0', 'Latte', 2, 120, 240);

INSERT INTO public.orders (id, order_id, status, amount, payment_method, cashier_name, created_at)
VALUES ('41463c83-f9c8-4551-8380-7f479805c565', 'ORD-02016', 'Completed', 700, 'Cash', 'System Seed', '2026-06-07T23:56:47.990Z');

INSERT INTO public.order_items (order_id, product_id, name, quantity, unit_price, subtotal)
VALUES ('41463c83-f9c8-4551-8380-7f479805c565', '1b5c6269-ce45-4413-acb8-21813cd7f9cf', 'Mocha', 1, 140, 140);

INSERT INTO public.order_items (order_id, product_id, name, quantity, unit_price, subtotal)
VALUES ('41463c83-f9c8-4551-8380-7f479805c565', 'dfe22f11-84a3-41d2-a268-149f012eae60', 'Sparkling Lemonade', 3, 110, 330);

INSERT INTO public.order_items (order_id, product_id, name, quantity, unit_price, subtotal)
VALUES ('41463c83-f9c8-4551-8380-7f479805c565', '1b5c6269-ce45-4413-acb8-21813cd7f9cf', 'Mocha', 1, 140, 140);

INSERT INTO public.order_items (order_id, product_id, name, quantity, unit_price, subtotal)
VALUES ('41463c83-f9c8-4551-8380-7f479805c565', 'fe6b02e6-9366-4abd-874c-fcb832e0e282', 'Green Tea', 1, 90, 90);

INSERT INTO public.orders (id, order_id, status, amount, payment_method, cashier_name, created_at)
VALUES ('8349fe5d-58c2-4853-9833-556c01148cc6', 'ORD-02017', 'Completed', 330, 'Maya', 'System Seed', '2026-06-08T11:44:08.990Z');

INSERT INTO public.order_items (order_id, product_id, name, quantity, unit_price, subtotal)
VALUES ('8349fe5d-58c2-4853-9833-556c01148cc6', 'dfe22f11-84a3-41d2-a268-149f012eae60', 'Sparkling Lemonade', 3, 110, 330);

INSERT INTO public.orders (id, order_id, status, amount, payment_method, cashier_name, created_at)
VALUES ('49efb500-d9d2-441d-9d91-59dfcf442ee5', 'ORD-02018', 'Void (Consumed)', 1020, 'Cash', 'System Seed', '2026-06-08T07:53:55.990Z');

INSERT INTO public.order_items (order_id, product_id, name, quantity, unit_price, subtotal)
VALUES ('49efb500-d9d2-441d-9d91-59dfcf442ee5', 'dfe22f11-84a3-41d2-a268-149f012eae60', 'Sparkling Lemonade', 3, 110, 330);

INSERT INTO public.order_items (order_id, product_id, name, quantity, unit_price, subtotal)
VALUES ('49efb500-d9d2-441d-9d91-59dfcf442ee5', '65f0b94f-ccbe-4b50-a175-66810ae10f44', 'Croissant', 3, 80, 240);

INSERT INTO public.order_items (order_id, product_id, name, quantity, unit_price, subtotal)
VALUES ('49efb500-d9d2-441d-9d91-59dfcf442ee5', 'fe6b02e6-9366-4abd-874c-fcb832e0e282', 'Green Tea', 2, 90, 180);

INSERT INTO public.order_items (order_id, product_id, name, quantity, unit_price, subtotal)
VALUES ('49efb500-d9d2-441d-9d91-59dfcf442ee5', 'fe6b02e6-9366-4abd-874c-fcb832e0e282', 'Green Tea', 3, 90, 270);

INSERT INTO public.orders (id, order_id, status, amount, payment_method, cashier_name, created_at)
VALUES ('76b05b85-fb02-4070-bc51-a8ad5efb6045', 'ORD-02019', 'Void (Consumed)', 720, 'Cash', 'System Seed', '2026-06-08T00:37:12.990Z');

INSERT INTO public.order_items (order_id, product_id, name, quantity, unit_price, subtotal)
VALUES ('76b05b85-fb02-4070-bc51-a8ad5efb6045', '48233f0a-6e57-4a45-b033-627d13f1be78', 'Cappuccino', 1, 120, 120);

INSERT INTO public.order_items (order_id, product_id, name, quantity, unit_price, subtotal)
VALUES ('76b05b85-fb02-4070-bc51-a8ad5efb6045', 'dfe22f11-84a3-41d2-a268-149f012eae60', 'Sparkling Lemonade', 1, 110, 110);

INSERT INTO public.order_items (order_id, product_id, name, quantity, unit_price, subtotal)
VALUES ('76b05b85-fb02-4070-bc51-a8ad5efb6045', 'dfe22f11-84a3-41d2-a268-149f012eae60', 'Sparkling Lemonade', 2, 110, 220);

INSERT INTO public.order_items (order_id, product_id, name, quantity, unit_price, subtotal)
VALUES ('76b05b85-fb02-4070-bc51-a8ad5efb6045', 'fe6b02e6-9366-4abd-874c-fcb832e0e282', 'Green Tea', 3, 90, 270);

INSERT INTO public.orders (id, order_id, status, amount, payment_method, cashier_name, created_at)
VALUES ('2aa6a2d0-87c6-4799-90b2-d529ddfecd1f', 'ORD-02020', 'Completed', 370, 'Cash', 'System Seed', '2026-06-08T09:51:23.990Z');

INSERT INTO public.order_items (order_id, product_id, name, quantity, unit_price, subtotal)
VALUES ('2aa6a2d0-87c6-4799-90b2-d529ddfecd1f', 'fe6b02e6-9366-4abd-874c-fcb832e0e282', 'Green Tea', 3, 90, 270);

INSERT INTO public.order_items (order_id, product_id, name, quantity, unit_price, subtotal)
VALUES ('2aa6a2d0-87c6-4799-90b2-d529ddfecd1f', '83a6812d-2665-4ce5-871a-78a4eab3ce80', 'Americano', 1, 100, 100);

INSERT INTO public.orders (id, order_id, status, amount, payment_method, cashier_name, created_at)
VALUES ('448c511c-7138-48a2-bac2-9909a789ce92', 'ORD-02021', 'Completed', 395, 'Cash', 'System Seed', '2026-06-08T02:51:10.990Z');

INSERT INTO public.order_items (order_id, product_id, name, quantity, unit_price, subtotal)
VALUES ('448c511c-7138-48a2-bac2-9909a789ce92', '1b5c6269-ce45-4413-acb8-21813cd7f9cf', 'Mocha', 1, 140, 140);

INSERT INTO public.order_items (order_id, product_id, name, quantity, unit_price, subtotal)
VALUES ('448c511c-7138-48a2-bac2-9909a789ce92', '65f0b94f-ccbe-4b50-a175-66810ae10f44', 'Croissant', 2, 80, 160);

INSERT INTO public.order_items (order_id, product_id, name, quantity, unit_price, subtotal)
VALUES ('448c511c-7138-48a2-bac2-9909a789ce92', '36c93748-7c86-4ddb-ba49-1bd1a164bf42', 'Blueberry Muffin', 1, 95, 95);

INSERT INTO public.orders (id, order_id, status, amount, payment_method, cashier_name, created_at)
VALUES ('b6991648-8bf7-4818-8206-79825d780a49', 'ORD-02022', 'Void (Not Made)', 460, 'Maya', 'System Seed', '2026-06-08T08:31:26.990Z');

INSERT INTO public.order_items (order_id, product_id, name, quantity, unit_price, subtotal)
VALUES ('b6991648-8bf7-4818-8206-79825d780a49', '83a6812d-2665-4ce5-871a-78a4eab3ce80', 'Americano', 1, 100, 100);

INSERT INTO public.order_items (order_id, product_id, name, quantity, unit_price, subtotal)
VALUES ('b6991648-8bf7-4818-8206-79825d780a49', '3a6a55c0-70f3-4417-a252-db77d9e511c0', 'Latte', 3, 120, 360);

INSERT INTO public.orders (id, order_id, status, amount, payment_method, cashier_name, created_at)
VALUES ('a2227029-2b33-46df-8a63-fe8453905dc7', 'ORD-02023', 'Void (Not Made)', 820, 'Credit Card', 'System Seed', '2026-06-08T03:03:23.990Z');

INSERT INTO public.order_items (order_id, product_id, name, quantity, unit_price, subtotal)
VALUES ('a2227029-2b33-46df-8a63-fe8453905dc7', '3a6a55c0-70f3-4417-a252-db77d9e511c0', 'Latte', 3, 120, 360);

INSERT INTO public.order_items (order_id, product_id, name, quantity, unit_price, subtotal)
VALUES ('a2227029-2b33-46df-8a63-fe8453905dc7', '83a6812d-2665-4ce5-871a-78a4eab3ce80', 'Americano', 1, 100, 100);

INSERT INTO public.order_items (order_id, product_id, name, quantity, unit_price, subtotal)
VALUES ('a2227029-2b33-46df-8a63-fe8453905dc7', '3a6a55c0-70f3-4417-a252-db77d9e511c0', 'Latte', 3, 120, 360);

INSERT INTO public.orders (id, order_id, status, amount, payment_method, cashier_name, created_at)
VALUES ('c530f439-4d91-47cf-abe9-a9a7dd8192dc', 'ORD-02024', 'Completed', 870, 'Cash', 'System Seed', '2026-06-08T11:57:05.990Z');

INSERT INTO public.order_items (order_id, product_id, name, quantity, unit_price, subtotal)
VALUES ('c530f439-4d91-47cf-abe9-a9a7dd8192dc', 'dfe22f11-84a3-41d2-a268-149f012eae60', 'Sparkling Lemonade', 3, 110, 330);

INSERT INTO public.order_items (order_id, product_id, name, quantity, unit_price, subtotal)
VALUES ('c530f439-4d91-47cf-abe9-a9a7dd8192dc', '3a6a55c0-70f3-4417-a252-db77d9e511c0', 'Latte', 2, 120, 240);

INSERT INTO public.order_items (order_id, product_id, name, quantity, unit_price, subtotal)
VALUES ('c530f439-4d91-47cf-abe9-a9a7dd8192dc', '83a6812d-2665-4ce5-871a-78a4eab3ce80', 'Americano', 2, 100, 200);

INSERT INTO public.order_items (order_id, product_id, name, quantity, unit_price, subtotal)
VALUES ('c530f439-4d91-47cf-abe9-a9a7dd8192dc', '83a6812d-2665-4ce5-871a-78a4eab3ce80', 'Americano', 1, 100, 100);

INSERT INTO public.orders (id, order_id, status, amount, payment_method, cashier_name, created_at)
VALUES ('fe7c94ae-7695-48d4-b484-d0384c3600d6', 'ORD-02025', 'Completed', 1065, 'Credit Card', 'System Seed', '2026-06-08T07:03:07.990Z');

INSERT INTO public.order_items (order_id, product_id, name, quantity, unit_price, subtotal)
VALUES ('fe7c94ae-7695-48d4-b484-d0384c3600d6', 'dfe22f11-84a3-41d2-a268-149f012eae60', 'Sparkling Lemonade', 3, 110, 330);

INSERT INTO public.order_items (order_id, product_id, name, quantity, unit_price, subtotal)
VALUES ('fe7c94ae-7695-48d4-b484-d0384c3600d6', 'fe6b02e6-9366-4abd-874c-fcb832e0e282', 'Green Tea', 1, 90, 90);

INSERT INTO public.order_items (order_id, product_id, name, quantity, unit_price, subtotal)
VALUES ('fe7c94ae-7695-48d4-b484-d0384c3600d6', '36c93748-7c86-4ddb-ba49-1bd1a164bf42', 'Blueberry Muffin', 3, 95, 285);

INSERT INTO public.order_items (order_id, product_id, name, quantity, unit_price, subtotal)
VALUES ('fe7c94ae-7695-48d4-b484-d0384c3600d6', '48233f0a-6e57-4a45-b033-627d13f1be78', 'Cappuccino', 3, 120, 360);

INSERT INTO public.orders (id, order_id, status, amount, payment_method, cashier_name, created_at)
VALUES ('0f78f390-faf7-4b55-9643-24f27108dce0', 'ORD-02026', 'Completed', 595, 'Cash', 'System Seed', '2026-06-08T10:01:51.990Z');

INSERT INTO public.order_items (order_id, product_id, name, quantity, unit_price, subtotal)
VALUES ('0f78f390-faf7-4b55-9643-24f27108dce0', '83a6812d-2665-4ce5-871a-78a4eab3ce80', 'Americano', 2, 100, 200);

INSERT INTO public.order_items (order_id, product_id, name, quantity, unit_price, subtotal)
VALUES ('0f78f390-faf7-4b55-9643-24f27108dce0', '83a6812d-2665-4ce5-871a-78a4eab3ce80', 'Americano', 3, 100, 300);

INSERT INTO public.order_items (order_id, product_id, name, quantity, unit_price, subtotal)
VALUES ('0f78f390-faf7-4b55-9643-24f27108dce0', '36c93748-7c86-4ddb-ba49-1bd1a164bf42', 'Blueberry Muffin', 1, 95, 95);

INSERT INTO public.orders (id, order_id, status, amount, payment_method, cashier_name, created_at)
VALUES ('6829022b-f81f-4289-82fa-b331357e41fa', 'ORD-02027', 'Void (Not Made)', 360, 'GCash', 'System Seed', '2026-06-08T09:22:21.990Z');

INSERT INTO public.order_items (order_id, product_id, name, quantity, unit_price, subtotal)
VALUES ('6829022b-f81f-4289-82fa-b331357e41fa', 'fe6b02e6-9366-4abd-874c-fcb832e0e282', 'Green Tea', 3, 90, 270);

INSERT INTO public.order_items (order_id, product_id, name, quantity, unit_price, subtotal)
VALUES ('6829022b-f81f-4289-82fa-b331357e41fa', 'fe6b02e6-9366-4abd-874c-fcb832e0e282', 'Green Tea', 1, 90, 90);

INSERT INTO public.orders (id, order_id, status, amount, payment_method, cashier_name, created_at)
VALUES ('2c445a5d-83a8-4c0f-aa57-cad012732c2e', 'ORD-02028', 'Completed', 330, 'Cash', 'System Seed', '2026-06-08T00:05:28.990Z');

INSERT INTO public.order_items (order_id, product_id, name, quantity, unit_price, subtotal)
VALUES ('2c445a5d-83a8-4c0f-aa57-cad012732c2e', 'dfe22f11-84a3-41d2-a268-149f012eae60', 'Sparkling Lemonade', 3, 110, 330);

INSERT INTO public.orders (id, order_id, status, amount, payment_method, cashier_name, created_at)
VALUES ('3144bc82-538f-48a9-a425-18a0d1372f44', 'ORD-02029', 'Completed', 240, 'Credit Card', 'System Seed', '2026-06-08T07:19:00.990Z');

INSERT INTO public.order_items (order_id, product_id, name, quantity, unit_price, subtotal)
VALUES ('3144bc82-538f-48a9-a425-18a0d1372f44', '48233f0a-6e57-4a45-b033-627d13f1be78', 'Cappuccino', 2, 120, 240);

INSERT INTO public.orders (id, order_id, status, amount, payment_method, cashier_name, created_at)
VALUES ('92a8d6cd-a3d5-419e-9e14-f7fa9a5d5025', 'ORD-02030', 'Void (Consumed)', 1205, 'Cash', 'System Seed', '2026-06-08T07:45:36.990Z');

INSERT INTO public.order_items (order_id, product_id, name, quantity, unit_price, subtotal)
VALUES ('92a8d6cd-a3d5-419e-9e14-f7fa9a5d5025', '48233f0a-6e57-4a45-b033-627d13f1be78', 'Cappuccino', 3, 120, 360);

INSERT INTO public.order_items (order_id, product_id, name, quantity, unit_price, subtotal)
VALUES ('92a8d6cd-a3d5-419e-9e14-f7fa9a5d5025', '1b5c6269-ce45-4413-acb8-21813cd7f9cf', 'Mocha', 1, 140, 140);

INSERT INTO public.order_items (order_id, product_id, name, quantity, unit_price, subtotal)
VALUES ('92a8d6cd-a3d5-419e-9e14-f7fa9a5d5025', '36c93748-7c86-4ddb-ba49-1bd1a164bf42', 'Blueberry Muffin', 3, 95, 285);

INSERT INTO public.order_items (order_id, product_id, name, quantity, unit_price, subtotal)
VALUES ('92a8d6cd-a3d5-419e-9e14-f7fa9a5d5025', '1b5c6269-ce45-4413-acb8-21813cd7f9cf', 'Mocha', 3, 140, 420);

INSERT INTO public.orders (id, order_id, status, amount, payment_method, cashier_name, created_at)
VALUES ('fc46775b-e7c9-465f-94ed-ee31877de295', 'ORD-02031', 'Void (Consumed)', 250, 'Cash', 'System Seed', '2026-06-08T08:19:51.990Z');

INSERT INTO public.order_items (order_id, product_id, name, quantity, unit_price, subtotal)
VALUES ('fc46775b-e7c9-465f-94ed-ee31877de295', 'dfe22f11-84a3-41d2-a268-149f012eae60', 'Sparkling Lemonade', 1, 110, 110);

INSERT INTO public.order_items (order_id, product_id, name, quantity, unit_price, subtotal)
VALUES ('fc46775b-e7c9-465f-94ed-ee31877de295', '1b5c6269-ce45-4413-acb8-21813cd7f9cf', 'Mocha', 1, 140, 140);

INSERT INTO public.orders (id, order_id, status, amount, payment_method, cashier_name, created_at)
VALUES ('c872eaa6-46f6-4856-b000-d32b270edac0', 'ORD-02032', 'Completed', 240, 'Credit Card', 'System Seed', '2026-06-08T09:14:43.990Z');

INSERT INTO public.order_items (order_id, product_id, name, quantity, unit_price, subtotal)
VALUES ('c872eaa6-46f6-4856-b000-d32b270edac0', '48233f0a-6e57-4a45-b033-627d13f1be78', 'Cappuccino', 2, 120, 240);

INSERT INTO public.orders (id, order_id, status, amount, payment_method, cashier_name, created_at)
VALUES ('66c5fa03-ea41-4768-ba10-312a44817364', 'ORD-02033', 'Completed', 240, 'Credit Card', 'System Seed', '2026-06-08T09:14:30.990Z');

INSERT INTO public.order_items (order_id, product_id, name, quantity, unit_price, subtotal)
VALUES ('66c5fa03-ea41-4768-ba10-312a44817364', '3a6a55c0-70f3-4417-a252-db77d9e511c0', 'Latte', 2, 120, 240);

INSERT INTO public.orders (id, order_id, status, amount, payment_method, cashier_name, created_at)
VALUES ('1b5054c7-285e-4947-9868-4e092d0749bc', 'ORD-02034', 'Completed', 805, 'Credit Card', 'System Seed', '2026-06-09T00:54:55.990Z');

INSERT INTO public.order_items (order_id, product_id, name, quantity, unit_price, subtotal)
VALUES ('1b5054c7-285e-4947-9868-4e092d0749bc', '83a6812d-2665-4ce5-871a-78a4eab3ce80', 'Americano', 3, 100, 300);

INSERT INTO public.order_items (order_id, product_id, name, quantity, unit_price, subtotal)
VALUES ('1b5054c7-285e-4947-9868-4e092d0749bc', '36c93748-7c86-4ddb-ba49-1bd1a164bf42', 'Blueberry Muffin', 1, 95, 95);

INSERT INTO public.order_items (order_id, product_id, name, quantity, unit_price, subtotal)
VALUES ('1b5054c7-285e-4947-9868-4e092d0749bc', '1b5c6269-ce45-4413-acb8-21813cd7f9cf', 'Mocha', 1, 140, 140);

INSERT INTO public.order_items (order_id, product_id, name, quantity, unit_price, subtotal)
VALUES ('1b5054c7-285e-4947-9868-4e092d0749bc', 'fe6b02e6-9366-4abd-874c-fcb832e0e282', 'Green Tea', 3, 90, 270);

INSERT INTO public.orders (id, order_id, status, amount, payment_method, cashier_name, created_at)
VALUES ('f7ac3010-0b9b-414c-b1d3-b059b6af0e1f', 'ORD-02035', 'Completed', 615, 'GCash', 'System Seed', '2026-06-09T02:25:44.990Z');

INSERT INTO public.order_items (order_id, product_id, name, quantity, unit_price, subtotal)
VALUES ('f7ac3010-0b9b-414c-b1d3-b059b6af0e1f', 'dfe22f11-84a3-41d2-a268-149f012eae60', 'Sparkling Lemonade', 3, 110, 330);

INSERT INTO public.order_items (order_id, product_id, name, quantity, unit_price, subtotal)
VALUES ('f7ac3010-0b9b-414c-b1d3-b059b6af0e1f', 'dfe22f11-84a3-41d2-a268-149f012eae60', 'Sparkling Lemonade', 1, 110, 110);

INSERT INTO public.order_items (order_id, product_id, name, quantity, unit_price, subtotal)
VALUES ('f7ac3010-0b9b-414c-b1d3-b059b6af0e1f', '36c93748-7c86-4ddb-ba49-1bd1a164bf42', 'Blueberry Muffin', 1, 95, 95);

INSERT INTO public.order_items (order_id, product_id, name, quantity, unit_price, subtotal)
VALUES ('f7ac3010-0b9b-414c-b1d3-b059b6af0e1f', '65f0b94f-ccbe-4b50-a175-66810ae10f44', 'Croissant', 1, 80, 80);

INSERT INTO public.orders (id, order_id, status, amount, payment_method, cashier_name, created_at)
VALUES ('92d4777b-2969-40a3-a2e7-aec2f85a0d6a', 'ORD-02036', 'Completed', 570, 'Credit Card', 'System Seed', '2026-06-09T04:53:46.990Z');

INSERT INTO public.order_items (order_id, product_id, name, quantity, unit_price, subtotal)
VALUES ('92d4777b-2969-40a3-a2e7-aec2f85a0d6a', '65f0b94f-ccbe-4b50-a175-66810ae10f44', 'Croissant', 3, 80, 240);

INSERT INTO public.order_items (order_id, product_id, name, quantity, unit_price, subtotal)
VALUES ('92d4777b-2969-40a3-a2e7-aec2f85a0d6a', '3a6a55c0-70f3-4417-a252-db77d9e511c0', 'Latte', 1, 120, 120);

INSERT INTO public.order_items (order_id, product_id, name, quantity, unit_price, subtotal)
VALUES ('92d4777b-2969-40a3-a2e7-aec2f85a0d6a', 'fe6b02e6-9366-4abd-874c-fcb832e0e282', 'Green Tea', 1, 90, 90);

INSERT INTO public.order_items (order_id, product_id, name, quantity, unit_price, subtotal)
VALUES ('92d4777b-2969-40a3-a2e7-aec2f85a0d6a', '48233f0a-6e57-4a45-b033-627d13f1be78', 'Cappuccino', 1, 120, 120);

INSERT INTO public.orders (id, order_id, status, amount, payment_method, cashier_name, created_at)
VALUES ('794af7a2-2140-4e42-b218-a4575f4a0619', 'ORD-02037', 'Completed', 95, 'Credit Card', 'System Seed', '2026-06-09T10:36:43.990Z');

INSERT INTO public.order_items (order_id, product_id, name, quantity, unit_price, subtotal)
VALUES ('794af7a2-2140-4e42-b218-a4575f4a0619', '36c93748-7c86-4ddb-ba49-1bd1a164bf42', 'Blueberry Muffin', 1, 95, 95);

INSERT INTO public.orders (id, order_id, status, amount, payment_method, cashier_name, created_at)
VALUES ('d9dfb34d-3364-4515-8e34-91741cf3a573', 'ORD-02038', 'Completed', 120, 'Cash', 'System Seed', '2026-06-09T01:34:55.990Z');

INSERT INTO public.order_items (order_id, product_id, name, quantity, unit_price, subtotal)
VALUES ('d9dfb34d-3364-4515-8e34-91741cf3a573', '3a6a55c0-70f3-4417-a252-db77d9e511c0', 'Latte', 1, 120, 120);

INSERT INTO public.orders (id, order_id, status, amount, payment_method, cashier_name, created_at)
VALUES ('c8701bd6-8f5f-46fa-977c-1b01ca088284', 'ORD-02039', 'Completed', 690, 'GCash', 'System Seed', '2026-06-09T11:38:00.990Z');

INSERT INTO public.order_items (order_id, product_id, name, quantity, unit_price, subtotal)
VALUES ('c8701bd6-8f5f-46fa-977c-1b01ca088284', 'fe6b02e6-9366-4abd-874c-fcb832e0e282', 'Green Tea', 3, 90, 270);

INSERT INTO public.order_items (order_id, product_id, name, quantity, unit_price, subtotal)
VALUES ('c8701bd6-8f5f-46fa-977c-1b01ca088284', '1b5c6269-ce45-4413-acb8-21813cd7f9cf', 'Mocha', 3, 140, 420);

INSERT INTO public.orders (id, order_id, status, amount, payment_method, cashier_name, created_at)
VALUES ('a6e8dd8f-0884-40d7-b482-e87fbb0c4135', 'ORD-02040', 'Void (Consumed)', 450, 'Cash', 'System Seed', '2026-06-09T03:42:14.990Z');

INSERT INTO public.order_items (order_id, product_id, name, quantity, unit_price, subtotal)
VALUES ('a6e8dd8f-0884-40d7-b482-e87fbb0c4135', '48233f0a-6e57-4a45-b033-627d13f1be78', 'Cappuccino', 1, 120, 120);

INSERT INTO public.order_items (order_id, product_id, name, quantity, unit_price, subtotal)
VALUES ('a6e8dd8f-0884-40d7-b482-e87fbb0c4135', 'dfe22f11-84a3-41d2-a268-149f012eae60', 'Sparkling Lemonade', 3, 110, 330);

INSERT INTO public.orders (id, order_id, status, amount, payment_method, cashier_name, created_at)
VALUES ('d9ce49cd-3280-491f-9eb0-3cc2b52ca569', 'ORD-02041', 'Completed', 190, 'Cash', 'System Seed', '2026-06-09T01:09:53.990Z');

INSERT INTO public.order_items (order_id, product_id, name, quantity, unit_price, subtotal)
VALUES ('d9ce49cd-3280-491f-9eb0-3cc2b52ca569', '36c93748-7c86-4ddb-ba49-1bd1a164bf42', 'Blueberry Muffin', 2, 95, 190);

INSERT INTO public.orders (id, order_id, status, amount, payment_method, cashier_name, created_at)
VALUES ('f38542b5-c3f7-4f6b-b32b-400d3a7f68d9', 'ORD-02042', 'Completed', 360, 'GCash', 'System Seed', '2026-06-09T11:36:09.990Z');

INSERT INTO public.order_items (order_id, product_id, name, quantity, unit_price, subtotal)
VALUES ('f38542b5-c3f7-4f6b-b32b-400d3a7f68d9', '48233f0a-6e57-4a45-b033-627d13f1be78', 'Cappuccino', 3, 120, 360);

INSERT INTO public.orders (id, order_id, status, amount, payment_method, cashier_name, created_at)
VALUES ('358d8e33-25e0-4a0d-a2af-7f948c730dab', 'ORD-02043', 'Completed', 610, 'Credit Card', 'System Seed', '2026-06-09T07:53:30.990Z');

INSERT INTO public.order_items (order_id, product_id, name, quantity, unit_price, subtotal)
VALUES ('358d8e33-25e0-4a0d-a2af-7f948c730dab', '83a6812d-2665-4ce5-871a-78a4eab3ce80', 'Americano', 2, 100, 200);

INSERT INTO public.order_items (order_id, product_id, name, quantity, unit_price, subtotal)
VALUES ('358d8e33-25e0-4a0d-a2af-7f948c730dab', 'dfe22f11-84a3-41d2-a268-149f012eae60', 'Sparkling Lemonade', 3, 110, 330);

INSERT INTO public.order_items (order_id, product_id, name, quantity, unit_price, subtotal)
VALUES ('358d8e33-25e0-4a0d-a2af-7f948c730dab', '65f0b94f-ccbe-4b50-a175-66810ae10f44', 'Croissant', 1, 80, 80);

INSERT INTO public.orders (id, order_id, status, amount, payment_method, cashier_name, created_at)
VALUES ('b900e013-ac9b-4e99-a22d-e33c5da7bab4', 'ORD-02044', 'Completed', 780, 'Credit Card', 'System Seed', '2026-06-09T01:49:30.990Z');

INSERT INTO public.order_items (order_id, product_id, name, quantity, unit_price, subtotal)
VALUES ('b900e013-ac9b-4e99-a22d-e33c5da7bab4', '48233f0a-6e57-4a45-b033-627d13f1be78', 'Cappuccino', 3, 120, 360);

INSERT INTO public.order_items (order_id, product_id, name, quantity, unit_price, subtotal)
VALUES ('b900e013-ac9b-4e99-a22d-e33c5da7bab4', '48233f0a-6e57-4a45-b033-627d13f1be78', 'Cappuccino', 1, 120, 120);

INSERT INTO public.order_items (order_id, product_id, name, quantity, unit_price, subtotal)
VALUES ('b900e013-ac9b-4e99-a22d-e33c5da7bab4', '83a6812d-2665-4ce5-871a-78a4eab3ce80', 'Americano', 3, 100, 300);

INSERT INTO public.orders (id, order_id, status, amount, payment_method, cashier_name, created_at)
VALUES ('bfb0b8cb-bcbb-4647-a552-a0754074db21', 'ORD-02045', 'Completed', 120, 'Credit Card', 'System Seed', '2026-06-08T23:22:27.990Z');

INSERT INTO public.order_items (order_id, product_id, name, quantity, unit_price, subtotal)
VALUES ('bfb0b8cb-bcbb-4647-a552-a0754074db21', '3a6a55c0-70f3-4417-a252-db77d9e511c0', 'Latte', 1, 120, 120);

INSERT INTO public.orders (id, order_id, status, amount, payment_method, cashier_name, created_at)
VALUES ('79d2b5f5-c385-4afb-b0f8-0ccba3ab49ca', 'ORD-02046', 'Completed', 335, 'Maya', 'System Seed', '2026-06-09T00:52:31.990Z');

INSERT INTO public.order_items (order_id, product_id, name, quantity, unit_price, subtotal)
VALUES ('79d2b5f5-c385-4afb-b0f8-0ccba3ab49ca', '36c93748-7c86-4ddb-ba49-1bd1a164bf42', 'Blueberry Muffin', 1, 95, 95);

INSERT INTO public.order_items (order_id, product_id, name, quantity, unit_price, subtotal)
VALUES ('79d2b5f5-c385-4afb-b0f8-0ccba3ab49ca', '48233f0a-6e57-4a45-b033-627d13f1be78', 'Cappuccino', 2, 120, 240);

INSERT INTO public.orders (id, order_id, status, amount, payment_method, cashier_name, created_at)
VALUES ('0c4bc3c4-5e3f-416f-8c25-72e44558594d', 'ORD-02047', 'Void (Not Made)', 190, 'Credit Card', 'System Seed', '2026-06-09T12:52:19.990Z');

INSERT INTO public.order_items (order_id, product_id, name, quantity, unit_price, subtotal)
VALUES ('0c4bc3c4-5e3f-416f-8c25-72e44558594d', '36c93748-7c86-4ddb-ba49-1bd1a164bf42', 'Blueberry Muffin', 2, 95, 190);

INSERT INTO public.orders (id, order_id, status, amount, payment_method, cashier_name, created_at)
VALUES ('f35376dd-7622-4e7d-a469-182957b6160c', 'ORD-02048', 'Completed', 715, 'Cash', 'System Seed', '2026-06-09T05:51:01.990Z');

INSERT INTO public.order_items (order_id, product_id, name, quantity, unit_price, subtotal)
VALUES ('f35376dd-7622-4e7d-a469-182957b6160c', '36c93748-7c86-4ddb-ba49-1bd1a164bf42', 'Blueberry Muffin', 1, 95, 95);

INSERT INTO public.order_items (order_id, product_id, name, quantity, unit_price, subtotal)
VALUES ('f35376dd-7622-4e7d-a469-182957b6160c', '83a6812d-2665-4ce5-871a-78a4eab3ce80', 'Americano', 2, 100, 200);

INSERT INTO public.order_items (order_id, product_id, name, quantity, unit_price, subtotal)
VALUES ('f35376dd-7622-4e7d-a469-182957b6160c', '83a6812d-2665-4ce5-871a-78a4eab3ce80', 'Americano', 3, 100, 300);

INSERT INTO public.order_items (order_id, product_id, name, quantity, unit_price, subtotal)
VALUES ('f35376dd-7622-4e7d-a469-182957b6160c', '48233f0a-6e57-4a45-b033-627d13f1be78', 'Cappuccino', 1, 120, 120);

INSERT INTO public.orders (id, order_id, status, amount, payment_method, cashier_name, created_at)
VALUES ('484e846d-9291-4137-8855-9676f0cb2b2c', 'ORD-02049', 'Completed', 620, 'GCash', 'System Seed', '2026-06-10T11:39:26.990Z');

INSERT INTO public.order_items (order_id, product_id, name, quantity, unit_price, subtotal)
VALUES ('484e846d-9291-4137-8855-9676f0cb2b2c', '48233f0a-6e57-4a45-b033-627d13f1be78', 'Cappuccino', 2, 120, 240);

INSERT INTO public.order_items (order_id, product_id, name, quantity, unit_price, subtotal)
VALUES ('484e846d-9291-4137-8855-9676f0cb2b2c', '1b5c6269-ce45-4413-acb8-21813cd7f9cf', 'Mocha', 1, 140, 140);

INSERT INTO public.order_items (order_id, product_id, name, quantity, unit_price, subtotal)
VALUES ('484e846d-9291-4137-8855-9676f0cb2b2c', '83a6812d-2665-4ce5-871a-78a4eab3ce80', 'Americano', 1, 100, 100);

INSERT INTO public.order_items (order_id, product_id, name, quantity, unit_price, subtotal)
VALUES ('484e846d-9291-4137-8855-9676f0cb2b2c', '1b5c6269-ce45-4413-acb8-21813cd7f9cf', 'Mocha', 1, 140, 140);

INSERT INTO public.orders (id, order_id, status, amount, payment_method, cashier_name, created_at)
VALUES ('b291e50e-4843-43e0-9fa3-3e7fd07f4fbd', 'ORD-02050', 'Void (Not Made)', 240, 'Maya', 'System Seed', '2026-06-10T07:24:46.990Z');

INSERT INTO public.order_items (order_id, product_id, name, quantity, unit_price, subtotal)
VALUES ('b291e50e-4843-43e0-9fa3-3e7fd07f4fbd', '65f0b94f-ccbe-4b50-a175-66810ae10f44', 'Croissant', 2, 80, 160);

INSERT INTO public.order_items (order_id, product_id, name, quantity, unit_price, subtotal)
VALUES ('b291e50e-4843-43e0-9fa3-3e7fd07f4fbd', '65f0b94f-ccbe-4b50-a175-66810ae10f44', 'Croissant', 1, 80, 80);

INSERT INTO public.orders (id, order_id, status, amount, payment_method, cashier_name, created_at)
VALUES ('7ea701aa-41bc-4861-993a-00c1fec2cae5', 'ORD-02051', 'Completed', 110, 'Cash', 'System Seed', '2026-06-10T04:57:02.990Z');

INSERT INTO public.order_items (order_id, product_id, name, quantity, unit_price, subtotal)
VALUES ('7ea701aa-41bc-4861-993a-00c1fec2cae5', 'dfe22f11-84a3-41d2-a268-149f012eae60', 'Sparkling Lemonade', 1, 110, 110);

INSERT INTO public.orders (id, order_id, status, amount, payment_method, cashier_name, created_at)
VALUES ('32a45977-e99b-413a-a98e-5dbefe660b93', 'ORD-02052', 'Completed', 740, 'Credit Card', 'System Seed', '2026-06-09T23:20:39.990Z');

INSERT INTO public.order_items (order_id, product_id, name, quantity, unit_price, subtotal)
VALUES ('32a45977-e99b-413a-a98e-5dbefe660b93', '1b5c6269-ce45-4413-acb8-21813cd7f9cf', 'Mocha', 1, 140, 140);

INSERT INTO public.order_items (order_id, product_id, name, quantity, unit_price, subtotal)
VALUES ('32a45977-e99b-413a-a98e-5dbefe660b93', '65f0b94f-ccbe-4b50-a175-66810ae10f44', 'Croissant', 3, 80, 240);

INSERT INTO public.order_items (order_id, product_id, name, quantity, unit_price, subtotal)
VALUES ('32a45977-e99b-413a-a98e-5dbefe660b93', '3a6a55c0-70f3-4417-a252-db77d9e511c0', 'Latte', 3, 120, 360);

INSERT INTO public.orders (id, order_id, status, amount, payment_method, cashier_name, created_at)
VALUES ('2a46c6a5-5f7e-4eda-94bd-6d5a8af587fa', 'ORD-02053', 'Completed', 680, 'Credit Card', 'System Seed', '2026-06-10T07:36:49.990Z');

INSERT INTO public.order_items (order_id, product_id, name, quantity, unit_price, subtotal)
VALUES ('2a46c6a5-5f7e-4eda-94bd-6d5a8af587fa', '3a6a55c0-70f3-4417-a252-db77d9e511c0', 'Latte', 3, 120, 360);

INSERT INTO public.order_items (order_id, product_id, name, quantity, unit_price, subtotal)
VALUES ('2a46c6a5-5f7e-4eda-94bd-6d5a8af587fa', '3a6a55c0-70f3-4417-a252-db77d9e511c0', 'Latte', 1, 120, 120);

INSERT INTO public.order_items (order_id, product_id, name, quantity, unit_price, subtotal)
VALUES ('2a46c6a5-5f7e-4eda-94bd-6d5a8af587fa', '83a6812d-2665-4ce5-871a-78a4eab3ce80', 'Americano', 2, 100, 200);

INSERT INTO public.orders (id, order_id, status, amount, payment_method, cashier_name, created_at)
VALUES ('2405f10b-0f13-4596-b63d-d6f7b7a1217b', 'ORD-02054', 'Void (Consumed)', 830, 'Credit Card', 'System Seed', '2026-06-10T11:19:34.990Z');

INSERT INTO public.order_items (order_id, product_id, name, quantity, unit_price, subtotal)
VALUES ('2405f10b-0f13-4596-b63d-d6f7b7a1217b', 'fe6b02e6-9366-4abd-874c-fcb832e0e282', 'Green Tea', 3, 90, 270);

INSERT INTO public.order_items (order_id, product_id, name, quantity, unit_price, subtotal)
VALUES ('2405f10b-0f13-4596-b63d-d6f7b7a1217b', '36c93748-7c86-4ddb-ba49-1bd1a164bf42', 'Blueberry Muffin', 1, 95, 95);

INSERT INTO public.order_items (order_id, product_id, name, quantity, unit_price, subtotal)
VALUES ('2405f10b-0f13-4596-b63d-d6f7b7a1217b', 'fe6b02e6-9366-4abd-874c-fcb832e0e282', 'Green Tea', 2, 90, 180);

INSERT INTO public.order_items (order_id, product_id, name, quantity, unit_price, subtotal)
VALUES ('2405f10b-0f13-4596-b63d-d6f7b7a1217b', '36c93748-7c86-4ddb-ba49-1bd1a164bf42', 'Blueberry Muffin', 3, 95, 285);

INSERT INTO public.orders (id, order_id, status, amount, payment_method, cashier_name, created_at)
VALUES ('d1086ee8-3bbd-46b2-8866-0786835eaec9', 'ORD-02055', 'Completed', 420, 'Cash', 'System Seed', '2026-06-10T07:32:39.990Z');

INSERT INTO public.order_items (order_id, product_id, name, quantity, unit_price, subtotal)
VALUES ('d1086ee8-3bbd-46b2-8866-0786835eaec9', '1b5c6269-ce45-4413-acb8-21813cd7f9cf', 'Mocha', 3, 140, 420);

INSERT INTO public.orders (id, order_id, status, amount, payment_method, cashier_name, created_at)
VALUES ('33bd0b47-d470-49cc-9501-c62dd2489492', 'ORD-02056', 'Completed', 80, 'GCash', 'System Seed', '2026-06-10T09:21:20.990Z');

INSERT INTO public.order_items (order_id, product_id, name, quantity, unit_price, subtotal)
VALUES ('33bd0b47-d470-49cc-9501-c62dd2489492', '65f0b94f-ccbe-4b50-a175-66810ae10f44', 'Croissant', 1, 80, 80);

INSERT INTO public.orders (id, order_id, status, amount, payment_method, cashier_name, created_at)
VALUES ('57e3e439-8b82-4c8c-a915-90d74813ef7d', 'ORD-02057', 'Completed', 570, 'Cash', 'System Seed', '2026-06-10T08:07:16.990Z');

INSERT INTO public.order_items (order_id, product_id, name, quantity, unit_price, subtotal)
VALUES ('57e3e439-8b82-4c8c-a915-90d74813ef7d', '65f0b94f-ccbe-4b50-a175-66810ae10f44', 'Croissant', 3, 80, 240);

INSERT INTO public.order_items (order_id, product_id, name, quantity, unit_price, subtotal)
VALUES ('57e3e439-8b82-4c8c-a915-90d74813ef7d', 'dfe22f11-84a3-41d2-a268-149f012eae60', 'Sparkling Lemonade', 2, 110, 220);

INSERT INTO public.order_items (order_id, product_id, name, quantity, unit_price, subtotal)
VALUES ('57e3e439-8b82-4c8c-a915-90d74813ef7d', 'dfe22f11-84a3-41d2-a268-149f012eae60', 'Sparkling Lemonade', 1, 110, 110);

INSERT INTO public.orders (id, order_id, status, amount, payment_method, cashier_name, created_at)
VALUES ('9f14bd29-079b-4052-8124-01531174d9e1', 'ORD-02058', 'Completed', 460, 'Maya', 'System Seed', '2026-06-10T06:13:35.990Z');

INSERT INTO public.order_items (order_id, product_id, name, quantity, unit_price, subtotal)
VALUES ('9f14bd29-079b-4052-8124-01531174d9e1', '1b5c6269-ce45-4413-acb8-21813cd7f9cf', 'Mocha', 1, 140, 140);

INSERT INTO public.order_items (order_id, product_id, name, quantity, unit_price, subtotal)
VALUES ('9f14bd29-079b-4052-8124-01531174d9e1', '83a6812d-2665-4ce5-871a-78a4eab3ce80', 'Americano', 2, 100, 200);

INSERT INTO public.order_items (order_id, product_id, name, quantity, unit_price, subtotal)
VALUES ('9f14bd29-079b-4052-8124-01531174d9e1', '48233f0a-6e57-4a45-b033-627d13f1be78', 'Cappuccino', 1, 120, 120);

INSERT INTO public.orders (id, order_id, status, amount, payment_method, cashier_name, created_at)
VALUES ('f0a3e174-905d-47f3-b746-01388a7a42de', 'ORD-02059', 'Completed', 180, 'Maya', 'System Seed', '2026-06-10T10:20:05.990Z');

INSERT INTO public.order_items (order_id, product_id, name, quantity, unit_price, subtotal)
VALUES ('f0a3e174-905d-47f3-b746-01388a7a42de', 'fe6b02e6-9366-4abd-874c-fcb832e0e282', 'Green Tea', 2, 90, 180);

INSERT INTO public.orders (id, order_id, status, amount, payment_method, cashier_name, created_at)
VALUES ('60b711e8-733a-4cf4-876d-f52918b1fa4b', 'ORD-02060', 'Completed', 590, 'Cash', 'System Seed', '2026-06-10T10:25:06.990Z');

INSERT INTO public.order_items (order_id, product_id, name, quantity, unit_price, subtotal)
VALUES ('60b711e8-733a-4cf4-876d-f52918b1fa4b', '1b5c6269-ce45-4413-acb8-21813cd7f9cf', 'Mocha', 1, 140, 140);

INSERT INTO public.order_items (order_id, product_id, name, quantity, unit_price, subtotal)
VALUES ('60b711e8-733a-4cf4-876d-f52918b1fa4b', 'dfe22f11-84a3-41d2-a268-149f012eae60', 'Sparkling Lemonade', 3, 110, 330);

INSERT INTO public.order_items (order_id, product_id, name, quantity, unit_price, subtotal)
VALUES ('60b711e8-733a-4cf4-876d-f52918b1fa4b', '3a6a55c0-70f3-4417-a252-db77d9e511c0', 'Latte', 1, 120, 120);

INSERT INTO public.orders (id, order_id, status, amount, payment_method, cashier_name, created_at)
VALUES ('9294241a-9eef-410e-96a0-fde0611dcf86', 'ORD-02061', 'Completed', 540, 'Cash', 'System Seed', '2026-06-10T11:44:55.990Z');

INSERT INTO public.order_items (order_id, product_id, name, quantity, unit_price, subtotal)
VALUES ('9294241a-9eef-410e-96a0-fde0611dcf86', '48233f0a-6e57-4a45-b033-627d13f1be78', 'Cappuccino', 1, 120, 120);

INSERT INTO public.order_items (order_id, product_id, name, quantity, unit_price, subtotal)
VALUES ('9294241a-9eef-410e-96a0-fde0611dcf86', 'fe6b02e6-9366-4abd-874c-fcb832e0e282', 'Green Tea', 1, 90, 90);

INSERT INTO public.order_items (order_id, product_id, name, quantity, unit_price, subtotal)
VALUES ('9294241a-9eef-410e-96a0-fde0611dcf86', 'fe6b02e6-9366-4abd-874c-fcb832e0e282', 'Green Tea', 1, 90, 90);

INSERT INTO public.order_items (order_id, product_id, name, quantity, unit_price, subtotal)
VALUES ('9294241a-9eef-410e-96a0-fde0611dcf86', '65f0b94f-ccbe-4b50-a175-66810ae10f44', 'Croissant', 3, 80, 240);

INSERT INTO public.orders (id, order_id, status, amount, payment_method, cashier_name, created_at)
VALUES ('b8ab2c3b-55b5-4e66-b03a-bef15ec52f90', 'ORD-02062', 'Completed', 190, 'Credit Card', 'System Seed', '2026-06-10T10:22:21.990Z');

INSERT INTO public.order_items (order_id, product_id, name, quantity, unit_price, subtotal)
VALUES ('b8ab2c3b-55b5-4e66-b03a-bef15ec52f90', '36c93748-7c86-4ddb-ba49-1bd1a164bf42', 'Blueberry Muffin', 2, 95, 190);

INSERT INTO public.orders (id, order_id, status, amount, payment_method, cashier_name, created_at)
VALUES ('1e394459-8138-42e0-8730-e5b66c6368f1', 'ORD-02063', 'Completed', 280, 'Maya', 'System Seed', '2026-06-10T07:24:44.990Z');

INSERT INTO public.order_items (order_id, product_id, name, quantity, unit_price, subtotal)
VALUES ('1e394459-8138-42e0-8730-e5b66c6368f1', '83a6812d-2665-4ce5-871a-78a4eab3ce80', 'Americano', 1, 100, 100);

INSERT INTO public.order_items (order_id, product_id, name, quantity, unit_price, subtotal)
VALUES ('1e394459-8138-42e0-8730-e5b66c6368f1', 'fe6b02e6-9366-4abd-874c-fcb832e0e282', 'Green Tea', 2, 90, 180);

INSERT INTO public.orders (id, order_id, status, amount, payment_method, cashier_name, created_at)
VALUES ('b80b1f30-2a59-4091-9715-279803762c6a', 'ORD-02064', 'Void (Not Made)', 740, 'Cash', 'System Seed', '2026-06-10T01:10:38.990Z');

INSERT INTO public.order_items (order_id, product_id, name, quantity, unit_price, subtotal)
VALUES ('b80b1f30-2a59-4091-9715-279803762c6a', '83a6812d-2665-4ce5-871a-78a4eab3ce80', 'Americano', 1, 100, 100);

INSERT INTO public.order_items (order_id, product_id, name, quantity, unit_price, subtotal)
VALUES ('b80b1f30-2a59-4091-9715-279803762c6a', '48233f0a-6e57-4a45-b033-627d13f1be78', 'Cappuccino', 3, 120, 360);

INSERT INTO public.order_items (order_id, product_id, name, quantity, unit_price, subtotal)
VALUES ('b80b1f30-2a59-4091-9715-279803762c6a', '1b5c6269-ce45-4413-acb8-21813cd7f9cf', 'Mocha', 2, 140, 280);

INSERT INTO public.orders (id, order_id, status, amount, payment_method, cashier_name, created_at)
VALUES ('dc13808a-56c4-459b-b453-4804673a9444', 'ORD-02065', 'Void (Not Made)', 270, 'Cash', 'System Seed', '2026-06-10T12:00:42.990Z');

INSERT INTO public.order_items (order_id, product_id, name, quantity, unit_price, subtotal)
VALUES ('dc13808a-56c4-459b-b453-4804673a9444', 'fe6b02e6-9366-4abd-874c-fcb832e0e282', 'Green Tea', 3, 90, 270);

INSERT INTO public.orders (id, order_id, status, amount, payment_method, cashier_name, created_at)
VALUES ('a71fefec-eada-4c9b-92be-00d0bc4b008e', 'ORD-02066', 'Void (Consumed)', 510, 'GCash', 'System Seed', '2026-06-10T08:49:00.990Z');

INSERT INTO public.order_items (order_id, product_id, name, quantity, unit_price, subtotal)
VALUES ('a71fefec-eada-4c9b-92be-00d0bc4b008e', '65f0b94f-ccbe-4b50-a175-66810ae10f44', 'Croissant', 3, 80, 240);

INSERT INTO public.order_items (order_id, product_id, name, quantity, unit_price, subtotal)
VALUES ('a71fefec-eada-4c9b-92be-00d0bc4b008e', '36c93748-7c86-4ddb-ba49-1bd1a164bf42', 'Blueberry Muffin', 2, 95, 190);

INSERT INTO public.order_items (order_id, product_id, name, quantity, unit_price, subtotal)
VALUES ('a71fefec-eada-4c9b-92be-00d0bc4b008e', '65f0b94f-ccbe-4b50-a175-66810ae10f44', 'Croissant', 1, 80, 80);

INSERT INTO public.orders (id, order_id, status, amount, payment_method, cashier_name, created_at)
VALUES ('193f1b9c-2499-4ae5-bac5-475596a1177f', 'ORD-02067', 'Completed', 740, 'Credit Card', 'System Seed', '2026-06-10T03:45:42.990Z');

INSERT INTO public.order_items (order_id, product_id, name, quantity, unit_price, subtotal)
VALUES ('193f1b9c-2499-4ae5-bac5-475596a1177f', '48233f0a-6e57-4a45-b033-627d13f1be78', 'Cappuccino', 2, 120, 240);

INSERT INTO public.order_items (order_id, product_id, name, quantity, unit_price, subtotal)
VALUES ('193f1b9c-2499-4ae5-bac5-475596a1177f', '48233f0a-6e57-4a45-b033-627d13f1be78', 'Cappuccino', 3, 120, 360);

INSERT INTO public.order_items (order_id, product_id, name, quantity, unit_price, subtotal)
VALUES ('193f1b9c-2499-4ae5-bac5-475596a1177f', '1b5c6269-ce45-4413-acb8-21813cd7f9cf', 'Mocha', 1, 140, 140);

INSERT INTO public.orders (id, order_id, status, amount, payment_method, cashier_name, created_at)
VALUES ('7abe0913-3e60-4f8d-bbfc-c668fa476c92', 'ORD-02068', 'Completed', 580, 'Maya', 'System Seed', '2026-06-10T03:14:00.990Z');

INSERT INTO public.order_items (order_id, product_id, name, quantity, unit_price, subtotal)
VALUES ('7abe0913-3e60-4f8d-bbfc-c668fa476c92', '65f0b94f-ccbe-4b50-a175-66810ae10f44', 'Croissant', 2, 80, 160);

INSERT INTO public.order_items (order_id, product_id, name, quantity, unit_price, subtotal)
VALUES ('7abe0913-3e60-4f8d-bbfc-c668fa476c92', '1b5c6269-ce45-4413-acb8-21813cd7f9cf', 'Mocha', 3, 140, 420);

INSERT INTO public.orders (id, order_id, status, amount, payment_method, cashier_name, created_at)
VALUES ('c9dbacf1-3a58-4c72-bc11-d44e2b967a28', 'ORD-02069', 'Void (Consumed)', 400, 'GCash', 'System Seed', '2026-06-10T08:37:02.990Z');

INSERT INTO public.order_items (order_id, product_id, name, quantity, unit_price, subtotal)
VALUES ('c9dbacf1-3a58-4c72-bc11-d44e2b967a28', '65f0b94f-ccbe-4b50-a175-66810ae10f44', 'Croissant', 2, 80, 160);

INSERT INTO public.order_items (order_id, product_id, name, quantity, unit_price, subtotal)
VALUES ('c9dbacf1-3a58-4c72-bc11-d44e2b967a28', '65f0b94f-ccbe-4b50-a175-66810ae10f44', 'Croissant', 3, 80, 240);

INSERT INTO public.orders (id, order_id, status, amount, payment_method, cashier_name, created_at)
VALUES ('68b02f47-554f-4be7-9984-ee5594b6b1ab', 'ORD-02070', 'Completed', 670, 'Cash', 'System Seed', '2026-06-10T08:17:07.990Z');

INSERT INTO public.order_items (order_id, product_id, name, quantity, unit_price, subtotal)
VALUES ('68b02f47-554f-4be7-9984-ee5594b6b1ab', 'dfe22f11-84a3-41d2-a268-149f012eae60', 'Sparkling Lemonade', 2, 110, 220);

INSERT INTO public.order_items (order_id, product_id, name, quantity, unit_price, subtotal)
VALUES ('68b02f47-554f-4be7-9984-ee5594b6b1ab', '65f0b94f-ccbe-4b50-a175-66810ae10f44', 'Croissant', 1, 80, 80);

INSERT INTO public.order_items (order_id, product_id, name, quantity, unit_price, subtotal)
VALUES ('68b02f47-554f-4be7-9984-ee5594b6b1ab', '36c93748-7c86-4ddb-ba49-1bd1a164bf42', 'Blueberry Muffin', 2, 95, 190);

INSERT INTO public.order_items (order_id, product_id, name, quantity, unit_price, subtotal)
VALUES ('68b02f47-554f-4be7-9984-ee5594b6b1ab', 'fe6b02e6-9366-4abd-874c-fcb832e0e282', 'Green Tea', 2, 90, 180);

INSERT INTO public.orders (id, order_id, status, amount, payment_method, cashier_name, created_at)
VALUES ('fc4c27f9-c20d-4c92-875d-d182b8b00fee', 'ORD-02071', 'Completed', 335, 'Maya', 'System Seed', '2026-06-10T11:19:36.990Z');

INSERT INTO public.order_items (order_id, product_id, name, quantity, unit_price, subtotal)
VALUES ('fc4c27f9-c20d-4c92-875d-d182b8b00fee', '3a6a55c0-70f3-4417-a252-db77d9e511c0', 'Latte', 2, 120, 240);

INSERT INTO public.order_items (order_id, product_id, name, quantity, unit_price, subtotal)
VALUES ('fc4c27f9-c20d-4c92-875d-d182b8b00fee', '36c93748-7c86-4ddb-ba49-1bd1a164bf42', 'Blueberry Muffin', 1, 95, 95);

INSERT INTO public.orders (id, order_id, status, amount, payment_method, cashier_name, created_at)
VALUES ('e9250dbb-9b3d-473a-a172-11b9bad53e41', 'ORD-02072', 'Completed', 670, 'Credit Card', 'System Seed', '2026-06-10T04:42:54.990Z');

INSERT INTO public.order_items (order_id, product_id, name, quantity, unit_price, subtotal)
VALUES ('e9250dbb-9b3d-473a-a172-11b9bad53e41', '48233f0a-6e57-4a45-b033-627d13f1be78', 'Cappuccino', 2, 120, 240);

INSERT INTO public.order_items (order_id, product_id, name, quantity, unit_price, subtotal)
VALUES ('e9250dbb-9b3d-473a-a172-11b9bad53e41', '3a6a55c0-70f3-4417-a252-db77d9e511c0', 'Latte', 2, 120, 240);

INSERT INTO public.order_items (order_id, product_id, name, quantity, unit_price, subtotal)
VALUES ('e9250dbb-9b3d-473a-a172-11b9bad53e41', '36c93748-7c86-4ddb-ba49-1bd1a164bf42', 'Blueberry Muffin', 2, 95, 190);

INSERT INTO public.orders (id, order_id, status, amount, payment_method, cashier_name, created_at)
VALUES ('17a87882-f529-40e8-bcc7-83e5610a47b3', 'ORD-02073', 'Completed', 560, 'Credit Card', 'System Seed', '2026-06-10T05:31:39.990Z');

INSERT INTO public.order_items (order_id, product_id, name, quantity, unit_price, subtotal)
VALUES ('17a87882-f529-40e8-bcc7-83e5610a47b3', '1b5c6269-ce45-4413-acb8-21813cd7f9cf', 'Mocha', 3, 140, 420);

INSERT INTO public.order_items (order_id, product_id, name, quantity, unit_price, subtotal)
VALUES ('17a87882-f529-40e8-bcc7-83e5610a47b3', '1b5c6269-ce45-4413-acb8-21813cd7f9cf', 'Mocha', 1, 140, 140);

INSERT INTO public.orders (id, order_id, status, amount, payment_method, cashier_name, created_at)
VALUES ('f867f0fd-27e4-47b7-b002-adef3cef6d2d', 'ORD-02074', 'Void (Not Made)', 160, 'Credit Card', 'System Seed', '2026-06-10T12:47:37.990Z');

INSERT INTO public.order_items (order_id, product_id, name, quantity, unit_price, subtotal)
VALUES ('f867f0fd-27e4-47b7-b002-adef3cef6d2d', '65f0b94f-ccbe-4b50-a175-66810ae10f44', 'Croissant', 2, 80, 160);

INSERT INTO public.orders (id, order_id, status, amount, payment_method, cashier_name, created_at)
VALUES ('84f9d65e-d845-4c20-bf39-e7bd2560400e', 'ORD-02075', 'Completed', 510, 'Maya', 'System Seed', '2026-06-10T09:02:08.990Z');

INSERT INTO public.order_items (order_id, product_id, name, quantity, unit_price, subtotal)
VALUES ('84f9d65e-d845-4c20-bf39-e7bd2560400e', 'dfe22f11-84a3-41d2-a268-149f012eae60', 'Sparkling Lemonade', 3, 110, 330);

INSERT INTO public.order_items (order_id, product_id, name, quantity, unit_price, subtotal)
VALUES ('84f9d65e-d845-4c20-bf39-e7bd2560400e', 'fe6b02e6-9366-4abd-874c-fcb832e0e282', 'Green Tea', 2, 90, 180);

INSERT INTO public.orders (id, order_id, status, amount, payment_method, cashier_name, created_at)
VALUES ('0ba30f88-6d2e-44bc-b397-eb34ee9efdc6', 'ORD-02076', 'Void (Not Made)', 930, 'Maya', 'System Seed', '2026-06-10T09:08:03.990Z');

INSERT INTO public.order_items (order_id, product_id, name, quantity, unit_price, subtotal)
VALUES ('0ba30f88-6d2e-44bc-b397-eb34ee9efdc6', '48233f0a-6e57-4a45-b033-627d13f1be78', 'Cappuccino', 2, 120, 240);

INSERT INTO public.order_items (order_id, product_id, name, quantity, unit_price, subtotal)
VALUES ('0ba30f88-6d2e-44bc-b397-eb34ee9efdc6', '1b5c6269-ce45-4413-acb8-21813cd7f9cf', 'Mocha', 1, 140, 140);

INSERT INTO public.order_items (order_id, product_id, name, quantity, unit_price, subtotal)
VALUES ('0ba30f88-6d2e-44bc-b397-eb34ee9efdc6', 'dfe22f11-84a3-41d2-a268-149f012eae60', 'Sparkling Lemonade', 3, 110, 330);

INSERT INTO public.order_items (order_id, product_id, name, quantity, unit_price, subtotal)
VALUES ('0ba30f88-6d2e-44bc-b397-eb34ee9efdc6', 'dfe22f11-84a3-41d2-a268-149f012eae60', 'Sparkling Lemonade', 2, 110, 220);

INSERT INTO public.orders (id, order_id, status, amount, payment_method, cashier_name, created_at)
VALUES ('a7ad1fa3-07c6-4685-a398-eadc0a652d0f', 'ORD-02077', 'Completed', 560, 'Credit Card', 'System Seed', '2026-06-10T12:33:44.990Z');

INSERT INTO public.order_items (order_id, product_id, name, quantity, unit_price, subtotal)
VALUES ('a7ad1fa3-07c6-4685-a398-eadc0a652d0f', '1b5c6269-ce45-4413-acb8-21813cd7f9cf', 'Mocha', 1, 140, 140);

INSERT INTO public.order_items (order_id, product_id, name, quantity, unit_price, subtotal)
VALUES ('a7ad1fa3-07c6-4685-a398-eadc0a652d0f', 'dfe22f11-84a3-41d2-a268-149f012eae60', 'Sparkling Lemonade', 2, 110, 220);

INSERT INTO public.order_items (order_id, product_id, name, quantity, unit_price, subtotal)
VALUES ('a7ad1fa3-07c6-4685-a398-eadc0a652d0f', '83a6812d-2665-4ce5-871a-78a4eab3ce80', 'Americano', 2, 100, 200);

INSERT INTO public.orders (id, order_id, status, amount, payment_method, cashier_name, created_at)
VALUES ('f6f36f42-77b2-435d-8fa9-546f62ea211d', 'ORD-02078', 'Completed', 600, 'Cash', 'System Seed', '2026-06-10T05:33:22.990Z');

INSERT INTO public.order_items (order_id, product_id, name, quantity, unit_price, subtotal)
VALUES ('f6f36f42-77b2-435d-8fa9-546f62ea211d', 'fe6b02e6-9366-4abd-874c-fcb832e0e282', 'Green Tea', 2, 90, 180);

INSERT INTO public.order_items (order_id, product_id, name, quantity, unit_price, subtotal)
VALUES ('f6f36f42-77b2-435d-8fa9-546f62ea211d', '1b5c6269-ce45-4413-acb8-21813cd7f9cf', 'Mocha', 3, 140, 420);

INSERT INTO public.orders (id, order_id, status, amount, payment_method, cashier_name, created_at)
VALUES ('c046a119-af7b-4bf0-bbf0-b1ba95dd82d4', 'ORD-02079', 'Completed', 790, 'Cash', 'System Seed', '2026-06-11T08:39:18.990Z');

INSERT INTO public.order_items (order_id, product_id, name, quantity, unit_price, subtotal)
VALUES ('c046a119-af7b-4bf0-bbf0-b1ba95dd82d4', 'fe6b02e6-9366-4abd-874c-fcb832e0e282', 'Green Tea', 1, 90, 90);

INSERT INTO public.order_items (order_id, product_id, name, quantity, unit_price, subtotal)
VALUES ('c046a119-af7b-4bf0-bbf0-b1ba95dd82d4', '1b5c6269-ce45-4413-acb8-21813cd7f9cf', 'Mocha', 2, 140, 280);

INSERT INTO public.order_items (order_id, product_id, name, quantity, unit_price, subtotal)
VALUES ('c046a119-af7b-4bf0-bbf0-b1ba95dd82d4', '3a6a55c0-70f3-4417-a252-db77d9e511c0', 'Latte', 2, 120, 240);

INSERT INTO public.order_items (order_id, product_id, name, quantity, unit_price, subtotal)
VALUES ('c046a119-af7b-4bf0-bbf0-b1ba95dd82d4', 'fe6b02e6-9366-4abd-874c-fcb832e0e282', 'Green Tea', 2, 90, 180);

INSERT INTO public.orders (id, order_id, status, amount, payment_method, cashier_name, created_at)
VALUES ('2f64b6fc-e514-4589-bba9-52ab4009f252', 'ORD-02080', 'Void (Not Made)', 455, 'Cash', 'System Seed', '2026-06-11T00:57:46.990Z');

INSERT INTO public.order_items (order_id, product_id, name, quantity, unit_price, subtotal)
VALUES ('2f64b6fc-e514-4589-bba9-52ab4009f252', '36c93748-7c86-4ddb-ba49-1bd1a164bf42', 'Blueberry Muffin', 1, 95, 95);

INSERT INTO public.order_items (order_id, product_id, name, quantity, unit_price, subtotal)
VALUES ('2f64b6fc-e514-4589-bba9-52ab4009f252', '1b5c6269-ce45-4413-acb8-21813cd7f9cf', 'Mocha', 1, 140, 140);

INSERT INTO public.order_items (order_id, product_id, name, quantity, unit_price, subtotal)
VALUES ('2f64b6fc-e514-4589-bba9-52ab4009f252', 'dfe22f11-84a3-41d2-a268-149f012eae60', 'Sparkling Lemonade', 2, 110, 220);

INSERT INTO public.orders (id, order_id, status, amount, payment_method, cashier_name, created_at)
VALUES ('22c1823b-40a1-404a-9739-ea41ba1cfdc8', 'ORD-02081', 'Completed', 850, 'Credit Card', 'System Seed', '2026-06-11T11:29:16.990Z');

INSERT INTO public.order_items (order_id, product_id, name, quantity, unit_price, subtotal)
VALUES ('22c1823b-40a1-404a-9739-ea41ba1cfdc8', '1b5c6269-ce45-4413-acb8-21813cd7f9cf', 'Mocha', 3, 140, 420);

INSERT INTO public.order_items (order_id, product_id, name, quantity, unit_price, subtotal)
VALUES ('22c1823b-40a1-404a-9739-ea41ba1cfdc8', '3a6a55c0-70f3-4417-a252-db77d9e511c0', 'Latte', 2, 120, 240);

INSERT INTO public.order_items (order_id, product_id, name, quantity, unit_price, subtotal)
VALUES ('22c1823b-40a1-404a-9739-ea41ba1cfdc8', '36c93748-7c86-4ddb-ba49-1bd1a164bf42', 'Blueberry Muffin', 2, 95, 190);

INSERT INTO public.orders (id, order_id, status, amount, payment_method, cashier_name, created_at)
VALUES ('ccaca41a-ac70-4515-9421-5116a0298111', 'ORD-02082', 'Completed', 95, 'Maya', 'System Seed', '2026-06-11T10:22:42.990Z');

INSERT INTO public.order_items (order_id, product_id, name, quantity, unit_price, subtotal)
VALUES ('ccaca41a-ac70-4515-9421-5116a0298111', '36c93748-7c86-4ddb-ba49-1bd1a164bf42', 'Blueberry Muffin', 1, 95, 95);

INSERT INTO public.orders (id, order_id, status, amount, payment_method, cashier_name, created_at)
VALUES ('2af53a4f-321c-48c3-9e9a-d26176735e99', 'ORD-02083', 'Completed', 600, 'Cash', 'System Seed', '2026-06-11T12:37:25.990Z');

INSERT INTO public.order_items (order_id, product_id, name, quantity, unit_price, subtotal)
VALUES ('2af53a4f-321c-48c3-9e9a-d26176735e99', '3a6a55c0-70f3-4417-a252-db77d9e511c0', 'Latte', 2, 120, 240);

INSERT INTO public.order_items (order_id, product_id, name, quantity, unit_price, subtotal)
VALUES ('2af53a4f-321c-48c3-9e9a-d26176735e99', '48233f0a-6e57-4a45-b033-627d13f1be78', 'Cappuccino', 3, 120, 360);

INSERT INTO public.orders (id, order_id, status, amount, payment_method, cashier_name, created_at)
VALUES ('d5b298eb-d03e-4d69-ab27-510e2a23ccf0', 'ORD-02084', 'Completed', 600, 'Maya', 'System Seed', '2026-06-10T23:47:06.990Z');

INSERT INTO public.order_items (order_id, product_id, name, quantity, unit_price, subtotal)
VALUES ('d5b298eb-d03e-4d69-ab27-510e2a23ccf0', '36c93748-7c86-4ddb-ba49-1bd1a164bf42', 'Blueberry Muffin', 2, 95, 190);

INSERT INTO public.order_items (order_id, product_id, name, quantity, unit_price, subtotal)
VALUES ('d5b298eb-d03e-4d69-ab27-510e2a23ccf0', 'dfe22f11-84a3-41d2-a268-149f012eae60', 'Sparkling Lemonade', 3, 110, 330);

INSERT INTO public.order_items (order_id, product_id, name, quantity, unit_price, subtotal)
VALUES ('d5b298eb-d03e-4d69-ab27-510e2a23ccf0', '65f0b94f-ccbe-4b50-a175-66810ae10f44', 'Croissant', 1, 80, 80);

INSERT INTO public.orders (id, order_id, status, amount, payment_method, cashier_name, created_at)
VALUES ('99b6be17-70ec-4a23-9929-5224f12e85b3', 'ORD-02085', 'Completed', 360, 'Cash', 'System Seed', '2026-06-11T07:24:37.990Z');

INSERT INTO public.order_items (order_id, product_id, name, quantity, unit_price, subtotal)
VALUES ('99b6be17-70ec-4a23-9929-5224f12e85b3', '3a6a55c0-70f3-4417-a252-db77d9e511c0', 'Latte', 3, 120, 360);

INSERT INTO public.orders (id, order_id, status, amount, payment_method, cashier_name, created_at)
VALUES ('7fcbb1dd-9590-451b-9eda-3b9d10fa89b1', 'ORD-02086', 'Void (Not Made)', 180, 'Maya', 'System Seed', '2026-06-11T01:41:05.990Z');

INSERT INTO public.order_items (order_id, product_id, name, quantity, unit_price, subtotal)
VALUES ('7fcbb1dd-9590-451b-9eda-3b9d10fa89b1', 'fe6b02e6-9366-4abd-874c-fcb832e0e282', 'Green Tea', 2, 90, 180);

INSERT INTO public.orders (id, order_id, status, amount, payment_method, cashier_name, created_at)
VALUES ('2740cc23-446c-4a24-bc59-76d515fa5434', 'ORD-02087', 'Completed', 780, 'Maya', 'System Seed', '2026-06-10T23:09:09.990Z');

INSERT INTO public.order_items (order_id, product_id, name, quantity, unit_price, subtotal)
VALUES ('2740cc23-446c-4a24-bc59-76d515fa5434', '48233f0a-6e57-4a45-b033-627d13f1be78', 'Cappuccino', 1, 120, 120);

INSERT INTO public.order_items (order_id, product_id, name, quantity, unit_price, subtotal)
VALUES ('2740cc23-446c-4a24-bc59-76d515fa5434', '65f0b94f-ccbe-4b50-a175-66810ae10f44', 'Croissant', 3, 80, 240);

INSERT INTO public.order_items (order_id, product_id, name, quantity, unit_price, subtotal)
VALUES ('2740cc23-446c-4a24-bc59-76d515fa5434', 'dfe22f11-84a3-41d2-a268-149f012eae60', 'Sparkling Lemonade', 3, 110, 330);

INSERT INTO public.order_items (order_id, product_id, name, quantity, unit_price, subtotal)
VALUES ('2740cc23-446c-4a24-bc59-76d515fa5434', 'fe6b02e6-9366-4abd-874c-fcb832e0e282', 'Green Tea', 1, 90, 90);

INSERT INTO public.orders (id, order_id, status, amount, payment_method, cashier_name, created_at)
VALUES ('40c7f7ae-0d0b-4555-b958-f30a39baa0d9', 'ORD-02088', 'Completed', 645, 'GCash', 'System Seed', '2026-06-11T10:49:53.990Z');

INSERT INTO public.order_items (order_id, product_id, name, quantity, unit_price, subtotal)
VALUES ('40c7f7ae-0d0b-4555-b958-f30a39baa0d9', '36c93748-7c86-4ddb-ba49-1bd1a164bf42', 'Blueberry Muffin', 1, 95, 95);

INSERT INTO public.order_items (order_id, product_id, name, quantity, unit_price, subtotal)
VALUES ('40c7f7ae-0d0b-4555-b958-f30a39baa0d9', 'fe6b02e6-9366-4abd-874c-fcb832e0e282', 'Green Tea', 1, 90, 90);

INSERT INTO public.order_items (order_id, product_id, name, quantity, unit_price, subtotal)
VALUES ('40c7f7ae-0d0b-4555-b958-f30a39baa0d9', '48233f0a-6e57-4a45-b033-627d13f1be78', 'Cappuccino', 2, 120, 240);

INSERT INTO public.order_items (order_id, product_id, name, quantity, unit_price, subtotal)
VALUES ('40c7f7ae-0d0b-4555-b958-f30a39baa0d9', 'dfe22f11-84a3-41d2-a268-149f012eae60', 'Sparkling Lemonade', 2, 110, 220);

INSERT INTO public.orders (id, order_id, status, amount, payment_method, cashier_name, created_at)
VALUES ('8e6b6314-67e6-4f95-9aee-de1e838843e8', 'ORD-02089', 'Void (Not Made)', 430, 'GCash', 'System Seed', '2026-06-11T11:57:52.990Z');

INSERT INTO public.order_items (order_id, product_id, name, quantity, unit_price, subtotal)
VALUES ('8e6b6314-67e6-4f95-9aee-de1e838843e8', 'dfe22f11-84a3-41d2-a268-149f012eae60', 'Sparkling Lemonade', 2, 110, 220);

INSERT INTO public.order_items (order_id, product_id, name, quantity, unit_price, subtotal)
VALUES ('8e6b6314-67e6-4f95-9aee-de1e838843e8', 'dfe22f11-84a3-41d2-a268-149f012eae60', 'Sparkling Lemonade', 1, 110, 110);

INSERT INTO public.order_items (order_id, product_id, name, quantity, unit_price, subtotal)
VALUES ('8e6b6314-67e6-4f95-9aee-de1e838843e8', '83a6812d-2665-4ce5-871a-78a4eab3ce80', 'Americano', 1, 100, 100);

INSERT INTO public.orders (id, order_id, status, amount, payment_method, cashier_name, created_at)
VALUES ('ee67d6d2-609a-4615-8fac-6cdaff6d706a', 'ORD-02090', 'Completed', 415, 'GCash', 'System Seed', '2026-06-11T10:12:52.990Z');

INSERT INTO public.order_items (order_id, product_id, name, quantity, unit_price, subtotal)
VALUES ('ee67d6d2-609a-4615-8fac-6cdaff6d706a', '65f0b94f-ccbe-4b50-a175-66810ae10f44', 'Croissant', 2, 80, 160);

INSERT INTO public.order_items (order_id, product_id, name, quantity, unit_price, subtotal)
VALUES ('ee67d6d2-609a-4615-8fac-6cdaff6d706a', '65f0b94f-ccbe-4b50-a175-66810ae10f44', 'Croissant', 2, 80, 160);

INSERT INTO public.order_items (order_id, product_id, name, quantity, unit_price, subtotal)
VALUES ('ee67d6d2-609a-4615-8fac-6cdaff6d706a', '36c93748-7c86-4ddb-ba49-1bd1a164bf42', 'Blueberry Muffin', 1, 95, 95);

INSERT INTO public.orders (id, order_id, status, amount, payment_method, cashier_name, created_at)
VALUES ('dfe769f1-61dd-42d3-9c54-64b8f1effacf', 'ORD-02091', 'Completed', 760, 'Credit Card', 'System Seed', '2026-06-11T06:08:13.990Z');

INSERT INTO public.order_items (order_id, product_id, name, quantity, unit_price, subtotal)
VALUES ('dfe769f1-61dd-42d3-9c54-64b8f1effacf', '65f0b94f-ccbe-4b50-a175-66810ae10f44', 'Croissant', 2, 80, 160);

INSERT INTO public.order_items (order_id, product_id, name, quantity, unit_price, subtotal)
VALUES ('dfe769f1-61dd-42d3-9c54-64b8f1effacf', '48233f0a-6e57-4a45-b033-627d13f1be78', 'Cappuccino', 3, 120, 360);

INSERT INTO public.order_items (order_id, product_id, name, quantity, unit_price, subtotal)
VALUES ('dfe769f1-61dd-42d3-9c54-64b8f1effacf', '48233f0a-6e57-4a45-b033-627d13f1be78', 'Cappuccino', 2, 120, 240);

INSERT INTO public.orders (id, order_id, status, amount, payment_method, cashier_name, created_at)
VALUES ('11405605-3ab1-4c5c-a9ca-2c76aa4d2808', 'ORD-02092', 'Completed', 965, 'GCash', 'System Seed', '2026-06-11T06:23:38.990Z');

INSERT INTO public.order_items (order_id, product_id, name, quantity, unit_price, subtotal)
VALUES ('11405605-3ab1-4c5c-a9ca-2c76aa4d2808', 'dfe22f11-84a3-41d2-a268-149f012eae60', 'Sparkling Lemonade', 2, 110, 220);

INSERT INTO public.order_items (order_id, product_id, name, quantity, unit_price, subtotal)
VALUES ('11405605-3ab1-4c5c-a9ca-2c76aa4d2808', '36c93748-7c86-4ddb-ba49-1bd1a164bf42', 'Blueberry Muffin', 2, 95, 190);

INSERT INTO public.order_items (order_id, product_id, name, quantity, unit_price, subtotal)
VALUES ('11405605-3ab1-4c5c-a9ca-2c76aa4d2808', '36c93748-7c86-4ddb-ba49-1bd1a164bf42', 'Blueberry Muffin', 3, 95, 285);

INSERT INTO public.order_items (order_id, product_id, name, quantity, unit_price, subtotal)
VALUES ('11405605-3ab1-4c5c-a9ca-2c76aa4d2808', 'fe6b02e6-9366-4abd-874c-fcb832e0e282', 'Green Tea', 3, 90, 270);

INSERT INTO public.orders (id, order_id, status, amount, payment_method, cashier_name, created_at)
VALUES ('2b3636da-ad03-4ad8-87f5-9e7f9ea804b5', 'ORD-02093', 'Void (Not Made)', 815, 'Credit Card', 'System Seed', '2026-06-11T04:49:32.990Z');

INSERT INTO public.order_items (order_id, product_id, name, quantity, unit_price, subtotal)
VALUES ('2b3636da-ad03-4ad8-87f5-9e7f9ea804b5', '3a6a55c0-70f3-4417-a252-db77d9e511c0', 'Latte', 3, 120, 360);

INSERT INTO public.order_items (order_id, product_id, name, quantity, unit_price, subtotal)
VALUES ('2b3636da-ad03-4ad8-87f5-9e7f9ea804b5', '3a6a55c0-70f3-4417-a252-db77d9e511c0', 'Latte', 3, 120, 360);

INSERT INTO public.order_items (order_id, product_id, name, quantity, unit_price, subtotal)
VALUES ('2b3636da-ad03-4ad8-87f5-9e7f9ea804b5', '36c93748-7c86-4ddb-ba49-1bd1a164bf42', 'Blueberry Muffin', 1, 95, 95);

INSERT INTO public.orders (id, order_id, status, amount, payment_method, cashier_name, created_at)
VALUES ('beb3c11a-f274-48ce-948b-74e7820894aa', 'ORD-02094', 'Void (Not Made)', 240, 'Maya', 'System Seed', '2026-06-11T09:57:02.990Z');

INSERT INTO public.order_items (order_id, product_id, name, quantity, unit_price, subtotal)
VALUES ('beb3c11a-f274-48ce-948b-74e7820894aa', '3a6a55c0-70f3-4417-a252-db77d9e511c0', 'Latte', 2, 120, 240);

INSERT INTO public.orders (id, order_id, status, amount, payment_method, cashier_name, created_at)
VALUES ('8210f06f-9dc5-4292-8004-a920d48c558c', 'ORD-02095', 'Void (Not Made)', 720, 'Cash', 'System Seed', '2026-06-11T01:48:44.990Z');

INSERT INTO public.order_items (order_id, product_id, name, quantity, unit_price, subtotal)
VALUES ('8210f06f-9dc5-4292-8004-a920d48c558c', '48233f0a-6e57-4a45-b033-627d13f1be78', 'Cappuccino', 3, 120, 360);

INSERT INTO public.order_items (order_id, product_id, name, quantity, unit_price, subtotal)
VALUES ('8210f06f-9dc5-4292-8004-a920d48c558c', '3a6a55c0-70f3-4417-a252-db77d9e511c0', 'Latte', 3, 120, 360);

INSERT INTO public.orders (id, order_id, status, amount, payment_method, cashier_name, created_at)
VALUES ('edbd935a-b9e6-48ab-ac6f-acc2cb4994c1', 'ORD-02096', 'Void (Consumed)', 695, 'Credit Card', 'System Seed', '2026-06-11T05:25:12.990Z');

INSERT INTO public.order_items (order_id, product_id, name, quantity, unit_price, subtotal)
VALUES ('edbd935a-b9e6-48ab-ac6f-acc2cb4994c1', '36c93748-7c86-4ddb-ba49-1bd1a164bf42', 'Blueberry Muffin', 1, 95, 95);

INSERT INTO public.order_items (order_id, product_id, name, quantity, unit_price, subtotal)
VALUES ('edbd935a-b9e6-48ab-ac6f-acc2cb4994c1', '48233f0a-6e57-4a45-b033-627d13f1be78', 'Cappuccino', 3, 120, 360);

INSERT INTO public.order_items (order_id, product_id, name, quantity, unit_price, subtotal)
VALUES ('edbd935a-b9e6-48ab-ac6f-acc2cb4994c1', '65f0b94f-ccbe-4b50-a175-66810ae10f44', 'Croissant', 3, 80, 240);

INSERT INTO public.orders (id, order_id, status, amount, payment_method, cashier_name, created_at)
VALUES ('81c66843-0aa6-4b51-99ba-e784f2c1516f', 'ORD-02097', 'Completed', 690, 'Cash', 'System Seed', '2026-06-11T04:19:48.990Z');

INSERT INTO public.order_items (order_id, product_id, name, quantity, unit_price, subtotal)
VALUES ('81c66843-0aa6-4b51-99ba-e784f2c1516f', '83a6812d-2665-4ce5-871a-78a4eab3ce80', 'Americano', 2, 100, 200);

INSERT INTO public.order_items (order_id, product_id, name, quantity, unit_price, subtotal)
VALUES ('81c66843-0aa6-4b51-99ba-e784f2c1516f', '48233f0a-6e57-4a45-b033-627d13f1be78', 'Cappuccino', 1, 120, 120);

INSERT INTO public.order_items (order_id, product_id, name, quantity, unit_price, subtotal)
VALUES ('81c66843-0aa6-4b51-99ba-e784f2c1516f', 'fe6b02e6-9366-4abd-874c-fcb832e0e282', 'Green Tea', 2, 90, 180);

INSERT INTO public.order_items (order_id, product_id, name, quantity, unit_price, subtotal)
VALUES ('81c66843-0aa6-4b51-99ba-e784f2c1516f', '36c93748-7c86-4ddb-ba49-1bd1a164bf42', 'Blueberry Muffin', 2, 95, 190);

INSERT INTO public.orders (id, order_id, status, amount, payment_method, cashier_name, created_at)
VALUES ('92c52382-9bf9-4752-bd6e-797163933f67', 'ORD-02098', 'Completed', 80, 'Credit Card', 'System Seed', '2026-06-11T02:37:16.990Z');

INSERT INTO public.order_items (order_id, product_id, name, quantity, unit_price, subtotal)
VALUES ('92c52382-9bf9-4752-bd6e-797163933f67', '65f0b94f-ccbe-4b50-a175-66810ae10f44', 'Croissant', 1, 80, 80);

INSERT INTO public.orders (id, order_id, status, amount, payment_method, cashier_name, created_at)
VALUES ('c958d9c6-3471-4bc9-8016-857a1abd9537', 'ORD-02099', 'Completed', 780, 'Maya', 'System Seed', '2026-06-11T01:03:53.990Z');

INSERT INTO public.order_items (order_id, product_id, name, quantity, unit_price, subtotal)
VALUES ('c958d9c6-3471-4bc9-8016-857a1abd9537', 'dfe22f11-84a3-41d2-a268-149f012eae60', 'Sparkling Lemonade', 2, 110, 220);

INSERT INTO public.order_items (order_id, product_id, name, quantity, unit_price, subtotal)
VALUES ('c958d9c6-3471-4bc9-8016-857a1abd9537', '83a6812d-2665-4ce5-871a-78a4eab3ce80', 'Americano', 1, 100, 100);

INSERT INTO public.order_items (order_id, product_id, name, quantity, unit_price, subtotal)
VALUES ('c958d9c6-3471-4bc9-8016-857a1abd9537', 'fe6b02e6-9366-4abd-874c-fcb832e0e282', 'Green Tea', 3, 90, 270);

INSERT INTO public.order_items (order_id, product_id, name, quantity, unit_price, subtotal)
VALUES ('c958d9c6-3471-4bc9-8016-857a1abd9537', '36c93748-7c86-4ddb-ba49-1bd1a164bf42', 'Blueberry Muffin', 2, 95, 190);

INSERT INTO public.orders (id, order_id, status, amount, payment_method, cashier_name, created_at)
VALUES ('4953b444-264b-4790-8753-671aa0809276', 'ORD-02100', 'Completed', 660, 'Credit Card', 'System Seed', '2026-06-11T03:50:37.990Z');

INSERT INTO public.order_items (order_id, product_id, name, quantity, unit_price, subtotal)
VALUES ('4953b444-264b-4790-8753-671aa0809276', 'dfe22f11-84a3-41d2-a268-149f012eae60', 'Sparkling Lemonade', 2, 110, 220);

INSERT INTO public.order_items (order_id, product_id, name, quantity, unit_price, subtotal)
VALUES ('4953b444-264b-4790-8753-671aa0809276', 'dfe22f11-84a3-41d2-a268-149f012eae60', 'Sparkling Lemonade', 1, 110, 110);

INSERT INTO public.order_items (order_id, product_id, name, quantity, unit_price, subtotal)
VALUES ('4953b444-264b-4790-8753-671aa0809276', 'dfe22f11-84a3-41d2-a268-149f012eae60', 'Sparkling Lemonade', 1, 110, 110);

INSERT INTO public.order_items (order_id, product_id, name, quantity, unit_price, subtotal)
VALUES ('4953b444-264b-4790-8753-671aa0809276', 'dfe22f11-84a3-41d2-a268-149f012eae60', 'Sparkling Lemonade', 2, 110, 220);

INSERT INTO public.orders (id, order_id, status, amount, payment_method, cashier_name, created_at)
VALUES ('ab75011f-a922-4a60-99d3-0d43dbae7ac7', 'ORD-02101', 'Completed', 1250, 'Credit Card', 'System Seed', '2026-06-11T08:58:34.990Z');

INSERT INTO public.order_items (order_id, product_id, name, quantity, unit_price, subtotal)
VALUES ('ab75011f-a922-4a60-99d3-0d43dbae7ac7', '1b5c6269-ce45-4413-acb8-21813cd7f9cf', 'Mocha', 3, 140, 420);

INSERT INTO public.order_items (order_id, product_id, name, quantity, unit_price, subtotal)
VALUES ('ab75011f-a922-4a60-99d3-0d43dbae7ac7', '1b5c6269-ce45-4413-acb8-21813cd7f9cf', 'Mocha', 3, 140, 420);

INSERT INTO public.order_items (order_id, product_id, name, quantity, unit_price, subtotal)
VALUES ('ab75011f-a922-4a60-99d3-0d43dbae7ac7', 'dfe22f11-84a3-41d2-a268-149f012eae60', 'Sparkling Lemonade', 3, 110, 330);

INSERT INTO public.order_items (order_id, product_id, name, quantity, unit_price, subtotal)
VALUES ('ab75011f-a922-4a60-99d3-0d43dbae7ac7', '65f0b94f-ccbe-4b50-a175-66810ae10f44', 'Croissant', 1, 80, 80);

INSERT INTO public.orders (id, order_id, status, amount, payment_method, cashier_name, created_at)
VALUES ('612c13c3-a9e9-45a8-805f-208dcf3e1557', 'ORD-02102', 'Completed', 270, 'Cash', 'System Seed', '2026-06-11T12:45:24.990Z');

INSERT INTO public.order_items (order_id, product_id, name, quantity, unit_price, subtotal)
VALUES ('612c13c3-a9e9-45a8-805f-208dcf3e1557', 'fe6b02e6-9366-4abd-874c-fcb832e0e282', 'Green Tea', 3, 90, 270);

INSERT INTO public.orders (id, order_id, status, amount, payment_method, cashier_name, created_at)
VALUES ('ddc1d2a2-4330-48b6-a61d-07d16425073a', 'ORD-02103', 'Completed', 930, 'Cash', 'System Seed', '2026-06-11T04:46:31.990Z');

INSERT INTO public.order_items (order_id, product_id, name, quantity, unit_price, subtotal)
VALUES ('ddc1d2a2-4330-48b6-a61d-07d16425073a', 'fe6b02e6-9366-4abd-874c-fcb832e0e282', 'Green Tea', 1, 90, 90);

INSERT INTO public.order_items (order_id, product_id, name, quantity, unit_price, subtotal)
VALUES ('ddc1d2a2-4330-48b6-a61d-07d16425073a', '3a6a55c0-70f3-4417-a252-db77d9e511c0', 'Latte', 3, 120, 360);

INSERT INTO public.order_items (order_id, product_id, name, quantity, unit_price, subtotal)
VALUES ('ddc1d2a2-4330-48b6-a61d-07d16425073a', '48233f0a-6e57-4a45-b033-627d13f1be78', 'Cappuccino', 1, 120, 120);

INSERT INTO public.order_items (order_id, product_id, name, quantity, unit_price, subtotal)
VALUES ('ddc1d2a2-4330-48b6-a61d-07d16425073a', '48233f0a-6e57-4a45-b033-627d13f1be78', 'Cappuccino', 3, 120, 360);

INSERT INTO public.orders (id, order_id, status, amount, payment_method, cashier_name, created_at)
VALUES ('366f3479-4191-4d43-99b8-1eba0799d8cc', 'ORD-02104', 'Completed', 880, 'Cash', 'System Seed', '2026-06-11T06:31:32.990Z');

INSERT INTO public.order_items (order_id, product_id, name, quantity, unit_price, subtotal)
VALUES ('366f3479-4191-4d43-99b8-1eba0799d8cc', '3a6a55c0-70f3-4417-a252-db77d9e511c0', 'Latte', 2, 120, 240);

INSERT INTO public.order_items (order_id, product_id, name, quantity, unit_price, subtotal)
VALUES ('366f3479-4191-4d43-99b8-1eba0799d8cc', '1b5c6269-ce45-4413-acb8-21813cd7f9cf', 'Mocha', 2, 140, 280);

INSERT INTO public.order_items (order_id, product_id, name, quantity, unit_price, subtotal)
VALUES ('366f3479-4191-4d43-99b8-1eba0799d8cc', '3a6a55c0-70f3-4417-a252-db77d9e511c0', 'Latte', 3, 120, 360);

INSERT INTO public.orders (id, order_id, status, amount, payment_method, cashier_name, created_at)
VALUES ('a5edf8ea-37bb-4f67-be20-ecc798921c4e', 'ORD-02105', 'Completed', 330, 'Maya', 'System Seed', '2026-06-11T23:07:18.990Z');

INSERT INTO public.order_items (order_id, product_id, name, quantity, unit_price, subtotal)
VALUES ('a5edf8ea-37bb-4f67-be20-ecc798921c4e', 'dfe22f11-84a3-41d2-a268-149f012eae60', 'Sparkling Lemonade', 3, 110, 330);

INSERT INTO public.orders (id, order_id, status, amount, payment_method, cashier_name, created_at)
VALUES ('b5737f09-8df2-4a89-820c-a5fbeb199fe0', 'ORD-02106', 'Completed', 220, 'GCash', 'System Seed', '2026-06-12T02:13:46.990Z');

INSERT INTO public.order_items (order_id, product_id, name, quantity, unit_price, subtotal)
VALUES ('b5737f09-8df2-4a89-820c-a5fbeb199fe0', 'dfe22f11-84a3-41d2-a268-149f012eae60', 'Sparkling Lemonade', 2, 110, 220);

INSERT INTO public.orders (id, order_id, status, amount, payment_method, cashier_name, created_at)
VALUES ('2fdf6ccf-13af-4abc-89fd-81ba74d54042', 'ORD-02107', 'Void (Not Made)', 360, 'Cash', 'System Seed', '2026-06-12T11:04:00.990Z');

INSERT INTO public.order_items (order_id, product_id, name, quantity, unit_price, subtotal)
VALUES ('2fdf6ccf-13af-4abc-89fd-81ba74d54042', '3a6a55c0-70f3-4417-a252-db77d9e511c0', 'Latte', 3, 120, 360);

INSERT INTO public.orders (id, order_id, status, amount, payment_method, cashier_name, created_at)
VALUES ('cd0bfb8f-2833-4d2d-b8fa-c9bec75f3fab', 'ORD-02108', 'Completed', 380, 'Maya', 'System Seed', '2026-06-12T04:53:47.990Z');

INSERT INTO public.order_items (order_id, product_id, name, quantity, unit_price, subtotal)
VALUES ('cd0bfb8f-2833-4d2d-b8fa-c9bec75f3fab', 'fe6b02e6-9366-4abd-874c-fcb832e0e282', 'Green Tea', 2, 90, 180);

INSERT INTO public.order_items (order_id, product_id, name, quantity, unit_price, subtotal)
VALUES ('cd0bfb8f-2833-4d2d-b8fa-c9bec75f3fab', 'fe6b02e6-9366-4abd-874c-fcb832e0e282', 'Green Tea', 1, 90, 90);

INSERT INTO public.order_items (order_id, product_id, name, quantity, unit_price, subtotal)
VALUES ('cd0bfb8f-2833-4d2d-b8fa-c9bec75f3fab', 'dfe22f11-84a3-41d2-a268-149f012eae60', 'Sparkling Lemonade', 1, 110, 110);

INSERT INTO public.orders (id, order_id, status, amount, payment_method, cashier_name, created_at)
VALUES ('a6e30006-cefc-4a6d-b006-e31df62cb746', 'ORD-02109', 'Completed', 525, 'GCash', 'System Seed', '2026-06-11T23:54:20.990Z');

INSERT INTO public.order_items (order_id, product_id, name, quantity, unit_price, subtotal)
VALUES ('a6e30006-cefc-4a6d-b006-e31df62cb746', '65f0b94f-ccbe-4b50-a175-66810ae10f44', 'Croissant', 3, 80, 240);

INSERT INTO public.order_items (order_id, product_id, name, quantity, unit_price, subtotal)
VALUES ('a6e30006-cefc-4a6d-b006-e31df62cb746', '36c93748-7c86-4ddb-ba49-1bd1a164bf42', 'Blueberry Muffin', 3, 95, 285);

INSERT INTO public.orders (id, order_id, status, amount, payment_method, cashier_name, created_at)
VALUES ('b03ad960-613f-4384-ab76-323666694118', 'ORD-02110', 'Completed', 90, 'Maya', 'System Seed', '2026-06-11T23:27:53.990Z');

INSERT INTO public.order_items (order_id, product_id, name, quantity, unit_price, subtotal)
VALUES ('b03ad960-613f-4384-ab76-323666694118', 'fe6b02e6-9366-4abd-874c-fcb832e0e282', 'Green Tea', 1, 90, 90);

INSERT INTO public.orders (id, order_id, status, amount, payment_method, cashier_name, created_at)
VALUES ('0dc907f3-3592-4fe9-99b4-a770722b4608', 'ORD-02111', 'Void (Not Made)', 240, 'Maya', 'System Seed', '2026-06-12T07:00:01.990Z');

INSERT INTO public.order_items (order_id, product_id, name, quantity, unit_price, subtotal)
VALUES ('0dc907f3-3592-4fe9-99b4-a770722b4608', '48233f0a-6e57-4a45-b033-627d13f1be78', 'Cappuccino', 2, 120, 240);

INSERT INTO public.orders (id, order_id, status, amount, payment_method, cashier_name, created_at)
VALUES ('315b30c3-8187-4c3f-b934-2e9bd809d877', 'ORD-02112', 'Completed', 900, 'Credit Card', 'System Seed', '2026-06-12T04:38:29.990Z');

INSERT INTO public.order_items (order_id, product_id, name, quantity, unit_price, subtotal)
VALUES ('315b30c3-8187-4c3f-b934-2e9bd809d877', 'fe6b02e6-9366-4abd-874c-fcb832e0e282', 'Green Tea', 3, 90, 270);

INSERT INTO public.order_items (order_id, product_id, name, quantity, unit_price, subtotal)
VALUES ('315b30c3-8187-4c3f-b934-2e9bd809d877', '65f0b94f-ccbe-4b50-a175-66810ae10f44', 'Croissant', 3, 80, 240);

INSERT INTO public.order_items (order_id, product_id, name, quantity, unit_price, subtotal)
VALUES ('315b30c3-8187-4c3f-b934-2e9bd809d877', '3a6a55c0-70f3-4417-a252-db77d9e511c0', 'Latte', 1, 120, 120);

INSERT INTO public.order_items (order_id, product_id, name, quantity, unit_price, subtotal)
VALUES ('315b30c3-8187-4c3f-b934-2e9bd809d877', 'fe6b02e6-9366-4abd-874c-fcb832e0e282', 'Green Tea', 3, 90, 270);

INSERT INTO public.orders (id, order_id, status, amount, payment_method, cashier_name, created_at)
VALUES ('cf52c07a-d5bb-4c68-aa70-279bbf063030', 'ORD-02113', 'Void (Consumed)', 160, 'GCash', 'System Seed', '2026-06-12T00:52:34.990Z');

INSERT INTO public.order_items (order_id, product_id, name, quantity, unit_price, subtotal)
VALUES ('cf52c07a-d5bb-4c68-aa70-279bbf063030', '65f0b94f-ccbe-4b50-a175-66810ae10f44', 'Croissant', 2, 80, 160);

INSERT INTO public.orders (id, order_id, status, amount, payment_method, cashier_name, created_at)
VALUES ('29a04cd9-1c84-49e9-aa23-46cc7851de59', 'ORD-02114', 'Completed', 510, 'Maya', 'System Seed', '2026-06-12T12:45:54.990Z');

INSERT INTO public.order_items (order_id, product_id, name, quantity, unit_price, subtotal)
VALUES ('29a04cd9-1c84-49e9-aa23-46cc7851de59', '65f0b94f-ccbe-4b50-a175-66810ae10f44', 'Croissant', 2, 80, 160);

INSERT INTO public.order_items (order_id, product_id, name, quantity, unit_price, subtotal)
VALUES ('29a04cd9-1c84-49e9-aa23-46cc7851de59', '36c93748-7c86-4ddb-ba49-1bd1a164bf42', 'Blueberry Muffin', 2, 95, 190);

INSERT INTO public.order_items (order_id, product_id, name, quantity, unit_price, subtotal)
VALUES ('29a04cd9-1c84-49e9-aa23-46cc7851de59', '65f0b94f-ccbe-4b50-a175-66810ae10f44', 'Croissant', 2, 80, 160);

INSERT INTO public.orders (id, order_id, status, amount, payment_method, cashier_name, created_at)
VALUES ('ee8d1603-e41b-4365-88fe-1e8fa4ba5b26', 'ORD-02115', 'Void (Consumed)', 190, 'GCash', 'System Seed', '2026-06-12T04:57:29.990Z');

INSERT INTO public.order_items (order_id, product_id, name, quantity, unit_price, subtotal)
VALUES ('ee8d1603-e41b-4365-88fe-1e8fa4ba5b26', '36c93748-7c86-4ddb-ba49-1bd1a164bf42', 'Blueberry Muffin', 2, 95, 190);

INSERT INTO public.orders (id, order_id, status, amount, payment_method, cashier_name, created_at)
VALUES ('e1db198a-d4e6-454c-8a43-d52a6e3637ea', 'ORD-02116', 'Completed', 480, 'GCash', 'System Seed', '2026-06-12T02:55:29.990Z');

INSERT INTO public.order_items (order_id, product_id, name, quantity, unit_price, subtotal)
VALUES ('e1db198a-d4e6-454c-8a43-d52a6e3637ea', '65f0b94f-ccbe-4b50-a175-66810ae10f44', 'Croissant', 3, 80, 240);

INSERT INTO public.order_items (order_id, product_id, name, quantity, unit_price, subtotal)
VALUES ('e1db198a-d4e6-454c-8a43-d52a6e3637ea', '48233f0a-6e57-4a45-b033-627d13f1be78', 'Cappuccino', 2, 120, 240);

INSERT INTO public.orders (id, order_id, status, amount, payment_method, cashier_name, created_at)
VALUES ('d2b80b91-aaad-4c27-8791-614b7179f992', 'ORD-02117', 'Void (Not Made)', 270, 'GCash', 'System Seed', '2026-06-11T23:00:10.990Z');

INSERT INTO public.order_items (order_id, product_id, name, quantity, unit_price, subtotal)
VALUES ('d2b80b91-aaad-4c27-8791-614b7179f992', 'fe6b02e6-9366-4abd-874c-fcb832e0e282', 'Green Tea', 3, 90, 270);

INSERT INTO public.orders (id, order_id, status, amount, payment_method, cashier_name, created_at)
VALUES ('94e51f00-276e-4a06-8c25-584657de41fa', 'ORD-02118', 'Completed', 90, 'Credit Card', 'System Seed', '2026-06-12T07:39:25.990Z');

INSERT INTO public.order_items (order_id, product_id, name, quantity, unit_price, subtotal)
VALUES ('94e51f00-276e-4a06-8c25-584657de41fa', 'fe6b02e6-9366-4abd-874c-fcb832e0e282', 'Green Tea', 1, 90, 90);

INSERT INTO public.orders (id, order_id, status, amount, payment_method, cashier_name, created_at)
VALUES ('914be516-2e3c-4ad3-b345-79b34f6ad140', 'ORD-02119', 'Void (Consumed)', 240, 'GCash', 'System Seed', '2026-06-12T12:27:38.990Z');

INSERT INTO public.order_items (order_id, product_id, name, quantity, unit_price, subtotal)
VALUES ('914be516-2e3c-4ad3-b345-79b34f6ad140', '48233f0a-6e57-4a45-b033-627d13f1be78', 'Cappuccino', 2, 120, 240);

INSERT INTO public.orders (id, order_id, status, amount, payment_method, cashier_name, created_at)
VALUES ('a1f865b2-6bc9-4cbb-9813-b15357a45152', 'ORD-02120', 'Completed', 790, 'Credit Card', 'System Seed', '2026-06-12T02:03:05.990Z');

INSERT INTO public.order_items (order_id, product_id, name, quantity, unit_price, subtotal)
VALUES ('a1f865b2-6bc9-4cbb-9813-b15357a45152', '65f0b94f-ccbe-4b50-a175-66810ae10f44', 'Croissant', 3, 80, 240);

INSERT INTO public.order_items (order_id, product_id, name, quantity, unit_price, subtotal)
VALUES ('a1f865b2-6bc9-4cbb-9813-b15357a45152', '1b5c6269-ce45-4413-acb8-21813cd7f9cf', 'Mocha', 1, 140, 140);

INSERT INTO public.order_items (order_id, product_id, name, quantity, unit_price, subtotal)
VALUES ('a1f865b2-6bc9-4cbb-9813-b15357a45152', 'dfe22f11-84a3-41d2-a268-149f012eae60', 'Sparkling Lemonade', 1, 110, 110);

INSERT INTO public.order_items (order_id, product_id, name, quantity, unit_price, subtotal)
VALUES ('a1f865b2-6bc9-4cbb-9813-b15357a45152', '83a6812d-2665-4ce5-871a-78a4eab3ce80', 'Americano', 3, 100, 300);

INSERT INTO public.orders (id, order_id, status, amount, payment_method, cashier_name, created_at)
VALUES ('a33e5582-4ee2-4009-a03d-53f05e2e6d7c', 'ORD-02121', 'Completed', 690, 'Maya', 'System Seed', '2026-06-12T08:01:03.990Z');

INSERT INTO public.order_items (order_id, product_id, name, quantity, unit_price, subtotal)
VALUES ('a33e5582-4ee2-4009-a03d-53f05e2e6d7c', '3a6a55c0-70f3-4417-a252-db77d9e511c0', 'Latte', 1, 120, 120);

INSERT INTO public.order_items (order_id, product_id, name, quantity, unit_price, subtotal)
VALUES ('a33e5582-4ee2-4009-a03d-53f05e2e6d7c', '65f0b94f-ccbe-4b50-a175-66810ae10f44', 'Croissant', 1, 80, 80);

INSERT INTO public.order_items (order_id, product_id, name, quantity, unit_price, subtotal)
VALUES ('a33e5582-4ee2-4009-a03d-53f05e2e6d7c', '83a6812d-2665-4ce5-871a-78a4eab3ce80', 'Americano', 3, 100, 300);

INSERT INTO public.order_items (order_id, product_id, name, quantity, unit_price, subtotal)
VALUES ('a33e5582-4ee2-4009-a03d-53f05e2e6d7c', '36c93748-7c86-4ddb-ba49-1bd1a164bf42', 'Blueberry Muffin', 2, 95, 190);

INSERT INTO public.orders (id, order_id, status, amount, payment_method, cashier_name, created_at)
VALUES ('3873e743-c26e-4620-b4c9-86850e4dec76', 'ORD-02122', 'Completed', 640, 'Credit Card', 'System Seed', '2026-06-12T05:01:42.990Z');

INSERT INTO public.order_items (order_id, product_id, name, quantity, unit_price, subtotal)
VALUES ('3873e743-c26e-4620-b4c9-86850e4dec76', '1b5c6269-ce45-4413-acb8-21813cd7f9cf', 'Mocha', 1, 140, 140);

INSERT INTO public.order_items (order_id, product_id, name, quantity, unit_price, subtotal)
VALUES ('3873e743-c26e-4620-b4c9-86850e4dec76', '48233f0a-6e57-4a45-b033-627d13f1be78', 'Cappuccino', 1, 120, 120);

INSERT INTO public.order_items (order_id, product_id, name, quantity, unit_price, subtotal)
VALUES ('3873e743-c26e-4620-b4c9-86850e4dec76', '1b5c6269-ce45-4413-acb8-21813cd7f9cf', 'Mocha', 1, 140, 140);

INSERT INTO public.order_items (order_id, product_id, name, quantity, unit_price, subtotal)
VALUES ('3873e743-c26e-4620-b4c9-86850e4dec76', '3a6a55c0-70f3-4417-a252-db77d9e511c0', 'Latte', 2, 120, 240);

INSERT INTO public.orders (id, order_id, status, amount, payment_method, cashier_name, created_at)
VALUES ('e1705ded-4f09-494d-b81c-0808d25d7034', 'ORD-02123', 'Completed', 1180, 'Cash', 'System Seed', '2026-06-12T08:45:37.990Z');

INSERT INTO public.order_items (order_id, product_id, name, quantity, unit_price, subtotal)
VALUES ('e1705ded-4f09-494d-b81c-0808d25d7034', 'dfe22f11-84a3-41d2-a268-149f012eae60', 'Sparkling Lemonade', 3, 110, 330);

INSERT INTO public.order_items (order_id, product_id, name, quantity, unit_price, subtotal)
VALUES ('e1705ded-4f09-494d-b81c-0808d25d7034', 'dfe22f11-84a3-41d2-a268-149f012eae60', 'Sparkling Lemonade', 3, 110, 330);

INSERT INTO public.order_items (order_id, product_id, name, quantity, unit_price, subtotal)
VALUES ('e1705ded-4f09-494d-b81c-0808d25d7034', '65f0b94f-ccbe-4b50-a175-66810ae10f44', 'Croissant', 2, 80, 160);

INSERT INTO public.order_items (order_id, product_id, name, quantity, unit_price, subtotal)
VALUES ('e1705ded-4f09-494d-b81c-0808d25d7034', '3a6a55c0-70f3-4417-a252-db77d9e511c0', 'Latte', 3, 120, 360);

INSERT INTO public.orders (id, order_id, status, amount, payment_method, cashier_name, created_at)
VALUES ('1821f533-5978-427f-8ec1-b88e2e05d85e', 'ORD-02124', 'Completed', 520, 'Credit Card', 'System Seed', '2026-06-12T11:37:51.990Z');

INSERT INTO public.order_items (order_id, product_id, name, quantity, unit_price, subtotal)
VALUES ('1821f533-5978-427f-8ec1-b88e2e05d85e', 'dfe22f11-84a3-41d2-a268-149f012eae60', 'Sparkling Lemonade', 2, 110, 220);

INSERT INTO public.order_items (order_id, product_id, name, quantity, unit_price, subtotal)
VALUES ('1821f533-5978-427f-8ec1-b88e2e05d85e', '83a6812d-2665-4ce5-871a-78a4eab3ce80', 'Americano', 3, 100, 300);

INSERT INTO public.orders (id, order_id, status, amount, payment_method, cashier_name, created_at)
VALUES ('6978467d-c8a5-4845-8e5a-d80d3c17c67f', 'ORD-02125', 'Void (Not Made)', 600, 'Maya', 'System Seed', '2026-06-12T09:39:20.990Z');

INSERT INTO public.order_items (order_id, product_id, name, quantity, unit_price, subtotal)
VALUES ('6978467d-c8a5-4845-8e5a-d80d3c17c67f', 'fe6b02e6-9366-4abd-874c-fcb832e0e282', 'Green Tea', 2, 90, 180);

INSERT INTO public.order_items (order_id, product_id, name, quantity, unit_price, subtotal)
VALUES ('6978467d-c8a5-4845-8e5a-d80d3c17c67f', '83a6812d-2665-4ce5-871a-78a4eab3ce80', 'Americano', 1, 100, 100);

INSERT INTO public.order_items (order_id, product_id, name, quantity, unit_price, subtotal)
VALUES ('6978467d-c8a5-4845-8e5a-d80d3c17c67f', '65f0b94f-ccbe-4b50-a175-66810ae10f44', 'Croissant', 3, 80, 240);

INSERT INTO public.order_items (order_id, product_id, name, quantity, unit_price, subtotal)
VALUES ('6978467d-c8a5-4845-8e5a-d80d3c17c67f', '65f0b94f-ccbe-4b50-a175-66810ae10f44', 'Croissant', 1, 80, 80);

INSERT INTO public.orders (id, order_id, status, amount, payment_method, cashier_name, created_at)
VALUES ('1e8b2ce2-df33-46ca-890a-406bfde17d2d', 'ORD-02126', 'Completed', 300, 'GCash', 'System Seed', '2026-06-12T01:15:10.990Z');

INSERT INTO public.order_items (order_id, product_id, name, quantity, unit_price, subtotal)
VALUES ('1e8b2ce2-df33-46ca-890a-406bfde17d2d', '83a6812d-2665-4ce5-871a-78a4eab3ce80', 'Americano', 3, 100, 300);

INSERT INTO public.orders (id, order_id, status, amount, payment_method, cashier_name, created_at)
VALUES ('a532ebde-2f3b-4677-a03e-030a13a8dffc', 'ORD-02127', 'Completed', 480, 'Cash', 'System Seed', '2026-06-12T11:14:03.990Z');

INSERT INTO public.order_items (order_id, product_id, name, quantity, unit_price, subtotal)
VALUES ('a532ebde-2f3b-4677-a03e-030a13a8dffc', '48233f0a-6e57-4a45-b033-627d13f1be78', 'Cappuccino', 1, 120, 120);

INSERT INTO public.order_items (order_id, product_id, name, quantity, unit_price, subtotal)
VALUES ('a532ebde-2f3b-4677-a03e-030a13a8dffc', '48233f0a-6e57-4a45-b033-627d13f1be78', 'Cappuccino', 1, 120, 120);

INSERT INTO public.order_items (order_id, product_id, name, quantity, unit_price, subtotal)
VALUES ('a532ebde-2f3b-4677-a03e-030a13a8dffc', '3a6a55c0-70f3-4417-a252-db77d9e511c0', 'Latte', 2, 120, 240);

INSERT INTO public.orders (id, order_id, status, amount, payment_method, cashier_name, created_at)
VALUES ('5df6168f-b5cb-42e7-8391-912ee0a4ad0e', 'ORD-02128', 'Completed', 480, 'Cash', 'System Seed', '2026-06-11T23:13:42.990Z');

INSERT INTO public.order_items (order_id, product_id, name, quantity, unit_price, subtotal)
VALUES ('5df6168f-b5cb-42e7-8391-912ee0a4ad0e', '65f0b94f-ccbe-4b50-a175-66810ae10f44', 'Croissant', 3, 80, 240);

INSERT INTO public.order_items (order_id, product_id, name, quantity, unit_price, subtotal)
VALUES ('5df6168f-b5cb-42e7-8391-912ee0a4ad0e', '3a6a55c0-70f3-4417-a252-db77d9e511c0', 'Latte', 2, 120, 240);

INSERT INTO public.orders (id, order_id, status, amount, payment_method, cashier_name, created_at)
VALUES ('6f8cbc64-2c8f-4355-96c8-d5eafa77449b', 'ORD-02129', 'Completed', 1020, 'Cash', 'System Seed', '2026-06-12T07:00:29.990Z');

INSERT INTO public.order_items (order_id, product_id, name, quantity, unit_price, subtotal)
VALUES ('6f8cbc64-2c8f-4355-96c8-d5eafa77449b', '65f0b94f-ccbe-4b50-a175-66810ae10f44', 'Croissant', 3, 80, 240);

INSERT INTO public.order_items (order_id, product_id, name, quantity, unit_price, subtotal)
VALUES ('6f8cbc64-2c8f-4355-96c8-d5eafa77449b', '48233f0a-6e57-4a45-b033-627d13f1be78', 'Cappuccino', 1, 120, 120);

INSERT INTO public.order_items (order_id, product_id, name, quantity, unit_price, subtotal)
VALUES ('6f8cbc64-2c8f-4355-96c8-d5eafa77449b', '65f0b94f-ccbe-4b50-a175-66810ae10f44', 'Croissant', 3, 80, 240);

INSERT INTO public.order_items (order_id, product_id, name, quantity, unit_price, subtotal)
VALUES ('6f8cbc64-2c8f-4355-96c8-d5eafa77449b', '1b5c6269-ce45-4413-acb8-21813cd7f9cf', 'Mocha', 3, 140, 420);

INSERT INTO public.orders (id, order_id, status, amount, payment_method, cashier_name, created_at)
VALUES ('94e59004-7873-4603-a1f1-85ffe0a2cfe3', 'ORD-02130', 'Void (Consumed)', 510, 'Credit Card', 'System Seed', '2026-06-12T10:02:51.990Z');

INSERT INTO public.order_items (order_id, product_id, name, quantity, unit_price, subtotal)
VALUES ('94e59004-7873-4603-a1f1-85ffe0a2cfe3', '3a6a55c0-70f3-4417-a252-db77d9e511c0', 'Latte', 2, 120, 240);

INSERT INTO public.order_items (order_id, product_id, name, quantity, unit_price, subtotal)
VALUES ('94e59004-7873-4603-a1f1-85ffe0a2cfe3', 'fe6b02e6-9366-4abd-874c-fcb832e0e282', 'Green Tea', 3, 90, 270);

INSERT INTO public.orders (id, order_id, status, amount, payment_method, cashier_name, created_at)
VALUES ('75792389-55e3-44e8-acc6-1b14baafe08a', 'ORD-02131', 'Completed', 175, 'GCash', 'System Seed', '2026-06-12T00:55:22.990Z');

INSERT INTO public.order_items (order_id, product_id, name, quantity, unit_price, subtotal)
VALUES ('75792389-55e3-44e8-acc6-1b14baafe08a', '36c93748-7c86-4ddb-ba49-1bd1a164bf42', 'Blueberry Muffin', 1, 95, 95);

INSERT INTO public.order_items (order_id, product_id, name, quantity, unit_price, subtotal)
VALUES ('75792389-55e3-44e8-acc6-1b14baafe08a', '65f0b94f-ccbe-4b50-a175-66810ae10f44', 'Croissant', 1, 80, 80);

INSERT INTO public.orders (id, order_id, status, amount, payment_method, cashier_name, created_at)
VALUES ('5ec00abe-a180-41eb-ba85-fcd7552c2547', 'ORD-02132', 'Void (Consumed)', 530, 'GCash', 'System Seed', '2026-06-12T12:30:24.990Z');

INSERT INTO public.order_items (order_id, product_id, name, quantity, unit_price, subtotal)
VALUES ('5ec00abe-a180-41eb-ba85-fcd7552c2547', 'dfe22f11-84a3-41d2-a268-149f012eae60', 'Sparkling Lemonade', 2, 110, 220);

INSERT INTO public.order_items (order_id, product_id, name, quantity, unit_price, subtotal)
VALUES ('5ec00abe-a180-41eb-ba85-fcd7552c2547', '83a6812d-2665-4ce5-871a-78a4eab3ce80', 'Americano', 2, 100, 200);

INSERT INTO public.order_items (order_id, product_id, name, quantity, unit_price, subtotal)
VALUES ('5ec00abe-a180-41eb-ba85-fcd7552c2547', 'dfe22f11-84a3-41d2-a268-149f012eae60', 'Sparkling Lemonade', 1, 110, 110);

INSERT INTO public.orders (id, order_id, status, amount, payment_method, cashier_name, created_at)
VALUES ('9ef11a73-f612-4f33-b436-754845293e0a', 'ORD-02133', 'Void (Consumed)', 360, 'Credit Card', 'System Seed', '2026-06-12T03:27:12.990Z');

INSERT INTO public.order_items (order_id, product_id, name, quantity, unit_price, subtotal)
VALUES ('9ef11a73-f612-4f33-b436-754845293e0a', '48233f0a-6e57-4a45-b033-627d13f1be78', 'Cappuccino', 3, 120, 360);

INSERT INTO public.orders (id, order_id, status, amount, payment_method, cashier_name, created_at)
VALUES ('5aed699d-da71-4dc4-b3d0-099f5291573d', 'ORD-02134', 'Completed', 330, 'GCash', 'System Seed', '2026-06-11T23:50:48.990Z');

INSERT INTO public.order_items (order_id, product_id, name, quantity, unit_price, subtotal)
VALUES ('5aed699d-da71-4dc4-b3d0-099f5291573d', 'dfe22f11-84a3-41d2-a268-149f012eae60', 'Sparkling Lemonade', 3, 110, 330);

INSERT INTO public.orders (id, order_id, status, amount, payment_method, cashier_name, created_at)
VALUES ('0541cf8c-c62b-4b3c-878a-b2bec1d7f782', 'ORD-02135', 'Void (Not Made)', 780, 'GCash', 'System Seed', '2026-06-12T05:06:38.990Z');

INSERT INTO public.order_items (order_id, product_id, name, quantity, unit_price, subtotal)
VALUES ('0541cf8c-c62b-4b3c-878a-b2bec1d7f782', 'dfe22f11-84a3-41d2-a268-149f012eae60', 'Sparkling Lemonade', 3, 110, 330);

INSERT INTO public.order_items (order_id, product_id, name, quantity, unit_price, subtotal)
VALUES ('0541cf8c-c62b-4b3c-878a-b2bec1d7f782', '83a6812d-2665-4ce5-871a-78a4eab3ce80', 'Americano', 1, 100, 100);

INSERT INTO public.order_items (order_id, product_id, name, quantity, unit_price, subtotal)
VALUES ('0541cf8c-c62b-4b3c-878a-b2bec1d7f782', '65f0b94f-ccbe-4b50-a175-66810ae10f44', 'Croissant', 2, 80, 160);

INSERT INTO public.order_items (order_id, product_id, name, quantity, unit_price, subtotal)
VALUES ('0541cf8c-c62b-4b3c-878a-b2bec1d7f782', '36c93748-7c86-4ddb-ba49-1bd1a164bf42', 'Blueberry Muffin', 2, 95, 190);

INSERT INTO public.orders (id, order_id, status, amount, payment_method, cashier_name, created_at)
VALUES ('4ae79894-17e0-43d5-b9d7-05284e0f775b', 'ORD-02136', 'Completed', 920, 'Credit Card', 'System Seed', '2026-06-12T09:14:49.990Z');

INSERT INTO public.order_items (order_id, product_id, name, quantity, unit_price, subtotal)
VALUES ('4ae79894-17e0-43d5-b9d7-05284e0f775b', '1b5c6269-ce45-4413-acb8-21813cd7f9cf', 'Mocha', 3, 140, 420);

INSERT INTO public.order_items (order_id, product_id, name, quantity, unit_price, subtotal)
VALUES ('4ae79894-17e0-43d5-b9d7-05284e0f775b', '3a6a55c0-70f3-4417-a252-db77d9e511c0', 'Latte', 1, 120, 120);

INSERT INTO public.order_items (order_id, product_id, name, quantity, unit_price, subtotal)
VALUES ('4ae79894-17e0-43d5-b9d7-05284e0f775b', 'dfe22f11-84a3-41d2-a268-149f012eae60', 'Sparkling Lemonade', 2, 110, 220);

INSERT INTO public.order_items (order_id, product_id, name, quantity, unit_price, subtotal)
VALUES ('4ae79894-17e0-43d5-b9d7-05284e0f775b', '65f0b94f-ccbe-4b50-a175-66810ae10f44', 'Croissant', 2, 80, 160);

INSERT INTO public.orders (id, order_id, status, amount, payment_method, cashier_name, created_at)
VALUES ('4cd452d0-faa2-4a6d-b34f-73bd94990009', 'ORD-02137', 'Completed', 90, 'Maya', 'System Seed', '2026-06-12T11:54:55.990Z');

INSERT INTO public.order_items (order_id, product_id, name, quantity, unit_price, subtotal)
VALUES ('4cd452d0-faa2-4a6d-b34f-73bd94990009', 'fe6b02e6-9366-4abd-874c-fcb832e0e282', 'Green Tea', 1, 90, 90);

INSERT INTO public.orders (id, order_id, status, amount, payment_method, cashier_name, created_at)
VALUES ('e0216661-751d-4a55-af29-6b2959e7046f', 'ORD-02138', 'Void (Not Made)', 120, 'Cash', 'System Seed', '2026-06-12T02:40:27.990Z');

INSERT INTO public.order_items (order_id, product_id, name, quantity, unit_price, subtotal)
VALUES ('e0216661-751d-4a55-af29-6b2959e7046f', '48233f0a-6e57-4a45-b033-627d13f1be78', 'Cappuccino', 1, 120, 120);

INSERT INTO public.orders (id, order_id, status, amount, payment_method, cashier_name, created_at)
VALUES ('2b6712cf-a7a8-4a15-9e35-0ae7126bffc3', 'ORD-02139', 'Void (Consumed)', 420, 'Maya', 'System Seed', '2026-06-12T05:58:01.990Z');

INSERT INTO public.order_items (order_id, product_id, name, quantity, unit_price, subtotal)
VALUES ('2b6712cf-a7a8-4a15-9e35-0ae7126bffc3', '1b5c6269-ce45-4413-acb8-21813cd7f9cf', 'Mocha', 3, 140, 420);

INSERT INTO public.orders (id, order_id, status, amount, payment_method, cashier_name, created_at)
VALUES ('62a92081-541a-4ed7-ad95-96fc41e8dc96', 'ORD-02140', 'Void (Not Made)', 360, 'Maya', 'System Seed', '2026-06-12T12:40:10.990Z');

INSERT INTO public.order_items (order_id, product_id, name, quantity, unit_price, subtotal)
VALUES ('62a92081-541a-4ed7-ad95-96fc41e8dc96', '36c93748-7c86-4ddb-ba49-1bd1a164bf42', 'Blueberry Muffin', 2, 95, 190);

INSERT INTO public.order_items (order_id, product_id, name, quantity, unit_price, subtotal)
VALUES ('62a92081-541a-4ed7-ad95-96fc41e8dc96', '65f0b94f-ccbe-4b50-a175-66810ae10f44', 'Croissant', 1, 80, 80);

INSERT INTO public.order_items (order_id, product_id, name, quantity, unit_price, subtotal)
VALUES ('62a92081-541a-4ed7-ad95-96fc41e8dc96', 'fe6b02e6-9366-4abd-874c-fcb832e0e282', 'Green Tea', 1, 90, 90);

INSERT INTO public.orders (id, order_id, status, amount, payment_method, cashier_name, created_at)
VALUES ('b5eea298-fba7-4e62-bd4e-a98f3f3864ea', 'ORD-02141', 'Completed', 80, 'Maya', 'System Seed', '2026-06-12T11:42:44.990Z');

INSERT INTO public.order_items (order_id, product_id, name, quantity, unit_price, subtotal)
VALUES ('b5eea298-fba7-4e62-bd4e-a98f3f3864ea', '65f0b94f-ccbe-4b50-a175-66810ae10f44', 'Croissant', 1, 80, 80);

INSERT INTO public.orders (id, order_id, status, amount, payment_method, cashier_name, created_at)
VALUES ('3acac6d0-4b08-4ae3-90e5-07f2f75540b9', 'ORD-02142', 'Void (Consumed)', 920, 'GCash', 'System Seed', '2026-06-12T23:25:59.990Z');

INSERT INTO public.order_items (order_id, product_id, name, quantity, unit_price, subtotal)
VALUES ('3acac6d0-4b08-4ae3-90e5-07f2f75540b9', '48233f0a-6e57-4a45-b033-627d13f1be78', 'Cappuccino', 2, 120, 240);

INSERT INTO public.order_items (order_id, product_id, name, quantity, unit_price, subtotal)
VALUES ('3acac6d0-4b08-4ae3-90e5-07f2f75540b9', '1b5c6269-ce45-4413-acb8-21813cd7f9cf', 'Mocha', 2, 140, 280);

INSERT INTO public.order_items (order_id, product_id, name, quantity, unit_price, subtotal)
VALUES ('3acac6d0-4b08-4ae3-90e5-07f2f75540b9', '3a6a55c0-70f3-4417-a252-db77d9e511c0', 'Latte', 1, 120, 120);

INSERT INTO public.order_items (order_id, product_id, name, quantity, unit_price, subtotal)
VALUES ('3acac6d0-4b08-4ae3-90e5-07f2f75540b9', '1b5c6269-ce45-4413-acb8-21813cd7f9cf', 'Mocha', 2, 140, 280);

INSERT INTO public.orders (id, order_id, status, amount, payment_method, cashier_name, created_at)
VALUES ('793f6ea6-af83-470b-add2-d1a8d71cb5ff', 'ORD-02143', 'Void (Consumed)', 540, 'GCash', 'System Seed', '2026-06-13T06:04:26.990Z');

INSERT INTO public.order_items (order_id, product_id, name, quantity, unit_price, subtotal)
VALUES ('793f6ea6-af83-470b-add2-d1a8d71cb5ff', '83a6812d-2665-4ce5-871a-78a4eab3ce80', 'Americano', 3, 100, 300);

INSERT INTO public.order_items (order_id, product_id, name, quantity, unit_price, subtotal)
VALUES ('793f6ea6-af83-470b-add2-d1a8d71cb5ff', '3a6a55c0-70f3-4417-a252-db77d9e511c0', 'Latte', 1, 120, 120);

INSERT INTO public.order_items (order_id, product_id, name, quantity, unit_price, subtotal)
VALUES ('793f6ea6-af83-470b-add2-d1a8d71cb5ff', '3a6a55c0-70f3-4417-a252-db77d9e511c0', 'Latte', 1, 120, 120);

INSERT INTO public.orders (id, order_id, status, amount, payment_method, cashier_name, created_at)
VALUES ('a12ac6bd-b710-4ad0-ae57-14357484168d', 'ORD-02144', 'Completed', 690, 'Credit Card', 'System Seed', '2026-06-13T09:36:40.990Z');

INSERT INTO public.order_items (order_id, product_id, name, quantity, unit_price, subtotal)
VALUES ('a12ac6bd-b710-4ad0-ae57-14357484168d', 'dfe22f11-84a3-41d2-a268-149f012eae60', 'Sparkling Lemonade', 2, 110, 220);

INSERT INTO public.order_items (order_id, product_id, name, quantity, unit_price, subtotal)
VALUES ('a12ac6bd-b710-4ad0-ae57-14357484168d', '1b5c6269-ce45-4413-acb8-21813cd7f9cf', 'Mocha', 2, 140, 280);

INSERT INTO public.order_items (order_id, product_id, name, quantity, unit_price, subtotal)
VALUES ('a12ac6bd-b710-4ad0-ae57-14357484168d', '36c93748-7c86-4ddb-ba49-1bd1a164bf42', 'Blueberry Muffin', 2, 95, 190);

INSERT INTO public.orders (id, order_id, status, amount, payment_method, cashier_name, created_at)
VALUES ('5384955a-9232-4693-8aee-9ab5b3d9fa20', 'ORD-02145', 'Void (Not Made)', 205, 'GCash', 'System Seed', '2026-06-13T00:51:24.990Z');

INSERT INTO public.order_items (order_id, product_id, name, quantity, unit_price, subtotal)
VALUES ('5384955a-9232-4693-8aee-9ab5b3d9fa20', '36c93748-7c86-4ddb-ba49-1bd1a164bf42', 'Blueberry Muffin', 1, 95, 95);

INSERT INTO public.order_items (order_id, product_id, name, quantity, unit_price, subtotal)
VALUES ('5384955a-9232-4693-8aee-9ab5b3d9fa20', 'dfe22f11-84a3-41d2-a268-149f012eae60', 'Sparkling Lemonade', 1, 110, 110);

INSERT INTO public.orders (id, order_id, status, amount, payment_method, cashier_name, created_at)
VALUES ('f5b4cbd1-1a4c-4480-bc70-f815aa204abd', 'ORD-02146', 'Void (Not Made)', 360, 'Maya', 'System Seed', '2026-06-13T08:48:40.990Z');

INSERT INTO public.order_items (order_id, product_id, name, quantity, unit_price, subtotal)
VALUES ('f5b4cbd1-1a4c-4480-bc70-f815aa204abd', '3a6a55c0-70f3-4417-a252-db77d9e511c0', 'Latte', 2, 120, 240);

INSERT INTO public.order_items (order_id, product_id, name, quantity, unit_price, subtotal)
VALUES ('f5b4cbd1-1a4c-4480-bc70-f815aa204abd', '3a6a55c0-70f3-4417-a252-db77d9e511c0', 'Latte', 1, 120, 120);

INSERT INTO public.orders (id, order_id, status, amount, payment_method, cashier_name, created_at)
VALUES ('41072468-a6b6-4d23-893d-a681694e1c63', 'ORD-02147', 'Completed', 360, 'GCash', 'System Seed', '2026-06-13T11:40:52.990Z');

INSERT INTO public.order_items (order_id, product_id, name, quantity, unit_price, subtotal)
VALUES ('41072468-a6b6-4d23-893d-a681694e1c63', '3a6a55c0-70f3-4417-a252-db77d9e511c0', 'Latte', 3, 120, 360);

INSERT INTO public.orders (id, order_id, status, amount, payment_method, cashier_name, created_at)
VALUES ('d91c8e14-b719-4dab-aabf-6c743f943532', 'ORD-02148', 'Void (Consumed)', 160, 'Credit Card', 'System Seed', '2026-06-13T05:28:13.990Z');

INSERT INTO public.order_items (order_id, product_id, name, quantity, unit_price, subtotal)
VALUES ('d91c8e14-b719-4dab-aabf-6c743f943532', '65f0b94f-ccbe-4b50-a175-66810ae10f44', 'Croissant', 2, 80, 160);

INSERT INTO public.orders (id, order_id, status, amount, payment_method, cashier_name, created_at)
VALUES ('fce283e5-8c8a-4e4e-9dfb-93c223f437ee', 'ORD-02149', 'Completed', 590, 'Maya', 'System Seed', '2026-06-13T10:49:01.990Z');

INSERT INTO public.order_items (order_id, product_id, name, quantity, unit_price, subtotal)
VALUES ('fce283e5-8c8a-4e4e-9dfb-93c223f437ee', 'dfe22f11-84a3-41d2-a268-149f012eae60', 'Sparkling Lemonade', 1, 110, 110);

INSERT INTO public.order_items (order_id, product_id, name, quantity, unit_price, subtotal)
VALUES ('fce283e5-8c8a-4e4e-9dfb-93c223f437ee', '48233f0a-6e57-4a45-b033-627d13f1be78', 'Cappuccino', 3, 120, 360);

INSERT INTO public.order_items (order_id, product_id, name, quantity, unit_price, subtotal)
VALUES ('fce283e5-8c8a-4e4e-9dfb-93c223f437ee', '48233f0a-6e57-4a45-b033-627d13f1be78', 'Cappuccino', 1, 120, 120);

INSERT INTO public.orders (id, order_id, status, amount, payment_method, cashier_name, created_at)
VALUES ('69cf002d-ad99-41f5-b47f-0774b9b5fdbb', 'ORD-02150', 'Void (Not Made)', 440, 'Cash', 'System Seed', '2026-06-13T01:36:34.990Z');

INSERT INTO public.order_items (order_id, product_id, name, quantity, unit_price, subtotal)
VALUES ('69cf002d-ad99-41f5-b47f-0774b9b5fdbb', '1b5c6269-ce45-4413-acb8-21813cd7f9cf', 'Mocha', 1, 140, 140);

INSERT INTO public.order_items (order_id, product_id, name, quantity, unit_price, subtotal)
VALUES ('69cf002d-ad99-41f5-b47f-0774b9b5fdbb', '83a6812d-2665-4ce5-871a-78a4eab3ce80', 'Americano', 3, 100, 300);

INSERT INTO public.orders (id, order_id, status, amount, payment_method, cashier_name, created_at)
VALUES ('9706a35c-a1b2-449d-ab31-9f84b9edb550', 'ORD-02151', 'Completed', 270, 'Cash', 'System Seed', '2026-06-13T02:25:01.990Z');

INSERT INTO public.order_items (order_id, product_id, name, quantity, unit_price, subtotal)
VALUES ('9706a35c-a1b2-449d-ab31-9f84b9edb550', 'fe6b02e6-9366-4abd-874c-fcb832e0e282', 'Green Tea', 3, 90, 270);

INSERT INTO public.orders (id, order_id, status, amount, payment_method, cashier_name, created_at)
VALUES ('02aca4a6-bd49-4256-9733-ea0ecc66a91a', 'ORD-02152', 'Completed', 990, 'Maya', 'System Seed', '2026-06-13T04:02:50.990Z');

INSERT INTO public.order_items (order_id, product_id, name, quantity, unit_price, subtotal)
VALUES ('02aca4a6-bd49-4256-9733-ea0ecc66a91a', 'dfe22f11-84a3-41d2-a268-149f012eae60', 'Sparkling Lemonade', 3, 110, 330);

INSERT INTO public.order_items (order_id, product_id, name, quantity, unit_price, subtotal)
VALUES ('02aca4a6-bd49-4256-9733-ea0ecc66a91a', 'fe6b02e6-9366-4abd-874c-fcb832e0e282', 'Green Tea', 2, 90, 180);

INSERT INTO public.order_items (order_id, product_id, name, quantity, unit_price, subtotal)
VALUES ('02aca4a6-bd49-4256-9733-ea0ecc66a91a', '65f0b94f-ccbe-4b50-a175-66810ae10f44', 'Croissant', 3, 80, 240);

INSERT INTO public.order_items (order_id, product_id, name, quantity, unit_price, subtotal)
VALUES ('02aca4a6-bd49-4256-9733-ea0ecc66a91a', '48233f0a-6e57-4a45-b033-627d13f1be78', 'Cappuccino', 2, 120, 240);

INSERT INTO public.orders (id, order_id, status, amount, payment_method, cashier_name, created_at)
VALUES ('5cb6ca4e-6642-4725-8953-453d5adf6a43', 'ORD-02153', 'Completed', 990, 'Cash', 'System Seed', '2026-06-13T03:53:11.990Z');

INSERT INTO public.order_items (order_id, product_id, name, quantity, unit_price, subtotal)
VALUES ('5cb6ca4e-6642-4725-8953-453d5adf6a43', '3a6a55c0-70f3-4417-a252-db77d9e511c0', 'Latte', 2, 120, 240);

INSERT INTO public.order_items (order_id, product_id, name, quantity, unit_price, subtotal)
VALUES ('5cb6ca4e-6642-4725-8953-453d5adf6a43', 'dfe22f11-84a3-41d2-a268-149f012eae60', 'Sparkling Lemonade', 3, 110, 330);

INSERT INTO public.order_items (order_id, product_id, name, quantity, unit_price, subtotal)
VALUES ('5cb6ca4e-6642-4725-8953-453d5adf6a43', '1b5c6269-ce45-4413-acb8-21813cd7f9cf', 'Mocha', 3, 140, 420);

INSERT INTO public.orders (id, order_id, status, amount, payment_method, cashier_name, created_at)
VALUES ('b37de0ff-9669-4bb8-8ac8-b3dd5abec255', 'ORD-02154', 'Void (Consumed)', 975, 'GCash', 'System Seed', '2026-06-13T01:12:01.990Z');

INSERT INTO public.order_items (order_id, product_id, name, quantity, unit_price, subtotal)
VALUES ('b37de0ff-9669-4bb8-8ac8-b3dd5abec255', '3a6a55c0-70f3-4417-a252-db77d9e511c0', 'Latte', 2, 120, 240);

INSERT INTO public.order_items (order_id, product_id, name, quantity, unit_price, subtotal)
VALUES ('b37de0ff-9669-4bb8-8ac8-b3dd5abec255', 'fe6b02e6-9366-4abd-874c-fcb832e0e282', 'Green Tea', 1, 90, 90);

INSERT INTO public.order_items (order_id, product_id, name, quantity, unit_price, subtotal)
VALUES ('b37de0ff-9669-4bb8-8ac8-b3dd5abec255', '36c93748-7c86-4ddb-ba49-1bd1a164bf42', 'Blueberry Muffin', 3, 95, 285);

INSERT INTO public.order_items (order_id, product_id, name, quantity, unit_price, subtotal)
VALUES ('b37de0ff-9669-4bb8-8ac8-b3dd5abec255', '48233f0a-6e57-4a45-b033-627d13f1be78', 'Cappuccino', 3, 120, 360);

INSERT INTO public.orders (id, order_id, status, amount, payment_method, cashier_name, created_at)
VALUES ('2033697d-3151-4d5c-8d66-e8a3f827ecae', 'ORD-02155', 'Completed', 440, 'Cash', 'System Seed', '2026-06-13T04:50:34.990Z');

INSERT INTO public.order_items (order_id, product_id, name, quantity, unit_price, subtotal)
VALUES ('2033697d-3151-4d5c-8d66-e8a3f827ecae', 'dfe22f11-84a3-41d2-a268-149f012eae60', 'Sparkling Lemonade', 1, 110, 110);

INSERT INTO public.order_items (order_id, product_id, name, quantity, unit_price, subtotal)
VALUES ('2033697d-3151-4d5c-8d66-e8a3f827ecae', 'dfe22f11-84a3-41d2-a268-149f012eae60', 'Sparkling Lemonade', 3, 110, 330);

INSERT INTO public.orders (id, order_id, status, amount, payment_method, cashier_name, created_at)
VALUES ('67982252-2bd1-4a57-9421-b860c9dad7c3', 'ORD-02156', 'Void (Consumed)', 740, 'Maya', 'System Seed', '2026-06-13T03:09:43.990Z');

INSERT INTO public.order_items (order_id, product_id, name, quantity, unit_price, subtotal)
VALUES ('67982252-2bd1-4a57-9421-b860c9dad7c3', '3a6a55c0-70f3-4417-a252-db77d9e511c0', 'Latte', 1, 120, 120);

INSERT INTO public.order_items (order_id, product_id, name, quantity, unit_price, subtotal)
VALUES ('67982252-2bd1-4a57-9421-b860c9dad7c3', '3a6a55c0-70f3-4417-a252-db77d9e511c0', 'Latte', 2, 120, 240);

INSERT INTO public.order_items (order_id, product_id, name, quantity, unit_price, subtotal)
VALUES ('67982252-2bd1-4a57-9421-b860c9dad7c3', '1b5c6269-ce45-4413-acb8-21813cd7f9cf', 'Mocha', 2, 140, 280);

INSERT INTO public.order_items (order_id, product_id, name, quantity, unit_price, subtotal)
VALUES ('67982252-2bd1-4a57-9421-b860c9dad7c3', '83a6812d-2665-4ce5-871a-78a4eab3ce80', 'Americano', 1, 100, 100);

INSERT INTO public.orders (id, order_id, status, amount, payment_method, cashier_name, created_at)
VALUES ('bcade67c-a768-41d9-b7ef-309ca1d7b0c9', 'ORD-02157', 'Completed', 1305, 'GCash', 'System Seed', '2026-06-13T07:21:26.990Z');

INSERT INTO public.order_items (order_id, product_id, name, quantity, unit_price, subtotal)
VALUES ('bcade67c-a768-41d9-b7ef-309ca1d7b0c9', '3a6a55c0-70f3-4417-a252-db77d9e511c0', 'Latte', 2, 120, 240);

INSERT INTO public.order_items (order_id, product_id, name, quantity, unit_price, subtotal)
VALUES ('bcade67c-a768-41d9-b7ef-309ca1d7b0c9', '36c93748-7c86-4ddb-ba49-1bd1a164bf42', 'Blueberry Muffin', 3, 95, 285);

INSERT INTO public.order_items (order_id, product_id, name, quantity, unit_price, subtotal)
VALUES ('bcade67c-a768-41d9-b7ef-309ca1d7b0c9', '1b5c6269-ce45-4413-acb8-21813cd7f9cf', 'Mocha', 3, 140, 420);

INSERT INTO public.order_items (order_id, product_id, name, quantity, unit_price, subtotal)
VALUES ('bcade67c-a768-41d9-b7ef-309ca1d7b0c9', '3a6a55c0-70f3-4417-a252-db77d9e511c0', 'Latte', 3, 120, 360);

INSERT INTO public.orders (id, order_id, status, amount, payment_method, cashier_name, created_at)
VALUES ('6df0a536-c730-4cec-9fab-c0768d8d0fb4', 'ORD-02158', 'Completed', 100, 'Cash', 'System Seed', '2026-06-14T05:46:55.990Z');

INSERT INTO public.order_items (order_id, product_id, name, quantity, unit_price, subtotal)
VALUES ('6df0a536-c730-4cec-9fab-c0768d8d0fb4', '83a6812d-2665-4ce5-871a-78a4eab3ce80', 'Americano', 1, 100, 100);

INSERT INTO public.orders (id, order_id, status, amount, payment_method, cashier_name, created_at)
VALUES ('caf22735-bac1-430b-a77f-53e24a6d5c75', 'ORD-02159', 'Void (Consumed)', 775, 'Maya', 'System Seed', '2026-06-14T04:05:03.990Z');

INSERT INTO public.order_items (order_id, product_id, name, quantity, unit_price, subtotal)
VALUES ('caf22735-bac1-430b-a77f-53e24a6d5c75', '1b5c6269-ce45-4413-acb8-21813cd7f9cf', 'Mocha', 3, 140, 420);

INSERT INTO public.order_items (order_id, product_id, name, quantity, unit_price, subtotal)
VALUES ('caf22735-bac1-430b-a77f-53e24a6d5c75', '1b5c6269-ce45-4413-acb8-21813cd7f9cf', 'Mocha', 1, 140, 140);

INSERT INTO public.order_items (order_id, product_id, name, quantity, unit_price, subtotal)
VALUES ('caf22735-bac1-430b-a77f-53e24a6d5c75', '48233f0a-6e57-4a45-b033-627d13f1be78', 'Cappuccino', 1, 120, 120);

INSERT INTO public.order_items (order_id, product_id, name, quantity, unit_price, subtotal)
VALUES ('caf22735-bac1-430b-a77f-53e24a6d5c75', '36c93748-7c86-4ddb-ba49-1bd1a164bf42', 'Blueberry Muffin', 1, 95, 95);

INSERT INTO public.orders (id, order_id, status, amount, payment_method, cashier_name, created_at)
VALUES ('3ec47185-8040-4e02-bbac-2e3ad8d4c6c3', 'ORD-02160', 'Completed', 330, 'Cash', 'System Seed', '2026-06-13T23:03:46.990Z');

INSERT INTO public.order_items (order_id, product_id, name, quantity, unit_price, subtotal)
VALUES ('3ec47185-8040-4e02-bbac-2e3ad8d4c6c3', 'dfe22f11-84a3-41d2-a268-149f012eae60', 'Sparkling Lemonade', 3, 110, 330);

INSERT INTO public.orders (id, order_id, status, amount, payment_method, cashier_name, created_at)
VALUES ('05d7b968-f8c4-4f19-aec9-7e85885fe47b', 'ORD-02161', 'Completed', 870, 'Maya', 'System Seed', '2026-06-14T08:28:46.990Z');

INSERT INTO public.order_items (order_id, product_id, name, quantity, unit_price, subtotal)
VALUES ('05d7b968-f8c4-4f19-aec9-7e85885fe47b', '3a6a55c0-70f3-4417-a252-db77d9e511c0', 'Latte', 2, 120, 240);

INSERT INTO public.order_items (order_id, product_id, name, quantity, unit_price, subtotal)
VALUES ('05d7b968-f8c4-4f19-aec9-7e85885fe47b', '1b5c6269-ce45-4413-acb8-21813cd7f9cf', 'Mocha', 1, 140, 140);

INSERT INTO public.order_items (order_id, product_id, name, quantity, unit_price, subtotal)
VALUES ('05d7b968-f8c4-4f19-aec9-7e85885fe47b', 'dfe22f11-84a3-41d2-a268-149f012eae60', 'Sparkling Lemonade', 3, 110, 330);

INSERT INTO public.order_items (order_id, product_id, name, quantity, unit_price, subtotal)
VALUES ('05d7b968-f8c4-4f19-aec9-7e85885fe47b', '65f0b94f-ccbe-4b50-a175-66810ae10f44', 'Croissant', 2, 80, 160);

INSERT INTO public.orders (id, order_id, status, amount, payment_method, cashier_name, created_at)
VALUES ('2012377f-910e-4d8b-99a2-263a33cf3068', 'ORD-02162', 'Void (Not Made)', 530, 'Maya', 'System Seed', '2026-06-14T03:58:50.990Z');

INSERT INTO public.order_items (order_id, product_id, name, quantity, unit_price, subtotal)
VALUES ('2012377f-910e-4d8b-99a2-263a33cf3068', '65f0b94f-ccbe-4b50-a175-66810ae10f44', 'Croissant', 3, 80, 240);

INSERT INTO public.order_items (order_id, product_id, name, quantity, unit_price, subtotal)
VALUES ('2012377f-910e-4d8b-99a2-263a33cf3068', 'fe6b02e6-9366-4abd-874c-fcb832e0e282', 'Green Tea', 1, 90, 90);

INSERT INTO public.order_items (order_id, product_id, name, quantity, unit_price, subtotal)
VALUES ('2012377f-910e-4d8b-99a2-263a33cf3068', '83a6812d-2665-4ce5-871a-78a4eab3ce80', 'Americano', 2, 100, 200);

INSERT INTO public.orders (id, order_id, status, amount, payment_method, cashier_name, created_at)
VALUES ('6c5d2cd0-ccca-49cb-ae1b-e589bc20fbd9', 'ORD-02163', 'Completed', 710, 'Credit Card', 'System Seed', '2026-06-14T11:17:49.990Z');

INSERT INTO public.order_items (order_id, product_id, name, quantity, unit_price, subtotal)
VALUES ('6c5d2cd0-ccca-49cb-ae1b-e589bc20fbd9', 'dfe22f11-84a3-41d2-a268-149f012eae60', 'Sparkling Lemonade', 3, 110, 330);

INSERT INTO public.order_items (order_id, product_id, name, quantity, unit_price, subtotal)
VALUES ('6c5d2cd0-ccca-49cb-ae1b-e589bc20fbd9', 'dfe22f11-84a3-41d2-a268-149f012eae60', 'Sparkling Lemonade', 2, 110, 220);

INSERT INTO public.order_items (order_id, product_id, name, quantity, unit_price, subtotal)
VALUES ('6c5d2cd0-ccca-49cb-ae1b-e589bc20fbd9', '65f0b94f-ccbe-4b50-a175-66810ae10f44', 'Croissant', 2, 80, 160);

INSERT INTO public.orders (id, order_id, status, amount, payment_method, cashier_name, created_at)
VALUES ('5c3f5c1f-85c5-4ceb-a4e4-181ca3deb887', 'ORD-02164', 'Completed', 870, 'Cash', 'System Seed', '2026-06-14T05:28:33.990Z');

INSERT INTO public.order_items (order_id, product_id, name, quantity, unit_price, subtotal)
VALUES ('5c3f5c1f-85c5-4ceb-a4e4-181ca3deb887', '83a6812d-2665-4ce5-871a-78a4eab3ce80', 'Americano', 3, 100, 300);

INSERT INTO public.order_items (order_id, product_id, name, quantity, unit_price, subtotal)
VALUES ('5c3f5c1f-85c5-4ceb-a4e4-181ca3deb887', '48233f0a-6e57-4a45-b033-627d13f1be78', 'Cappuccino', 1, 120, 120);

INSERT INTO public.order_items (order_id, product_id, name, quantity, unit_price, subtotal)
VALUES ('5c3f5c1f-85c5-4ceb-a4e4-181ca3deb887', '3a6a55c0-70f3-4417-a252-db77d9e511c0', 'Latte', 1, 120, 120);

INSERT INTO public.order_items (order_id, product_id, name, quantity, unit_price, subtotal)
VALUES ('5c3f5c1f-85c5-4ceb-a4e4-181ca3deb887', 'dfe22f11-84a3-41d2-a268-149f012eae60', 'Sparkling Lemonade', 3, 110, 330);

INSERT INTO public.orders (id, order_id, status, amount, payment_method, cashier_name, created_at)
VALUES ('62e65370-2cc5-4523-93fc-2b120ce89145', 'ORD-02165', 'Void (Not Made)', 110, 'Credit Card', 'System Seed', '2026-06-14T06:07:18.990Z');

INSERT INTO public.order_items (order_id, product_id, name, quantity, unit_price, subtotal)
VALUES ('62e65370-2cc5-4523-93fc-2b120ce89145', 'dfe22f11-84a3-41d2-a268-149f012eae60', 'Sparkling Lemonade', 1, 110, 110);

INSERT INTO public.orders (id, order_id, status, amount, payment_method, cashier_name, created_at)
VALUES ('3165e403-7488-4756-a4fc-496eff44268c', 'ORD-02166', 'Completed', 820, 'Cash', 'System Seed', '2026-06-14T04:40:43.990Z');

INSERT INTO public.order_items (order_id, product_id, name, quantity, unit_price, subtotal)
VALUES ('3165e403-7488-4756-a4fc-496eff44268c', '48233f0a-6e57-4a45-b033-627d13f1be78', 'Cappuccino', 3, 120, 360);

INSERT INTO public.order_items (order_id, product_id, name, quantity, unit_price, subtotal)
VALUES ('3165e403-7488-4756-a4fc-496eff44268c', 'dfe22f11-84a3-41d2-a268-149f012eae60', 'Sparkling Lemonade', 2, 110, 220);

INSERT INTO public.order_items (order_id, product_id, name, quantity, unit_price, subtotal)
VALUES ('3165e403-7488-4756-a4fc-496eff44268c', '48233f0a-6e57-4a45-b033-627d13f1be78', 'Cappuccino', 2, 120, 240);

INSERT INTO public.orders (id, order_id, status, amount, payment_method, cashier_name, created_at)
VALUES ('e322dac4-5cc8-48fc-9d2a-de91ba965666', 'ORD-02167', 'Void (Not Made)', 90, 'Credit Card', 'System Seed', '2026-06-14T07:53:22.990Z');

INSERT INTO public.order_items (order_id, product_id, name, quantity, unit_price, subtotal)
VALUES ('e322dac4-5cc8-48fc-9d2a-de91ba965666', 'fe6b02e6-9366-4abd-874c-fcb832e0e282', 'Green Tea', 1, 90, 90);

INSERT INTO public.orders (id, order_id, status, amount, payment_method, cashier_name, created_at)
VALUES ('b0a0a5be-b1dd-4f3e-897a-a26905d8aa8e', 'ORD-02168', 'Completed', 470, 'GCash', 'System Seed', '2026-06-14T03:25:59.990Z');

INSERT INTO public.order_items (order_id, product_id, name, quantity, unit_price, subtotal)
VALUES ('b0a0a5be-b1dd-4f3e-897a-a26905d8aa8e', '1b5c6269-ce45-4413-acb8-21813cd7f9cf', 'Mocha', 2, 140, 280);

INSERT INTO public.order_items (order_id, product_id, name, quantity, unit_price, subtotal)
VALUES ('b0a0a5be-b1dd-4f3e-897a-a26905d8aa8e', '36c93748-7c86-4ddb-ba49-1bd1a164bf42', 'Blueberry Muffin', 2, 95, 190);

INSERT INTO public.orders (id, order_id, status, amount, payment_method, cashier_name, created_at)
VALUES ('0f0e5e0a-8b53-413f-a214-8ffd8be5b0ef', 'ORD-02169', 'Completed', 735, 'Cash', 'System Seed', '2026-06-13T23:49:11.990Z');

INSERT INTO public.order_items (order_id, product_id, name, quantity, unit_price, subtotal)
VALUES ('0f0e5e0a-8b53-413f-a214-8ffd8be5b0ef', '48233f0a-6e57-4a45-b033-627d13f1be78', 'Cappuccino', 1, 120, 120);

INSERT INTO public.order_items (order_id, product_id, name, quantity, unit_price, subtotal)
VALUES ('0f0e5e0a-8b53-413f-a214-8ffd8be5b0ef', '83a6812d-2665-4ce5-871a-78a4eab3ce80', 'Americano', 3, 100, 300);

INSERT INTO public.order_items (order_id, product_id, name, quantity, unit_price, subtotal)
VALUES ('0f0e5e0a-8b53-413f-a214-8ffd8be5b0ef', '36c93748-7c86-4ddb-ba49-1bd1a164bf42', 'Blueberry Muffin', 1, 95, 95);

INSERT INTO public.order_items (order_id, product_id, name, quantity, unit_price, subtotal)
VALUES ('0f0e5e0a-8b53-413f-a214-8ffd8be5b0ef', 'dfe22f11-84a3-41d2-a268-149f012eae60', 'Sparkling Lemonade', 2, 110, 220);

INSERT INTO public.orders (id, order_id, status, amount, payment_method, cashier_name, created_at)
VALUES ('3f00b318-942a-45a3-aee9-089ea942e4fd', 'ORD-02170', 'Void (Not Made)', 500, 'Maya', 'System Seed', '2026-06-14T01:16:59.990Z');

INSERT INTO public.order_items (order_id, product_id, name, quantity, unit_price, subtotal)
VALUES ('3f00b318-942a-45a3-aee9-089ea942e4fd', '48233f0a-6e57-4a45-b033-627d13f1be78', 'Cappuccino', 2, 120, 240);

INSERT INTO public.order_items (order_id, product_id, name, quantity, unit_price, subtotal)
VALUES ('3f00b318-942a-45a3-aee9-089ea942e4fd', '1b5c6269-ce45-4413-acb8-21813cd7f9cf', 'Mocha', 1, 140, 140);

INSERT INTO public.order_items (order_id, product_id, name, quantity, unit_price, subtotal)
VALUES ('3f00b318-942a-45a3-aee9-089ea942e4fd', '3a6a55c0-70f3-4417-a252-db77d9e511c0', 'Latte', 1, 120, 120);

INSERT INTO public.orders (id, order_id, status, amount, payment_method, cashier_name, created_at)
VALUES ('281176bb-93ae-4cd8-9ab5-c2c62c18bb9e', 'ORD-02171', 'Void (Not Made)', 825, 'Credit Card', 'System Seed', '2026-06-14T02:47:40.990Z');

INSERT INTO public.order_items (order_id, product_id, name, quantity, unit_price, subtotal)
VALUES ('281176bb-93ae-4cd8-9ab5-c2c62c18bb9e', '36c93748-7c86-4ddb-ba49-1bd1a164bf42', 'Blueberry Muffin', 3, 95, 285);

INSERT INTO public.order_items (order_id, product_id, name, quantity, unit_price, subtotal)
VALUES ('281176bb-93ae-4cd8-9ab5-c2c62c18bb9e', '1b5c6269-ce45-4413-acb8-21813cd7f9cf', 'Mocha', 3, 140, 420);

INSERT INTO public.order_items (order_id, product_id, name, quantity, unit_price, subtotal)
VALUES ('281176bb-93ae-4cd8-9ab5-c2c62c18bb9e', '48233f0a-6e57-4a45-b033-627d13f1be78', 'Cappuccino', 1, 120, 120);

INSERT INTO public.orders (id, order_id, status, amount, payment_method, cashier_name, created_at)
VALUES ('19a8fcd3-40e5-4b7f-875b-c8d6d2a99d06', 'ORD-02172', 'Completed', 370, 'GCash', 'System Seed', '2026-06-14T03:42:03.990Z');

INSERT INTO public.order_items (order_id, product_id, name, quantity, unit_price, subtotal)
VALUES ('19a8fcd3-40e5-4b7f-875b-c8d6d2a99d06', 'dfe22f11-84a3-41d2-a268-149f012eae60', 'Sparkling Lemonade', 1, 110, 110);

INSERT INTO public.order_items (order_id, product_id, name, quantity, unit_price, subtotal)
VALUES ('19a8fcd3-40e5-4b7f-875b-c8d6d2a99d06', '1b5c6269-ce45-4413-acb8-21813cd7f9cf', 'Mocha', 1, 140, 140);

INSERT INTO public.order_items (order_id, product_id, name, quantity, unit_price, subtotal)
VALUES ('19a8fcd3-40e5-4b7f-875b-c8d6d2a99d06', '3a6a55c0-70f3-4417-a252-db77d9e511c0', 'Latte', 1, 120, 120);

INSERT INTO public.orders (id, order_id, status, amount, payment_method, cashier_name, created_at)
VALUES ('5bf5f832-bf45-480c-8866-d0e0e0dda33a', 'ORD-02173', 'Void (Consumed)', 720, 'Maya', 'System Seed', '2026-06-15T05:36:19.990Z');

INSERT INTO public.order_items (order_id, product_id, name, quantity, unit_price, subtotal)
VALUES ('5bf5f832-bf45-480c-8866-d0e0e0dda33a', '65f0b94f-ccbe-4b50-a175-66810ae10f44', 'Croissant', 1, 80, 80);

INSERT INTO public.order_items (order_id, product_id, name, quantity, unit_price, subtotal)
VALUES ('5bf5f832-bf45-480c-8866-d0e0e0dda33a', 'fe6b02e6-9366-4abd-874c-fcb832e0e282', 'Green Tea', 2, 90, 180);

INSERT INTO public.order_items (order_id, product_id, name, quantity, unit_price, subtotal)
VALUES ('5bf5f832-bf45-480c-8866-d0e0e0dda33a', 'fe6b02e6-9366-4abd-874c-fcb832e0e282', 'Green Tea', 2, 90, 180);

INSERT INTO public.order_items (order_id, product_id, name, quantity, unit_price, subtotal)
VALUES ('5bf5f832-bf45-480c-8866-d0e0e0dda33a', '1b5c6269-ce45-4413-acb8-21813cd7f9cf', 'Mocha', 2, 140, 280);

INSERT INTO public.orders (id, order_id, status, amount, payment_method, cashier_name, created_at)
VALUES ('9032403a-098f-4a78-aaf4-ae04603587d5', 'ORD-02174', 'Completed', 625, 'Maya', 'System Seed', '2026-06-15T09:36:40.990Z');

INSERT INTO public.order_items (order_id, product_id, name, quantity, unit_price, subtotal)
VALUES ('9032403a-098f-4a78-aaf4-ae04603587d5', 'dfe22f11-84a3-41d2-a268-149f012eae60', 'Sparkling Lemonade', 2, 110, 220);

INSERT INTO public.order_items (order_id, product_id, name, quantity, unit_price, subtotal)
VALUES ('9032403a-098f-4a78-aaf4-ae04603587d5', '3a6a55c0-70f3-4417-a252-db77d9e511c0', 'Latte', 1, 120, 120);

INSERT INTO public.order_items (order_id, product_id, name, quantity, unit_price, subtotal)
VALUES ('9032403a-098f-4a78-aaf4-ae04603587d5', '36c93748-7c86-4ddb-ba49-1bd1a164bf42', 'Blueberry Muffin', 3, 95, 285);

INSERT INTO public.orders (id, order_id, status, amount, payment_method, cashier_name, created_at)
VALUES ('0c2f9ded-36e2-4c7d-90c7-a840f293ed26', 'ORD-02175', 'Void (Not Made)', 550, 'Credit Card', 'System Seed', '2026-06-15T00:30:46.990Z');

INSERT INTO public.order_items (order_id, product_id, name, quantity, unit_price, subtotal)
VALUES ('0c2f9ded-36e2-4c7d-90c7-a840f293ed26', '83a6812d-2665-4ce5-871a-78a4eab3ce80', 'Americano', 2, 100, 200);

INSERT INTO public.order_items (order_id, product_id, name, quantity, unit_price, subtotal)
VALUES ('0c2f9ded-36e2-4c7d-90c7-a840f293ed26', 'fe6b02e6-9366-4abd-874c-fcb832e0e282', 'Green Tea', 3, 90, 270);

INSERT INTO public.order_items (order_id, product_id, name, quantity, unit_price, subtotal)
VALUES ('0c2f9ded-36e2-4c7d-90c7-a840f293ed26', '65f0b94f-ccbe-4b50-a175-66810ae10f44', 'Croissant', 1, 80, 80);

INSERT INTO public.orders (id, order_id, status, amount, payment_method, cashier_name, created_at)
VALUES ('bdc7977c-8fb4-48ff-a00d-b797bab89c1a', 'ORD-02176', 'Void (Not Made)', 120, 'GCash', 'System Seed', '2026-06-15T10:35:42.990Z');

INSERT INTO public.order_items (order_id, product_id, name, quantity, unit_price, subtotal)
VALUES ('bdc7977c-8fb4-48ff-a00d-b797bab89c1a', '3a6a55c0-70f3-4417-a252-db77d9e511c0', 'Latte', 1, 120, 120);

INSERT INTO public.orders (id, order_id, status, amount, payment_method, cashier_name, created_at)
VALUES ('a7fc9dc1-1fe3-4716-b0bb-0b22d2b0d36e', 'ORD-02177', 'Void (Consumed)', 1020, 'GCash', 'System Seed', '2026-06-15T12:53:06.990Z');

INSERT INTO public.order_items (order_id, product_id, name, quantity, unit_price, subtotal)
VALUES ('a7fc9dc1-1fe3-4716-b0bb-0b22d2b0d36e', '3a6a55c0-70f3-4417-a252-db77d9e511c0', 'Latte', 2, 120, 240);

INSERT INTO public.order_items (order_id, product_id, name, quantity, unit_price, subtotal)
VALUES ('a7fc9dc1-1fe3-4716-b0bb-0b22d2b0d36e', '1b5c6269-ce45-4413-acb8-21813cd7f9cf', 'Mocha', 3, 140, 420);

INSERT INTO public.order_items (order_id, product_id, name, quantity, unit_price, subtotal)
VALUES ('a7fc9dc1-1fe3-4716-b0bb-0b22d2b0d36e', '48233f0a-6e57-4a45-b033-627d13f1be78', 'Cappuccino', 3, 120, 360);

INSERT INTO public.orders (id, order_id, status, amount, payment_method, cashier_name, created_at)
VALUES ('c4feeda2-a500-486d-91ff-aafe818f2f1f', 'ORD-02178', 'Completed', 360, 'GCash', 'System Seed', '2026-06-15T10:39:09.990Z');

INSERT INTO public.order_items (order_id, product_id, name, quantity, unit_price, subtotal)
VALUES ('c4feeda2-a500-486d-91ff-aafe818f2f1f', 'dfe22f11-84a3-41d2-a268-149f012eae60', 'Sparkling Lemonade', 1, 110, 110);

INSERT INTO public.order_items (order_id, product_id, name, quantity, unit_price, subtotal)
VALUES ('c4feeda2-a500-486d-91ff-aafe818f2f1f', '1b5c6269-ce45-4413-acb8-21813cd7f9cf', 'Mocha', 1, 140, 140);

INSERT INTO public.order_items (order_id, product_id, name, quantity, unit_price, subtotal)
VALUES ('c4feeda2-a500-486d-91ff-aafe818f2f1f', 'dfe22f11-84a3-41d2-a268-149f012eae60', 'Sparkling Lemonade', 1, 110, 110);

INSERT INTO public.orders (id, order_id, status, amount, payment_method, cashier_name, created_at)
VALUES ('4e1d7ce0-9a6b-4155-8fe7-1507c4f2f662', 'ORD-02179', 'Completed', 280, 'Credit Card', 'System Seed', '2026-06-15T06:51:12.990Z');

INSERT INTO public.order_items (order_id, product_id, name, quantity, unit_price, subtotal)
VALUES ('4e1d7ce0-9a6b-4155-8fe7-1507c4f2f662', '1b5c6269-ce45-4413-acb8-21813cd7f9cf', 'Mocha', 2, 140, 280);

INSERT INTO public.orders (id, order_id, status, amount, payment_method, cashier_name, created_at)
VALUES ('14860a62-3bec-49e1-9d16-e950a138da3a', 'ORD-02180', 'Completed', 700, 'GCash', 'System Seed', '2026-06-15T10:41:23.990Z');

INSERT INTO public.order_items (order_id, product_id, name, quantity, unit_price, subtotal)
VALUES ('14860a62-3bec-49e1-9d16-e950a138da3a', 'dfe22f11-84a3-41d2-a268-149f012eae60', 'Sparkling Lemonade', 1, 110, 110);

INSERT INTO public.order_items (order_id, product_id, name, quantity, unit_price, subtotal)
VALUES ('14860a62-3bec-49e1-9d16-e950a138da3a', '3a6a55c0-70f3-4417-a252-db77d9e511c0', 'Latte', 3, 120, 360);

INSERT INTO public.order_items (order_id, product_id, name, quantity, unit_price, subtotal)
VALUES ('14860a62-3bec-49e1-9d16-e950a138da3a', 'dfe22f11-84a3-41d2-a268-149f012eae60', 'Sparkling Lemonade', 1, 110, 110);

INSERT INTO public.order_items (order_id, product_id, name, quantity, unit_price, subtotal)
VALUES ('14860a62-3bec-49e1-9d16-e950a138da3a', '48233f0a-6e57-4a45-b033-627d13f1be78', 'Cappuccino', 1, 120, 120);

INSERT INTO public.orders (id, order_id, status, amount, payment_method, cashier_name, created_at)
VALUES ('e6e5ab87-9002-49ba-8f78-9bd087603070', 'ORD-02181', 'Completed', 570, 'Cash', 'System Seed', '2026-06-15T12:00:35.990Z');

INSERT INTO public.order_items (order_id, product_id, name, quantity, unit_price, subtotal)
VALUES ('e6e5ab87-9002-49ba-8f78-9bd087603070', 'dfe22f11-84a3-41d2-a268-149f012eae60', 'Sparkling Lemonade', 3, 110, 330);

INSERT INTO public.order_items (order_id, product_id, name, quantity, unit_price, subtotal)
VALUES ('e6e5ab87-9002-49ba-8f78-9bd087603070', '3a6a55c0-70f3-4417-a252-db77d9e511c0', 'Latte', 2, 120, 240);

INSERT INTO public.orders (id, order_id, status, amount, payment_method, cashier_name, created_at)
VALUES ('00b36510-99e2-463e-b9ce-71910c6085c0', 'ORD-02182', 'Completed', 200, 'Credit Card', 'System Seed', '2026-06-15T05:21:59.990Z');

INSERT INTO public.order_items (order_id, product_id, name, quantity, unit_price, subtotal)
VALUES ('00b36510-99e2-463e-b9ce-71910c6085c0', '83a6812d-2665-4ce5-871a-78a4eab3ce80', 'Americano', 2, 100, 200);

INSERT INTO public.orders (id, order_id, status, amount, payment_method, cashier_name, created_at)
VALUES ('799a8dd0-b4ee-4f2a-a2eb-3fcabb26bce2', 'ORD-02183', 'Void (Not Made)', 530, 'GCash', 'System Seed', '2026-06-15T08:36:30.990Z');

INSERT INTO public.order_items (order_id, product_id, name, quantity, unit_price, subtotal)
VALUES ('799a8dd0-b4ee-4f2a-a2eb-3fcabb26bce2', 'dfe22f11-84a3-41d2-a268-149f012eae60', 'Sparkling Lemonade', 2, 110, 220);

INSERT INTO public.order_items (order_id, product_id, name, quantity, unit_price, subtotal)
VALUES ('799a8dd0-b4ee-4f2a-a2eb-3fcabb26bce2', '3a6a55c0-70f3-4417-a252-db77d9e511c0', 'Latte', 1, 120, 120);

INSERT INTO public.order_items (order_id, product_id, name, quantity, unit_price, subtotal)
VALUES ('799a8dd0-b4ee-4f2a-a2eb-3fcabb26bce2', '36c93748-7c86-4ddb-ba49-1bd1a164bf42', 'Blueberry Muffin', 2, 95, 190);

INSERT INTO public.orders (id, order_id, status, amount, payment_method, cashier_name, created_at)
VALUES ('f5cc86d1-2321-4a19-8671-2d45694fc89a', 'ORD-02184', 'Completed', 780, 'GCash', 'System Seed', '2026-06-15T09:42:10.990Z');

INSERT INTO public.order_items (order_id, product_id, name, quantity, unit_price, subtotal)
VALUES ('f5cc86d1-2321-4a19-8671-2d45694fc89a', 'dfe22f11-84a3-41d2-a268-149f012eae60', 'Sparkling Lemonade', 3, 110, 330);

INSERT INTO public.order_items (order_id, product_id, name, quantity, unit_price, subtotal)
VALUES ('f5cc86d1-2321-4a19-8671-2d45694fc89a', 'fe6b02e6-9366-4abd-874c-fcb832e0e282', 'Green Tea', 3, 90, 270);

INSERT INTO public.order_items (order_id, product_id, name, quantity, unit_price, subtotal)
VALUES ('f5cc86d1-2321-4a19-8671-2d45694fc89a', 'fe6b02e6-9366-4abd-874c-fcb832e0e282', 'Green Tea', 2, 90, 180);

INSERT INTO public.orders (id, order_id, status, amount, payment_method, cashier_name, created_at)
VALUES ('c85b1cdf-4828-4f37-b588-63ec0f13696a', 'ORD-02185', 'Completed', 860, 'Credit Card', 'System Seed', '2026-06-15T07:48:55.990Z');

INSERT INTO public.order_items (order_id, product_id, name, quantity, unit_price, subtotal)
VALUES ('c85b1cdf-4828-4f37-b588-63ec0f13696a', '1b5c6269-ce45-4413-acb8-21813cd7f9cf', 'Mocha', 3, 140, 420);

INSERT INTO public.order_items (order_id, product_id, name, quantity, unit_price, subtotal)
VALUES ('c85b1cdf-4828-4f37-b588-63ec0f13696a', '1b5c6269-ce45-4413-acb8-21813cd7f9cf', 'Mocha', 2, 140, 280);

INSERT INTO public.order_items (order_id, product_id, name, quantity, unit_price, subtotal)
VALUES ('c85b1cdf-4828-4f37-b588-63ec0f13696a', '65f0b94f-ccbe-4b50-a175-66810ae10f44', 'Croissant', 2, 80, 160);

INSERT INTO public.orders (id, order_id, status, amount, payment_method, cashier_name, created_at)
VALUES ('e837f486-7a46-4f8c-b2ba-5e49151f1f23', 'ORD-02186', 'Void (Not Made)', 420, 'GCash', 'System Seed', '2026-06-15T00:09:01.990Z');

INSERT INTO public.order_items (order_id, product_id, name, quantity, unit_price, subtotal)
VALUES ('e837f486-7a46-4f8c-b2ba-5e49151f1f23', '3a6a55c0-70f3-4417-a252-db77d9e511c0', 'Latte', 2, 120, 240);

INSERT INTO public.order_items (order_id, product_id, name, quantity, unit_price, subtotal)
VALUES ('e837f486-7a46-4f8c-b2ba-5e49151f1f23', 'fe6b02e6-9366-4abd-874c-fcb832e0e282', 'Green Tea', 2, 90, 180);

INSERT INTO public.orders (id, order_id, status, amount, payment_method, cashier_name, created_at)
VALUES ('07efae52-ea66-48ec-bab7-255cbe8d93c8', 'ORD-02187', 'Void (Not Made)', 835, 'Credit Card', 'System Seed', '2026-06-15T09:07:01.990Z');

INSERT INTO public.order_items (order_id, product_id, name, quantity, unit_price, subtotal)
VALUES ('07efae52-ea66-48ec-bab7-255cbe8d93c8', '36c93748-7c86-4ddb-ba49-1bd1a164bf42', 'Blueberry Muffin', 1, 95, 95);

INSERT INTO public.order_items (order_id, product_id, name, quantity, unit_price, subtotal)
VALUES ('07efae52-ea66-48ec-bab7-255cbe8d93c8', '3a6a55c0-70f3-4417-a252-db77d9e511c0', 'Latte', 2, 120, 240);

INSERT INTO public.order_items (order_id, product_id, name, quantity, unit_price, subtotal)
VALUES ('07efae52-ea66-48ec-bab7-255cbe8d93c8', '1b5c6269-ce45-4413-acb8-21813cd7f9cf', 'Mocha', 1, 140, 140);

INSERT INTO public.order_items (order_id, product_id, name, quantity, unit_price, subtotal)
VALUES ('07efae52-ea66-48ec-bab7-255cbe8d93c8', '48233f0a-6e57-4a45-b033-627d13f1be78', 'Cappuccino', 3, 120, 360);

INSERT INTO public.orders (id, order_id, status, amount, payment_method, cashier_name, created_at)
VALUES ('662619ee-752b-4323-bab5-c6f6975b4a74', 'ORD-02188', 'Void (Not Made)', 420, 'Credit Card', 'System Seed', '2026-06-15T11:25:17.990Z');

INSERT INTO public.order_items (order_id, product_id, name, quantity, unit_price, subtotal)
VALUES ('662619ee-752b-4323-bab5-c6f6975b4a74', '1b5c6269-ce45-4413-acb8-21813cd7f9cf', 'Mocha', 3, 140, 420);

INSERT INTO public.orders (id, order_id, status, amount, payment_method, cashier_name, created_at)
VALUES ('12a9b2eb-b789-4bdf-ad73-8ba718fcdce2', 'ORD-02189', 'Void (Not Made)', 480, 'GCash', 'System Seed', '2026-06-15T05:44:36.990Z');

INSERT INTO public.order_items (order_id, product_id, name, quantity, unit_price, subtotal)
VALUES ('12a9b2eb-b789-4bdf-ad73-8ba718fcdce2', '48233f0a-6e57-4a45-b033-627d13f1be78', 'Cappuccino', 1, 120, 120);

INSERT INTO public.order_items (order_id, product_id, name, quantity, unit_price, subtotal)
VALUES ('12a9b2eb-b789-4bdf-ad73-8ba718fcdce2', '48233f0a-6e57-4a45-b033-627d13f1be78', 'Cappuccino', 3, 120, 360);

INSERT INTO public.orders (id, order_id, status, amount, payment_method, cashier_name, created_at)
VALUES ('5815bcd4-cf9e-4488-96fb-48beb3c942fa', 'ORD-02190', 'Completed', 240, 'Cash', 'System Seed', '2026-06-15T03:18:34.990Z');

INSERT INTO public.order_items (order_id, product_id, name, quantity, unit_price, subtotal)
VALUES ('5815bcd4-cf9e-4488-96fb-48beb3c942fa', '65f0b94f-ccbe-4b50-a175-66810ae10f44', 'Croissant', 3, 80, 240);

INSERT INTO public.orders (id, order_id, status, amount, payment_method, cashier_name, created_at)
VALUES ('1ecdc5e3-7acb-4cac-a4ea-4924afdbde3f', 'ORD-02191', 'Completed', 880, 'Maya', 'System Seed', '2026-06-15T08:23:29.990Z');

INSERT INTO public.order_items (order_id, product_id, name, quantity, unit_price, subtotal)
VALUES ('1ecdc5e3-7acb-4cac-a4ea-4924afdbde3f', 'dfe22f11-84a3-41d2-a268-149f012eae60', 'Sparkling Lemonade', 1, 110, 110);

INSERT INTO public.order_items (order_id, product_id, name, quantity, unit_price, subtotal)
VALUES ('1ecdc5e3-7acb-4cac-a4ea-4924afdbde3f', 'fe6b02e6-9366-4abd-874c-fcb832e0e282', 'Green Tea', 3, 90, 270);

INSERT INTO public.order_items (order_id, product_id, name, quantity, unit_price, subtotal)
VALUES ('1ecdc5e3-7acb-4cac-a4ea-4924afdbde3f', '48233f0a-6e57-4a45-b033-627d13f1be78', 'Cappuccino', 3, 120, 360);

INSERT INTO public.order_items (order_id, product_id, name, quantity, unit_price, subtotal)
VALUES ('1ecdc5e3-7acb-4cac-a4ea-4924afdbde3f', '1b5c6269-ce45-4413-acb8-21813cd7f9cf', 'Mocha', 1, 140, 140);

INSERT INTO public.orders (id, order_id, status, amount, payment_method, cashier_name, created_at)
VALUES ('ba47c22f-0d01-42db-96dc-fedcd611d208', 'ORD-02192', 'Void (Consumed)', 710, 'Cash', 'System Seed', '2026-06-15T09:03:59.990Z');

INSERT INTO public.order_items (order_id, product_id, name, quantity, unit_price, subtotal)
VALUES ('ba47c22f-0d01-42db-96dc-fedcd611d208', '1b5c6269-ce45-4413-acb8-21813cd7f9cf', 'Mocha', 2, 140, 280);

INSERT INTO public.order_items (order_id, product_id, name, quantity, unit_price, subtotal)
VALUES ('ba47c22f-0d01-42db-96dc-fedcd611d208', '65f0b94f-ccbe-4b50-a175-66810ae10f44', 'Croissant', 3, 80, 240);

INSERT INTO public.order_items (order_id, product_id, name, quantity, unit_price, subtotal)
VALUES ('ba47c22f-0d01-42db-96dc-fedcd611d208', '36c93748-7c86-4ddb-ba49-1bd1a164bf42', 'Blueberry Muffin', 2, 95, 190);

INSERT INTO public.orders (id, order_id, status, amount, payment_method, cashier_name, created_at)
VALUES ('321b7d92-23c0-448d-a5e2-9680bbcfaaaf', 'ORD-02193', 'Completed', 490, 'Credit Card', 'System Seed', '2026-06-15T05:45:07.990Z');

INSERT INTO public.order_items (order_id, product_id, name, quantity, unit_price, subtotal)
VALUES ('321b7d92-23c0-448d-a5e2-9680bbcfaaaf', '65f0b94f-ccbe-4b50-a175-66810ae10f44', 'Croissant', 1, 80, 80);

INSERT INTO public.order_items (order_id, product_id, name, quantity, unit_price, subtotal)
VALUES ('321b7d92-23c0-448d-a5e2-9680bbcfaaaf', '83a6812d-2665-4ce5-871a-78a4eab3ce80', 'Americano', 3, 100, 300);

INSERT INTO public.order_items (order_id, product_id, name, quantity, unit_price, subtotal)
VALUES ('321b7d92-23c0-448d-a5e2-9680bbcfaaaf', 'dfe22f11-84a3-41d2-a268-149f012eae60', 'Sparkling Lemonade', 1, 110, 110);

INSERT INTO public.orders (id, order_id, status, amount, payment_method, cashier_name, created_at)
VALUES ('b021a153-9054-465f-ba40-466d655fb3c7', 'ORD-02194', 'Completed', 755, 'Cash', 'System Seed', '2026-06-15T03:58:32.990Z');

INSERT INTO public.order_items (order_id, product_id, name, quantity, unit_price, subtotal)
VALUES ('b021a153-9054-465f-ba40-466d655fb3c7', '36c93748-7c86-4ddb-ba49-1bd1a164bf42', 'Blueberry Muffin', 3, 95, 285);

INSERT INTO public.order_items (order_id, product_id, name, quantity, unit_price, subtotal)
VALUES ('b021a153-9054-465f-ba40-466d655fb3c7', '48233f0a-6e57-4a45-b033-627d13f1be78', 'Cappuccino', 3, 120, 360);

INSERT INTO public.order_items (order_id, product_id, name, quantity, unit_price, subtotal)
VALUES ('b021a153-9054-465f-ba40-466d655fb3c7', 'dfe22f11-84a3-41d2-a268-149f012eae60', 'Sparkling Lemonade', 1, 110, 110);

INSERT INTO public.orders (id, order_id, status, amount, payment_method, cashier_name, created_at)
VALUES ('9ab46d41-0b42-47c8-b98c-4b2982f9dc50', 'ORD-02195', 'Completed', 600, 'GCash', 'System Seed', '2026-06-14T23:25:56.990Z');

INSERT INTO public.order_items (order_id, product_id, name, quantity, unit_price, subtotal)
VALUES ('9ab46d41-0b42-47c8-b98c-4b2982f9dc50', 'fe6b02e6-9366-4abd-874c-fcb832e0e282', 'Green Tea', 2, 90, 180);

INSERT INTO public.order_items (order_id, product_id, name, quantity, unit_price, subtotal)
VALUES ('9ab46d41-0b42-47c8-b98c-4b2982f9dc50', '1b5c6269-ce45-4413-acb8-21813cd7f9cf', 'Mocha', 3, 140, 420);

INSERT INTO public.orders (id, order_id, status, amount, payment_method, cashier_name, created_at)
VALUES ('a23e741d-8465-41f4-a6d7-7fc3fa5f0bb6', 'ORD-02196', 'Completed', 240, 'Cash', 'System Seed', '2026-06-15T08:58:24.990Z');

INSERT INTO public.order_items (order_id, product_id, name, quantity, unit_price, subtotal)
VALUES ('a23e741d-8465-41f4-a6d7-7fc3fa5f0bb6', '48233f0a-6e57-4a45-b033-627d13f1be78', 'Cappuccino', 2, 120, 240);

INSERT INTO public.orders (id, order_id, status, amount, payment_method, cashier_name, created_at)
VALUES ('87802d8e-9c3f-4eb7-977b-9bceb760a971', 'ORD-02197', 'Completed', 280, 'Cash', 'System Seed', '2026-06-15T06:11:01.990Z');

INSERT INTO public.order_items (order_id, product_id, name, quantity, unit_price, subtotal)
VALUES ('87802d8e-9c3f-4eb7-977b-9bceb760a971', '1b5c6269-ce45-4413-acb8-21813cd7f9cf', 'Mocha', 2, 140, 280);

INSERT INTO public.orders (id, order_id, status, amount, payment_method, cashier_name, created_at)
VALUES ('49e752ca-7032-4dec-aee1-dfda2a54420a', 'ORD-02198', 'Completed', 510, 'Maya', 'System Seed', '2026-06-15T03:34:20.990Z');

INSERT INTO public.order_items (order_id, product_id, name, quantity, unit_price, subtotal)
VALUES ('49e752ca-7032-4dec-aee1-dfda2a54420a', '3a6a55c0-70f3-4417-a252-db77d9e511c0', 'Latte', 2, 120, 240);

INSERT INTO public.order_items (order_id, product_id, name, quantity, unit_price, subtotal)
VALUES ('49e752ca-7032-4dec-aee1-dfda2a54420a', 'fe6b02e6-9366-4abd-874c-fcb832e0e282', 'Green Tea', 3, 90, 270);

INSERT INTO public.orders (id, order_id, status, amount, payment_method, cashier_name, created_at)
VALUES ('2e21082e-43b2-4f28-af14-e6e31e39266c', 'ORD-02199', 'Completed', 405, 'Cash', 'System Seed', '2026-06-15T11:00:21.990Z');

INSERT INTO public.order_items (order_id, product_id, name, quantity, unit_price, subtotal)
VALUES ('2e21082e-43b2-4f28-af14-e6e31e39266c', '36c93748-7c86-4ddb-ba49-1bd1a164bf42', 'Blueberry Muffin', 3, 95, 285);

INSERT INTO public.order_items (order_id, product_id, name, quantity, unit_price, subtotal)
VALUES ('2e21082e-43b2-4f28-af14-e6e31e39266c', '48233f0a-6e57-4a45-b033-627d13f1be78', 'Cappuccino', 1, 120, 120);

INSERT INTO public.orders (id, order_id, status, amount, payment_method, cashier_name, created_at)
VALUES ('56c5c0ea-2493-4fea-951d-53c56de66065', 'ORD-02200', 'Completed', 905, 'Maya', 'System Seed', '2026-06-15T01:46:03.990Z');

INSERT INTO public.order_items (order_id, product_id, name, quantity, unit_price, subtotal)
VALUES ('56c5c0ea-2493-4fea-951d-53c56de66065', '36c93748-7c86-4ddb-ba49-1bd1a164bf42', 'Blueberry Muffin', 2, 95, 190);

INSERT INTO public.order_items (order_id, product_id, name, quantity, unit_price, subtotal)
VALUES ('56c5c0ea-2493-4fea-951d-53c56de66065', '1b5c6269-ce45-4413-acb8-21813cd7f9cf', 'Mocha', 3, 140, 420);

INSERT INTO public.order_items (order_id, product_id, name, quantity, unit_price, subtotal)
VALUES ('56c5c0ea-2493-4fea-951d-53c56de66065', '83a6812d-2665-4ce5-871a-78a4eab3ce80', 'Americano', 2, 100, 200);

INSERT INTO public.order_items (order_id, product_id, name, quantity, unit_price, subtotal)
VALUES ('56c5c0ea-2493-4fea-951d-53c56de66065', '36c93748-7c86-4ddb-ba49-1bd1a164bf42', 'Blueberry Muffin', 1, 95, 95);

INSERT INTO public.orders (id, order_id, status, amount, payment_method, cashier_name, created_at)
VALUES ('4d195b28-980f-4e24-80fe-fb309b291b09', 'ORD-02201', 'Void (Not Made)', 240, 'Cash', 'System Seed', '2026-06-15T08:49:30.990Z');

INSERT INTO public.order_items (order_id, product_id, name, quantity, unit_price, subtotal)
VALUES ('4d195b28-980f-4e24-80fe-fb309b291b09', '3a6a55c0-70f3-4417-a252-db77d9e511c0', 'Latte', 1, 120, 120);

INSERT INTO public.order_items (order_id, product_id, name, quantity, unit_price, subtotal)
VALUES ('4d195b28-980f-4e24-80fe-fb309b291b09', '3a6a55c0-70f3-4417-a252-db77d9e511c0', 'Latte', 1, 120, 120);

INSERT INTO public.orders (id, order_id, status, amount, payment_method, cashier_name, created_at)
VALUES ('1447b6ba-34e2-4feb-b9ab-f683bc799a28', 'ORD-02202', 'Completed', 770, 'Maya', 'System Seed', '2026-06-15T09:41:50.990Z');

INSERT INTO public.order_items (order_id, product_id, name, quantity, unit_price, subtotal)
VALUES ('1447b6ba-34e2-4feb-b9ab-f683bc799a28', 'fe6b02e6-9366-4abd-874c-fcb832e0e282', 'Green Tea', 1, 90, 90);

INSERT INTO public.order_items (order_id, product_id, name, quantity, unit_price, subtotal)
VALUES ('1447b6ba-34e2-4feb-b9ab-f683bc799a28', '48233f0a-6e57-4a45-b033-627d13f1be78', 'Cappuccino', 1, 120, 120);

INSERT INTO public.order_items (order_id, product_id, name, quantity, unit_price, subtotal)
VALUES ('1447b6ba-34e2-4feb-b9ab-f683bc799a28', '48233f0a-6e57-4a45-b033-627d13f1be78', 'Cappuccino', 3, 120, 360);

INSERT INTO public.order_items (order_id, product_id, name, quantity, unit_price, subtotal)
VALUES ('1447b6ba-34e2-4feb-b9ab-f683bc799a28', '83a6812d-2665-4ce5-871a-78a4eab3ce80', 'Americano', 2, 100, 200);

INSERT INTO public.orders (id, order_id, status, amount, payment_method, cashier_name, created_at)
VALUES ('09e11209-332f-4c82-851f-0e920e88ebd5', 'ORD-02203', 'Completed', 540, 'GCash', 'System Seed', '2026-06-15T04:37:55.990Z');

INSERT INTO public.order_items (order_id, product_id, name, quantity, unit_price, subtotal)
VALUES ('09e11209-332f-4c82-851f-0e920e88ebd5', 'fe6b02e6-9366-4abd-874c-fcb832e0e282', 'Green Tea', 3, 90, 270);

INSERT INTO public.order_items (order_id, product_id, name, quantity, unit_price, subtotal)
VALUES ('09e11209-332f-4c82-851f-0e920e88ebd5', 'fe6b02e6-9366-4abd-874c-fcb832e0e282', 'Green Tea', 3, 90, 270);

INSERT INTO public.orders (id, order_id, status, amount, payment_method, cashier_name, created_at)
VALUES ('909315e2-5053-440e-a3cd-84d1621be92c', 'ORD-02204', 'Completed', 360, 'Maya', 'System Seed', '2026-06-15T06:56:18.990Z');

INSERT INTO public.order_items (order_id, product_id, name, quantity, unit_price, subtotal)
VALUES ('909315e2-5053-440e-a3cd-84d1621be92c', '1b5c6269-ce45-4413-acb8-21813cd7f9cf', 'Mocha', 2, 140, 280);

INSERT INTO public.order_items (order_id, product_id, name, quantity, unit_price, subtotal)
VALUES ('909315e2-5053-440e-a3cd-84d1621be92c', '65f0b94f-ccbe-4b50-a175-66810ae10f44', 'Croissant', 1, 80, 80);

INSERT INTO public.orders (id, order_id, status, amount, payment_method, cashier_name, created_at)
VALUES ('5e492383-a2e7-4c23-bd07-b366e65d47eb', 'ORD-02205', 'Completed', 260, 'GCash', 'System Seed', '2026-06-15T01:32:58.990Z');

INSERT INTO public.order_items (order_id, product_id, name, quantity, unit_price, subtotal)
VALUES ('5e492383-a2e7-4c23-bd07-b366e65d47eb', '65f0b94f-ccbe-4b50-a175-66810ae10f44', 'Croissant', 2, 80, 160);

INSERT INTO public.order_items (order_id, product_id, name, quantity, unit_price, subtotal)
VALUES ('5e492383-a2e7-4c23-bd07-b366e65d47eb', '83a6812d-2665-4ce5-871a-78a4eab3ce80', 'Americano', 1, 100, 100);

INSERT INTO public.orders (id, order_id, status, amount, payment_method, cashier_name, created_at)
VALUES ('07f70541-2aee-4bfe-a028-25f25e8980bc', 'ORD-02206', 'Completed', 640, 'GCash', 'System Seed', '2026-06-15T03:27:54.990Z');

INSERT INTO public.order_items (order_id, product_id, name, quantity, unit_price, subtotal)
VALUES ('07f70541-2aee-4bfe-a028-25f25e8980bc', '48233f0a-6e57-4a45-b033-627d13f1be78', 'Cappuccino', 2, 120, 240);

INSERT INTO public.order_items (order_id, product_id, name, quantity, unit_price, subtotal)
VALUES ('07f70541-2aee-4bfe-a028-25f25e8980bc', 'dfe22f11-84a3-41d2-a268-149f012eae60', 'Sparkling Lemonade', 2, 110, 220);

INSERT INTO public.order_items (order_id, product_id, name, quantity, unit_price, subtotal)
VALUES ('07f70541-2aee-4bfe-a028-25f25e8980bc', 'fe6b02e6-9366-4abd-874c-fcb832e0e282', 'Green Tea', 2, 90, 180);

INSERT INTO public.orders (id, order_id, status, amount, payment_method, cashier_name, created_at)
VALUES ('e7580591-5f60-48d4-ac61-d48bb98f2565', 'ORD-02207', 'Completed', 585, 'Cash', 'System Seed', '2026-06-16T03:39:53.990Z');

INSERT INTO public.order_items (order_id, product_id, name, quantity, unit_price, subtotal)
VALUES ('e7580591-5f60-48d4-ac61-d48bb98f2565', '36c93748-7c86-4ddb-ba49-1bd1a164bf42', 'Blueberry Muffin', 1, 95, 95);

INSERT INTO public.order_items (order_id, product_id, name, quantity, unit_price, subtotal)
VALUES ('e7580591-5f60-48d4-ac61-d48bb98f2565', 'dfe22f11-84a3-41d2-a268-149f012eae60', 'Sparkling Lemonade', 2, 110, 220);

INSERT INTO public.order_items (order_id, product_id, name, quantity, unit_price, subtotal)
VALUES ('e7580591-5f60-48d4-ac61-d48bb98f2565', 'dfe22f11-84a3-41d2-a268-149f012eae60', 'Sparkling Lemonade', 1, 110, 110);

INSERT INTO public.order_items (order_id, product_id, name, quantity, unit_price, subtotal)
VALUES ('e7580591-5f60-48d4-ac61-d48bb98f2565', '65f0b94f-ccbe-4b50-a175-66810ae10f44', 'Croissant', 2, 80, 160);

INSERT INTO public.orders (id, order_id, status, amount, payment_method, cashier_name, created_at)
VALUES ('eec1210c-bd0b-4b1c-ba08-b015a9c468d9', 'ORD-02208', 'Void (Not Made)', 720, 'GCash', 'System Seed', '2026-06-16T01:17:36.990Z');

INSERT INTO public.order_items (order_id, product_id, name, quantity, unit_price, subtotal)
VALUES ('eec1210c-bd0b-4b1c-ba08-b015a9c468d9', 'fe6b02e6-9366-4abd-874c-fcb832e0e282', 'Green Tea', 2, 90, 180);

INSERT INTO public.order_items (order_id, product_id, name, quantity, unit_price, subtotal)
VALUES ('eec1210c-bd0b-4b1c-ba08-b015a9c468d9', '1b5c6269-ce45-4413-acb8-21813cd7f9cf', 'Mocha', 3, 140, 420);

INSERT INTO public.order_items (order_id, product_id, name, quantity, unit_price, subtotal)
VALUES ('eec1210c-bd0b-4b1c-ba08-b015a9c468d9', '48233f0a-6e57-4a45-b033-627d13f1be78', 'Cappuccino', 1, 120, 120);

INSERT INTO public.orders (id, order_id, status, amount, payment_method, cashier_name, created_at)
VALUES ('195eb902-6f44-4a56-8af3-3c8cad2d2253', 'ORD-02209', 'Completed', 830, 'Credit Card', 'System Seed', '2026-06-16T10:04:24.990Z');

INSERT INTO public.order_items (order_id, product_id, name, quantity, unit_price, subtotal)
VALUES ('195eb902-6f44-4a56-8af3-3c8cad2d2253', '1b5c6269-ce45-4413-acb8-21813cd7f9cf', 'Mocha', 3, 140, 420);

INSERT INTO public.order_items (order_id, product_id, name, quantity, unit_price, subtotal)
VALUES ('195eb902-6f44-4a56-8af3-3c8cad2d2253', '36c93748-7c86-4ddb-ba49-1bd1a164bf42', 'Blueberry Muffin', 2, 95, 190);

INSERT INTO public.order_items (order_id, product_id, name, quantity, unit_price, subtotal)
VALUES ('195eb902-6f44-4a56-8af3-3c8cad2d2253', 'dfe22f11-84a3-41d2-a268-149f012eae60', 'Sparkling Lemonade', 2, 110, 220);

INSERT INTO public.orders (id, order_id, status, amount, payment_method, cashier_name, created_at)
VALUES ('164ff3be-7eb7-4e85-afbb-51a3d1dded60', 'ORD-02210', 'Completed', 550, 'Cash', 'System Seed', '2026-06-16T08:55:49.990Z');

INSERT INTO public.order_items (order_id, product_id, name, quantity, unit_price, subtotal)
VALUES ('164ff3be-7eb7-4e85-afbb-51a3d1dded60', 'dfe22f11-84a3-41d2-a268-149f012eae60', 'Sparkling Lemonade', 3, 110, 330);

INSERT INTO public.order_items (order_id, product_id, name, quantity, unit_price, subtotal)
VALUES ('164ff3be-7eb7-4e85-afbb-51a3d1dded60', 'dfe22f11-84a3-41d2-a268-149f012eae60', 'Sparkling Lemonade', 2, 110, 220);

INSERT INTO public.orders (id, order_id, status, amount, payment_method, cashier_name, created_at)
VALUES ('1d6e63c9-68c5-4989-8fad-268bd3f19bd1', 'ORD-02211', 'Completed', 500, 'Maya', 'System Seed', '2026-06-16T11:45:39.990Z');

INSERT INTO public.order_items (order_id, product_id, name, quantity, unit_price, subtotal)
VALUES ('1d6e63c9-68c5-4989-8fad-268bd3f19bd1', '3a6a55c0-70f3-4417-a252-db77d9e511c0', 'Latte', 3, 120, 360);

INSERT INTO public.order_items (order_id, product_id, name, quantity, unit_price, subtotal)
VALUES ('1d6e63c9-68c5-4989-8fad-268bd3f19bd1', '1b5c6269-ce45-4413-acb8-21813cd7f9cf', 'Mocha', 1, 140, 140);

INSERT INTO public.orders (id, order_id, status, amount, payment_method, cashier_name, created_at)
VALUES ('ea9ea0c6-1c76-4226-97a5-fffa5339557d', 'ORD-02212', 'Void (Not Made)', 260, 'Cash', 'System Seed', '2026-06-16T04:46:17.990Z');

INSERT INTO public.order_items (order_id, product_id, name, quantity, unit_price, subtotal)
VALUES ('ea9ea0c6-1c76-4226-97a5-fffa5339557d', '65f0b94f-ccbe-4b50-a175-66810ae10f44', 'Croissant', 2, 80, 160);

INSERT INTO public.order_items (order_id, product_id, name, quantity, unit_price, subtotal)
VALUES ('ea9ea0c6-1c76-4226-97a5-fffa5339557d', '83a6812d-2665-4ce5-871a-78a4eab3ce80', 'Americano', 1, 100, 100);

INSERT INTO public.orders (id, order_id, status, amount, payment_method, cashier_name, created_at)
VALUES ('7cbeb8f7-516b-4442-a4d2-9e5f7a9de946', 'ORD-02213', 'Completed', 240, 'GCash', 'System Seed', '2026-06-16T03:51:54.990Z');

INSERT INTO public.order_items (order_id, product_id, name, quantity, unit_price, subtotal)
VALUES ('7cbeb8f7-516b-4442-a4d2-9e5f7a9de946', '48233f0a-6e57-4a45-b033-627d13f1be78', 'Cappuccino', 2, 120, 240);

INSERT INTO public.orders (id, order_id, status, amount, payment_method, cashier_name, created_at)
VALUES ('953f25ad-b91e-451f-b15d-026d57192eb6', 'ORD-02214', 'Void (Consumed)', 140, 'Cash', 'System Seed', '2026-06-16T03:29:19.990Z');

INSERT INTO public.order_items (order_id, product_id, name, quantity, unit_price, subtotal)
VALUES ('953f25ad-b91e-451f-b15d-026d57192eb6', '1b5c6269-ce45-4413-acb8-21813cd7f9cf', 'Mocha', 1, 140, 140);

INSERT INTO public.orders (id, order_id, status, amount, payment_method, cashier_name, created_at)
VALUES ('0f8b7081-c311-4cb1-bcfb-36328a8a878e', 'ORD-02215', 'Completed', 220, 'Maya', 'System Seed', '2026-06-16T05:27:16.990Z');

INSERT INTO public.order_items (order_id, product_id, name, quantity, unit_price, subtotal)
VALUES ('0f8b7081-c311-4cb1-bcfb-36328a8a878e', 'dfe22f11-84a3-41d2-a268-149f012eae60', 'Sparkling Lemonade', 2, 110, 220);

INSERT INTO public.orders (id, order_id, status, amount, payment_method, cashier_name, created_at)
VALUES ('b4d3dfde-1875-4ff8-ba37-541759b2f21c', 'ORD-02216', 'Completed', 240, 'Credit Card', 'System Seed', '2026-06-16T10:43:44.990Z');

INSERT INTO public.order_items (order_id, product_id, name, quantity, unit_price, subtotal)
VALUES ('b4d3dfde-1875-4ff8-ba37-541759b2f21c', '48233f0a-6e57-4a45-b033-627d13f1be78', 'Cappuccino', 2, 120, 240);

INSERT INTO public.orders (id, order_id, status, amount, payment_method, cashier_name, created_at)
VALUES ('db651c89-e570-4e69-a180-6abbfd945937', 'ORD-02217', 'Void (Consumed)', 540, 'Cash', 'System Seed', '2026-06-16T05:22:46.990Z');

INSERT INTO public.order_items (order_id, product_id, name, quantity, unit_price, subtotal)
VALUES ('db651c89-e570-4e69-a180-6abbfd945937', '83a6812d-2665-4ce5-871a-78a4eab3ce80', 'Americano', 2, 100, 200);

INSERT INTO public.order_items (order_id, product_id, name, quantity, unit_price, subtotal)
VALUES ('db651c89-e570-4e69-a180-6abbfd945937', '3a6a55c0-70f3-4417-a252-db77d9e511c0', 'Latte', 1, 120, 120);

INSERT INTO public.order_items (order_id, product_id, name, quantity, unit_price, subtotal)
VALUES ('db651c89-e570-4e69-a180-6abbfd945937', '83a6812d-2665-4ce5-871a-78a4eab3ce80', 'Americano', 1, 100, 100);

INSERT INTO public.order_items (order_id, product_id, name, quantity, unit_price, subtotal)
VALUES ('db651c89-e570-4e69-a180-6abbfd945937', '3a6a55c0-70f3-4417-a252-db77d9e511c0', 'Latte', 1, 120, 120);

INSERT INTO public.orders (id, order_id, status, amount, payment_method, cashier_name, created_at)
VALUES ('3dc0eea9-7192-4cb7-99de-60b252a8e744', 'ORD-02218', 'Void (Consumed)', 430, 'Cash', 'System Seed', '2026-06-16T00:43:29.990Z');

INSERT INTO public.order_items (order_id, product_id, name, quantity, unit_price, subtotal)
VALUES ('3dc0eea9-7192-4cb7-99de-60b252a8e744', '36c93748-7c86-4ddb-ba49-1bd1a164bf42', 'Blueberry Muffin', 1, 95, 95);

INSERT INTO public.order_items (order_id, product_id, name, quantity, unit_price, subtotal)
VALUES ('3dc0eea9-7192-4cb7-99de-60b252a8e744', '65f0b94f-ccbe-4b50-a175-66810ae10f44', 'Croissant', 3, 80, 240);

INSERT INTO public.order_items (order_id, product_id, name, quantity, unit_price, subtotal)
VALUES ('3dc0eea9-7192-4cb7-99de-60b252a8e744', '36c93748-7c86-4ddb-ba49-1bd1a164bf42', 'Blueberry Muffin', 1, 95, 95);

INSERT INTO public.orders (id, order_id, status, amount, payment_method, cashier_name, created_at)
VALUES ('32a0e9ed-f6a7-447f-a03d-7ffe65312b31', 'ORD-02219', 'Completed', 585, 'Cash', 'System Seed', '2026-06-16T05:04:08.990Z');

INSERT INTO public.order_items (order_id, product_id, name, quantity, unit_price, subtotal)
VALUES ('32a0e9ed-f6a7-447f-a03d-7ffe65312b31', '83a6812d-2665-4ce5-871a-78a4eab3ce80', 'Americano', 3, 100, 300);

INSERT INTO public.order_items (order_id, product_id, name, quantity, unit_price, subtotal)
VALUES ('32a0e9ed-f6a7-447f-a03d-7ffe65312b31', '36c93748-7c86-4ddb-ba49-1bd1a164bf42', 'Blueberry Muffin', 3, 95, 285);

INSERT INTO public.orders (id, order_id, status, amount, payment_method, cashier_name, created_at)
VALUES ('4e4494fa-25b3-44fa-86eb-ced6d9467c1f', 'ORD-02220', 'Completed', 670, 'GCash', 'System Seed', '2026-06-16T06:16:21.990Z');

INSERT INTO public.order_items (order_id, product_id, name, quantity, unit_price, subtotal)
VALUES ('4e4494fa-25b3-44fa-86eb-ced6d9467c1f', '83a6812d-2665-4ce5-871a-78a4eab3ce80', 'Americano', 2, 100, 200);

INSERT INTO public.order_items (order_id, product_id, name, quantity, unit_price, subtotal)
VALUES ('4e4494fa-25b3-44fa-86eb-ced6d9467c1f', 'dfe22f11-84a3-41d2-a268-149f012eae60', 'Sparkling Lemonade', 1, 110, 110);

INSERT INTO public.order_items (order_id, product_id, name, quantity, unit_price, subtotal)
VALUES ('4e4494fa-25b3-44fa-86eb-ced6d9467c1f', '3a6a55c0-70f3-4417-a252-db77d9e511c0', 'Latte', 3, 120, 360);

INSERT INTO public.orders (id, order_id, status, amount, payment_method, cashier_name, created_at)
VALUES ('456a2e73-48e2-4637-8194-d08d2c186657', 'ORD-02221', 'Completed', 280, 'Maya', 'System Seed', '2026-06-16T04:36:32.990Z');

INSERT INTO public.order_items (order_id, product_id, name, quantity, unit_price, subtotal)
VALUES ('456a2e73-48e2-4637-8194-d08d2c186657', '1b5c6269-ce45-4413-acb8-21813cd7f9cf', 'Mocha', 2, 140, 280);

INSERT INTO public.orders (id, order_id, status, amount, payment_method, cashier_name, created_at)
VALUES ('9cef67c9-0c61-4222-83e0-860a696b3d12', 'ORD-02222', 'Completed', 110, 'Cash', 'System Seed', '2026-06-16T06:57:08.990Z');

INSERT INTO public.order_items (order_id, product_id, name, quantity, unit_price, subtotal)
VALUES ('9cef67c9-0c61-4222-83e0-860a696b3d12', 'dfe22f11-84a3-41d2-a268-149f012eae60', 'Sparkling Lemonade', 1, 110, 110);

INSERT INTO public.orders (id, order_id, status, amount, payment_method, cashier_name, created_at)
VALUES ('89ccb6f3-2f79-40a8-9cd2-c23fbdd51fe4', 'ORD-02223', 'Completed', 320, 'Maya', 'System Seed', '2026-06-16T10:51:03.990Z');

INSERT INTO public.order_items (order_id, product_id, name, quantity, unit_price, subtotal)
VALUES ('89ccb6f3-2f79-40a8-9cd2-c23fbdd51fe4', '48233f0a-6e57-4a45-b033-627d13f1be78', 'Cappuccino', 2, 120, 240);

INSERT INTO public.order_items (order_id, product_id, name, quantity, unit_price, subtotal)
VALUES ('89ccb6f3-2f79-40a8-9cd2-c23fbdd51fe4', '65f0b94f-ccbe-4b50-a175-66810ae10f44', 'Croissant', 1, 80, 80);

INSERT INTO public.orders (id, order_id, status, amount, payment_method, cashier_name, created_at)
VALUES ('be6a0100-98df-42c1-9655-fd164d575cd6', 'ORD-02224', 'Completed', 450, 'Maya', 'System Seed', '2026-06-16T11:30:01.990Z');

INSERT INTO public.order_items (order_id, product_id, name, quantity, unit_price, subtotal)
VALUES ('be6a0100-98df-42c1-9655-fd164d575cd6', 'fe6b02e6-9366-4abd-874c-fcb832e0e282', 'Green Tea', 3, 90, 270);

INSERT INTO public.order_items (order_id, product_id, name, quantity, unit_price, subtotal)
VALUES ('be6a0100-98df-42c1-9655-fd164d575cd6', 'fe6b02e6-9366-4abd-874c-fcb832e0e282', 'Green Tea', 2, 90, 180);

INSERT INTO public.orders (id, order_id, status, amount, payment_method, cashier_name, created_at)
VALUES ('8e91108a-2306-4d2a-bd16-31dc4073b19a', 'ORD-02225', 'Completed', 280, 'Cash', 'System Seed', '2026-06-16T03:54:56.990Z');

INSERT INTO public.order_items (order_id, product_id, name, quantity, unit_price, subtotal)
VALUES ('8e91108a-2306-4d2a-bd16-31dc4073b19a', '1b5c6269-ce45-4413-acb8-21813cd7f9cf', 'Mocha', 2, 140, 280);

INSERT INTO public.orders (id, order_id, status, amount, payment_method, cashier_name, created_at)
VALUES ('629982dc-6feb-40a0-9a87-845e7bfc9d0e', 'ORD-02226', 'Completed', 650, 'Maya', 'System Seed', '2026-06-16T12:38:05.990Z');

INSERT INTO public.order_items (order_id, product_id, name, quantity, unit_price, subtotal)
VALUES ('629982dc-6feb-40a0-9a87-845e7bfc9d0e', '65f0b94f-ccbe-4b50-a175-66810ae10f44', 'Croissant', 3, 80, 240);

INSERT INTO public.order_items (order_id, product_id, name, quantity, unit_price, subtotal)
VALUES ('629982dc-6feb-40a0-9a87-845e7bfc9d0e', 'dfe22f11-84a3-41d2-a268-149f012eae60', 'Sparkling Lemonade', 3, 110, 330);

INSERT INTO public.order_items (order_id, product_id, name, quantity, unit_price, subtotal)
VALUES ('629982dc-6feb-40a0-9a87-845e7bfc9d0e', '65f0b94f-ccbe-4b50-a175-66810ae10f44', 'Croissant', 1, 80, 80);

INSERT INTO public.orders (id, order_id, status, amount, payment_method, cashier_name, created_at)
VALUES ('f57e3f0a-f64d-4861-b582-3272a7deb613', 'ORD-02227', 'Completed', 90, 'Maya', 'System Seed', '2026-06-16T12:13:18.990Z');

INSERT INTO public.order_items (order_id, product_id, name, quantity, unit_price, subtotal)
VALUES ('f57e3f0a-f64d-4861-b582-3272a7deb613', 'fe6b02e6-9366-4abd-874c-fcb832e0e282', 'Green Tea', 1, 90, 90);

INSERT INTO public.orders (id, order_id, status, amount, payment_method, cashier_name, created_at)
VALUES ('0ce9e571-fbd2-4a2d-8f24-31bccd8f6c7d', 'ORD-02228', 'Void (Not Made)', 360, 'Maya', 'System Seed', '2026-06-16T12:56:20.990Z');

INSERT INTO public.order_items (order_id, product_id, name, quantity, unit_price, subtotal)
VALUES ('0ce9e571-fbd2-4a2d-8f24-31bccd8f6c7d', '3a6a55c0-70f3-4417-a252-db77d9e511c0', 'Latte', 1, 120, 120);

INSERT INTO public.order_items (order_id, product_id, name, quantity, unit_price, subtotal)
VALUES ('0ce9e571-fbd2-4a2d-8f24-31bccd8f6c7d', '3a6a55c0-70f3-4417-a252-db77d9e511c0', 'Latte', 2, 120, 240);

INSERT INTO public.orders (id, order_id, status, amount, payment_method, cashier_name, created_at)
VALUES ('9891c82a-4eac-4068-a7ef-f5123d6a3a5d', 'ORD-02229', 'Completed', 600, 'Maya', 'System Seed', '2026-06-16T05:24:11.990Z');

INSERT INTO public.order_items (order_id, product_id, name, quantity, unit_price, subtotal)
VALUES ('9891c82a-4eac-4068-a7ef-f5123d6a3a5d', '48233f0a-6e57-4a45-b033-627d13f1be78', 'Cappuccino', 3, 120, 360);

INSERT INTO public.order_items (order_id, product_id, name, quantity, unit_price, subtotal)
VALUES ('9891c82a-4eac-4068-a7ef-f5123d6a3a5d', '48233f0a-6e57-4a45-b033-627d13f1be78', 'Cappuccino', 2, 120, 240);

INSERT INTO public.orders (id, order_id, status, amount, payment_method, cashier_name, created_at)
VALUES ('75a28808-8353-423c-9683-3c8f51dcdd21', 'ORD-02230', 'Completed', 470, 'Credit Card', 'System Seed', '2026-06-16T10:29:51.990Z');

INSERT INTO public.order_items (order_id, product_id, name, quantity, unit_price, subtotal)
VALUES ('75a28808-8353-423c-9683-3c8f51dcdd21', 'dfe22f11-84a3-41d2-a268-149f012eae60', 'Sparkling Lemonade', 1, 110, 110);

INSERT INTO public.order_items (order_id, product_id, name, quantity, unit_price, subtotal)
VALUES ('75a28808-8353-423c-9683-3c8f51dcdd21', '48233f0a-6e57-4a45-b033-627d13f1be78', 'Cappuccino', 3, 120, 360);

INSERT INTO public.orders (id, order_id, status, amount, payment_method, cashier_name, created_at)
VALUES ('9ce6de85-a2d7-4148-b523-ea49189b54ee', 'ORD-02231', 'Completed', 190, 'Cash', 'System Seed', '2026-06-16T08:56:47.990Z');

INSERT INTO public.order_items (order_id, product_id, name, quantity, unit_price, subtotal)
VALUES ('9ce6de85-a2d7-4148-b523-ea49189b54ee', '36c93748-7c86-4ddb-ba49-1bd1a164bf42', 'Blueberry Muffin', 2, 95, 190);

INSERT INTO public.orders (id, order_id, status, amount, payment_method, cashier_name, created_at)
VALUES ('f335ac85-d652-4354-b466-af51f65af425', 'ORD-02232', 'Completed', 735, 'Credit Card', 'System Seed', '2026-06-16T05:39:43.990Z');

INSERT INTO public.order_items (order_id, product_id, name, quantity, unit_price, subtotal)
VALUES ('f335ac85-d652-4354-b466-af51f65af425', '65f0b94f-ccbe-4b50-a175-66810ae10f44', 'Croissant', 2, 80, 160);

INSERT INTO public.order_items (order_id, product_id, name, quantity, unit_price, subtotal)
VALUES ('f335ac85-d652-4354-b466-af51f65af425', '48233f0a-6e57-4a45-b033-627d13f1be78', 'Cappuccino', 1, 120, 120);

INSERT INTO public.order_items (order_id, product_id, name, quantity, unit_price, subtotal)
VALUES ('f335ac85-d652-4354-b466-af51f65af425', '36c93748-7c86-4ddb-ba49-1bd1a164bf42', 'Blueberry Muffin', 1, 95, 95);

INSERT INTO public.order_items (order_id, product_id, name, quantity, unit_price, subtotal)
VALUES ('f335ac85-d652-4354-b466-af51f65af425', '3a6a55c0-70f3-4417-a252-db77d9e511c0', 'Latte', 3, 120, 360);

INSERT INTO public.orders (id, order_id, status, amount, payment_method, cashier_name, created_at)
VALUES ('5ba33d89-726c-4866-8b10-b118ecb2a809', 'ORD-02233', 'Completed', 420, 'Credit Card', 'System Seed', '2026-06-15T23:19:44.990Z');

INSERT INTO public.order_items (order_id, product_id, name, quantity, unit_price, subtotal)
VALUES ('5ba33d89-726c-4866-8b10-b118ecb2a809', '65f0b94f-ccbe-4b50-a175-66810ae10f44', 'Croissant', 1, 80, 80);

INSERT INTO public.order_items (order_id, product_id, name, quantity, unit_price, subtotal)
VALUES ('5ba33d89-726c-4866-8b10-b118ecb2a809', '83a6812d-2665-4ce5-871a-78a4eab3ce80', 'Americano', 1, 100, 100);

INSERT INTO public.order_items (order_id, product_id, name, quantity, unit_price, subtotal)
VALUES ('5ba33d89-726c-4866-8b10-b118ecb2a809', '3a6a55c0-70f3-4417-a252-db77d9e511c0', 'Latte', 2, 120, 240);

INSERT INTO public.orders (id, order_id, status, amount, payment_method, cashier_name, created_at)
VALUES ('455767e8-1324-46d3-98e7-16841fb88e26', 'ORD-02234', 'Completed', 820, 'Cash', 'System Seed', '2026-06-16T11:40:01.990Z');

INSERT INTO public.order_items (order_id, product_id, name, quantity, unit_price, subtotal)
VALUES ('455767e8-1324-46d3-98e7-16841fb88e26', 'fe6b02e6-9366-4abd-874c-fcb832e0e282', 'Green Tea', 3, 90, 270);

INSERT INTO public.order_items (order_id, product_id, name, quantity, unit_price, subtotal)
VALUES ('455767e8-1324-46d3-98e7-16841fb88e26', '1b5c6269-ce45-4413-acb8-21813cd7f9cf', 'Mocha', 2, 140, 280);

INSERT INTO public.order_items (order_id, product_id, name, quantity, unit_price, subtotal)
VALUES ('455767e8-1324-46d3-98e7-16841fb88e26', 'fe6b02e6-9366-4abd-874c-fcb832e0e282', 'Green Tea', 3, 90, 270);

INSERT INTO public.orders (id, order_id, status, amount, payment_method, cashier_name, created_at)
VALUES ('665e31a2-b249-46af-b7bb-8295878dfa1c', 'ORD-02235', 'Void (Not Made)', 240, 'Maya', 'System Seed', '2026-06-16T08:34:04.990Z');

INSERT INTO public.order_items (order_id, product_id, name, quantity, unit_price, subtotal)
VALUES ('665e31a2-b249-46af-b7bb-8295878dfa1c', '3a6a55c0-70f3-4417-a252-db77d9e511c0', 'Latte', 2, 120, 240);

INSERT INTO public.orders (id, order_id, status, amount, payment_method, cashier_name, created_at)
VALUES ('c54f1842-e0c6-4791-8295-6c652711c63e', 'ORD-02236', 'Completed', 360, 'Cash', 'System Seed', '2026-06-16T11:02:50.990Z');

INSERT INTO public.order_items (order_id, product_id, name, quantity, unit_price, subtotal)
VALUES ('c54f1842-e0c6-4791-8295-6c652711c63e', '3a6a55c0-70f3-4417-a252-db77d9e511c0', 'Latte', 3, 120, 360);

INSERT INTO public.orders (id, order_id, status, amount, payment_method, cashier_name, created_at)
VALUES ('c8d45f16-e6a3-440f-9691-14cd7bf419a1', 'ORD-02237', 'Completed', 360, 'Maya', 'System Seed', '2026-06-16T09:49:35.990Z');

INSERT INTO public.order_items (order_id, product_id, name, quantity, unit_price, subtotal)
VALUES ('c8d45f16-e6a3-440f-9691-14cd7bf419a1', '48233f0a-6e57-4a45-b033-627d13f1be78', 'Cappuccino', 3, 120, 360);

INSERT INTO public.orders (id, order_id, status, amount, payment_method, cashier_name, created_at)
VALUES ('f9a5d982-ce63-42e6-89d8-6edca8e2b74d', 'ORD-02238', 'Completed', 400, 'Maya', 'System Seed', '2026-06-16T03:08:46.990Z');

INSERT INTO public.order_items (order_id, product_id, name, quantity, unit_price, subtotal)
VALUES ('f9a5d982-ce63-42e6-89d8-6edca8e2b74d', '3a6a55c0-70f3-4417-a252-db77d9e511c0', 'Latte', 2, 120, 240);

INSERT INTO public.order_items (order_id, product_id, name, quantity, unit_price, subtotal)
VALUES ('f9a5d982-ce63-42e6-89d8-6edca8e2b74d', '65f0b94f-ccbe-4b50-a175-66810ae10f44', 'Croissant', 2, 80, 160);

INSERT INTO public.orders (id, order_id, status, amount, payment_method, cashier_name, created_at)
VALUES ('cecf27b7-765b-404c-ac2e-4d61986b0b70', 'ORD-02239', 'Void (Consumed)', 220, 'Credit Card', 'System Seed', '2026-06-17T08:20:01.990Z');

INSERT INTO public.order_items (order_id, product_id, name, quantity, unit_price, subtotal)
VALUES ('cecf27b7-765b-404c-ac2e-4d61986b0b70', '1b5c6269-ce45-4413-acb8-21813cd7f9cf', 'Mocha', 1, 140, 140);

INSERT INTO public.order_items (order_id, product_id, name, quantity, unit_price, subtotal)
VALUES ('cecf27b7-765b-404c-ac2e-4d61986b0b70', '65f0b94f-ccbe-4b50-a175-66810ae10f44', 'Croissant', 1, 80, 80);

INSERT INTO public.orders (id, order_id, status, amount, payment_method, cashier_name, created_at)
VALUES ('d51ecbde-f4d1-4814-85fd-47a6cee12b24', 'ORD-02240', 'Completed', 285, 'Cash', 'System Seed', '2026-06-17T00:00:03.990Z');

INSERT INTO public.order_items (order_id, product_id, name, quantity, unit_price, subtotal)
VALUES ('d51ecbde-f4d1-4814-85fd-47a6cee12b24', '36c93748-7c86-4ddb-ba49-1bd1a164bf42', 'Blueberry Muffin', 3, 95, 285);

INSERT INTO public.orders (id, order_id, status, amount, payment_method, cashier_name, created_at)
VALUES ('caf7fa5f-cba0-423b-b446-74ebdf24d68d', 'ORD-02241', 'Completed', 290, 'Cash', 'System Seed', '2026-06-17T12:40:25.990Z');

INSERT INTO public.order_items (order_id, product_id, name, quantity, unit_price, subtotal)
VALUES ('caf7fa5f-cba0-423b-b446-74ebdf24d68d', '36c93748-7c86-4ddb-ba49-1bd1a164bf42', 'Blueberry Muffin', 2, 95, 190);

INSERT INTO public.order_items (order_id, product_id, name, quantity, unit_price, subtotal)
VALUES ('caf7fa5f-cba0-423b-b446-74ebdf24d68d', '83a6812d-2665-4ce5-871a-78a4eab3ce80', 'Americano', 1, 100, 100);

INSERT INTO public.orders (id, order_id, status, amount, payment_method, cashier_name, created_at)
VALUES ('d3540167-2fbf-45f8-b557-3b2c8cd9c19d', 'ORD-02242', 'Void (Not Made)', 770, 'GCash', 'System Seed', '2026-06-17T07:30:12.990Z');

INSERT INTO public.order_items (order_id, product_id, name, quantity, unit_price, subtotal)
VALUES ('d3540167-2fbf-45f8-b557-3b2c8cd9c19d', '48233f0a-6e57-4a45-b033-627d13f1be78', 'Cappuccino', 3, 120, 360);

INSERT INTO public.order_items (order_id, product_id, name, quantity, unit_price, subtotal)
VALUES ('d3540167-2fbf-45f8-b557-3b2c8cd9c19d', 'dfe22f11-84a3-41d2-a268-149f012eae60', 'Sparkling Lemonade', 1, 110, 110);

INSERT INTO public.order_items (order_id, product_id, name, quantity, unit_price, subtotal)
VALUES ('d3540167-2fbf-45f8-b557-3b2c8cd9c19d', '83a6812d-2665-4ce5-871a-78a4eab3ce80', 'Americano', 3, 100, 300);

INSERT INTO public.orders (id, order_id, status, amount, payment_method, cashier_name, created_at)
VALUES ('40ab7cfb-010b-4d3f-803c-39286e3f9954', 'ORD-02243', 'Completed', 120, 'Cash', 'System Seed', '2026-06-17T01:48:10.990Z');

INSERT INTO public.order_items (order_id, product_id, name, quantity, unit_price, subtotal)
VALUES ('40ab7cfb-010b-4d3f-803c-39286e3f9954', '3a6a55c0-70f3-4417-a252-db77d9e511c0', 'Latte', 1, 120, 120);

INSERT INTO public.orders (id, order_id, status, amount, payment_method, cashier_name, created_at)
VALUES ('44e0ebf3-2259-4626-b440-9b898e215671', 'ORD-02244', 'Void (Consumed)', 455, 'Maya', 'System Seed', '2026-06-17T01:27:26.990Z');

INSERT INTO public.order_items (order_id, product_id, name, quantity, unit_price, subtotal)
VALUES ('44e0ebf3-2259-4626-b440-9b898e215671', '3a6a55c0-70f3-4417-a252-db77d9e511c0', 'Latte', 1, 120, 120);

INSERT INTO public.order_items (order_id, product_id, name, quantity, unit_price, subtotal)
VALUES ('44e0ebf3-2259-4626-b440-9b898e215671', '3a6a55c0-70f3-4417-a252-db77d9e511c0', 'Latte', 2, 120, 240);

INSERT INTO public.order_items (order_id, product_id, name, quantity, unit_price, subtotal)
VALUES ('44e0ebf3-2259-4626-b440-9b898e215671', '36c93748-7c86-4ddb-ba49-1bd1a164bf42', 'Blueberry Muffin', 1, 95, 95);

INSERT INTO public.orders (id, order_id, status, amount, payment_method, cashier_name, created_at)
VALUES ('cfa9df84-9f40-4724-86b4-1aba002a3ff6', 'ORD-02245', 'Completed', 320, 'GCash', 'System Seed', '2026-06-17T07:36:42.990Z');

INSERT INTO public.order_items (order_id, product_id, name, quantity, unit_price, subtotal)
VALUES ('cfa9df84-9f40-4724-86b4-1aba002a3ff6', '3a6a55c0-70f3-4417-a252-db77d9e511c0', 'Latte', 2, 120, 240);

INSERT INTO public.order_items (order_id, product_id, name, quantity, unit_price, subtotal)
VALUES ('cfa9df84-9f40-4724-86b4-1aba002a3ff6', '65f0b94f-ccbe-4b50-a175-66810ae10f44', 'Croissant', 1, 80, 80);

INSERT INTO public.orders (id, order_id, status, amount, payment_method, cashier_name, created_at)
VALUES ('29056a90-f8d9-469d-8b18-677ef2128fcd', 'ORD-02246', 'Completed', 860, 'Maya', 'System Seed', '2026-06-17T01:30:00.990Z');

INSERT INTO public.order_items (order_id, product_id, name, quantity, unit_price, subtotal)
VALUES ('29056a90-f8d9-469d-8b18-677ef2128fcd', '83a6812d-2665-4ce5-871a-78a4eab3ce80', 'Americano', 1, 100, 100);

INSERT INTO public.order_items (order_id, product_id, name, quantity, unit_price, subtotal)
VALUES ('29056a90-f8d9-469d-8b18-677ef2128fcd', 'dfe22f11-84a3-41d2-a268-149f012eae60', 'Sparkling Lemonade', 3, 110, 330);

INSERT INTO public.order_items (order_id, product_id, name, quantity, unit_price, subtotal)
VALUES ('29056a90-f8d9-469d-8b18-677ef2128fcd', '36c93748-7c86-4ddb-ba49-1bd1a164bf42', 'Blueberry Muffin', 2, 95, 190);

INSERT INTO public.order_items (order_id, product_id, name, quantity, unit_price, subtotal)
VALUES ('29056a90-f8d9-469d-8b18-677ef2128fcd', '65f0b94f-ccbe-4b50-a175-66810ae10f44', 'Croissant', 3, 80, 240);

INSERT INTO public.orders (id, order_id, status, amount, payment_method, cashier_name, created_at)
VALUES ('03cdfc52-17f5-49f4-ae72-7ec3f7ba013c', 'ORD-02247', 'Void (Not Made)', 540, 'Maya', 'System Seed', '2026-06-17T00:06:41.990Z');

INSERT INTO public.order_items (order_id, product_id, name, quantity, unit_price, subtotal)
VALUES ('03cdfc52-17f5-49f4-ae72-7ec3f7ba013c', '83a6812d-2665-4ce5-871a-78a4eab3ce80', 'Americano', 3, 100, 300);

INSERT INTO public.order_items (order_id, product_id, name, quantity, unit_price, subtotal)
VALUES ('03cdfc52-17f5-49f4-ae72-7ec3f7ba013c', '65f0b94f-ccbe-4b50-a175-66810ae10f44', 'Croissant', 3, 80, 240);

INSERT INTO public.orders (id, order_id, status, amount, payment_method, cashier_name, created_at)
VALUES ('070bf6c1-5d81-42c5-8f05-1891bcfc6e30', 'ORD-02248', 'Completed', 880, 'Credit Card', 'System Seed', '2026-06-17T07:57:09.990Z');

INSERT INTO public.order_items (order_id, product_id, name, quantity, unit_price, subtotal)
VALUES ('070bf6c1-5d81-42c5-8f05-1891bcfc6e30', '48233f0a-6e57-4a45-b033-627d13f1be78', 'Cappuccino', 2, 120, 240);

INSERT INTO public.order_items (order_id, product_id, name, quantity, unit_price, subtotal)
VALUES ('070bf6c1-5d81-42c5-8f05-1891bcfc6e30', '83a6812d-2665-4ce5-871a-78a4eab3ce80', 'Americano', 2, 100, 200);

INSERT INTO public.order_items (order_id, product_id, name, quantity, unit_price, subtotal)
VALUES ('070bf6c1-5d81-42c5-8f05-1891bcfc6e30', '3a6a55c0-70f3-4417-a252-db77d9e511c0', 'Latte', 2, 120, 240);

INSERT INTO public.order_items (order_id, product_id, name, quantity, unit_price, subtotal)
VALUES ('070bf6c1-5d81-42c5-8f05-1891bcfc6e30', '83a6812d-2665-4ce5-871a-78a4eab3ce80', 'Americano', 2, 100, 200);

INSERT INTO public.orders (id, order_id, status, amount, payment_method, cashier_name, created_at)
VALUES ('157ae49b-43be-4cac-baf1-0523d6dc78a4', 'ORD-02249', 'Completed', 750, 'GCash', 'System Seed', '2026-06-17T02:14:47.990Z');

INSERT INTO public.order_items (order_id, product_id, name, quantity, unit_price, subtotal)
VALUES ('157ae49b-43be-4cac-baf1-0523d6dc78a4', 'fe6b02e6-9366-4abd-874c-fcb832e0e282', 'Green Tea', 3, 90, 270);

INSERT INTO public.order_items (order_id, product_id, name, quantity, unit_price, subtotal)
VALUES ('157ae49b-43be-4cac-baf1-0523d6dc78a4', '3a6a55c0-70f3-4417-a252-db77d9e511c0', 'Latte', 3, 120, 360);

INSERT INTO public.order_items (order_id, product_id, name, quantity, unit_price, subtotal)
VALUES ('157ae49b-43be-4cac-baf1-0523d6dc78a4', '48233f0a-6e57-4a45-b033-627d13f1be78', 'Cappuccino', 1, 120, 120);

INSERT INTO public.orders (id, order_id, status, amount, payment_method, cashier_name, created_at)
VALUES ('1e9a5662-392f-499f-b953-ee5a8d8201b3', 'ORD-02250', 'Void (Not Made)', 1210, 'Cash', 'System Seed', '2026-06-17T00:22:25.990Z');

INSERT INTO public.order_items (order_id, product_id, name, quantity, unit_price, subtotal)
VALUES ('1e9a5662-392f-499f-b953-ee5a8d8201b3', '1b5c6269-ce45-4413-acb8-21813cd7f9cf', 'Mocha', 3, 140, 420);

INSERT INTO public.order_items (order_id, product_id, name, quantity, unit_price, subtotal)
VALUES ('1e9a5662-392f-499f-b953-ee5a8d8201b3', '83a6812d-2665-4ce5-871a-78a4eab3ce80', 'Americano', 1, 100, 100);

INSERT INTO public.order_items (order_id, product_id, name, quantity, unit_price, subtotal)
VALUES ('1e9a5662-392f-499f-b953-ee5a8d8201b3', '3a6a55c0-70f3-4417-a252-db77d9e511c0', 'Latte', 3, 120, 360);

INSERT INTO public.order_items (order_id, product_id, name, quantity, unit_price, subtotal)
VALUES ('1e9a5662-392f-499f-b953-ee5a8d8201b3', 'dfe22f11-84a3-41d2-a268-149f012eae60', 'Sparkling Lemonade', 3, 110, 330);

INSERT INTO public.orders (id, order_id, status, amount, payment_method, cashier_name, created_at)
VALUES ('bb796260-e43d-4326-aeff-e4a72716d2e2', 'ORD-02251', 'Completed', 445, 'GCash', 'System Seed', '2026-06-17T05:32:37.990Z');

INSERT INTO public.order_items (order_id, product_id, name, quantity, unit_price, subtotal)
VALUES ('bb796260-e43d-4326-aeff-e4a72716d2e2', '65f0b94f-ccbe-4b50-a175-66810ae10f44', 'Croissant', 1, 80, 80);

INSERT INTO public.order_items (order_id, product_id, name, quantity, unit_price, subtotal)
VALUES ('bb796260-e43d-4326-aeff-e4a72716d2e2', '65f0b94f-ccbe-4b50-a175-66810ae10f44', 'Croissant', 1, 80, 80);

INSERT INTO public.order_items (order_id, product_id, name, quantity, unit_price, subtotal)
VALUES ('bb796260-e43d-4326-aeff-e4a72716d2e2', '36c93748-7c86-4ddb-ba49-1bd1a164bf42', 'Blueberry Muffin', 3, 95, 285);

INSERT INTO public.orders (id, order_id, status, amount, payment_method, cashier_name, created_at)
VALUES ('8bbe0dd0-271a-4295-9253-7cffb4eccd52', 'ORD-02252', 'Completed', 320, 'Cash', 'System Seed', '2026-06-17T09:41:11.990Z');

INSERT INTO public.order_items (order_id, product_id, name, quantity, unit_price, subtotal)
VALUES ('8bbe0dd0-271a-4295-9253-7cffb4eccd52', '48233f0a-6e57-4a45-b033-627d13f1be78', 'Cappuccino', 2, 120, 240);

INSERT INTO public.order_items (order_id, product_id, name, quantity, unit_price, subtotal)
VALUES ('8bbe0dd0-271a-4295-9253-7cffb4eccd52', '65f0b94f-ccbe-4b50-a175-66810ae10f44', 'Croissant', 1, 80, 80);

INSERT INTO public.orders (id, order_id, status, amount, payment_method, cashier_name, created_at)
VALUES ('9c0b6503-041e-418c-a3c8-52064b9dd20e', 'ORD-02253', 'Void (Consumed)', 520, 'Credit Card', 'System Seed', '2026-06-17T07:13:46.990Z');

INSERT INTO public.order_items (order_id, product_id, name, quantity, unit_price, subtotal)
VALUES ('9c0b6503-041e-418c-a3c8-52064b9dd20e', 'dfe22f11-84a3-41d2-a268-149f012eae60', 'Sparkling Lemonade', 3, 110, 330);

INSERT INTO public.order_items (order_id, product_id, name, quantity, unit_price, subtotal)
VALUES ('9c0b6503-041e-418c-a3c8-52064b9dd20e', '36c93748-7c86-4ddb-ba49-1bd1a164bf42', 'Blueberry Muffin', 1, 95, 95);

INSERT INTO public.order_items (order_id, product_id, name, quantity, unit_price, subtotal)
VALUES ('9c0b6503-041e-418c-a3c8-52064b9dd20e', '36c93748-7c86-4ddb-ba49-1bd1a164bf42', 'Blueberry Muffin', 1, 95, 95);

INSERT INTO public.orders (id, order_id, status, amount, payment_method, cashier_name, created_at)
VALUES ('4bf86c82-44fc-4fda-9fa8-de28e628153b', 'ORD-02254', 'Void (Consumed)', 720, 'Cash', 'System Seed', '2026-06-17T01:08:34.990Z');

INSERT INTO public.order_items (order_id, product_id, name, quantity, unit_price, subtotal)
VALUES ('4bf86c82-44fc-4fda-9fa8-de28e628153b', '3a6a55c0-70f3-4417-a252-db77d9e511c0', 'Latte', 3, 120, 360);

INSERT INTO public.order_items (order_id, product_id, name, quantity, unit_price, subtotal)
VALUES ('4bf86c82-44fc-4fda-9fa8-de28e628153b', '48233f0a-6e57-4a45-b033-627d13f1be78', 'Cappuccino', 3, 120, 360);

INSERT INTO public.orders (id, order_id, status, amount, payment_method, cashier_name, created_at)
VALUES ('e19b30ca-91fc-4e63-a464-90729817183a', 'ORD-02255', 'Completed', 980, 'Maya', 'System Seed', '2026-06-17T02:19:21.990Z');

INSERT INTO public.order_items (order_id, product_id, name, quantity, unit_price, subtotal)
VALUES ('e19b30ca-91fc-4e63-a464-90729817183a', '3a6a55c0-70f3-4417-a252-db77d9e511c0', 'Latte', 2, 120, 240);

INSERT INTO public.order_items (order_id, product_id, name, quantity, unit_price, subtotal)
VALUES ('e19b30ca-91fc-4e63-a464-90729817183a', '1b5c6269-ce45-4413-acb8-21813cd7f9cf', 'Mocha', 1, 140, 140);

INSERT INTO public.order_items (order_id, product_id, name, quantity, unit_price, subtotal)
VALUES ('e19b30ca-91fc-4e63-a464-90729817183a', '48233f0a-6e57-4a45-b033-627d13f1be78', 'Cappuccino', 3, 120, 360);

INSERT INTO public.order_items (order_id, product_id, name, quantity, unit_price, subtotal)
VALUES ('e19b30ca-91fc-4e63-a464-90729817183a', '48233f0a-6e57-4a45-b033-627d13f1be78', 'Cappuccino', 2, 120, 240);

INSERT INTO public.orders (id, order_id, status, amount, payment_method, cashier_name, created_at)
VALUES ('ab6761c6-768f-4826-8f88-9fec839fdcd6', 'ORD-02256', 'Void (Consumed)', 330, 'GCash', 'System Seed', '2026-06-16T23:28:17.990Z');

INSERT INTO public.order_items (order_id, product_id, name, quantity, unit_price, subtotal)
VALUES ('ab6761c6-768f-4826-8f88-9fec839fdcd6', 'dfe22f11-84a3-41d2-a268-149f012eae60', 'Sparkling Lemonade', 3, 110, 330);

INSERT INTO public.orders (id, order_id, status, amount, payment_method, cashier_name, created_at)
VALUES ('6680b011-4261-4170-9a37-ed344b8d4264', 'ORD-02257', 'Void (Consumed)', 1190, 'Maya', 'System Seed', '2026-06-17T12:46:02.990Z');

INSERT INTO public.order_items (order_id, product_id, name, quantity, unit_price, subtotal)
VALUES ('6680b011-4261-4170-9a37-ed344b8d4264', '83a6812d-2665-4ce5-871a-78a4eab3ce80', 'Americano', 3, 100, 300);

INSERT INTO public.order_items (order_id, product_id, name, quantity, unit_price, subtotal)
VALUES ('6680b011-4261-4170-9a37-ed344b8d4264', '36c93748-7c86-4ddb-ba49-1bd1a164bf42', 'Blueberry Muffin', 2, 95, 190);

INSERT INTO public.order_items (order_id, product_id, name, quantity, unit_price, subtotal)
VALUES ('6680b011-4261-4170-9a37-ed344b8d4264', '1b5c6269-ce45-4413-acb8-21813cd7f9cf', 'Mocha', 3, 140, 420);

INSERT INTO public.order_items (order_id, product_id, name, quantity, unit_price, subtotal)
VALUES ('6680b011-4261-4170-9a37-ed344b8d4264', '1b5c6269-ce45-4413-acb8-21813cd7f9cf', 'Mocha', 2, 140, 280);

INSERT INTO public.orders (id, order_id, status, amount, payment_method, cashier_name, created_at)
VALUES ('44682001-d48a-41b5-95ca-90a15337a258', 'ORD-02258', 'Completed', 260, 'GCash', 'System Seed', '2026-06-17T08:47:00.990Z');

INSERT INTO public.order_items (order_id, product_id, name, quantity, unit_price, subtotal)
VALUES ('44682001-d48a-41b5-95ca-90a15337a258', '65f0b94f-ccbe-4b50-a175-66810ae10f44', 'Croissant', 2, 80, 160);

INSERT INTO public.order_items (order_id, product_id, name, quantity, unit_price, subtotal)
VALUES ('44682001-d48a-41b5-95ca-90a15337a258', '83a6812d-2665-4ce5-871a-78a4eab3ce80', 'Americano', 1, 100, 100);

INSERT INTO public.orders (id, order_id, status, amount, payment_method, cashier_name, created_at)
VALUES ('69eb7ff8-e947-4ac3-aa45-6a90c66a5cf9', 'ORD-02259', 'Void (Consumed)', 840, 'Maya', 'System Seed', '2026-06-17T09:21:12.990Z');

INSERT INTO public.order_items (order_id, product_id, name, quantity, unit_price, subtotal)
VALUES ('69eb7ff8-e947-4ac3-aa45-6a90c66a5cf9', '1b5c6269-ce45-4413-acb8-21813cd7f9cf', 'Mocha', 3, 140, 420);

INSERT INTO public.order_items (order_id, product_id, name, quantity, unit_price, subtotal)
VALUES ('69eb7ff8-e947-4ac3-aa45-6a90c66a5cf9', '1b5c6269-ce45-4413-acb8-21813cd7f9cf', 'Mocha', 2, 140, 280);

INSERT INTO public.order_items (order_id, product_id, name, quantity, unit_price, subtotal)
VALUES ('69eb7ff8-e947-4ac3-aa45-6a90c66a5cf9', '1b5c6269-ce45-4413-acb8-21813cd7f9cf', 'Mocha', 1, 140, 140);

INSERT INTO public.orders (id, order_id, status, amount, payment_method, cashier_name, created_at)
VALUES ('2ef572c5-f871-4873-b889-d6bfa52d2a83', 'ORD-02260', 'Void (Consumed)', 330, 'GCash', 'System Seed', '2026-06-17T06:12:21.990Z');

INSERT INTO public.order_items (order_id, product_id, name, quantity, unit_price, subtotal)
VALUES ('2ef572c5-f871-4873-b889-d6bfa52d2a83', 'dfe22f11-84a3-41d2-a268-149f012eae60', 'Sparkling Lemonade', 3, 110, 330);

INSERT INTO public.orders (id, order_id, status, amount, payment_method, cashier_name, created_at)
VALUES ('c63c3526-2c79-473a-9971-15c20dbc955c', 'ORD-02261', 'Completed', 90, 'Credit Card', 'System Seed', '2026-06-16T23:51:02.990Z');

INSERT INTO public.order_items (order_id, product_id, name, quantity, unit_price, subtotal)
VALUES ('c63c3526-2c79-473a-9971-15c20dbc955c', 'fe6b02e6-9366-4abd-874c-fcb832e0e282', 'Green Tea', 1, 90, 90);

INSERT INTO public.orders (id, order_id, status, amount, payment_method, cashier_name, created_at)
VALUES ('6cabf739-b24c-428b-a3bb-9ef1acaeab2f', 'ORD-02262', 'Void (Not Made)', 790, 'GCash', 'System Seed', '2026-06-17T03:52:08.990Z');

INSERT INTO public.order_items (order_id, product_id, name, quantity, unit_price, subtotal)
VALUES ('6cabf739-b24c-428b-a3bb-9ef1acaeab2f', '83a6812d-2665-4ce5-871a-78a4eab3ce80', 'Americano', 1, 100, 100);

INSERT INTO public.order_items (order_id, product_id, name, quantity, unit_price, subtotal)
VALUES ('6cabf739-b24c-428b-a3bb-9ef1acaeab2f', 'fe6b02e6-9366-4abd-874c-fcb832e0e282', 'Green Tea', 3, 90, 270);

INSERT INTO public.order_items (order_id, product_id, name, quantity, unit_price, subtotal)
VALUES ('6cabf739-b24c-428b-a3bb-9ef1acaeab2f', '1b5c6269-ce45-4413-acb8-21813cd7f9cf', 'Mocha', 3, 140, 420);

INSERT INTO public.orders (id, order_id, status, amount, payment_method, cashier_name, created_at)
VALUES ('1450b890-e4fa-4262-94b2-53435aba7ad7', 'ORD-02263', 'Completed', 110, 'Cash', 'System Seed', '2026-06-17T07:51:10.990Z');

INSERT INTO public.order_items (order_id, product_id, name, quantity, unit_price, subtotal)
VALUES ('1450b890-e4fa-4262-94b2-53435aba7ad7', 'dfe22f11-84a3-41d2-a268-149f012eae60', 'Sparkling Lemonade', 1, 110, 110);

INSERT INTO public.orders (id, order_id, status, amount, payment_method, cashier_name, created_at)
VALUES ('9fc78327-506f-4c98-b5cf-818c30a33b84', 'ORD-02264', 'Completed', 650, 'Credit Card', 'System Seed', '2026-06-17T03:09:22.990Z');

INSERT INTO public.order_items (order_id, product_id, name, quantity, unit_price, subtotal)
VALUES ('9fc78327-506f-4c98-b5cf-818c30a33b84', 'fe6b02e6-9366-4abd-874c-fcb832e0e282', 'Green Tea', 2, 90, 180);

INSERT INTO public.order_items (order_id, product_id, name, quantity, unit_price, subtotal)
VALUES ('9fc78327-506f-4c98-b5cf-818c30a33b84', '48233f0a-6e57-4a45-b033-627d13f1be78', 'Cappuccino', 1, 120, 120);

INSERT INTO public.order_items (order_id, product_id, name, quantity, unit_price, subtotal)
VALUES ('9fc78327-506f-4c98-b5cf-818c30a33b84', '65f0b94f-ccbe-4b50-a175-66810ae10f44', 'Croissant', 2, 80, 160);

INSERT INTO public.order_items (order_id, product_id, name, quantity, unit_price, subtotal)
VALUES ('9fc78327-506f-4c98-b5cf-818c30a33b84', '36c93748-7c86-4ddb-ba49-1bd1a164bf42', 'Blueberry Muffin', 2, 95, 190);

INSERT INTO public.orders (id, order_id, status, amount, payment_method, cashier_name, created_at)
VALUES ('abd01e48-75fa-4d4b-865d-e4a32afede83', 'ORD-02265', 'Completed', 765, 'Cash', 'System Seed', '2026-06-18T02:43:49.990Z');

INSERT INTO public.order_items (order_id, product_id, name, quantity, unit_price, subtotal)
VALUES ('abd01e48-75fa-4d4b-865d-e4a32afede83', '48233f0a-6e57-4a45-b033-627d13f1be78', 'Cappuccino', 2, 120, 240);

INSERT INTO public.order_items (order_id, product_id, name, quantity, unit_price, subtotal)
VALUES ('abd01e48-75fa-4d4b-865d-e4a32afede83', '48233f0a-6e57-4a45-b033-627d13f1be78', 'Cappuccino', 2, 120, 240);

INSERT INTO public.order_items (order_id, product_id, name, quantity, unit_price, subtotal)
VALUES ('abd01e48-75fa-4d4b-865d-e4a32afede83', '36c93748-7c86-4ddb-ba49-1bd1a164bf42', 'Blueberry Muffin', 3, 95, 285);

INSERT INTO public.orders (id, order_id, status, amount, payment_method, cashier_name, created_at)
VALUES ('81777afc-44cb-4e36-8581-5509cc64abc2', 'ORD-02266', 'Completed', 925, 'Cash', 'System Seed', '2026-06-18T08:45:45.990Z');

INSERT INTO public.order_items (order_id, product_id, name, quantity, unit_price, subtotal)
VALUES ('81777afc-44cb-4e36-8581-5509cc64abc2', '3a6a55c0-70f3-4417-a252-db77d9e511c0', 'Latte', 3, 120, 360);

INSERT INTO public.order_items (order_id, product_id, name, quantity, unit_price, subtotal)
VALUES ('81777afc-44cb-4e36-8581-5509cc64abc2', '36c93748-7c86-4ddb-ba49-1bd1a164bf42', 'Blueberry Muffin', 1, 95, 95);

INSERT INTO public.order_items (order_id, product_id, name, quantity, unit_price, subtotal)
VALUES ('81777afc-44cb-4e36-8581-5509cc64abc2', '36c93748-7c86-4ddb-ba49-1bd1a164bf42', 'Blueberry Muffin', 2, 95, 190);

INSERT INTO public.order_items (order_id, product_id, name, quantity, unit_price, subtotal)
VALUES ('81777afc-44cb-4e36-8581-5509cc64abc2', '1b5c6269-ce45-4413-acb8-21813cd7f9cf', 'Mocha', 2, 140, 280);

INSERT INTO public.orders (id, order_id, status, amount, payment_method, cashier_name, created_at)
VALUES ('73e64f69-14e2-4a1f-82b9-cd32c26fcec6', 'ORD-02267', 'Completed', 760, 'Cash', 'System Seed', '2026-06-18T03:08:09.990Z');

INSERT INTO public.order_items (order_id, product_id, name, quantity, unit_price, subtotal)
VALUES ('73e64f69-14e2-4a1f-82b9-cd32c26fcec6', '83a6812d-2665-4ce5-871a-78a4eab3ce80', 'Americano', 1, 100, 100);

INSERT INTO public.order_items (order_id, product_id, name, quantity, unit_price, subtotal)
VALUES ('73e64f69-14e2-4a1f-82b9-cd32c26fcec6', 'dfe22f11-84a3-41d2-a268-149f012eae60', 'Sparkling Lemonade', 3, 110, 330);

INSERT INTO public.order_items (order_id, product_id, name, quantity, unit_price, subtotal)
VALUES ('73e64f69-14e2-4a1f-82b9-cd32c26fcec6', 'dfe22f11-84a3-41d2-a268-149f012eae60', 'Sparkling Lemonade', 3, 110, 330);

INSERT INTO public.orders (id, order_id, status, amount, payment_method, cashier_name, created_at)
VALUES ('0a01d71e-3a12-4645-827f-b38b9d956e8f', 'ORD-02268', 'Completed', 470, 'Maya', 'System Seed', '2026-06-18T10:25:07.990Z');

INSERT INTO public.order_items (order_id, product_id, name, quantity, unit_price, subtotal)
VALUES ('0a01d71e-3a12-4645-827f-b38b9d956e8f', '3a6a55c0-70f3-4417-a252-db77d9e511c0', 'Latte', 3, 120, 360);

INSERT INTO public.order_items (order_id, product_id, name, quantity, unit_price, subtotal)
VALUES ('0a01d71e-3a12-4645-827f-b38b9d956e8f', 'dfe22f11-84a3-41d2-a268-149f012eae60', 'Sparkling Lemonade', 1, 110, 110);

INSERT INTO public.orders (id, order_id, status, amount, payment_method, cashier_name, created_at)
VALUES ('84036eaa-7de8-449b-b253-1f7bed3f779a', 'ORD-02269', 'Completed', 905, 'GCash', 'System Seed', '2026-06-18T02:44:09.990Z');

INSERT INTO public.order_items (order_id, product_id, name, quantity, unit_price, subtotal)
VALUES ('84036eaa-7de8-449b-b253-1f7bed3f779a', '3a6a55c0-70f3-4417-a252-db77d9e511c0', 'Latte', 2, 120, 240);

INSERT INTO public.order_items (order_id, product_id, name, quantity, unit_price, subtotal)
VALUES ('84036eaa-7de8-449b-b253-1f7bed3f779a', '65f0b94f-ccbe-4b50-a175-66810ae10f44', 'Croissant', 3, 80, 240);

INSERT INTO public.order_items (order_id, product_id, name, quantity, unit_price, subtotal)
VALUES ('84036eaa-7de8-449b-b253-1f7bed3f779a', '1b5c6269-ce45-4413-acb8-21813cd7f9cf', 'Mocha', 1, 140, 140);

INSERT INTO public.order_items (order_id, product_id, name, quantity, unit_price, subtotal)
VALUES ('84036eaa-7de8-449b-b253-1f7bed3f779a', '36c93748-7c86-4ddb-ba49-1bd1a164bf42', 'Blueberry Muffin', 3, 95, 285);

INSERT INTO public.orders (id, order_id, status, amount, payment_method, cashier_name, created_at)
VALUES ('d04461d4-8368-4f0e-a0e8-c1c29e04658a', 'ORD-02270', 'Completed', 1010, 'Cash', 'System Seed', '2026-06-18T05:22:23.990Z');

INSERT INTO public.order_items (order_id, product_id, name, quantity, unit_price, subtotal)
VALUES ('d04461d4-8368-4f0e-a0e8-c1c29e04658a', '65f0b94f-ccbe-4b50-a175-66810ae10f44', 'Croissant', 3, 80, 240);

INSERT INTO public.order_items (order_id, product_id, name, quantity, unit_price, subtotal)
VALUES ('d04461d4-8368-4f0e-a0e8-c1c29e04658a', '36c93748-7c86-4ddb-ba49-1bd1a164bf42', 'Blueberry Muffin', 2, 95, 190);

INSERT INTO public.order_items (order_id, product_id, name, quantity, unit_price, subtotal)
VALUES ('d04461d4-8368-4f0e-a0e8-c1c29e04658a', '83a6812d-2665-4ce5-871a-78a4eab3ce80', 'Americano', 3, 100, 300);

INSERT INTO public.order_items (order_id, product_id, name, quantity, unit_price, subtotal)
VALUES ('d04461d4-8368-4f0e-a0e8-c1c29e04658a', '1b5c6269-ce45-4413-acb8-21813cd7f9cf', 'Mocha', 2, 140, 280);

INSERT INTO public.orders (id, order_id, status, amount, payment_method, cashier_name, created_at)
VALUES ('0844314f-cb39-4574-a7d4-7700cfc97bfe', 'ORD-02271', 'Void (Consumed)', 730, 'GCash', 'System Seed', '2026-06-18T08:10:10.990Z');

INSERT INTO public.order_items (order_id, product_id, name, quantity, unit_price, subtotal)
VALUES ('0844314f-cb39-4574-a7d4-7700cfc97bfe', '3a6a55c0-70f3-4417-a252-db77d9e511c0', 'Latte', 2, 120, 240);

INSERT INTO public.order_items (order_id, product_id, name, quantity, unit_price, subtotal)
VALUES ('0844314f-cb39-4574-a7d4-7700cfc97bfe', 'dfe22f11-84a3-41d2-a268-149f012eae60', 'Sparkling Lemonade', 3, 110, 330);

INSERT INTO public.order_items (order_id, product_id, name, quantity, unit_price, subtotal)
VALUES ('0844314f-cb39-4574-a7d4-7700cfc97bfe', '65f0b94f-ccbe-4b50-a175-66810ae10f44', 'Croissant', 2, 80, 160);

INSERT INTO public.orders (id, order_id, status, amount, payment_method, cashier_name, created_at)
VALUES ('89585866-903c-4615-b347-fe83ef846292', 'ORD-02272', 'Completed', 630, 'Maya', 'System Seed', '2026-06-17T23:10:17.990Z');

INSERT INTO public.order_items (order_id, product_id, name, quantity, unit_price, subtotal)
VALUES ('89585866-903c-4615-b347-fe83ef846292', '1b5c6269-ce45-4413-acb8-21813cd7f9cf', 'Mocha', 3, 140, 420);

INSERT INTO public.order_items (order_id, product_id, name, quantity, unit_price, subtotal)
VALUES ('89585866-903c-4615-b347-fe83ef846292', '48233f0a-6e57-4a45-b033-627d13f1be78', 'Cappuccino', 1, 120, 120);

INSERT INTO public.order_items (order_id, product_id, name, quantity, unit_price, subtotal)
VALUES ('89585866-903c-4615-b347-fe83ef846292', 'fe6b02e6-9366-4abd-874c-fcb832e0e282', 'Green Tea', 1, 90, 90);

INSERT INTO public.orders (id, order_id, status, amount, payment_method, cashier_name, created_at)
VALUES ('da7cd75f-cd47-4fd0-b5a0-6f58a874c7f0', 'ORD-02273', 'Void (Consumed)', 640, 'Credit Card', 'System Seed', '2026-06-18T04:44:43.990Z');

INSERT INTO public.order_items (order_id, product_id, name, quantity, unit_price, subtotal)
VALUES ('da7cd75f-cd47-4fd0-b5a0-6f58a874c7f0', 'dfe22f11-84a3-41d2-a268-149f012eae60', 'Sparkling Lemonade', 2, 110, 220);

INSERT INTO public.order_items (order_id, product_id, name, quantity, unit_price, subtotal)
VALUES ('da7cd75f-cd47-4fd0-b5a0-6f58a874c7f0', '1b5c6269-ce45-4413-acb8-21813cd7f9cf', 'Mocha', 3, 140, 420);

INSERT INTO public.orders (id, order_id, status, amount, payment_method, cashier_name, created_at)
VALUES ('d91c9db9-0cca-4b05-a1bc-41087e12113b', 'ORD-02274', 'Void (Not Made)', 640, 'GCash', 'System Seed', '2026-06-18T09:07:24.990Z');

INSERT INTO public.order_items (order_id, product_id, name, quantity, unit_price, subtotal)
VALUES ('d91c9db9-0cca-4b05-a1bc-41087e12113b', '3a6a55c0-70f3-4417-a252-db77d9e511c0', 'Latte', 3, 120, 360);

INSERT INTO public.order_items (order_id, product_id, name, quantity, unit_price, subtotal)
VALUES ('d91c9db9-0cca-4b05-a1bc-41087e12113b', '1b5c6269-ce45-4413-acb8-21813cd7f9cf', 'Mocha', 2, 140, 280);

INSERT INTO public.orders (id, order_id, status, amount, payment_method, cashier_name, created_at)
VALUES ('30588765-07c2-40c4-9ae5-ecb0a0120e4f', 'ORD-02275', 'Void (Consumed)', 925, 'Maya', 'System Seed', '2026-06-18T12:17:51.990Z');

INSERT INTO public.order_items (order_id, product_id, name, quantity, unit_price, subtotal)
VALUES ('30588765-07c2-40c4-9ae5-ecb0a0120e4f', '3a6a55c0-70f3-4417-a252-db77d9e511c0', 'Latte', 2, 120, 240);

INSERT INTO public.order_items (order_id, product_id, name, quantity, unit_price, subtotal)
VALUES ('30588765-07c2-40c4-9ae5-ecb0a0120e4f', '65f0b94f-ccbe-4b50-a175-66810ae10f44', 'Croissant', 2, 80, 160);

INSERT INTO public.order_items (order_id, product_id, name, quantity, unit_price, subtotal)
VALUES ('30588765-07c2-40c4-9ae5-ecb0a0120e4f', '65f0b94f-ccbe-4b50-a175-66810ae10f44', 'Croissant', 3, 80, 240);

INSERT INTO public.order_items (order_id, product_id, name, quantity, unit_price, subtotal)
VALUES ('30588765-07c2-40c4-9ae5-ecb0a0120e4f', '36c93748-7c86-4ddb-ba49-1bd1a164bf42', 'Blueberry Muffin', 3, 95, 285);

INSERT INTO public.orders (id, order_id, status, amount, payment_method, cashier_name, created_at)
VALUES ('308a9629-e120-4d0f-8a0d-666dcd62561a', 'ORD-02276', 'Void (Not Made)', 710, 'Maya', 'System Seed', '2026-06-17T23:21:22.990Z');

INSERT INTO public.order_items (order_id, product_id, name, quantity, unit_price, subtotal)
VALUES ('308a9629-e120-4d0f-8a0d-666dcd62561a', '48233f0a-6e57-4a45-b033-627d13f1be78', 'Cappuccino', 2, 120, 240);

INSERT INTO public.order_items (order_id, product_id, name, quantity, unit_price, subtotal)
VALUES ('308a9629-e120-4d0f-8a0d-666dcd62561a', '83a6812d-2665-4ce5-871a-78a4eab3ce80', 'Americano', 2, 100, 200);

INSERT INTO public.order_items (order_id, product_id, name, quantity, unit_price, subtotal)
VALUES ('308a9629-e120-4d0f-8a0d-666dcd62561a', 'fe6b02e6-9366-4abd-874c-fcb832e0e282', 'Green Tea', 3, 90, 270);

INSERT INTO public.orders (id, order_id, status, amount, payment_method, cashier_name, created_at)
VALUES ('d2a324ed-9454-42fb-b953-8bba3e2910de', 'ORD-02277', 'Completed', 1140, 'GCash', 'System Seed', '2026-06-18T02:09:35.990Z');

INSERT INTO public.order_items (order_id, product_id, name, quantity, unit_price, subtotal)
VALUES ('d2a324ed-9454-42fb-b953-8bba3e2910de', '48233f0a-6e57-4a45-b033-627d13f1be78', 'Cappuccino', 3, 120, 360);

INSERT INTO public.order_items (order_id, product_id, name, quantity, unit_price, subtotal)
VALUES ('d2a324ed-9454-42fb-b953-8bba3e2910de', '3a6a55c0-70f3-4417-a252-db77d9e511c0', 'Latte', 2, 120, 240);

INSERT INTO public.order_items (order_id, product_id, name, quantity, unit_price, subtotal)
VALUES ('d2a324ed-9454-42fb-b953-8bba3e2910de', '83a6812d-2665-4ce5-871a-78a4eab3ce80', 'Americano', 3, 100, 300);

INSERT INTO public.order_items (order_id, product_id, name, quantity, unit_price, subtotal)
VALUES ('d2a324ed-9454-42fb-b953-8bba3e2910de', '65f0b94f-ccbe-4b50-a175-66810ae10f44', 'Croissant', 3, 80, 240);

INSERT INTO public.orders (id, order_id, status, amount, payment_method, cashier_name, created_at)
VALUES ('a853250d-0599-4838-a180-d587b690895c', 'ORD-02278', 'Void (Consumed)', 780, 'Maya', 'System Seed', '2026-06-18T08:21:31.990Z');

INSERT INTO public.order_items (order_id, product_id, name, quantity, unit_price, subtotal)
VALUES ('a853250d-0599-4838-a180-d587b690895c', '48233f0a-6e57-4a45-b033-627d13f1be78', 'Cappuccino', 3, 120, 360);

INSERT INTO public.order_items (order_id, product_id, name, quantity, unit_price, subtotal)
VALUES ('a853250d-0599-4838-a180-d587b690895c', '48233f0a-6e57-4a45-b033-627d13f1be78', 'Cappuccino', 1, 120, 120);

INSERT INTO public.order_items (order_id, product_id, name, quantity, unit_price, subtotal)
VALUES ('a853250d-0599-4838-a180-d587b690895c', '83a6812d-2665-4ce5-871a-78a4eab3ce80', 'Americano', 3, 100, 300);

INSERT INTO public.orders (id, order_id, status, amount, payment_method, cashier_name, created_at)
VALUES ('f5b30f76-f5b7-4155-bb44-29f7bd8e4469', 'ORD-02279', 'Completed', 380, 'Maya', 'System Seed', '2026-06-18T09:01:40.990Z');

INSERT INTO public.order_items (order_id, product_id, name, quantity, unit_price, subtotal)
VALUES ('f5b30f76-f5b7-4155-bb44-29f7bd8e4469', '36c93748-7c86-4ddb-ba49-1bd1a164bf42', 'Blueberry Muffin', 2, 95, 190);

INSERT INTO public.order_items (order_id, product_id, name, quantity, unit_price, subtotal)
VALUES ('f5b30f76-f5b7-4155-bb44-29f7bd8e4469', '36c93748-7c86-4ddb-ba49-1bd1a164bf42', 'Blueberry Muffin', 2, 95, 190);

INSERT INTO public.orders (id, order_id, status, amount, payment_method, cashier_name, created_at)
VALUES ('1b49ce92-71dc-4ba5-9efe-e1db40325fdf', 'ORD-02280', 'Completed', 505, 'Credit Card', 'System Seed', '2026-06-17T23:15:51.990Z');

INSERT INTO public.order_items (order_id, product_id, name, quantity, unit_price, subtotal)
VALUES ('1b49ce92-71dc-4ba5-9efe-e1db40325fdf', '48233f0a-6e57-4a45-b033-627d13f1be78', 'Cappuccino', 1, 120, 120);

INSERT INTO public.order_items (order_id, product_id, name, quantity, unit_price, subtotal)
VALUES ('1b49ce92-71dc-4ba5-9efe-e1db40325fdf', '36c93748-7c86-4ddb-ba49-1bd1a164bf42', 'Blueberry Muffin', 3, 95, 285);

INSERT INTO public.order_items (order_id, product_id, name, quantity, unit_price, subtotal)
VALUES ('1b49ce92-71dc-4ba5-9efe-e1db40325fdf', '83a6812d-2665-4ce5-871a-78a4eab3ce80', 'Americano', 1, 100, 100);

INSERT INTO public.orders (id, order_id, status, amount, payment_method, cashier_name, created_at)
VALUES ('d8e1a390-3351-40e1-b3e2-f519a555089e', 'ORD-02281', 'Void (Consumed)', 120, 'Maya', 'System Seed', '2026-06-18T07:36:03.990Z');

INSERT INTO public.order_items (order_id, product_id, name, quantity, unit_price, subtotal)
VALUES ('d8e1a390-3351-40e1-b3e2-f519a555089e', '48233f0a-6e57-4a45-b033-627d13f1be78', 'Cappuccino', 1, 120, 120);

INSERT INTO public.orders (id, order_id, status, amount, payment_method, cashier_name, created_at)
VALUES ('8b4e4ce1-e6d7-4a62-9115-5d09191789f9', 'ORD-02282', 'Completed', 95, 'Maya', 'System Seed', '2026-06-18T09:41:00.990Z');

INSERT INTO public.order_items (order_id, product_id, name, quantity, unit_price, subtotal)
VALUES ('8b4e4ce1-e6d7-4a62-9115-5d09191789f9', '36c93748-7c86-4ddb-ba49-1bd1a164bf42', 'Blueberry Muffin', 1, 95, 95);

INSERT INTO public.orders (id, order_id, status, amount, payment_method, cashier_name, created_at)
VALUES ('b88ec4ad-1d66-4a22-874c-2317fcca6a8a', 'ORD-02283', 'Completed', 90, 'Cash', 'System Seed', '2026-06-18T03:52:06.990Z');

INSERT INTO public.order_items (order_id, product_id, name, quantity, unit_price, subtotal)
VALUES ('b88ec4ad-1d66-4a22-874c-2317fcca6a8a', 'fe6b02e6-9366-4abd-874c-fcb832e0e282', 'Green Tea', 1, 90, 90);

INSERT INTO public.orders (id, order_id, status, amount, payment_method, cashier_name, created_at)
VALUES ('27d99e3a-8548-46fe-981c-2d0deecd2754', 'ORD-02284', 'Void (Not Made)', 190, 'Credit Card', 'System Seed', '2026-06-18T06:28:16.990Z');

INSERT INTO public.order_items (order_id, product_id, name, quantity, unit_price, subtotal)
VALUES ('27d99e3a-8548-46fe-981c-2d0deecd2754', 'fe6b02e6-9366-4abd-874c-fcb832e0e282', 'Green Tea', 1, 90, 90);

INSERT INTO public.order_items (order_id, product_id, name, quantity, unit_price, subtotal)
VALUES ('27d99e3a-8548-46fe-981c-2d0deecd2754', '83a6812d-2665-4ce5-871a-78a4eab3ce80', 'Americano', 1, 100, 100);

INSERT INTO public.orders (id, order_id, status, amount, payment_method, cashier_name, created_at)
VALUES ('389b904a-098f-4def-a887-cdf9e52c43fc', 'ORD-02285', 'Completed', 685, 'GCash', 'System Seed', '2026-06-18T05:41:42.990Z');

INSERT INTO public.order_items (order_id, product_id, name, quantity, unit_price, subtotal)
VALUES ('389b904a-098f-4def-a887-cdf9e52c43fc', '36c93748-7c86-4ddb-ba49-1bd1a164bf42', 'Blueberry Muffin', 3, 95, 285);

INSERT INTO public.order_items (order_id, product_id, name, quantity, unit_price, subtotal)
VALUES ('389b904a-098f-4def-a887-cdf9e52c43fc', '48233f0a-6e57-4a45-b033-627d13f1be78', 'Cappuccino', 1, 120, 120);

INSERT INTO public.order_items (order_id, product_id, name, quantity, unit_price, subtotal)
VALUES ('389b904a-098f-4def-a887-cdf9e52c43fc', '1b5c6269-ce45-4413-acb8-21813cd7f9cf', 'Mocha', 2, 140, 280);

INSERT INTO public.orders (id, order_id, status, amount, payment_method, cashier_name, created_at)
VALUES ('c08dfa59-52e6-4430-bc49-43937d5dcd2d', 'ORD-02286', 'Void (Consumed)', 430, 'Maya', 'System Seed', '2026-06-18T05:13:39.990Z');

INSERT INTO public.order_items (order_id, product_id, name, quantity, unit_price, subtotal)
VALUES ('c08dfa59-52e6-4430-bc49-43937d5dcd2d', '83a6812d-2665-4ce5-871a-78a4eab3ce80', 'Americano', 1, 100, 100);

INSERT INTO public.order_items (order_id, product_id, name, quantity, unit_price, subtotal)
VALUES ('c08dfa59-52e6-4430-bc49-43937d5dcd2d', 'fe6b02e6-9366-4abd-874c-fcb832e0e282', 'Green Tea', 1, 90, 90);

INSERT INTO public.order_items (order_id, product_id, name, quantity, unit_price, subtotal)
VALUES ('c08dfa59-52e6-4430-bc49-43937d5dcd2d', '65f0b94f-ccbe-4b50-a175-66810ae10f44', 'Croissant', 3, 80, 240);

INSERT INTO public.orders (id, order_id, status, amount, payment_method, cashier_name, created_at)
VALUES ('c4bdc541-8060-4177-bb71-3889b46ec977', 'ORD-02287', 'Completed', 420, 'Maya', 'System Seed', '2026-06-18T00:27:26.990Z');

INSERT INTO public.order_items (order_id, product_id, name, quantity, unit_price, subtotal)
VALUES ('c4bdc541-8060-4177-bb71-3889b46ec977', '83a6812d-2665-4ce5-871a-78a4eab3ce80', 'Americano', 3, 100, 300);

INSERT INTO public.order_items (order_id, product_id, name, quantity, unit_price, subtotal)
VALUES ('c4bdc541-8060-4177-bb71-3889b46ec977', '48233f0a-6e57-4a45-b033-627d13f1be78', 'Cappuccino', 1, 120, 120);

INSERT INTO public.orders (id, order_id, status, amount, payment_method, cashier_name, created_at)
VALUES ('7ef41d8e-96c6-4d34-abd8-4d4c533480a0', 'ORD-02288', 'Completed', 140, 'Maya', 'System Seed', '2026-06-18T01:00:58.990Z');

INSERT INTO public.order_items (order_id, product_id, name, quantity, unit_price, subtotal)
VALUES ('7ef41d8e-96c6-4d34-abd8-4d4c533480a0', '1b5c6269-ce45-4413-acb8-21813cd7f9cf', 'Mocha', 1, 140, 140);

INSERT INTO public.orders (id, order_id, status, amount, payment_method, cashier_name, created_at)
VALUES ('debff80f-b2b6-43dc-bfbb-253e7355d54e', 'ORD-02289', 'Completed', 470, 'GCash', 'System Seed', '2026-06-18T04:19:22.990Z');

INSERT INTO public.order_items (order_id, product_id, name, quantity, unit_price, subtotal)
VALUES ('debff80f-b2b6-43dc-bfbb-253e7355d54e', '1b5c6269-ce45-4413-acb8-21813cd7f9cf', 'Mocha', 2, 140, 280);

INSERT INTO public.order_items (order_id, product_id, name, quantity, unit_price, subtotal)
VALUES ('debff80f-b2b6-43dc-bfbb-253e7355d54e', '36c93748-7c86-4ddb-ba49-1bd1a164bf42', 'Blueberry Muffin', 2, 95, 190);

INSERT INTO public.orders (id, order_id, status, amount, payment_method, cashier_name, created_at)
VALUES ('5437f1c5-0a71-47bd-ae81-0ec35d09ca57', 'ORD-02290', 'Completed', 1060, 'GCash', 'System Seed', '2026-06-18T09:43:36.990Z');

INSERT INTO public.order_items (order_id, product_id, name, quantity, unit_price, subtotal)
VALUES ('5437f1c5-0a71-47bd-ae81-0ec35d09ca57', '65f0b94f-ccbe-4b50-a175-66810ae10f44', 'Croissant', 2, 80, 160);

INSERT INTO public.order_items (order_id, product_id, name, quantity, unit_price, subtotal)
VALUES ('5437f1c5-0a71-47bd-ae81-0ec35d09ca57', '3a6a55c0-70f3-4417-a252-db77d9e511c0', 'Latte', 3, 120, 360);

INSERT INTO public.order_items (order_id, product_id, name, quantity, unit_price, subtotal)
VALUES ('5437f1c5-0a71-47bd-ae81-0ec35d09ca57', '3a6a55c0-70f3-4417-a252-db77d9e511c0', 'Latte', 1, 120, 120);

INSERT INTO public.order_items (order_id, product_id, name, quantity, unit_price, subtotal)
VALUES ('5437f1c5-0a71-47bd-ae81-0ec35d09ca57', '1b5c6269-ce45-4413-acb8-21813cd7f9cf', 'Mocha', 3, 140, 420);

INSERT INTO public.orders (id, order_id, status, amount, payment_method, cashier_name, created_at)
VALUES ('1a88c57f-35cb-4044-b34d-899b5d3a2637', 'ORD-02291', 'Completed', 620, 'Credit Card', 'System Seed', '2026-06-18T01:48:55.990Z');

INSERT INTO public.order_items (order_id, product_id, name, quantity, unit_price, subtotal)
VALUES ('1a88c57f-35cb-4044-b34d-899b5d3a2637', '3a6a55c0-70f3-4417-a252-db77d9e511c0', 'Latte', 1, 120, 120);

INSERT INTO public.order_items (order_id, product_id, name, quantity, unit_price, subtotal)
VALUES ('1a88c57f-35cb-4044-b34d-899b5d3a2637', '83a6812d-2665-4ce5-871a-78a4eab3ce80', 'Americano', 2, 100, 200);

INSERT INTO public.order_items (order_id, product_id, name, quantity, unit_price, subtotal)
VALUES ('1a88c57f-35cb-4044-b34d-899b5d3a2637', '1b5c6269-ce45-4413-acb8-21813cd7f9cf', 'Mocha', 1, 140, 140);

INSERT INTO public.order_items (order_id, product_id, name, quantity, unit_price, subtotal)
VALUES ('1a88c57f-35cb-4044-b34d-899b5d3a2637', '65f0b94f-ccbe-4b50-a175-66810ae10f44', 'Croissant', 2, 80, 160);

INSERT INTO public.orders (id, order_id, status, amount, payment_method, cashier_name, created_at)
VALUES ('d7870440-6f7f-4bed-a23e-580246c7b575', 'ORD-02292', 'Void (Consumed)', 950, 'GCash', 'System Seed', '2026-06-18T07:08:49.990Z');

INSERT INTO public.order_items (order_id, product_id, name, quantity, unit_price, subtotal)
VALUES ('d7870440-6f7f-4bed-a23e-580246c7b575', '48233f0a-6e57-4a45-b033-627d13f1be78', 'Cappuccino', 2, 120, 240);

INSERT INTO public.order_items (order_id, product_id, name, quantity, unit_price, subtotal)
VALUES ('d7870440-6f7f-4bed-a23e-580246c7b575', '1b5c6269-ce45-4413-acb8-21813cd7f9cf', 'Mocha', 3, 140, 420);

INSERT INTO public.order_items (order_id, product_id, name, quantity, unit_price, subtotal)
VALUES ('d7870440-6f7f-4bed-a23e-580246c7b575', 'fe6b02e6-9366-4abd-874c-fcb832e0e282', 'Green Tea', 2, 90, 180);

INSERT INTO public.order_items (order_id, product_id, name, quantity, unit_price, subtotal)
VALUES ('d7870440-6f7f-4bed-a23e-580246c7b575', 'dfe22f11-84a3-41d2-a268-149f012eae60', 'Sparkling Lemonade', 1, 110, 110);

INSERT INTO public.orders (id, order_id, status, amount, payment_method, cashier_name, created_at)
VALUES ('a3f817a5-fbda-4dc2-8dd8-c5b5431286a7', 'ORD-02293', 'Completed', 295, 'Credit Card', 'System Seed', '2026-06-19T11:03:58.990Z');

INSERT INTO public.order_items (order_id, product_id, name, quantity, unit_price, subtotal)
VALUES ('a3f817a5-fbda-4dc2-8dd8-c5b5431286a7', '83a6812d-2665-4ce5-871a-78a4eab3ce80', 'Americano', 2, 100, 200);

INSERT INTO public.order_items (order_id, product_id, name, quantity, unit_price, subtotal)
VALUES ('a3f817a5-fbda-4dc2-8dd8-c5b5431286a7', '36c93748-7c86-4ddb-ba49-1bd1a164bf42', 'Blueberry Muffin', 1, 95, 95);

INSERT INTO public.orders (id, order_id, status, amount, payment_method, cashier_name, created_at)
VALUES ('d8f63a35-a7f6-4224-979e-1b48141638b8', 'ORD-02294', 'Completed', 600, 'GCash', 'System Seed', '2026-06-19T00:51:52.990Z');

INSERT INTO public.order_items (order_id, product_id, name, quantity, unit_price, subtotal)
VALUES ('d8f63a35-a7f6-4224-979e-1b48141638b8', '48233f0a-6e57-4a45-b033-627d13f1be78', 'Cappuccino', 3, 120, 360);

INSERT INTO public.order_items (order_id, product_id, name, quantity, unit_price, subtotal)
VALUES ('d8f63a35-a7f6-4224-979e-1b48141638b8', '48233f0a-6e57-4a45-b033-627d13f1be78', 'Cappuccino', 2, 120, 240);

INSERT INTO public.orders (id, order_id, status, amount, payment_method, cashier_name, created_at)
VALUES ('ddf9b9b7-eeab-4581-bde4-31fe54c5fe39', 'ORD-02295', 'Void (Consumed)', 95, 'Cash', 'System Seed', '2026-06-19T08:29:21.990Z');

INSERT INTO public.order_items (order_id, product_id, name, quantity, unit_price, subtotal)
VALUES ('ddf9b9b7-eeab-4581-bde4-31fe54c5fe39', '36c93748-7c86-4ddb-ba49-1bd1a164bf42', 'Blueberry Muffin', 1, 95, 95);

INSERT INTO public.orders (id, order_id, status, amount, payment_method, cashier_name, created_at)
VALUES ('4dc8773d-2e92-4e19-9e33-c4a6e08737a8', 'ORD-02296', 'Void (Not Made)', 495, 'Maya', 'System Seed', '2026-06-19T02:29:36.990Z');

INSERT INTO public.order_items (order_id, product_id, name, quantity, unit_price, subtotal)
VALUES ('4dc8773d-2e92-4e19-9e33-c4a6e08737a8', '48233f0a-6e57-4a45-b033-627d13f1be78', 'Cappuccino', 1, 120, 120);

INSERT INTO public.order_items (order_id, product_id, name, quantity, unit_price, subtotal)
VALUES ('4dc8773d-2e92-4e19-9e33-c4a6e08737a8', 'fe6b02e6-9366-4abd-874c-fcb832e0e282', 'Green Tea', 1, 90, 90);

INSERT INTO public.order_items (order_id, product_id, name, quantity, unit_price, subtotal)
VALUES ('4dc8773d-2e92-4e19-9e33-c4a6e08737a8', '36c93748-7c86-4ddb-ba49-1bd1a164bf42', 'Blueberry Muffin', 3, 95, 285);

INSERT INTO public.orders (id, order_id, status, amount, payment_method, cashier_name, created_at)
VALUES ('48214505-336a-4ea5-9544-328014c997e3', 'ORD-02297', 'Completed', 110, 'GCash', 'System Seed', '2026-06-19T01:13:20.990Z');

INSERT INTO public.order_items (order_id, product_id, name, quantity, unit_price, subtotal)
VALUES ('48214505-336a-4ea5-9544-328014c997e3', 'dfe22f11-84a3-41d2-a268-149f012eae60', 'Sparkling Lemonade', 1, 110, 110);

INSERT INTO public.orders (id, order_id, status, amount, payment_method, cashier_name, created_at)
VALUES ('2e28253c-0cfa-4be2-830d-9e1e147c5325', 'ORD-02298', 'Completed', 740, 'Credit Card', 'System Seed', '2026-06-18T23:31:21.990Z');

INSERT INTO public.order_items (order_id, product_id, name, quantity, unit_price, subtotal)
VALUES ('2e28253c-0cfa-4be2-830d-9e1e147c5325', 'fe6b02e6-9366-4abd-874c-fcb832e0e282', 'Green Tea', 3, 90, 270);

INSERT INTO public.order_items (order_id, product_id, name, quantity, unit_price, subtotal)
VALUES ('2e28253c-0cfa-4be2-830d-9e1e147c5325', '83a6812d-2665-4ce5-871a-78a4eab3ce80', 'Americano', 3, 100, 300);

INSERT INTO public.order_items (order_id, product_id, name, quantity, unit_price, subtotal)
VALUES ('2e28253c-0cfa-4be2-830d-9e1e147c5325', 'fe6b02e6-9366-4abd-874c-fcb832e0e282', 'Green Tea', 1, 90, 90);

INSERT INTO public.order_items (order_id, product_id, name, quantity, unit_price, subtotal)
VALUES ('2e28253c-0cfa-4be2-830d-9e1e147c5325', '65f0b94f-ccbe-4b50-a175-66810ae10f44', 'Croissant', 1, 80, 80);

INSERT INTO public.orders (id, order_id, status, amount, payment_method, cashier_name, created_at)
VALUES ('fa1fd3bd-6c1b-4b23-b99d-b2e987bcc671', 'ORD-02299', 'Void (Consumed)', 750, 'Maya', 'System Seed', '2026-06-19T04:59:25.990Z');

INSERT INTO public.order_items (order_id, product_id, name, quantity, unit_price, subtotal)
VALUES ('fa1fd3bd-6c1b-4b23-b99d-b2e987bcc671', '83a6812d-2665-4ce5-871a-78a4eab3ce80', 'Americano', 2, 100, 200);

INSERT INTO public.order_items (order_id, product_id, name, quantity, unit_price, subtotal)
VALUES ('fa1fd3bd-6c1b-4b23-b99d-b2e987bcc671', '83a6812d-2665-4ce5-871a-78a4eab3ce80', 'Americano', 3, 100, 300);

INSERT INTO public.order_items (order_id, product_id, name, quantity, unit_price, subtotal)
VALUES ('fa1fd3bd-6c1b-4b23-b99d-b2e987bcc671', '65f0b94f-ccbe-4b50-a175-66810ae10f44', 'Croissant', 2, 80, 160);

INSERT INTO public.order_items (order_id, product_id, name, quantity, unit_price, subtotal)
VALUES ('fa1fd3bd-6c1b-4b23-b99d-b2e987bcc671', 'fe6b02e6-9366-4abd-874c-fcb832e0e282', 'Green Tea', 1, 90, 90);

INSERT INTO public.orders (id, order_id, status, amount, payment_method, cashier_name, created_at)
VALUES ('e223c21f-3d5c-43d0-a40b-0000a1c262aa', 'ORD-02300', 'Completed', 740, 'Cash', 'System Seed', '2026-06-19T08:54:34.990Z');

INSERT INTO public.order_items (order_id, product_id, name, quantity, unit_price, subtotal)
VALUES ('e223c21f-3d5c-43d0-a40b-0000a1c262aa', '65f0b94f-ccbe-4b50-a175-66810ae10f44', 'Croissant', 2, 80, 160);

INSERT INTO public.order_items (order_id, product_id, name, quantity, unit_price, subtotal)
VALUES ('e223c21f-3d5c-43d0-a40b-0000a1c262aa', '83a6812d-2665-4ce5-871a-78a4eab3ce80', 'Americano', 2, 100, 200);

INSERT INTO public.order_items (order_id, product_id, name, quantity, unit_price, subtotal)
VALUES ('e223c21f-3d5c-43d0-a40b-0000a1c262aa', 'dfe22f11-84a3-41d2-a268-149f012eae60', 'Sparkling Lemonade', 2, 110, 220);

INSERT INTO public.order_items (order_id, product_id, name, quantity, unit_price, subtotal)
VALUES ('e223c21f-3d5c-43d0-a40b-0000a1c262aa', '65f0b94f-ccbe-4b50-a175-66810ae10f44', 'Croissant', 2, 80, 160);

INSERT INTO public.orders (id, order_id, status, amount, payment_method, cashier_name, created_at)
VALUES ('0d4b7a35-534c-459d-86f9-864db0ee5769', 'ORD-02301', 'Completed', 1120, 'Cash', 'System Seed', '2026-06-19T11:36:06.990Z');

INSERT INTO public.order_items (order_id, product_id, name, quantity, unit_price, subtotal)
VALUES ('0d4b7a35-534c-459d-86f9-864db0ee5769', '3a6a55c0-70f3-4417-a252-db77d9e511c0', 'Latte', 1, 120, 120);

INSERT INTO public.order_items (order_id, product_id, name, quantity, unit_price, subtotal)
VALUES ('0d4b7a35-534c-459d-86f9-864db0ee5769', '48233f0a-6e57-4a45-b033-627d13f1be78', 'Cappuccino', 3, 120, 360);

INSERT INTO public.order_items (order_id, product_id, name, quantity, unit_price, subtotal)
VALUES ('0d4b7a35-534c-459d-86f9-864db0ee5769', '1b5c6269-ce45-4413-acb8-21813cd7f9cf', 'Mocha', 2, 140, 280);

INSERT INTO public.order_items (order_id, product_id, name, quantity, unit_price, subtotal)
VALUES ('0d4b7a35-534c-459d-86f9-864db0ee5769', '48233f0a-6e57-4a45-b033-627d13f1be78', 'Cappuccino', 3, 120, 360);

INSERT INTO public.orders (id, order_id, status, amount, payment_method, cashier_name, created_at)
VALUES ('2dd9c7a5-2113-4adf-8aaf-ab81ec7e5ffa', 'ORD-02302', 'Completed', 930, 'Cash', 'System Seed', '2026-06-19T10:54:47.990Z');

INSERT INTO public.order_items (order_id, product_id, name, quantity, unit_price, subtotal)
VALUES ('2dd9c7a5-2113-4adf-8aaf-ab81ec7e5ffa', '83a6812d-2665-4ce5-871a-78a4eab3ce80', 'Americano', 3, 100, 300);

INSERT INTO public.order_items (order_id, product_id, name, quantity, unit_price, subtotal)
VALUES ('2dd9c7a5-2113-4adf-8aaf-ab81ec7e5ffa', '48233f0a-6e57-4a45-b033-627d13f1be78', 'Cappuccino', 3, 120, 360);

INSERT INTO public.order_items (order_id, product_id, name, quantity, unit_price, subtotal)
VALUES ('2dd9c7a5-2113-4adf-8aaf-ab81ec7e5ffa', 'fe6b02e6-9366-4abd-874c-fcb832e0e282', 'Green Tea', 3, 90, 270);

INSERT INTO public.orders (id, order_id, status, amount, payment_method, cashier_name, created_at)
VALUES ('f528909e-4390-4d51-b5c3-dc8dcb2aa69a', 'ORD-02303', 'Void (Consumed)', 450, 'GCash', 'System Seed', '2026-06-19T02:12:21.990Z');

INSERT INTO public.order_items (order_id, product_id, name, quantity, unit_price, subtotal)
VALUES ('f528909e-4390-4d51-b5c3-dc8dcb2aa69a', '3a6a55c0-70f3-4417-a252-db77d9e511c0', 'Latte', 1, 120, 120);

INSERT INTO public.order_items (order_id, product_id, name, quantity, unit_price, subtotal)
VALUES ('f528909e-4390-4d51-b5c3-dc8dcb2aa69a', 'dfe22f11-84a3-41d2-a268-149f012eae60', 'Sparkling Lemonade', 3, 110, 330);

INSERT INTO public.orders (id, order_id, status, amount, payment_method, cashier_name, created_at)
VALUES ('5e475b4a-be99-4a7f-802e-a22d0156cbde', 'ORD-02304', 'Completed', 780, 'Cash', 'System Seed', '2026-06-19T12:43:53.990Z');

INSERT INTO public.order_items (order_id, product_id, name, quantity, unit_price, subtotal)
VALUES ('5e475b4a-be99-4a7f-802e-a22d0156cbde', 'fe6b02e6-9366-4abd-874c-fcb832e0e282', 'Green Tea', 1, 90, 90);

INSERT INTO public.order_items (order_id, product_id, name, quantity, unit_price, subtotal)
VALUES ('5e475b4a-be99-4a7f-802e-a22d0156cbde', 'fe6b02e6-9366-4abd-874c-fcb832e0e282', 'Green Tea', 1, 90, 90);

INSERT INTO public.order_items (order_id, product_id, name, quantity, unit_price, subtotal)
VALUES ('5e475b4a-be99-4a7f-802e-a22d0156cbde', '48233f0a-6e57-4a45-b033-627d13f1be78', 'Cappuccino', 3, 120, 360);

INSERT INTO public.order_items (order_id, product_id, name, quantity, unit_price, subtotal)
VALUES ('5e475b4a-be99-4a7f-802e-a22d0156cbde', '65f0b94f-ccbe-4b50-a175-66810ae10f44', 'Croissant', 3, 80, 240);

INSERT INTO public.orders (id, order_id, status, amount, payment_method, cashier_name, created_at)
VALUES ('0018e771-654d-4dce-87fc-bf79c038e5d6', 'ORD-02305', 'Completed', 400, 'Cash', 'System Seed', '2026-06-19T05:26:08.990Z');

INSERT INTO public.order_items (order_id, product_id, name, quantity, unit_price, subtotal)
VALUES ('0018e771-654d-4dce-87fc-bf79c038e5d6', '48233f0a-6e57-4a45-b033-627d13f1be78', 'Cappuccino', 1, 120, 120);

INSERT INTO public.order_items (order_id, product_id, name, quantity, unit_price, subtotal)
VALUES ('0018e771-654d-4dce-87fc-bf79c038e5d6', '1b5c6269-ce45-4413-acb8-21813cd7f9cf', 'Mocha', 2, 140, 280);

INSERT INTO public.orders (id, order_id, status, amount, payment_method, cashier_name, created_at)
VALUES ('f99d9e13-5e93-4098-9910-d831b4c4dd4c', 'ORD-02306', 'Completed', 880, 'GCash', 'System Seed', '2026-06-19T05:01:55.990Z');

INSERT INTO public.order_items (order_id, product_id, name, quantity, unit_price, subtotal)
VALUES ('f99d9e13-5e93-4098-9910-d831b4c4dd4c', '1b5c6269-ce45-4413-acb8-21813cd7f9cf', 'Mocha', 2, 140, 280);

INSERT INTO public.order_items (order_id, product_id, name, quantity, unit_price, subtotal)
VALUES ('f99d9e13-5e93-4098-9910-d831b4c4dd4c', '48233f0a-6e57-4a45-b033-627d13f1be78', 'Cappuccino', 1, 120, 120);

INSERT INTO public.order_items (order_id, product_id, name, quantity, unit_price, subtotal)
VALUES ('f99d9e13-5e93-4098-9910-d831b4c4dd4c', '83a6812d-2665-4ce5-871a-78a4eab3ce80', 'Americano', 3, 100, 300);

INSERT INTO public.order_items (order_id, product_id, name, quantity, unit_price, subtotal)
VALUES ('f99d9e13-5e93-4098-9910-d831b4c4dd4c', 'fe6b02e6-9366-4abd-874c-fcb832e0e282', 'Green Tea', 2, 90, 180);

INSERT INTO public.orders (id, order_id, status, amount, payment_method, cashier_name, created_at)
VALUES ('910bf2e5-2255-4394-a3df-762740111175', 'ORD-02307', 'Void (Consumed)', 140, 'Cash', 'System Seed', '2026-06-19T02:44:29.990Z');

INSERT INTO public.order_items (order_id, product_id, name, quantity, unit_price, subtotal)
VALUES ('910bf2e5-2255-4394-a3df-762740111175', '1b5c6269-ce45-4413-acb8-21813cd7f9cf', 'Mocha', 1, 140, 140);

INSERT INTO public.orders (id, order_id, status, amount, payment_method, cashier_name, created_at)
VALUES ('ab67e1ce-323e-4090-b2fd-49bd472403ca', 'ORD-02308', 'Completed', 695, 'Credit Card', 'System Seed', '2026-06-18T23:32:41.990Z');

INSERT INTO public.order_items (order_id, product_id, name, quantity, unit_price, subtotal)
VALUES ('ab67e1ce-323e-4090-b2fd-49bd472403ca', '83a6812d-2665-4ce5-871a-78a4eab3ce80', 'Americano', 2, 100, 200);

INSERT INTO public.order_items (order_id, product_id, name, quantity, unit_price, subtotal)
VALUES ('ab67e1ce-323e-4090-b2fd-49bd472403ca', '1b5c6269-ce45-4413-acb8-21813cd7f9cf', 'Mocha', 2, 140, 280);

INSERT INTO public.order_items (order_id, product_id, name, quantity, unit_price, subtotal)
VALUES ('ab67e1ce-323e-4090-b2fd-49bd472403ca', '36c93748-7c86-4ddb-ba49-1bd1a164bf42', 'Blueberry Muffin', 1, 95, 95);

INSERT INTO public.order_items (order_id, product_id, name, quantity, unit_price, subtotal)
VALUES ('ab67e1ce-323e-4090-b2fd-49bd472403ca', '3a6a55c0-70f3-4417-a252-db77d9e511c0', 'Latte', 1, 120, 120);

INSERT INTO public.orders (id, order_id, status, amount, payment_method, cashier_name, created_at)
VALUES ('aadaaf56-0074-4299-b070-3623677461e7', 'ORD-02309', 'Completed', 565, 'Cash', 'System Seed', '2026-06-20T07:02:29.990Z');

INSERT INTO public.order_items (order_id, product_id, name, quantity, unit_price, subtotal)
VALUES ('aadaaf56-0074-4299-b070-3623677461e7', '1b5c6269-ce45-4413-acb8-21813cd7f9cf', 'Mocha', 2, 140, 280);

INSERT INTO public.order_items (order_id, product_id, name, quantity, unit_price, subtotal)
VALUES ('aadaaf56-0074-4299-b070-3623677461e7', '36c93748-7c86-4ddb-ba49-1bd1a164bf42', 'Blueberry Muffin', 3, 95, 285);

INSERT INTO public.orders (id, order_id, status, amount, payment_method, cashier_name, created_at)
VALUES ('c893f0dd-a5ac-42a4-8b7c-ee3f4c30558e', 'ORD-02310', 'Completed', 790, 'Cash', 'System Seed', '2026-06-20T02:23:51.990Z');

INSERT INTO public.order_items (order_id, product_id, name, quantity, unit_price, subtotal)
VALUES ('c893f0dd-a5ac-42a4-8b7c-ee3f4c30558e', '83a6812d-2665-4ce5-871a-78a4eab3ce80', 'Americano', 1, 100, 100);

INSERT INTO public.order_items (order_id, product_id, name, quantity, unit_price, subtotal)
VALUES ('c893f0dd-a5ac-42a4-8b7c-ee3f4c30558e', 'fe6b02e6-9366-4abd-874c-fcb832e0e282', 'Green Tea', 3, 90, 270);

INSERT INTO public.order_items (order_id, product_id, name, quantity, unit_price, subtotal)
VALUES ('c893f0dd-a5ac-42a4-8b7c-ee3f4c30558e', '1b5c6269-ce45-4413-acb8-21813cd7f9cf', 'Mocha', 3, 140, 420);

INSERT INTO public.orders (id, order_id, status, amount, payment_method, cashier_name, created_at)
VALUES ('f3727d21-0311-4bcd-a1fa-363ffa2f3870', 'ORD-02311', 'Completed', 420, 'GCash', 'System Seed', '2026-06-19T23:23:18.990Z');

INSERT INTO public.order_items (order_id, product_id, name, quantity, unit_price, subtotal)
VALUES ('f3727d21-0311-4bcd-a1fa-363ffa2f3870', 'dfe22f11-84a3-41d2-a268-149f012eae60', 'Sparkling Lemonade', 3, 110, 330);

INSERT INTO public.order_items (order_id, product_id, name, quantity, unit_price, subtotal)
VALUES ('f3727d21-0311-4bcd-a1fa-363ffa2f3870', 'fe6b02e6-9366-4abd-874c-fcb832e0e282', 'Green Tea', 1, 90, 90);

INSERT INTO public.orders (id, order_id, status, amount, payment_method, cashier_name, created_at)
VALUES ('9ebd8922-0f6e-4940-855e-3ba1e6bff0ab', 'ORD-02312', 'Completed', 270, 'Cash', 'System Seed', '2026-06-20T12:30:07.990Z');

INSERT INTO public.order_items (order_id, product_id, name, quantity, unit_price, subtotal)
VALUES ('9ebd8922-0f6e-4940-855e-3ba1e6bff0ab', 'fe6b02e6-9366-4abd-874c-fcb832e0e282', 'Green Tea', 3, 90, 270);

INSERT INTO public.orders (id, order_id, status, amount, payment_method, cashier_name, created_at)
VALUES ('25b4a75e-93c7-47c3-9166-13857f8b3984', 'ORD-02313', 'Completed', 750, 'Maya', 'System Seed', '2026-06-20T07:15:26.990Z');

INSERT INTO public.order_items (order_id, product_id, name, quantity, unit_price, subtotal)
VALUES ('25b4a75e-93c7-47c3-9166-13857f8b3984', '36c93748-7c86-4ddb-ba49-1bd1a164bf42', 'Blueberry Muffin', 2, 95, 190);

INSERT INTO public.order_items (order_id, product_id, name, quantity, unit_price, subtotal)
VALUES ('25b4a75e-93c7-47c3-9166-13857f8b3984', '1b5c6269-ce45-4413-acb8-21813cd7f9cf', 'Mocha', 2, 140, 280);

INSERT INTO public.order_items (order_id, product_id, name, quantity, unit_price, subtotal)
VALUES ('25b4a75e-93c7-47c3-9166-13857f8b3984', 'fe6b02e6-9366-4abd-874c-fcb832e0e282', 'Green Tea', 1, 90, 90);

INSERT INTO public.order_items (order_id, product_id, name, quantity, unit_price, subtotal)
VALUES ('25b4a75e-93c7-47c3-9166-13857f8b3984', '36c93748-7c86-4ddb-ba49-1bd1a164bf42', 'Blueberry Muffin', 2, 95, 190);

INSERT INTO public.orders (id, order_id, status, amount, payment_method, cashier_name, created_at)
VALUES ('1af139bf-4897-4f42-b158-ff6e30d27350', 'ORD-02314', 'Completed', 160, 'Maya', 'System Seed', '2026-06-20T01:07:50.990Z');

INSERT INTO public.order_items (order_id, product_id, name, quantity, unit_price, subtotal)
VALUES ('1af139bf-4897-4f42-b158-ff6e30d27350', '65f0b94f-ccbe-4b50-a175-66810ae10f44', 'Croissant', 2, 80, 160);

INSERT INTO public.orders (id, order_id, status, amount, payment_method, cashier_name, created_at)
VALUES ('b90df8c7-b1e0-4114-801b-c9fc9193a074', 'ORD-02315', 'Completed', 710, 'Credit Card', 'System Seed', '2026-06-20T12:08:56.990Z');

INSERT INTO public.order_items (order_id, product_id, name, quantity, unit_price, subtotal)
VALUES ('b90df8c7-b1e0-4114-801b-c9fc9193a074', '36c93748-7c86-4ddb-ba49-1bd1a164bf42', 'Blueberry Muffin', 1, 95, 95);

INSERT INTO public.order_items (order_id, product_id, name, quantity, unit_price, subtotal)
VALUES ('b90df8c7-b1e0-4114-801b-c9fc9193a074', '83a6812d-2665-4ce5-871a-78a4eab3ce80', 'Americano', 1, 100, 100);

INSERT INTO public.order_items (order_id, product_id, name, quantity, unit_price, subtotal)
VALUES ('b90df8c7-b1e0-4114-801b-c9fc9193a074', '36c93748-7c86-4ddb-ba49-1bd1a164bf42', 'Blueberry Muffin', 1, 95, 95);

INSERT INTO public.order_items (order_id, product_id, name, quantity, unit_price, subtotal)
VALUES ('b90df8c7-b1e0-4114-801b-c9fc9193a074', '1b5c6269-ce45-4413-acb8-21813cd7f9cf', 'Mocha', 3, 140, 420);

INSERT INTO public.orders (id, order_id, status, amount, payment_method, cashier_name, created_at)
VALUES ('c2cf6c46-f539-448a-9061-1aa2eb937c21', 'ORD-02316', 'Completed', 515, 'Credit Card', 'System Seed', '2026-06-20T12:14:03.990Z');

INSERT INTO public.order_items (order_id, product_id, name, quantity, unit_price, subtotal)
VALUES ('c2cf6c46-f539-448a-9061-1aa2eb937c21', '36c93748-7c86-4ddb-ba49-1bd1a164bf42', 'Blueberry Muffin', 1, 95, 95);

INSERT INTO public.order_items (order_id, product_id, name, quantity, unit_price, subtotal)
VALUES ('c2cf6c46-f539-448a-9061-1aa2eb937c21', '1b5c6269-ce45-4413-acb8-21813cd7f9cf', 'Mocha', 2, 140, 280);

INSERT INTO public.order_items (order_id, product_id, name, quantity, unit_price, subtotal)
VALUES ('c2cf6c46-f539-448a-9061-1aa2eb937c21', '1b5c6269-ce45-4413-acb8-21813cd7f9cf', 'Mocha', 1, 140, 140);

INSERT INTO public.orders (id, order_id, status, amount, payment_method, cashier_name, created_at)
VALUES ('8bf0623f-5f59-431e-ad79-1a14b8bf4222', 'ORD-02317', 'Void (Consumed)', 850, 'Maya', 'System Seed', '2026-06-20T08:10:01.990Z');

INSERT INTO public.order_items (order_id, product_id, name, quantity, unit_price, subtotal)
VALUES ('8bf0623f-5f59-431e-ad79-1a14b8bf4222', '65f0b94f-ccbe-4b50-a175-66810ae10f44', 'Croissant', 1, 80, 80);

INSERT INTO public.order_items (order_id, product_id, name, quantity, unit_price, subtotal)
VALUES ('8bf0623f-5f59-431e-ad79-1a14b8bf4222', 'fe6b02e6-9366-4abd-874c-fcb832e0e282', 'Green Tea', 3, 90, 270);

INSERT INTO public.order_items (order_id, product_id, name, quantity, unit_price, subtotal)
VALUES ('8bf0623f-5f59-431e-ad79-1a14b8bf4222', '48233f0a-6e57-4a45-b033-627d13f1be78', 'Cappuccino', 3, 120, 360);

INSERT INTO public.order_items (order_id, product_id, name, quantity, unit_price, subtotal)
VALUES ('8bf0623f-5f59-431e-ad79-1a14b8bf4222', '1b5c6269-ce45-4413-acb8-21813cd7f9cf', 'Mocha', 1, 140, 140);

INSERT INTO public.orders (id, order_id, status, amount, payment_method, cashier_name, created_at)
VALUES ('c8f8a6bf-5f66-4365-981a-978cf1260c47', 'ORD-02318', 'Completed', 525, 'Cash', 'System Seed', '2026-06-20T11:47:20.990Z');

INSERT INTO public.order_items (order_id, product_id, name, quantity, unit_price, subtotal)
VALUES ('c8f8a6bf-5f66-4365-981a-978cf1260c47', '3a6a55c0-70f3-4417-a252-db77d9e511c0', 'Latte', 2, 120, 240);

INSERT INTO public.order_items (order_id, product_id, name, quantity, unit_price, subtotal)
VALUES ('c8f8a6bf-5f66-4365-981a-978cf1260c47', '36c93748-7c86-4ddb-ba49-1bd1a164bf42', 'Blueberry Muffin', 3, 95, 285);

INSERT INTO public.orders (id, order_id, status, amount, payment_method, cashier_name, created_at)
VALUES ('2833c9e2-fe01-4d9b-ab39-070a049325ff', 'ORD-02319', 'Void (Consumed)', 815, 'Credit Card', 'System Seed', '2026-06-20T08:05:32.990Z');

INSERT INTO public.order_items (order_id, product_id, name, quantity, unit_price, subtotal)
VALUES ('2833c9e2-fe01-4d9b-ab39-070a049325ff', '65f0b94f-ccbe-4b50-a175-66810ae10f44', 'Croissant', 3, 80, 240);

INSERT INTO public.order_items (order_id, product_id, name, quantity, unit_price, subtotal)
VALUES ('2833c9e2-fe01-4d9b-ab39-070a049325ff', '65f0b94f-ccbe-4b50-a175-66810ae10f44', 'Croissant', 3, 80, 240);

INSERT INTO public.order_items (order_id, product_id, name, quantity, unit_price, subtotal)
VALUES ('2833c9e2-fe01-4d9b-ab39-070a049325ff', '3a6a55c0-70f3-4417-a252-db77d9e511c0', 'Latte', 2, 120, 240);

INSERT INTO public.order_items (order_id, product_id, name, quantity, unit_price, subtotal)
VALUES ('2833c9e2-fe01-4d9b-ab39-070a049325ff', '36c93748-7c86-4ddb-ba49-1bd1a164bf42', 'Blueberry Muffin', 1, 95, 95);

INSERT INTO public.orders (id, order_id, status, amount, payment_method, cashier_name, created_at)
VALUES ('ab46c70c-22b4-46a0-93d3-0bd90c7fb043', 'ORD-02320', 'Completed', 1040, 'GCash', 'System Seed', '2026-06-20T03:56:18.990Z');

INSERT INTO public.order_items (order_id, product_id, name, quantity, unit_price, subtotal)
VALUES ('ab46c70c-22b4-46a0-93d3-0bd90c7fb043', '48233f0a-6e57-4a45-b033-627d13f1be78', 'Cappuccino', 3, 120, 360);

INSERT INTO public.order_items (order_id, product_id, name, quantity, unit_price, subtotal)
VALUES ('ab46c70c-22b4-46a0-93d3-0bd90c7fb043', '1b5c6269-ce45-4413-acb8-21813cd7f9cf', 'Mocha', 2, 140, 280);

INSERT INTO public.order_items (order_id, product_id, name, quantity, unit_price, subtotal)
VALUES ('ab46c70c-22b4-46a0-93d3-0bd90c7fb043', '1b5c6269-ce45-4413-acb8-21813cd7f9cf', 'Mocha', 2, 140, 280);

INSERT INTO public.order_items (order_id, product_id, name, quantity, unit_price, subtotal)
VALUES ('ab46c70c-22b4-46a0-93d3-0bd90c7fb043', '48233f0a-6e57-4a45-b033-627d13f1be78', 'Cappuccino', 1, 120, 120);

INSERT INTO public.orders (id, order_id, status, amount, payment_method, cashier_name, created_at)
VALUES ('c64fcb2e-ed5f-48fd-99d8-5a3ec00d01f5', 'ORD-02321', 'Void (Not Made)', 825, 'GCash', 'System Seed', '2026-06-20T08:46:34.990Z');

INSERT INTO public.order_items (order_id, product_id, name, quantity, unit_price, subtotal)
VALUES ('c64fcb2e-ed5f-48fd-99d8-5a3ec00d01f5', '83a6812d-2665-4ce5-871a-78a4eab3ce80', 'Americano', 1, 100, 100);

INSERT INTO public.order_items (order_id, product_id, name, quantity, unit_price, subtotal)
VALUES ('c64fcb2e-ed5f-48fd-99d8-5a3ec00d01f5', '65f0b94f-ccbe-4b50-a175-66810ae10f44', 'Croissant', 3, 80, 240);

INSERT INTO public.order_items (order_id, product_id, name, quantity, unit_price, subtotal)
VALUES ('c64fcb2e-ed5f-48fd-99d8-5a3ec00d01f5', '83a6812d-2665-4ce5-871a-78a4eab3ce80', 'Americano', 2, 100, 200);

INSERT INTO public.order_items (order_id, product_id, name, quantity, unit_price, subtotal)
VALUES ('c64fcb2e-ed5f-48fd-99d8-5a3ec00d01f5', '36c93748-7c86-4ddb-ba49-1bd1a164bf42', 'Blueberry Muffin', 3, 95, 285);

INSERT INTO public.orders (id, order_id, status, amount, payment_method, cashier_name, created_at)
VALUES ('8a091542-c57f-4a6d-9a0d-5dd60eb629b9', 'ORD-02322', 'Void (Consumed)', 745, 'Credit Card', 'System Seed', '2026-06-20T02:56:37.990Z');

INSERT INTO public.order_items (order_id, product_id, name, quantity, unit_price, subtotal)
VALUES ('8a091542-c57f-4a6d-9a0d-5dd60eb629b9', '83a6812d-2665-4ce5-871a-78a4eab3ce80', 'Americano', 1, 100, 100);

INSERT INTO public.order_items (order_id, product_id, name, quantity, unit_price, subtotal)
VALUES ('8a091542-c57f-4a6d-9a0d-5dd60eb629b9', '48233f0a-6e57-4a45-b033-627d13f1be78', 'Cappuccino', 3, 120, 360);

INSERT INTO public.order_items (order_id, product_id, name, quantity, unit_price, subtotal)
VALUES ('8a091542-c57f-4a6d-9a0d-5dd60eb629b9', '36c93748-7c86-4ddb-ba49-1bd1a164bf42', 'Blueberry Muffin', 3, 95, 285);

INSERT INTO public.orders (id, order_id, status, amount, payment_method, cashier_name, created_at)
VALUES ('8bcbff40-696f-48ab-a579-8c24d97d9a20', 'ORD-02323', 'Completed', 850, 'Credit Card', 'System Seed', '2026-06-20T09:14:02.990Z');

INSERT INTO public.order_items (order_id, product_id, name, quantity, unit_price, subtotal)
VALUES ('8bcbff40-696f-48ab-a579-8c24d97d9a20', 'fe6b02e6-9366-4abd-874c-fcb832e0e282', 'Green Tea', 3, 90, 270);

INSERT INTO public.order_items (order_id, product_id, name, quantity, unit_price, subtotal)
VALUES ('8bcbff40-696f-48ab-a579-8c24d97d9a20', 'dfe22f11-84a3-41d2-a268-149f012eae60', 'Sparkling Lemonade', 2, 110, 220);

INSERT INTO public.order_items (order_id, product_id, name, quantity, unit_price, subtotal)
VALUES ('8bcbff40-696f-48ab-a579-8c24d97d9a20', '48233f0a-6e57-4a45-b033-627d13f1be78', 'Cappuccino', 3, 120, 360);

INSERT INTO public.orders (id, order_id, status, amount, payment_method, cashier_name, created_at)
VALUES ('76c82540-5cda-4f6b-a1ea-05b5fe339daf', 'ORD-02324', 'Void (Consumed)', 425, 'Cash', 'System Seed', '2026-06-20T08:06:31.990Z');

INSERT INTO public.order_items (order_id, product_id, name, quantity, unit_price, subtotal)
VALUES ('76c82540-5cda-4f6b-a1ea-05b5fe339daf', '36c93748-7c86-4ddb-ba49-1bd1a164bf42', 'Blueberry Muffin', 1, 95, 95);

INSERT INTO public.order_items (order_id, product_id, name, quantity, unit_price, subtotal)
VALUES ('76c82540-5cda-4f6b-a1ea-05b5fe339daf', 'fe6b02e6-9366-4abd-874c-fcb832e0e282', 'Green Tea', 1, 90, 90);

INSERT INTO public.order_items (order_id, product_id, name, quantity, unit_price, subtotal)
VALUES ('76c82540-5cda-4f6b-a1ea-05b5fe339daf', '65f0b94f-ccbe-4b50-a175-66810ae10f44', 'Croissant', 3, 80, 240);

INSERT INTO public.orders (id, order_id, status, amount, payment_method, cashier_name, created_at)
VALUES ('f8c6d263-40aa-4b91-be8f-c0045057116f', 'ORD-02325', 'Void (Consumed)', 740, 'Maya', 'System Seed', '2026-06-20T08:39:47.990Z');

INSERT INTO public.order_items (order_id, product_id, name, quantity, unit_price, subtotal)
VALUES ('f8c6d263-40aa-4b91-be8f-c0045057116f', '3a6a55c0-70f3-4417-a252-db77d9e511c0', 'Latte', 2, 120, 240);

INSERT INTO public.order_items (order_id, product_id, name, quantity, unit_price, subtotal)
VALUES ('f8c6d263-40aa-4b91-be8f-c0045057116f', '1b5c6269-ce45-4413-acb8-21813cd7f9cf', 'Mocha', 2, 140, 280);

INSERT INTO public.order_items (order_id, product_id, name, quantity, unit_price, subtotal)
VALUES ('f8c6d263-40aa-4b91-be8f-c0045057116f', '1b5c6269-ce45-4413-acb8-21813cd7f9cf', 'Mocha', 1, 140, 140);

INSERT INTO public.order_items (order_id, product_id, name, quantity, unit_price, subtotal)
VALUES ('f8c6d263-40aa-4b91-be8f-c0045057116f', '65f0b94f-ccbe-4b50-a175-66810ae10f44', 'Croissant', 1, 80, 80);

INSERT INTO public.orders (id, order_id, status, amount, payment_method, cashier_name, created_at)
VALUES ('683e8bbf-96f0-449b-bf85-b321d81068e8', 'ORD-02326', 'Void (Not Made)', 180, 'Cash', 'System Seed', '2026-06-20T02:16:46.990Z');

INSERT INTO public.order_items (order_id, product_id, name, quantity, unit_price, subtotal)
VALUES ('683e8bbf-96f0-449b-bf85-b321d81068e8', '83a6812d-2665-4ce5-871a-78a4eab3ce80', 'Americano', 1, 100, 100);

INSERT INTO public.order_items (order_id, product_id, name, quantity, unit_price, subtotal)
VALUES ('683e8bbf-96f0-449b-bf85-b321d81068e8', '65f0b94f-ccbe-4b50-a175-66810ae10f44', 'Croissant', 1, 80, 80);

INSERT INTO public.orders (id, order_id, status, amount, payment_method, cashier_name, created_at)
VALUES ('2ff2e7a5-5936-47cd-9500-63c096605fb4', 'ORD-02327', 'Completed', 705, 'Credit Card', 'System Seed', '2026-06-20T10:29:37.990Z');

INSERT INTO public.order_items (order_id, product_id, name, quantity, unit_price, subtotal)
VALUES ('2ff2e7a5-5936-47cd-9500-63c096605fb4', '65f0b94f-ccbe-4b50-a175-66810ae10f44', 'Croissant', 1, 80, 80);

INSERT INTO public.order_items (order_id, product_id, name, quantity, unit_price, subtotal)
VALUES ('2ff2e7a5-5936-47cd-9500-63c096605fb4', '83a6812d-2665-4ce5-871a-78a4eab3ce80', 'Americano', 2, 100, 200);

INSERT INTO public.order_items (order_id, product_id, name, quantity, unit_price, subtotal)
VALUES ('2ff2e7a5-5936-47cd-9500-63c096605fb4', '36c93748-7c86-4ddb-ba49-1bd1a164bf42', 'Blueberry Muffin', 1, 95, 95);

INSERT INTO public.order_items (order_id, product_id, name, quantity, unit_price, subtotal)
VALUES ('2ff2e7a5-5936-47cd-9500-63c096605fb4', 'dfe22f11-84a3-41d2-a268-149f012eae60', 'Sparkling Lemonade', 3, 110, 330);

INSERT INTO public.orders (id, order_id, status, amount, payment_method, cashier_name, created_at)
VALUES ('c4a1a382-275c-4e7f-9b50-2358a7d5b8a6', 'ORD-02328', 'Completed', 785, 'GCash', 'System Seed', '2026-06-20T03:39:12.990Z');

INSERT INTO public.order_items (order_id, product_id, name, quantity, unit_price, subtotal)
VALUES ('c4a1a382-275c-4e7f-9b50-2358a7d5b8a6', 'dfe22f11-84a3-41d2-a268-149f012eae60', 'Sparkling Lemonade', 1, 110, 110);

INSERT INTO public.order_items (order_id, product_id, name, quantity, unit_price, subtotal)
VALUES ('c4a1a382-275c-4e7f-9b50-2358a7d5b8a6', '36c93748-7c86-4ddb-ba49-1bd1a164bf42', 'Blueberry Muffin', 3, 95, 285);

INSERT INTO public.order_items (order_id, product_id, name, quantity, unit_price, subtotal)
VALUES ('c4a1a382-275c-4e7f-9b50-2358a7d5b8a6', '36c93748-7c86-4ddb-ba49-1bd1a164bf42', 'Blueberry Muffin', 2, 95, 190);

INSERT INTO public.order_items (order_id, product_id, name, quantity, unit_price, subtotal)
VALUES ('c4a1a382-275c-4e7f-9b50-2358a7d5b8a6', '83a6812d-2665-4ce5-871a-78a4eab3ce80', 'Americano', 2, 100, 200);

INSERT INTO public.orders (id, order_id, status, amount, payment_method, cashier_name, created_at)
VALUES ('39f5629e-1136-4dd0-9c03-e4a98bd1af8e', 'ORD-02329', 'Completed', 780, 'GCash', 'System Seed', '2026-06-20T04:03:30.990Z');

INSERT INTO public.order_items (order_id, product_id, name, quantity, unit_price, subtotal)
VALUES ('39f5629e-1136-4dd0-9c03-e4a98bd1af8e', '3a6a55c0-70f3-4417-a252-db77d9e511c0', 'Latte', 1, 120, 120);

INSERT INTO public.order_items (order_id, product_id, name, quantity, unit_price, subtotal)
VALUES ('39f5629e-1136-4dd0-9c03-e4a98bd1af8e', '1b5c6269-ce45-4413-acb8-21813cd7f9cf', 'Mocha', 3, 140, 420);

INSERT INTO public.order_items (order_id, product_id, name, quantity, unit_price, subtotal)
VALUES ('39f5629e-1136-4dd0-9c03-e4a98bd1af8e', '3a6a55c0-70f3-4417-a252-db77d9e511c0', 'Latte', 2, 120, 240);

INSERT INTO public.orders (id, order_id, status, amount, payment_method, cashier_name, created_at)
VALUES ('91b40298-4894-4983-8f32-55720fded46b', 'ORD-02330', 'Void (Consumed)', 780, 'Cash', 'System Seed', '2026-06-20T12:41:38.990Z');

INSERT INTO public.order_items (order_id, product_id, name, quantity, unit_price, subtotal)
VALUES ('91b40298-4894-4983-8f32-55720fded46b', '48233f0a-6e57-4a45-b033-627d13f1be78', 'Cappuccino', 2, 120, 240);

INSERT INTO public.order_items (order_id, product_id, name, quantity, unit_price, subtotal)
VALUES ('91b40298-4894-4983-8f32-55720fded46b', '83a6812d-2665-4ce5-871a-78a4eab3ce80', 'Americano', 3, 100, 300);

INSERT INTO public.order_items (order_id, product_id, name, quantity, unit_price, subtotal)
VALUES ('91b40298-4894-4983-8f32-55720fded46b', '48233f0a-6e57-4a45-b033-627d13f1be78', 'Cappuccino', 2, 120, 240);

INSERT INTO public.orders (id, order_id, status, amount, payment_method, cashier_name, created_at)
VALUES ('61751d3b-631a-4b19-a829-f7f8aff72d28', 'ORD-02331', 'Completed', 1030, 'Maya', 'System Seed', '2026-06-19T23:28:31.990Z');

INSERT INTO public.order_items (order_id, product_id, name, quantity, unit_price, subtotal)
VALUES ('61751d3b-631a-4b19-a829-f7f8aff72d28', 'dfe22f11-84a3-41d2-a268-149f012eae60', 'Sparkling Lemonade', 3, 110, 330);

INSERT INTO public.order_items (order_id, product_id, name, quantity, unit_price, subtotal)
VALUES ('61751d3b-631a-4b19-a829-f7f8aff72d28', '3a6a55c0-70f3-4417-a252-db77d9e511c0', 'Latte', 2, 120, 240);

INSERT INTO public.order_items (order_id, product_id, name, quantity, unit_price, subtotal)
VALUES ('61751d3b-631a-4b19-a829-f7f8aff72d28', 'dfe22f11-84a3-41d2-a268-149f012eae60', 'Sparkling Lemonade', 2, 110, 220);

INSERT INTO public.order_items (order_id, product_id, name, quantity, unit_price, subtotal)
VALUES ('61751d3b-631a-4b19-a829-f7f8aff72d28', '3a6a55c0-70f3-4417-a252-db77d9e511c0', 'Latte', 2, 120, 240);

INSERT INTO public.orders (id, order_id, status, amount, payment_method, cashier_name, created_at)
VALUES ('b3c861dc-1032-4bde-b36d-6b83e7bf4c51', 'ORD-02332', 'Void (Consumed)', 220, 'Maya', 'System Seed', '2026-06-19T23:14:00.990Z');

INSERT INTO public.order_items (order_id, product_id, name, quantity, unit_price, subtotal)
VALUES ('b3c861dc-1032-4bde-b36d-6b83e7bf4c51', 'dfe22f11-84a3-41d2-a268-149f012eae60', 'Sparkling Lemonade', 2, 110, 220);

INSERT INTO public.orders (id, order_id, status, amount, payment_method, cashier_name, created_at)
VALUES ('146cb2ae-c297-454b-b8e6-532ac65bf2ab', 'ORD-02333', 'Completed', 430, 'Cash', 'System Seed', '2026-06-20T11:53:53.990Z');

INSERT INTO public.order_items (order_id, product_id, name, quantity, unit_price, subtotal)
VALUES ('146cb2ae-c297-454b-b8e6-532ac65bf2ab', '1b5c6269-ce45-4413-acb8-21813cd7f9cf', 'Mocha', 1, 140, 140);

INSERT INTO public.order_items (order_id, product_id, name, quantity, unit_price, subtotal)
VALUES ('146cb2ae-c297-454b-b8e6-532ac65bf2ab', 'fe6b02e6-9366-4abd-874c-fcb832e0e282', 'Green Tea', 1, 90, 90);

INSERT INTO public.order_items (order_id, product_id, name, quantity, unit_price, subtotal)
VALUES ('146cb2ae-c297-454b-b8e6-532ac65bf2ab', '83a6812d-2665-4ce5-871a-78a4eab3ce80', 'Americano', 2, 100, 200);

INSERT INTO public.orders (id, order_id, status, amount, payment_method, cashier_name, created_at)
VALUES ('af2791e4-2c07-47ad-ac8d-b424510ba4da', 'ORD-02334', 'Completed', 500, 'Maya', 'System Seed', '2026-06-20T00:00:29.990Z');

INSERT INTO public.order_items (order_id, product_id, name, quantity, unit_price, subtotal)
VALUES ('af2791e4-2c07-47ad-ac8d-b424510ba4da', 'dfe22f11-84a3-41d2-a268-149f012eae60', 'Sparkling Lemonade', 2, 110, 220);

INSERT INTO public.order_items (order_id, product_id, name, quantity, unit_price, subtotal)
VALUES ('af2791e4-2c07-47ad-ac8d-b424510ba4da', '1b5c6269-ce45-4413-acb8-21813cd7f9cf', 'Mocha', 2, 140, 280);

INSERT INTO public.orders (id, order_id, status, amount, payment_method, cashier_name, created_at)
VALUES ('fe45948b-4b6a-4c7f-97f3-5a648b8e9251', 'ORD-02335', 'Completed', 490, 'Cash', 'System Seed', '2026-06-20T05:38:44.990Z');

INSERT INTO public.order_items (order_id, product_id, name, quantity, unit_price, subtotal)
VALUES ('fe45948b-4b6a-4c7f-97f3-5a648b8e9251', 'fe6b02e6-9366-4abd-874c-fcb832e0e282', 'Green Tea', 2, 90, 180);

INSERT INTO public.order_items (order_id, product_id, name, quantity, unit_price, subtotal)
VALUES ('fe45948b-4b6a-4c7f-97f3-5a648b8e9251', '3a6a55c0-70f3-4417-a252-db77d9e511c0', 'Latte', 1, 120, 120);

INSERT INTO public.order_items (order_id, product_id, name, quantity, unit_price, subtotal)
VALUES ('fe45948b-4b6a-4c7f-97f3-5a648b8e9251', '36c93748-7c86-4ddb-ba49-1bd1a164bf42', 'Blueberry Muffin', 2, 95, 190);

INSERT INTO public.orders (id, order_id, status, amount, payment_method, cashier_name, created_at)
VALUES ('d5d6fa11-b411-4b68-afb8-fa7d53bf9b67', 'ORD-02336', 'Void (Consumed)', 695, 'GCash', 'System Seed', '2026-06-20T10:31:10.990Z');

INSERT INTO public.order_items (order_id, product_id, name, quantity, unit_price, subtotal)
VALUES ('d5d6fa11-b411-4b68-afb8-fa7d53bf9b67', 'fe6b02e6-9366-4abd-874c-fcb832e0e282', 'Green Tea', 1, 90, 90);

INSERT INTO public.order_items (order_id, product_id, name, quantity, unit_price, subtotal)
VALUES ('d5d6fa11-b411-4b68-afb8-fa7d53bf9b67', '48233f0a-6e57-4a45-b033-627d13f1be78', 'Cappuccino', 2, 120, 240);

INSERT INTO public.order_items (order_id, product_id, name, quantity, unit_price, subtotal)
VALUES ('d5d6fa11-b411-4b68-afb8-fa7d53bf9b67', '36c93748-7c86-4ddb-ba49-1bd1a164bf42', 'Blueberry Muffin', 3, 95, 285);

INSERT INTO public.order_items (order_id, product_id, name, quantity, unit_price, subtotal)
VALUES ('d5d6fa11-b411-4b68-afb8-fa7d53bf9b67', '65f0b94f-ccbe-4b50-a175-66810ae10f44', 'Croissant', 1, 80, 80);

INSERT INTO public.orders (id, order_id, status, amount, payment_method, cashier_name, created_at)
VALUES ('fd21558c-ceb1-4085-afbf-471d8dc56849', 'ORD-02337', 'Completed', 300, 'Maya', 'System Seed', '2026-06-20T04:32:27.990Z');

INSERT INTO public.order_items (order_id, product_id, name, quantity, unit_price, subtotal)
VALUES ('fd21558c-ceb1-4085-afbf-471d8dc56849', '36c93748-7c86-4ddb-ba49-1bd1a164bf42', 'Blueberry Muffin', 2, 95, 190);

INSERT INTO public.order_items (order_id, product_id, name, quantity, unit_price, subtotal)
VALUES ('fd21558c-ceb1-4085-afbf-471d8dc56849', 'dfe22f11-84a3-41d2-a268-149f012eae60', 'Sparkling Lemonade', 1, 110, 110);

INSERT INTO public.orders (id, order_id, status, amount, payment_method, cashier_name, created_at)
VALUES ('99f37ae1-44e7-42ab-94ca-5b7ecd1004bc', 'ORD-02338', 'Completed', 120, 'Cash', 'System Seed', '2026-06-21T10:09:12.990Z');

INSERT INTO public.order_items (order_id, product_id, name, quantity, unit_price, subtotal)
VALUES ('99f37ae1-44e7-42ab-94ca-5b7ecd1004bc', '3a6a55c0-70f3-4417-a252-db77d9e511c0', 'Latte', 1, 120, 120);

INSERT INTO public.orders (id, order_id, status, amount, payment_method, cashier_name, created_at)
VALUES ('0487a155-203b-4c3e-9e91-2b4ca7f0b0df', 'ORD-02339', 'Completed', 440, 'GCash', 'System Seed', '2026-06-21T07:40:32.990Z');

INSERT INTO public.order_items (order_id, product_id, name, quantity, unit_price, subtotal)
VALUES ('0487a155-203b-4c3e-9e91-2b4ca7f0b0df', '65f0b94f-ccbe-4b50-a175-66810ae10f44', 'Croissant', 1, 80, 80);

INSERT INTO public.order_items (order_id, product_id, name, quantity, unit_price, subtotal)
VALUES ('0487a155-203b-4c3e-9e91-2b4ca7f0b0df', '3a6a55c0-70f3-4417-a252-db77d9e511c0', 'Latte', 3, 120, 360);

INSERT INTO public.orders (id, order_id, status, amount, payment_method, cashier_name, created_at)
VALUES ('6830b5ef-099d-45a1-a1af-b1089e85d853', 'ORD-02340', 'Completed', 640, 'Credit Card', 'System Seed', '2026-06-21T01:56:41.990Z');

INSERT INTO public.order_items (order_id, product_id, name, quantity, unit_price, subtotal)
VALUES ('6830b5ef-099d-45a1-a1af-b1089e85d853', '48233f0a-6e57-4a45-b033-627d13f1be78', 'Cappuccino', 3, 120, 360);

INSERT INTO public.order_items (order_id, product_id, name, quantity, unit_price, subtotal)
VALUES ('6830b5ef-099d-45a1-a1af-b1089e85d853', '1b5c6269-ce45-4413-acb8-21813cd7f9cf', 'Mocha', 2, 140, 280);

INSERT INTO public.orders (id, order_id, status, amount, payment_method, cashier_name, created_at)
VALUES ('258cd211-afde-4f12-bcd2-ab599f7ec655', 'ORD-02341', 'Completed', 320, 'GCash', 'System Seed', '2026-06-21T10:27:05.990Z');

INSERT INTO public.order_items (order_id, product_id, name, quantity, unit_price, subtotal)
VALUES ('258cd211-afde-4f12-bcd2-ab599f7ec655', '65f0b94f-ccbe-4b50-a175-66810ae10f44', 'Croissant', 1, 80, 80);

INSERT INTO public.order_items (order_id, product_id, name, quantity, unit_price, subtotal)
VALUES ('258cd211-afde-4f12-bcd2-ab599f7ec655', '3a6a55c0-70f3-4417-a252-db77d9e511c0', 'Latte', 2, 120, 240);

INSERT INTO public.orders (id, order_id, status, amount, payment_method, cashier_name, created_at)
VALUES ('69d956c6-63f9-4a16-9a49-236adc6f5c3a', 'ORD-02342', 'Completed', 690, 'Maya', 'System Seed', '2026-06-21T02:06:59.990Z');

INSERT INTO public.order_items (order_id, product_id, name, quantity, unit_price, subtotal)
VALUES ('69d956c6-63f9-4a16-9a49-236adc6f5c3a', 'fe6b02e6-9366-4abd-874c-fcb832e0e282', 'Green Tea', 1, 90, 90);

INSERT INTO public.order_items (order_id, product_id, name, quantity, unit_price, subtotal)
VALUES ('69d956c6-63f9-4a16-9a49-236adc6f5c3a', '48233f0a-6e57-4a45-b033-627d13f1be78', 'Cappuccino', 2, 120, 240);

INSERT INTO public.order_items (order_id, product_id, name, quantity, unit_price, subtotal)
VALUES ('69d956c6-63f9-4a16-9a49-236adc6f5c3a', '48233f0a-6e57-4a45-b033-627d13f1be78', 'Cappuccino', 3, 120, 360);

INSERT INTO public.orders (id, order_id, status, amount, payment_method, cashier_name, created_at)
VALUES ('1ce4d695-780e-42ff-8834-e883e8c9e476', 'ORD-02343', 'Completed', 140, 'Maya', 'System Seed', '2026-06-21T05:22:34.990Z');

INSERT INTO public.order_items (order_id, product_id, name, quantity, unit_price, subtotal)
VALUES ('1ce4d695-780e-42ff-8834-e883e8c9e476', '1b5c6269-ce45-4413-acb8-21813cd7f9cf', 'Mocha', 1, 140, 140);

INSERT INTO public.orders (id, order_id, status, amount, payment_method, cashier_name, created_at)
VALUES ('c61a3158-1115-4610-bb94-6755e42e8cdc', 'ORD-02344', 'Completed', 950, 'Cash', 'System Seed', '2026-06-21T04:49:50.990Z');

INSERT INTO public.order_items (order_id, product_id, name, quantity, unit_price, subtotal)
VALUES ('c61a3158-1115-4610-bb94-6755e42e8cdc', '1b5c6269-ce45-4413-acb8-21813cd7f9cf', 'Mocha', 2, 140, 280);

INSERT INTO public.order_items (order_id, product_id, name, quantity, unit_price, subtotal)
VALUES ('c61a3158-1115-4610-bb94-6755e42e8cdc', 'fe6b02e6-9366-4abd-874c-fcb832e0e282', 'Green Tea', 3, 90, 270);

INSERT INTO public.order_items (order_id, product_id, name, quantity, unit_price, subtotal)
VALUES ('c61a3158-1115-4610-bb94-6755e42e8cdc', '3a6a55c0-70f3-4417-a252-db77d9e511c0', 'Latte', 2, 120, 240);

INSERT INTO public.order_items (order_id, product_id, name, quantity, unit_price, subtotal)
VALUES ('c61a3158-1115-4610-bb94-6755e42e8cdc', '65f0b94f-ccbe-4b50-a175-66810ae10f44', 'Croissant', 2, 80, 160);

INSERT INTO public.orders (id, order_id, status, amount, payment_method, cashier_name, created_at)
VALUES ('c8a0dc74-8cfb-4609-b907-41c73e5b2940', 'ORD-02345', 'Void (Consumed)', 95, 'Credit Card', 'System Seed', '2026-06-21T08:36:37.990Z');

INSERT INTO public.order_items (order_id, product_id, name, quantity, unit_price, subtotal)
VALUES ('c8a0dc74-8cfb-4609-b907-41c73e5b2940', '36c93748-7c86-4ddb-ba49-1bd1a164bf42', 'Blueberry Muffin', 1, 95, 95);

INSERT INTO public.orders (id, order_id, status, amount, payment_method, cashier_name, created_at)
VALUES ('dcae3bd0-d203-45b1-b76f-3ed468ffb812', 'ORD-02346', 'Completed', 180, 'Credit Card', 'System Seed', '2026-06-21T09:28:16.990Z');

INSERT INTO public.order_items (order_id, product_id, name, quantity, unit_price, subtotal)
VALUES ('dcae3bd0-d203-45b1-b76f-3ed468ffb812', 'fe6b02e6-9366-4abd-874c-fcb832e0e282', 'Green Tea', 2, 90, 180);

INSERT INTO public.orders (id, order_id, status, amount, payment_method, cashier_name, created_at)
VALUES ('0a3ff415-8f05-47ed-9732-6d05f64e3bb1', 'ORD-02347', 'Void (Not Made)', 650, 'Maya', 'System Seed', '2026-06-21T04:49:15.990Z');

INSERT INTO public.order_items (order_id, product_id, name, quantity, unit_price, subtotal)
VALUES ('0a3ff415-8f05-47ed-9732-6d05f64e3bb1', '83a6812d-2665-4ce5-871a-78a4eab3ce80', 'Americano', 1, 100, 100);

INSERT INTO public.order_items (order_id, product_id, name, quantity, unit_price, subtotal)
VALUES ('0a3ff415-8f05-47ed-9732-6d05f64e3bb1', '48233f0a-6e57-4a45-b033-627d13f1be78', 'Cappuccino', 3, 120, 360);

INSERT INTO public.order_items (order_id, product_id, name, quantity, unit_price, subtotal)
VALUES ('0a3ff415-8f05-47ed-9732-6d05f64e3bb1', '36c93748-7c86-4ddb-ba49-1bd1a164bf42', 'Blueberry Muffin', 2, 95, 190);

INSERT INTO public.orders (id, order_id, status, amount, payment_method, cashier_name, created_at)
VALUES ('49fde678-9e05-4d6e-867f-38eed8cd469d', 'ORD-02348', 'Void (Not Made)', 120, 'Credit Card', 'System Seed', '2026-06-21T06:55:01.990Z');

INSERT INTO public.order_items (order_id, product_id, name, quantity, unit_price, subtotal)
VALUES ('49fde678-9e05-4d6e-867f-38eed8cd469d', '48233f0a-6e57-4a45-b033-627d13f1be78', 'Cappuccino', 1, 120, 120);

INSERT INTO public.orders (id, order_id, status, amount, payment_method, cashier_name, created_at)
VALUES ('cd88d718-dd82-4973-bde8-f4bbcba06f65', 'ORD-02349', 'Completed', 660, 'GCash', 'System Seed', '2026-06-21T10:52:08.990Z');

INSERT INTO public.order_items (order_id, product_id, name, quantity, unit_price, subtotal)
VALUES ('cd88d718-dd82-4973-bde8-f4bbcba06f65', 'fe6b02e6-9366-4abd-874c-fcb832e0e282', 'Green Tea', 2, 90, 180);

INSERT INTO public.order_items (order_id, product_id, name, quantity, unit_price, subtotal)
VALUES ('cd88d718-dd82-4973-bde8-f4bbcba06f65', '83a6812d-2665-4ce5-871a-78a4eab3ce80', 'Americano', 3, 100, 300);

INSERT INTO public.order_items (order_id, product_id, name, quantity, unit_price, subtotal)
VALUES ('cd88d718-dd82-4973-bde8-f4bbcba06f65', 'fe6b02e6-9366-4abd-874c-fcb832e0e282', 'Green Tea', 2, 90, 180);

INSERT INTO public.orders (id, order_id, status, amount, payment_method, cashier_name, created_at)
VALUES ('1cbcaeeb-d621-4e28-a91e-320efbbc3500', 'ORD-02350', 'Completed', 600, 'Maya', 'System Seed', '2026-06-21T01:59:10.990Z');

INSERT INTO public.order_items (order_id, product_id, name, quantity, unit_price, subtotal)
VALUES ('1cbcaeeb-d621-4e28-a91e-320efbbc3500', '65f0b94f-ccbe-4b50-a175-66810ae10f44', 'Croissant', 3, 80, 240);

INSERT INTO public.order_items (order_id, product_id, name, quantity, unit_price, subtotal)
VALUES ('1cbcaeeb-d621-4e28-a91e-320efbbc3500', '48233f0a-6e57-4a45-b033-627d13f1be78', 'Cappuccino', 3, 120, 360);

INSERT INTO public.orders (id, order_id, status, amount, payment_method, cashier_name, created_at)
VALUES ('3bcc25e3-06f9-4edc-897a-177ffab2d357', 'ORD-02351', 'Completed', 910, 'Cash', 'System Seed', '2026-06-21T08:51:49.990Z');

INSERT INTO public.order_items (order_id, product_id, name, quantity, unit_price, subtotal)
VALUES ('3bcc25e3-06f9-4edc-897a-177ffab2d357', '36c93748-7c86-4ddb-ba49-1bd1a164bf42', 'Blueberry Muffin', 2, 95, 190);

INSERT INTO public.order_items (order_id, product_id, name, quantity, unit_price, subtotal)
VALUES ('3bcc25e3-06f9-4edc-897a-177ffab2d357', '83a6812d-2665-4ce5-871a-78a4eab3ce80', 'Americano', 3, 100, 300);

INSERT INTO public.order_items (order_id, product_id, name, quantity, unit_price, subtotal)
VALUES ('3bcc25e3-06f9-4edc-897a-177ffab2d357', '1b5c6269-ce45-4413-acb8-21813cd7f9cf', 'Mocha', 3, 140, 420);

INSERT INTO public.orders (id, order_id, status, amount, payment_method, cashier_name, created_at)
VALUES ('045a6d42-5238-4d5b-87b3-7f46364a7b95', 'ORD-02352', 'Completed', 330, 'Cash', 'System Seed', '2026-06-21T02:35:54.990Z');

INSERT INTO public.order_items (order_id, product_id, name, quantity, unit_price, subtotal)
VALUES ('045a6d42-5238-4d5b-87b3-7f46364a7b95', 'dfe22f11-84a3-41d2-a268-149f012eae60', 'Sparkling Lemonade', 3, 110, 330);

INSERT INTO public.orders (id, order_id, status, amount, payment_method, cashier_name, created_at)
VALUES ('9d8370be-9295-40fd-b300-4b8b35a6048e', 'ORD-02353', 'Completed', 200, 'Maya', 'System Seed', '2026-06-21T01:27:02.990Z');

INSERT INTO public.order_items (order_id, product_id, name, quantity, unit_price, subtotal)
VALUES ('9d8370be-9295-40fd-b300-4b8b35a6048e', '3a6a55c0-70f3-4417-a252-db77d9e511c0', 'Latte', 1, 120, 120);

INSERT INTO public.order_items (order_id, product_id, name, quantity, unit_price, subtotal)
VALUES ('9d8370be-9295-40fd-b300-4b8b35a6048e', '65f0b94f-ccbe-4b50-a175-66810ae10f44', 'Croissant', 1, 80, 80);

INSERT INTO public.orders (id, order_id, status, amount, payment_method, cashier_name, created_at)
VALUES ('b0f52743-c600-467c-ac81-c0f00da016b8', 'ORD-02354', 'Completed', 660, 'Credit Card', 'System Seed', '2026-06-21T10:23:29.990Z');

INSERT INTO public.order_items (order_id, product_id, name, quantity, unit_price, subtotal)
VALUES ('b0f52743-c600-467c-ac81-c0f00da016b8', '3a6a55c0-70f3-4417-a252-db77d9e511c0', 'Latte', 1, 120, 120);

INSERT INTO public.order_items (order_id, product_id, name, quantity, unit_price, subtotal)
VALUES ('b0f52743-c600-467c-ac81-c0f00da016b8', '1b5c6269-ce45-4413-acb8-21813cd7f9cf', 'Mocha', 3, 140, 420);

INSERT INTO public.order_items (order_id, product_id, name, quantity, unit_price, subtotal)
VALUES ('b0f52743-c600-467c-ac81-c0f00da016b8', '48233f0a-6e57-4a45-b033-627d13f1be78', 'Cappuccino', 1, 120, 120);

INSERT INTO public.orders (id, order_id, status, amount, payment_method, cashier_name, created_at)
VALUES ('6a4433ec-1e0a-4063-bea7-e3c66f3bee5a', 'ORD-02355', 'Completed', 320, 'Credit Card', 'System Seed', '2026-06-21T03:41:30.990Z');

INSERT INTO public.order_items (order_id, product_id, name, quantity, unit_price, subtotal)
VALUES ('6a4433ec-1e0a-4063-bea7-e3c66f3bee5a', 'fe6b02e6-9366-4abd-874c-fcb832e0e282', 'Green Tea', 2, 90, 180);

INSERT INTO public.order_items (order_id, product_id, name, quantity, unit_price, subtotal)
VALUES ('6a4433ec-1e0a-4063-bea7-e3c66f3bee5a', '1b5c6269-ce45-4413-acb8-21813cd7f9cf', 'Mocha', 1, 140, 140);

INSERT INTO public.orders (id, order_id, status, amount, payment_method, cashier_name, created_at)
VALUES ('cacb247e-3563-4d5e-af9f-23dc5a50bdd3', 'ORD-02356', 'Completed', 340, 'Maya', 'System Seed', '2026-06-20T23:08:35.990Z');

INSERT INTO public.order_items (order_id, product_id, name, quantity, unit_price, subtotal)
VALUES ('cacb247e-3563-4d5e-af9f-23dc5a50bdd3', '48233f0a-6e57-4a45-b033-627d13f1be78', 'Cappuccino', 1, 120, 120);

INSERT INTO public.order_items (order_id, product_id, name, quantity, unit_price, subtotal)
VALUES ('cacb247e-3563-4d5e-af9f-23dc5a50bdd3', 'dfe22f11-84a3-41d2-a268-149f012eae60', 'Sparkling Lemonade', 2, 110, 220);

INSERT INTO public.orders (id, order_id, status, amount, payment_method, cashier_name, created_at)
VALUES ('b82c47cf-9acb-4951-b208-4a4bb92acb64', 'ORD-02357', 'Completed', 300, 'Cash', 'System Seed', '2026-06-21T02:21:16.990Z');

INSERT INTO public.order_items (order_id, product_id, name, quantity, unit_price, subtotal)
VALUES ('b82c47cf-9acb-4951-b208-4a4bb92acb64', '48233f0a-6e57-4a45-b033-627d13f1be78', 'Cappuccino', 1, 120, 120);

INSERT INTO public.order_items (order_id, product_id, name, quantity, unit_price, subtotal)
VALUES ('b82c47cf-9acb-4951-b208-4a4bb92acb64', 'fe6b02e6-9366-4abd-874c-fcb832e0e282', 'Green Tea', 2, 90, 180);

INSERT INTO public.orders (id, order_id, status, amount, payment_method, cashier_name, created_at)
VALUES ('291e133f-6c12-4803-bea0-6fba50dc5280', 'ORD-02358', 'Void (Not Made)', 520, 'Cash', 'System Seed', '2026-06-20T23:48:48.990Z');

INSERT INTO public.order_items (order_id, product_id, name, quantity, unit_price, subtotal)
VALUES ('291e133f-6c12-4803-bea0-6fba50dc5280', '48233f0a-6e57-4a45-b033-627d13f1be78', 'Cappuccino', 2, 120, 240);

INSERT INTO public.order_items (order_id, product_id, name, quantity, unit_price, subtotal)
VALUES ('291e133f-6c12-4803-bea0-6fba50dc5280', 'fe6b02e6-9366-4abd-874c-fcb832e0e282', 'Green Tea', 2, 90, 180);

INSERT INTO public.order_items (order_id, product_id, name, quantity, unit_price, subtotal)
VALUES ('291e133f-6c12-4803-bea0-6fba50dc5280', '83a6812d-2665-4ce5-871a-78a4eab3ce80', 'Americano', 1, 100, 100);

INSERT INTO public.orders (id, order_id, status, amount, payment_method, cashier_name, created_at)
VALUES ('df4a6be1-e337-4743-a8c4-e3d058b5c1a1', 'ORD-02359', 'Completed', 405, 'GCash', 'System Seed', '2026-06-21T10:00:05.990Z');

INSERT INTO public.order_items (order_id, product_id, name, quantity, unit_price, subtotal)
VALUES ('df4a6be1-e337-4743-a8c4-e3d058b5c1a1', '36c93748-7c86-4ddb-ba49-1bd1a164bf42', 'Blueberry Muffin', 3, 95, 285);

INSERT INTO public.order_items (order_id, product_id, name, quantity, unit_price, subtotal)
VALUES ('df4a6be1-e337-4743-a8c4-e3d058b5c1a1', '48233f0a-6e57-4a45-b033-627d13f1be78', 'Cappuccino', 1, 120, 120);

INSERT INTO public.orders (id, order_id, status, amount, payment_method, cashier_name, created_at)
VALUES ('d687f17f-a2f0-4224-9adc-e867311ac8f9', 'ORD-02360', 'Completed', 550, 'GCash', 'System Seed', '2026-06-21T00:49:23.990Z');

INSERT INTO public.order_items (order_id, product_id, name, quantity, unit_price, subtotal)
VALUES ('d687f17f-a2f0-4224-9adc-e867311ac8f9', 'dfe22f11-84a3-41d2-a268-149f012eae60', 'Sparkling Lemonade', 2, 110, 220);

INSERT INTO public.order_items (order_id, product_id, name, quantity, unit_price, subtotal)
VALUES ('d687f17f-a2f0-4224-9adc-e867311ac8f9', 'dfe22f11-84a3-41d2-a268-149f012eae60', 'Sparkling Lemonade', 3, 110, 330);

INSERT INTO public.orders (id, order_id, status, amount, payment_method, cashier_name, created_at)
VALUES ('fb074c21-0337-4097-b445-6406e69f0ac2', 'ORD-02361', 'Void (Not Made)', 280, 'GCash', 'System Seed', '2026-06-21T00:26:37.990Z');

INSERT INTO public.order_items (order_id, product_id, name, quantity, unit_price, subtotal)
VALUES ('fb074c21-0337-4097-b445-6406e69f0ac2', '1b5c6269-ce45-4413-acb8-21813cd7f9cf', 'Mocha', 2, 140, 280);

INSERT INTO public.orders (id, order_id, status, amount, payment_method, cashier_name, created_at)
VALUES ('323c5dd4-55a9-4a96-a1e4-c690034f7ae5', 'ORD-02362', 'Void (Not Made)', 120, 'Maya', 'System Seed', '2026-06-21T12:53:19.990Z');

INSERT INTO public.order_items (order_id, product_id, name, quantity, unit_price, subtotal)
VALUES ('323c5dd4-55a9-4a96-a1e4-c690034f7ae5', '3a6a55c0-70f3-4417-a252-db77d9e511c0', 'Latte', 1, 120, 120);

INSERT INTO public.orders (id, order_id, status, amount, payment_method, cashier_name, created_at)
VALUES ('28fd3428-7539-43ff-ae5c-cc3bffd12f29', 'ORD-02363', 'Completed', 780, 'GCash', 'System Seed', '2026-06-21T03:19:34.990Z');

INSERT INTO public.order_items (order_id, product_id, name, quantity, unit_price, subtotal)
VALUES ('28fd3428-7539-43ff-ae5c-cc3bffd12f29', '48233f0a-6e57-4a45-b033-627d13f1be78', 'Cappuccino', 2, 120, 240);

INSERT INTO public.order_items (order_id, product_id, name, quantity, unit_price, subtotal)
VALUES ('28fd3428-7539-43ff-ae5c-cc3bffd12f29', '65f0b94f-ccbe-4b50-a175-66810ae10f44', 'Croissant', 3, 80, 240);

INSERT INTO public.order_items (order_id, product_id, name, quantity, unit_price, subtotal)
VALUES ('28fd3428-7539-43ff-ae5c-cc3bffd12f29', '83a6812d-2665-4ce5-871a-78a4eab3ce80', 'Americano', 3, 100, 300);

INSERT INTO public.orders (id, order_id, status, amount, payment_method, cashier_name, created_at)
VALUES ('44289a11-b137-48d1-a3bc-e08bf4173f0f', 'ORD-02364', 'Void (Consumed)', 1170, 'Maya', 'System Seed', '2026-06-20T23:00:27.990Z');

INSERT INTO public.order_items (order_id, product_id, name, quantity, unit_price, subtotal)
VALUES ('44289a11-b137-48d1-a3bc-e08bf4173f0f', 'fe6b02e6-9366-4abd-874c-fcb832e0e282', 'Green Tea', 3, 90, 270);

INSERT INTO public.order_items (order_id, product_id, name, quantity, unit_price, subtotal)
VALUES ('44289a11-b137-48d1-a3bc-e08bf4173f0f', '83a6812d-2665-4ce5-871a-78a4eab3ce80', 'Americano', 3, 100, 300);

INSERT INTO public.order_items (order_id, product_id, name, quantity, unit_price, subtotal)
VALUES ('44289a11-b137-48d1-a3bc-e08bf4173f0f', '3a6a55c0-70f3-4417-a252-db77d9e511c0', 'Latte', 3, 120, 360);

INSERT INTO public.order_items (order_id, product_id, name, quantity, unit_price, subtotal)
VALUES ('44289a11-b137-48d1-a3bc-e08bf4173f0f', '65f0b94f-ccbe-4b50-a175-66810ae10f44', 'Croissant', 3, 80, 240);

INSERT INTO public.orders (id, order_id, status, amount, payment_method, cashier_name, created_at)
VALUES ('d1283978-1171-4535-b66a-92c0d86cf243', 'ORD-02365', 'Completed', 880, 'Credit Card', 'System Seed', '2026-06-21T03:14:28.990Z');

INSERT INTO public.order_items (order_id, product_id, name, quantity, unit_price, subtotal)
VALUES ('d1283978-1171-4535-b66a-92c0d86cf243', '36c93748-7c86-4ddb-ba49-1bd1a164bf42', 'Blueberry Muffin', 2, 95, 190);

INSERT INTO public.order_items (order_id, product_id, name, quantity, unit_price, subtotal)
VALUES ('d1283978-1171-4535-b66a-92c0d86cf243', '1b5c6269-ce45-4413-acb8-21813cd7f9cf', 'Mocha', 3, 140, 420);

INSERT INTO public.order_items (order_id, product_id, name, quantity, unit_price, subtotal)
VALUES ('d1283978-1171-4535-b66a-92c0d86cf243', 'fe6b02e6-9366-4abd-874c-fcb832e0e282', 'Green Tea', 3, 90, 270);

INSERT INTO public.orders (id, order_id, status, amount, payment_method, cashier_name, created_at)
VALUES ('7bd74182-5eea-4b3d-b6b0-3d5297bcd524', 'ORD-02366', 'Completed', 270, 'Cash', 'System Seed', '2026-06-21T03:41:54.990Z');

INSERT INTO public.order_items (order_id, product_id, name, quantity, unit_price, subtotal)
VALUES ('7bd74182-5eea-4b3d-b6b0-3d5297bcd524', 'fe6b02e6-9366-4abd-874c-fcb832e0e282', 'Green Tea', 3, 90, 270);

INSERT INTO public.orders (id, order_id, status, amount, payment_method, cashier_name, created_at)
VALUES ('ddd22f7a-8ed8-4689-9866-c59aba41fbfc', 'ORD-02367', 'Completed', 1010, 'Cash', 'System Seed', '2026-06-21T12:56:33.990Z');

INSERT INTO public.order_items (order_id, product_id, name, quantity, unit_price, subtotal)
VALUES ('ddd22f7a-8ed8-4689-9866-c59aba41fbfc', 'dfe22f11-84a3-41d2-a268-149f012eae60', 'Sparkling Lemonade', 3, 110, 330);

INSERT INTO public.order_items (order_id, product_id, name, quantity, unit_price, subtotal)
VALUES ('ddd22f7a-8ed8-4689-9866-c59aba41fbfc', '83a6812d-2665-4ce5-871a-78a4eab3ce80', 'Americano', 3, 100, 300);

INSERT INTO public.order_items (order_id, product_id, name, quantity, unit_price, subtotal)
VALUES ('ddd22f7a-8ed8-4689-9866-c59aba41fbfc', 'dfe22f11-84a3-41d2-a268-149f012eae60', 'Sparkling Lemonade', 1, 110, 110);

INSERT INTO public.order_items (order_id, product_id, name, quantity, unit_price, subtotal)
VALUES ('ddd22f7a-8ed8-4689-9866-c59aba41fbfc', 'fe6b02e6-9366-4abd-874c-fcb832e0e282', 'Green Tea', 3, 90, 270);

INSERT INTO public.orders (id, order_id, status, amount, payment_method, cashier_name, created_at)
VALUES ('1f91baa8-c1de-4a65-930d-99b59adb3aec', 'ORD-02368', 'Completed', 95, 'Maya', 'System Seed', '2026-06-21T01:44:48.990Z');

INSERT INTO public.order_items (order_id, product_id, name, quantity, unit_price, subtotal)
VALUES ('1f91baa8-c1de-4a65-930d-99b59adb3aec', '36c93748-7c86-4ddb-ba49-1bd1a164bf42', 'Blueberry Muffin', 1, 95, 95);

INSERT INTO public.orders (id, order_id, status, amount, payment_method, cashier_name, created_at)
VALUES ('0f5262d0-40eb-4ab5-a750-ee46e728bca8', 'ORD-02369', 'Completed', 540, 'Maya', 'System Seed', '2026-06-21T01:50:47.990Z');

INSERT INTO public.order_items (order_id, product_id, name, quantity, unit_price, subtotal)
VALUES ('0f5262d0-40eb-4ab5-a750-ee46e728bca8', '65f0b94f-ccbe-4b50-a175-66810ae10f44', 'Croissant', 3, 80, 240);

INSERT INTO public.order_items (order_id, product_id, name, quantity, unit_price, subtotal)
VALUES ('0f5262d0-40eb-4ab5-a750-ee46e728bca8', '83a6812d-2665-4ce5-871a-78a4eab3ce80', 'Americano', 2, 100, 200);

INSERT INTO public.order_items (order_id, product_id, name, quantity, unit_price, subtotal)
VALUES ('0f5262d0-40eb-4ab5-a750-ee46e728bca8', '83a6812d-2665-4ce5-871a-78a4eab3ce80', 'Americano', 1, 100, 100);

INSERT INTO public.orders (id, order_id, status, amount, payment_method, cashier_name, created_at)
VALUES ('8f90f23f-5fb9-4ea0-97f3-386a060f351b', 'ORD-02370', 'Void (Consumed)', 750, 'Cash', 'System Seed', '2026-06-21T10:04:07.990Z');

INSERT INTO public.order_items (order_id, product_id, name, quantity, unit_price, subtotal)
VALUES ('8f90f23f-5fb9-4ea0-97f3-386a060f351b', '1b5c6269-ce45-4413-acb8-21813cd7f9cf', 'Mocha', 1, 140, 140);

INSERT INTO public.order_items (order_id, product_id, name, quantity, unit_price, subtotal)
VALUES ('8f90f23f-5fb9-4ea0-97f3-386a060f351b', 'dfe22f11-84a3-41d2-a268-149f012eae60', 'Sparkling Lemonade', 3, 110, 330);

INSERT INTO public.order_items (order_id, product_id, name, quantity, unit_price, subtotal)
VALUES ('8f90f23f-5fb9-4ea0-97f3-386a060f351b', '1b5c6269-ce45-4413-acb8-21813cd7f9cf', 'Mocha', 2, 140, 280);

INSERT INTO public.orders (id, order_id, status, amount, payment_method, cashier_name, created_at)
VALUES ('bb2b7635-545d-4be9-8af7-bc39c1c7d30a', 'ORD-02371', 'Completed', 570, 'Credit Card', 'System Seed', '2026-06-21T06:18:11.990Z');

INSERT INTO public.order_items (order_id, product_id, name, quantity, unit_price, subtotal)
VALUES ('bb2b7635-545d-4be9-8af7-bc39c1c7d30a', '83a6812d-2665-4ce5-871a-78a4eab3ce80', 'Americano', 2, 100, 200);

INSERT INTO public.order_items (order_id, product_id, name, quantity, unit_price, subtotal)
VALUES ('bb2b7635-545d-4be9-8af7-bc39c1c7d30a', '1b5c6269-ce45-4413-acb8-21813cd7f9cf', 'Mocha', 1, 140, 140);

INSERT INTO public.order_items (order_id, product_id, name, quantity, unit_price, subtotal)
VALUES ('bb2b7635-545d-4be9-8af7-bc39c1c7d30a', 'fe6b02e6-9366-4abd-874c-fcb832e0e282', 'Green Tea', 1, 90, 90);

INSERT INTO public.order_items (order_id, product_id, name, quantity, unit_price, subtotal)
VALUES ('bb2b7635-545d-4be9-8af7-bc39c1c7d30a', '1b5c6269-ce45-4413-acb8-21813cd7f9cf', 'Mocha', 1, 140, 140);

INSERT INTO public.orders (id, order_id, status, amount, payment_method, cashier_name, created_at)
VALUES ('555b3c12-6134-4d1e-8740-cc14b218a466', 'ORD-02372', 'Completed', 840, 'Credit Card', 'System Seed', '2026-06-21T03:53:25.990Z');

INSERT INTO public.order_items (order_id, product_id, name, quantity, unit_price, subtotal)
VALUES ('555b3c12-6134-4d1e-8740-cc14b218a466', '65f0b94f-ccbe-4b50-a175-66810ae10f44', 'Croissant', 3, 80, 240);

INSERT INTO public.order_items (order_id, product_id, name, quantity, unit_price, subtotal)
VALUES ('555b3c12-6134-4d1e-8740-cc14b218a466', '48233f0a-6e57-4a45-b033-627d13f1be78', 'Cappuccino', 2, 120, 240);

INSERT INTO public.order_items (order_id, product_id, name, quantity, unit_price, subtotal)
VALUES ('555b3c12-6134-4d1e-8740-cc14b218a466', '3a6a55c0-70f3-4417-a252-db77d9e511c0', 'Latte', 3, 120, 360);

INSERT INTO public.orders (id, order_id, status, amount, payment_method, cashier_name, created_at)
VALUES ('4773b9e0-5e9f-4efb-b750-a726ce9a9cd1', 'ORD-02373', 'Completed', 705, 'Credit Card', 'System Seed', '2026-06-21T10:42:37.990Z');

INSERT INTO public.order_items (order_id, product_id, name, quantity, unit_price, subtotal)
VALUES ('4773b9e0-5e9f-4efb-b750-a726ce9a9cd1', '36c93748-7c86-4ddb-ba49-1bd1a164bf42', 'Blueberry Muffin', 3, 95, 285);

INSERT INTO public.order_items (order_id, product_id, name, quantity, unit_price, subtotal)
VALUES ('4773b9e0-5e9f-4efb-b750-a726ce9a9cd1', '1b5c6269-ce45-4413-acb8-21813cd7f9cf', 'Mocha', 3, 140, 420);

INSERT INTO public.orders (id, order_id, status, amount, payment_method, cashier_name, created_at)
VALUES ('a6208f7f-cfee-4df1-8216-b6a317bd311a', 'ORD-02374', 'Completed', 280, 'GCash', 'System Seed', '2026-06-21T08:02:37.990Z');

INSERT INTO public.order_items (order_id, product_id, name, quantity, unit_price, subtotal)
VALUES ('a6208f7f-cfee-4df1-8216-b6a317bd311a', '1b5c6269-ce45-4413-acb8-21813cd7f9cf', 'Mocha', 2, 140, 280);

INSERT INTO public.orders (id, order_id, status, amount, payment_method, cashier_name, created_at)
VALUES ('228d235d-c6e0-4c9f-b4db-def6a71c2d04', 'ORD-02375', 'Completed', 850, 'GCash', 'System Seed', '2026-06-21T00:57:44.990Z');

INSERT INTO public.order_items (order_id, product_id, name, quantity, unit_price, subtotal)
VALUES ('228d235d-c6e0-4c9f-b4db-def6a71c2d04', 'fe6b02e6-9366-4abd-874c-fcb832e0e282', 'Green Tea', 2, 90, 180);

INSERT INTO public.order_items (order_id, product_id, name, quantity, unit_price, subtotal)
VALUES ('228d235d-c6e0-4c9f-b4db-def6a71c2d04', 'dfe22f11-84a3-41d2-a268-149f012eae60', 'Sparkling Lemonade', 3, 110, 330);

INSERT INTO public.order_items (order_id, product_id, name, quantity, unit_price, subtotal)
VALUES ('228d235d-c6e0-4c9f-b4db-def6a71c2d04', 'fe6b02e6-9366-4abd-874c-fcb832e0e282', 'Green Tea', 2, 90, 180);

INSERT INTO public.order_items (order_id, product_id, name, quantity, unit_price, subtotal)
VALUES ('228d235d-c6e0-4c9f-b4db-def6a71c2d04', '65f0b94f-ccbe-4b50-a175-66810ae10f44', 'Croissant', 2, 80, 160);

INSERT INTO public.orders (id, order_id, status, amount, payment_method, cashier_name, created_at)
VALUES ('9eec652c-1a0d-425b-8bf1-05cd7de3d0bd', 'ORD-02376', 'Void (Consumed)', 240, 'Credit Card', 'System Seed', '2026-06-22T01:50:50.990Z');

INSERT INTO public.order_items (order_id, product_id, name, quantity, unit_price, subtotal)
VALUES ('9eec652c-1a0d-425b-8bf1-05cd7de3d0bd', '48233f0a-6e57-4a45-b033-627d13f1be78', 'Cappuccino', 2, 120, 240);

INSERT INTO public.orders (id, order_id, status, amount, payment_method, cashier_name, created_at)
VALUES ('18ac6f12-6b0d-4d45-966f-807836e1c7d5', 'ORD-02377', 'Void (Consumed)', 180, 'Credit Card', 'System Seed', '2026-06-22T06:03:10.990Z');

INSERT INTO public.order_items (order_id, product_id, name, quantity, unit_price, subtotal)
VALUES ('18ac6f12-6b0d-4d45-966f-807836e1c7d5', 'fe6b02e6-9366-4abd-874c-fcb832e0e282', 'Green Tea', 2, 90, 180);

INSERT INTO public.orders (id, order_id, status, amount, payment_method, cashier_name, created_at)
VALUES ('033520b5-9090-465e-a274-9619762ecdd9', 'ORD-02378', 'Completed', 855, 'GCash', 'System Seed', '2026-06-22T06:06:33.990Z');

INSERT INTO public.order_items (order_id, product_id, name, quantity, unit_price, subtotal)
VALUES ('033520b5-9090-465e-a274-9619762ecdd9', '1b5c6269-ce45-4413-acb8-21813cd7f9cf', 'Mocha', 3, 140, 420);

INSERT INTO public.order_items (order_id, product_id, name, quantity, unit_price, subtotal)
VALUES ('033520b5-9090-465e-a274-9619762ecdd9', '36c93748-7c86-4ddb-ba49-1bd1a164bf42', 'Blueberry Muffin', 1, 95, 95);

INSERT INTO public.order_items (order_id, product_id, name, quantity, unit_price, subtotal)
VALUES ('033520b5-9090-465e-a274-9619762ecdd9', '3a6a55c0-70f3-4417-a252-db77d9e511c0', 'Latte', 1, 120, 120);

INSERT INTO public.order_items (order_id, product_id, name, quantity, unit_price, subtotal)
VALUES ('033520b5-9090-465e-a274-9619762ecdd9', 'dfe22f11-84a3-41d2-a268-149f012eae60', 'Sparkling Lemonade', 2, 110, 220);

INSERT INTO public.orders (id, order_id, status, amount, payment_method, cashier_name, created_at)
VALUES ('62b380d3-648c-43c8-9fe4-d0bb86da7650', 'ORD-02379', 'Completed', 270, 'Credit Card', 'System Seed', '2026-06-22T03:53:24.990Z');

INSERT INTO public.order_items (order_id, product_id, name, quantity, unit_price, subtotal)
VALUES ('62b380d3-648c-43c8-9fe4-d0bb86da7650', 'fe6b02e6-9366-4abd-874c-fcb832e0e282', 'Green Tea', 3, 90, 270);

INSERT INTO public.orders (id, order_id, status, amount, payment_method, cashier_name, created_at)
VALUES ('d7bdd569-0bcc-4e7b-a1e8-fcce46c34ddd', 'ORD-02380', 'Completed', 1120, 'Credit Card', 'System Seed', '2026-06-22T07:03:23.990Z');

INSERT INTO public.order_items (order_id, product_id, name, quantity, unit_price, subtotal)
VALUES ('d7bdd569-0bcc-4e7b-a1e8-fcce46c34ddd', '48233f0a-6e57-4a45-b033-627d13f1be78', 'Cappuccino', 3, 120, 360);

INSERT INTO public.order_items (order_id, product_id, name, quantity, unit_price, subtotal)
VALUES ('d7bdd569-0bcc-4e7b-a1e8-fcce46c34ddd', '65f0b94f-ccbe-4b50-a175-66810ae10f44', 'Croissant', 2, 80, 160);

INSERT INTO public.order_items (order_id, product_id, name, quantity, unit_price, subtotal)
VALUES ('d7bdd569-0bcc-4e7b-a1e8-fcce46c34ddd', '48233f0a-6e57-4a45-b033-627d13f1be78', 'Cappuccino', 3, 120, 360);

INSERT INTO public.order_items (order_id, product_id, name, quantity, unit_price, subtotal)
VALUES ('d7bdd569-0bcc-4e7b-a1e8-fcce46c34ddd', '65f0b94f-ccbe-4b50-a175-66810ae10f44', 'Croissant', 3, 80, 240);

INSERT INTO public.orders (id, order_id, status, amount, payment_method, cashier_name, created_at)
VALUES ('a65036a5-926c-4903-85ba-05f7c3400b46', 'ORD-02381', 'Void (Consumed)', 190, 'GCash', 'System Seed', '2026-06-22T03:57:49.990Z');

INSERT INTO public.order_items (order_id, product_id, name, quantity, unit_price, subtotal)
VALUES ('a65036a5-926c-4903-85ba-05f7c3400b46', '36c93748-7c86-4ddb-ba49-1bd1a164bf42', 'Blueberry Muffin', 2, 95, 190);

INSERT INTO public.orders (id, order_id, status, amount, payment_method, cashier_name, created_at)
VALUES ('73167d58-f65a-4d2a-be9a-0b3d1e9e20db', 'ORD-02382', 'Completed', 505, 'Credit Card', 'System Seed', '2026-06-22T10:48:56.990Z');

INSERT INTO public.order_items (order_id, product_id, name, quantity, unit_price, subtotal)
VALUES ('73167d58-f65a-4d2a-be9a-0b3d1e9e20db', 'dfe22f11-84a3-41d2-a268-149f012eae60', 'Sparkling Lemonade', 1, 110, 110);

INSERT INTO public.order_items (order_id, product_id, name, quantity, unit_price, subtotal)
VALUES ('73167d58-f65a-4d2a-be9a-0b3d1e9e20db', 'dfe22f11-84a3-41d2-a268-149f012eae60', 'Sparkling Lemonade', 1, 110, 110);

INSERT INTO public.order_items (order_id, product_id, name, quantity, unit_price, subtotal)
VALUES ('73167d58-f65a-4d2a-be9a-0b3d1e9e20db', '36c93748-7c86-4ddb-ba49-1bd1a164bf42', 'Blueberry Muffin', 3, 95, 285);

INSERT INTO public.orders (id, order_id, status, amount, payment_method, cashier_name, created_at)
VALUES ('41b599ca-8bb6-4951-a252-d15c737e3093', 'ORD-02383', 'Completed', 240, 'Cash', 'System Seed', '2026-06-21T23:34:21.990Z');

INSERT INTO public.order_items (order_id, product_id, name, quantity, unit_price, subtotal)
VALUES ('41b599ca-8bb6-4951-a252-d15c737e3093', '65f0b94f-ccbe-4b50-a175-66810ae10f44', 'Croissant', 3, 80, 240);

INSERT INTO public.orders (id, order_id, status, amount, payment_method, cashier_name, created_at)
VALUES ('3b24f4aa-d2f9-4b81-b3f4-befcf3c38829', 'ORD-02384', 'Completed', 580, 'Credit Card', 'System Seed', '2026-06-22T08:22:12.990Z');

INSERT INTO public.order_items (order_id, product_id, name, quantity, unit_price, subtotal)
VALUES ('3b24f4aa-d2f9-4b81-b3f4-befcf3c38829', '36c93748-7c86-4ddb-ba49-1bd1a164bf42', 'Blueberry Muffin', 1, 95, 95);

INSERT INTO public.order_items (order_id, product_id, name, quantity, unit_price, subtotal)
VALUES ('3b24f4aa-d2f9-4b81-b3f4-befcf3c38829', '36c93748-7c86-4ddb-ba49-1bd1a164bf42', 'Blueberry Muffin', 3, 95, 285);

INSERT INTO public.order_items (order_id, product_id, name, quantity, unit_price, subtotal)
VALUES ('3b24f4aa-d2f9-4b81-b3f4-befcf3c38829', '83a6812d-2665-4ce5-871a-78a4eab3ce80', 'Americano', 2, 100, 200);

INSERT INTO public.orders (id, order_id, status, amount, payment_method, cashier_name, created_at)
VALUES ('fe11f99a-05d4-49c5-8b92-814a29a89d4b', 'ORD-02385', 'Completed', 460, 'Maya', 'System Seed', '2026-06-22T06:35:13.990Z');

INSERT INTO public.order_items (order_id, product_id, name, quantity, unit_price, subtotal)
VALUES ('fe11f99a-05d4-49c5-8b92-814a29a89d4b', '3a6a55c0-70f3-4417-a252-db77d9e511c0', 'Latte', 2, 120, 240);

INSERT INTO public.order_items (order_id, product_id, name, quantity, unit_price, subtotal)
VALUES ('fe11f99a-05d4-49c5-8b92-814a29a89d4b', 'dfe22f11-84a3-41d2-a268-149f012eae60', 'Sparkling Lemonade', 2, 110, 220);

INSERT INTO public.orders (id, order_id, status, amount, payment_method, cashier_name, created_at)
VALUES ('5699c486-b851-4f5c-9255-457e81ba3a06', 'ORD-02386', 'Completed', 1270, 'Maya', 'System Seed', '2026-06-22T00:12:48.990Z');

INSERT INTO public.order_items (order_id, product_id, name, quantity, unit_price, subtotal)
VALUES ('5699c486-b851-4f5c-9255-457e81ba3a06', 'dfe22f11-84a3-41d2-a268-149f012eae60', 'Sparkling Lemonade', 2, 110, 220);

INSERT INTO public.order_items (order_id, product_id, name, quantity, unit_price, subtotal)
VALUES ('5699c486-b851-4f5c-9255-457e81ba3a06', '48233f0a-6e57-4a45-b033-627d13f1be78', 'Cappuccino', 3, 120, 360);

INSERT INTO public.order_items (order_id, product_id, name, quantity, unit_price, subtotal)
VALUES ('5699c486-b851-4f5c-9255-457e81ba3a06', '3a6a55c0-70f3-4417-a252-db77d9e511c0', 'Latte', 3, 120, 360);

INSERT INTO public.order_items (order_id, product_id, name, quantity, unit_price, subtotal)
VALUES ('5699c486-b851-4f5c-9255-457e81ba3a06', 'dfe22f11-84a3-41d2-a268-149f012eae60', 'Sparkling Lemonade', 3, 110, 330);

INSERT INTO public.orders (id, order_id, status, amount, payment_method, cashier_name, created_at)
VALUES ('46aed159-20d8-420c-a5d6-a3bf9fe37a3e', 'ORD-02387', 'Completed', 900, 'Credit Card', 'System Seed', '2026-06-21T23:06:31.990Z');

INSERT INTO public.order_items (order_id, product_id, name, quantity, unit_price, subtotal)
VALUES ('46aed159-20d8-420c-a5d6-a3bf9fe37a3e', '48233f0a-6e57-4a45-b033-627d13f1be78', 'Cappuccino', 3, 120, 360);

INSERT INTO public.order_items (order_id, product_id, name, quantity, unit_price, subtotal)
VALUES ('46aed159-20d8-420c-a5d6-a3bf9fe37a3e', 'dfe22f11-84a3-41d2-a268-149f012eae60', 'Sparkling Lemonade', 3, 110, 330);

INSERT INTO public.order_items (order_id, product_id, name, quantity, unit_price, subtotal)
VALUES ('46aed159-20d8-420c-a5d6-a3bf9fe37a3e', 'fe6b02e6-9366-4abd-874c-fcb832e0e282', 'Green Tea', 1, 90, 90);

INSERT INTO public.order_items (order_id, product_id, name, quantity, unit_price, subtotal)
VALUES ('46aed159-20d8-420c-a5d6-a3bf9fe37a3e', '48233f0a-6e57-4a45-b033-627d13f1be78', 'Cappuccino', 1, 120, 120);

INSERT INTO public.orders (id, order_id, status, amount, payment_method, cashier_name, created_at)
VALUES ('daa70ea4-d33f-49fc-a4bc-7aae6c278efc', 'ORD-02388', 'Completed', 95, 'Maya', 'System Seed', '2026-06-22T07:57:03.990Z');

INSERT INTO public.order_items (order_id, product_id, name, quantity, unit_price, subtotal)
VALUES ('daa70ea4-d33f-49fc-a4bc-7aae6c278efc', '36c93748-7c86-4ddb-ba49-1bd1a164bf42', 'Blueberry Muffin', 1, 95, 95);

INSERT INTO public.orders (id, order_id, status, amount, payment_method, cashier_name, created_at)
VALUES ('9433884c-9465-4781-9599-cc9bd23d281c', 'ORD-02389', 'Completed', 300, 'GCash', 'System Seed', '2026-06-22T06:05:16.990Z');

INSERT INTO public.order_items (order_id, product_id, name, quantity, unit_price, subtotal)
VALUES ('9433884c-9465-4781-9599-cc9bd23d281c', '83a6812d-2665-4ce5-871a-78a4eab3ce80', 'Americano', 3, 100, 300);

INSERT INTO public.orders (id, order_id, status, amount, payment_method, cashier_name, created_at)
VALUES ('5775a731-35cd-4a08-8594-da60668fbc30', 'ORD-02390', 'Void (Not Made)', 95, 'Cash', 'System Seed', '2026-06-22T10:11:29.990Z');

INSERT INTO public.order_items (order_id, product_id, name, quantity, unit_price, subtotal)
VALUES ('5775a731-35cd-4a08-8594-da60668fbc30', '36c93748-7c86-4ddb-ba49-1bd1a164bf42', 'Blueberry Muffin', 1, 95, 95);

INSERT INTO public.orders (id, order_id, status, amount, payment_method, cashier_name, created_at)
VALUES ('4d7a82c7-fd80-4701-bc9d-c76145263cc8', 'ORD-02391', 'Completed', 1030, 'GCash', 'System Seed', '2026-06-22T06:21:35.990Z');

INSERT INTO public.order_items (order_id, product_id, name, quantity, unit_price, subtotal)
VALUES ('4d7a82c7-fd80-4701-bc9d-c76145263cc8', 'fe6b02e6-9366-4abd-874c-fcb832e0e282', 'Green Tea', 2, 90, 180);

INSERT INTO public.order_items (order_id, product_id, name, quantity, unit_price, subtotal)
VALUES ('4d7a82c7-fd80-4701-bc9d-c76145263cc8', 'dfe22f11-84a3-41d2-a268-149f012eae60', 'Sparkling Lemonade', 3, 110, 330);

INSERT INTO public.order_items (order_id, product_id, name, quantity, unit_price, subtotal)
VALUES ('4d7a82c7-fd80-4701-bc9d-c76145263cc8', '1b5c6269-ce45-4413-acb8-21813cd7f9cf', 'Mocha', 2, 140, 280);

INSERT INTO public.order_items (order_id, product_id, name, quantity, unit_price, subtotal)
VALUES ('4d7a82c7-fd80-4701-bc9d-c76145263cc8', '65f0b94f-ccbe-4b50-a175-66810ae10f44', 'Croissant', 3, 80, 240);

INSERT INTO public.orders (id, order_id, status, amount, payment_method, cashier_name, created_at)
VALUES ('9c5f9e9b-15e2-4ba0-9388-3a549b87ddad', 'ORD-02392', 'Completed', 610, 'Maya', 'System Seed', '2026-06-22T05:42:47.990Z');

INSERT INTO public.order_items (order_id, product_id, name, quantity, unit_price, subtotal)
VALUES ('9c5f9e9b-15e2-4ba0-9388-3a549b87ddad', '1b5c6269-ce45-4413-acb8-21813cd7f9cf', 'Mocha', 1, 140, 140);

INSERT INTO public.order_items (order_id, product_id, name, quantity, unit_price, subtotal)
VALUES ('9c5f9e9b-15e2-4ba0-9388-3a549b87ddad', 'fe6b02e6-9366-4abd-874c-fcb832e0e282', 'Green Tea', 3, 90, 270);

INSERT INTO public.order_items (order_id, product_id, name, quantity, unit_price, subtotal)
VALUES ('9c5f9e9b-15e2-4ba0-9388-3a549b87ddad', '83a6812d-2665-4ce5-871a-78a4eab3ce80', 'Americano', 2, 100, 200);

INSERT INTO public.orders (id, order_id, status, amount, payment_method, cashier_name, created_at)
VALUES ('c0b11c04-7f89-4e86-9425-55726a6d0397', 'ORD-02393', 'Void (Not Made)', 95, 'Cash', 'System Seed', '2026-06-22T10:14:00.990Z');

INSERT INTO public.order_items (order_id, product_id, name, quantity, unit_price, subtotal)
VALUES ('c0b11c04-7f89-4e86-9425-55726a6d0397', '36c93748-7c86-4ddb-ba49-1bd1a164bf42', 'Blueberry Muffin', 1, 95, 95);

INSERT INTO public.orders (id, order_id, status, amount, payment_method, cashier_name, created_at)
VALUES ('0a3db383-297b-44ca-91ab-0e155ca45c1f', 'ORD-02394', 'Completed', 295, 'Credit Card', 'System Seed', '2026-06-21T23:43:06.990Z');

INSERT INTO public.order_items (order_id, product_id, name, quantity, unit_price, subtotal)
VALUES ('0a3db383-297b-44ca-91ab-0e155ca45c1f', '83a6812d-2665-4ce5-871a-78a4eab3ce80', 'Americano', 2, 100, 200);

INSERT INTO public.order_items (order_id, product_id, name, quantity, unit_price, subtotal)
VALUES ('0a3db383-297b-44ca-91ab-0e155ca45c1f', '36c93748-7c86-4ddb-ba49-1bd1a164bf42', 'Blueberry Muffin', 1, 95, 95);

INSERT INTO public.orders (id, order_id, status, amount, payment_method, cashier_name, created_at)
VALUES ('d35db7f5-f204-4834-9c15-5acbae52c64e', 'ORD-02395', 'Void (Not Made)', 460, 'Maya', 'System Seed', '2026-06-22T08:50:47.990Z');

INSERT INTO public.order_items (order_id, product_id, name, quantity, unit_price, subtotal)
VALUES ('d35db7f5-f204-4834-9c15-5acbae52c64e', '83a6812d-2665-4ce5-871a-78a4eab3ce80', 'Americano', 1, 100, 100);

INSERT INTO public.order_items (order_id, product_id, name, quantity, unit_price, subtotal)
VALUES ('d35db7f5-f204-4834-9c15-5acbae52c64e', '1b5c6269-ce45-4413-acb8-21813cd7f9cf', 'Mocha', 1, 140, 140);

INSERT INTO public.order_items (order_id, product_id, name, quantity, unit_price, subtotal)
VALUES ('d35db7f5-f204-4834-9c15-5acbae52c64e', 'dfe22f11-84a3-41d2-a268-149f012eae60', 'Sparkling Lemonade', 2, 110, 220);

INSERT INTO public.orders (id, order_id, status, amount, payment_method, cashier_name, created_at)
VALUES ('c9855660-a11b-4818-813c-e431ee9279c2', 'ORD-02396', 'Void (Consumed)', 240, 'Maya', 'System Seed', '2026-06-22T11:44:34.990Z');

INSERT INTO public.order_items (order_id, product_id, name, quantity, unit_price, subtotal)
VALUES ('c9855660-a11b-4818-813c-e431ee9279c2', '48233f0a-6e57-4a45-b033-627d13f1be78', 'Cappuccino', 2, 120, 240);

INSERT INTO public.orders (id, order_id, status, amount, payment_method, cashier_name, created_at)
VALUES ('cd071d95-7f98-45c2-ad5e-6f543167e5ac', 'ORD-02397', 'Void (Not Made)', 1010, 'Credit Card', 'System Seed', '2026-06-22T06:46:00.990Z');

INSERT INTO public.order_items (order_id, product_id, name, quantity, unit_price, subtotal)
VALUES ('cd071d95-7f98-45c2-ad5e-6f543167e5ac', 'fe6b02e6-9366-4abd-874c-fcb832e0e282', 'Green Tea', 3, 90, 270);

INSERT INTO public.order_items (order_id, product_id, name, quantity, unit_price, subtotal)
VALUES ('cd071d95-7f98-45c2-ad5e-6f543167e5ac', '1b5c6269-ce45-4413-acb8-21813cd7f9cf', 'Mocha', 1, 140, 140);

INSERT INTO public.order_items (order_id, product_id, name, quantity, unit_price, subtotal)
VALUES ('cd071d95-7f98-45c2-ad5e-6f543167e5ac', 'dfe22f11-84a3-41d2-a268-149f012eae60', 'Sparkling Lemonade', 3, 110, 330);

INSERT INTO public.order_items (order_id, product_id, name, quantity, unit_price, subtotal)
VALUES ('cd071d95-7f98-45c2-ad5e-6f543167e5ac', 'fe6b02e6-9366-4abd-874c-fcb832e0e282', 'Green Tea', 3, 90, 270);

INSERT INTO public.orders (id, order_id, status, amount, payment_method, cashier_name, created_at)
VALUES ('9549a033-53dd-46f2-9d29-925f6fee70c4', 'ORD-02398', 'Void (Not Made)', 80, 'Credit Card', 'System Seed', '2026-06-22T00:22:55.990Z');

INSERT INTO public.order_items (order_id, product_id, name, quantity, unit_price, subtotal)
VALUES ('9549a033-53dd-46f2-9d29-925f6fee70c4', '65f0b94f-ccbe-4b50-a175-66810ae10f44', 'Croissant', 1, 80, 80);

INSERT INTO public.orders (id, order_id, status, amount, payment_method, cashier_name, created_at)
VALUES ('b12e1572-cc82-4df9-94a2-e4873ebb460f', 'ORD-02399', 'Completed', 180, 'Credit Card', 'System Seed', '2026-06-22T04:58:27.990Z');

INSERT INTO public.order_items (order_id, product_id, name, quantity, unit_price, subtotal)
VALUES ('b12e1572-cc82-4df9-94a2-e4873ebb460f', 'fe6b02e6-9366-4abd-874c-fcb832e0e282', 'Green Tea', 1, 90, 90);

INSERT INTO public.order_items (order_id, product_id, name, quantity, unit_price, subtotal)
VALUES ('b12e1572-cc82-4df9-94a2-e4873ebb460f', 'fe6b02e6-9366-4abd-874c-fcb832e0e282', 'Green Tea', 1, 90, 90);

INSERT INTO public.orders (id, order_id, status, amount, payment_method, cashier_name, created_at)
VALUES ('79394398-39f0-4799-8137-d7a7930f3061', 'ORD-02400', 'Completed', 530, 'GCash', 'System Seed', '2026-06-22T05:27:29.990Z');

INSERT INTO public.order_items (order_id, product_id, name, quantity, unit_price, subtotal)
VALUES ('79394398-39f0-4799-8137-d7a7930f3061', '83a6812d-2665-4ce5-871a-78a4eab3ce80', 'Americano', 2, 100, 200);

INSERT INTO public.order_items (order_id, product_id, name, quantity, unit_price, subtotal)
VALUES ('79394398-39f0-4799-8137-d7a7930f3061', 'dfe22f11-84a3-41d2-a268-149f012eae60', 'Sparkling Lemonade', 3, 110, 330);

INSERT INTO public.orders (id, order_id, status, amount, payment_method, cashier_name, created_at)
VALUES ('45331a97-6d1c-4c2b-a5a3-d279034ee3d7', 'ORD-02401', 'Void (Consumed)', 110, 'Cash', 'System Seed', '2026-06-22T12:03:30.990Z');

INSERT INTO public.order_items (order_id, product_id, name, quantity, unit_price, subtotal)
VALUES ('45331a97-6d1c-4c2b-a5a3-d279034ee3d7', 'dfe22f11-84a3-41d2-a268-149f012eae60', 'Sparkling Lemonade', 1, 110, 110);

INSERT INTO public.orders (id, order_id, status, amount, payment_method, cashier_name, created_at)
VALUES ('9ea30afb-7831-47a1-9be7-c80115cba35f', 'ORD-02402', 'Void (Not Made)', 880, 'Credit Card', 'System Seed', '2026-06-22T01:03:35.990Z');

INSERT INTO public.order_items (order_id, product_id, name, quantity, unit_price, subtotal)
VALUES ('9ea30afb-7831-47a1-9be7-c80115cba35f', 'dfe22f11-84a3-41d2-a268-149f012eae60', 'Sparkling Lemonade', 1, 110, 110);

INSERT INTO public.order_items (order_id, product_id, name, quantity, unit_price, subtotal)
VALUES ('9ea30afb-7831-47a1-9be7-c80115cba35f', 'dfe22f11-84a3-41d2-a268-149f012eae60', 'Sparkling Lemonade', 3, 110, 330);

INSERT INTO public.order_items (order_id, product_id, name, quantity, unit_price, subtotal)
VALUES ('9ea30afb-7831-47a1-9be7-c80115cba35f', '65f0b94f-ccbe-4b50-a175-66810ae10f44', 'Croissant', 2, 80, 160);

INSERT INTO public.order_items (order_id, product_id, name, quantity, unit_price, subtotal)
VALUES ('9ea30afb-7831-47a1-9be7-c80115cba35f', '1b5c6269-ce45-4413-acb8-21813cd7f9cf', 'Mocha', 2, 140, 280);

INSERT INTO public.orders (id, order_id, status, amount, payment_method, cashier_name, created_at)
VALUES ('aa82df93-d8bc-40b2-9210-8ee30e563de7', 'ORD-02403', 'Completed', 560, 'Cash', 'System Seed', '2026-06-21T23:11:26.990Z');

INSERT INTO public.order_items (order_id, product_id, name, quantity, unit_price, subtotal)
VALUES ('aa82df93-d8bc-40b2-9210-8ee30e563de7', '1b5c6269-ce45-4413-acb8-21813cd7f9cf', 'Mocha', 2, 140, 280);

INSERT INTO public.order_items (order_id, product_id, name, quantity, unit_price, subtotal)
VALUES ('aa82df93-d8bc-40b2-9210-8ee30e563de7', '48233f0a-6e57-4a45-b033-627d13f1be78', 'Cappuccino', 1, 120, 120);

INSERT INTO public.order_items (order_id, product_id, name, quantity, unit_price, subtotal)
VALUES ('aa82df93-d8bc-40b2-9210-8ee30e563de7', '65f0b94f-ccbe-4b50-a175-66810ae10f44', 'Croissant', 2, 80, 160);

INSERT INTO public.orders (id, order_id, status, amount, payment_method, cashier_name, created_at)
VALUES ('cee37d96-32cf-40c0-a085-0da23b6112e8', 'ORD-02404', 'Completed', 505, 'Cash', 'System Seed', '2026-06-22T06:08:24.990Z');

INSERT INTO public.order_items (order_id, product_id, name, quantity, unit_price, subtotal)
VALUES ('cee37d96-32cf-40c0-a085-0da23b6112e8', '36c93748-7c86-4ddb-ba49-1bd1a164bf42', 'Blueberry Muffin', 3, 95, 285);

INSERT INTO public.order_items (order_id, product_id, name, quantity, unit_price, subtotal)
VALUES ('cee37d96-32cf-40c0-a085-0da23b6112e8', 'dfe22f11-84a3-41d2-a268-149f012eae60', 'Sparkling Lemonade', 2, 110, 220);

INSERT INTO public.orders (id, order_id, status, amount, payment_method, cashier_name, created_at)
VALUES ('dbcbb7cb-f604-472f-9808-cfac6b05f405', 'ORD-02405', 'Completed', 580, 'Maya', 'System Seed', '2026-06-22T00:11:04.990Z');

INSERT INTO public.order_items (order_id, product_id, name, quantity, unit_price, subtotal)
VALUES ('dbcbb7cb-f604-472f-9808-cfac6b05f405', 'dfe22f11-84a3-41d2-a268-149f012eae60', 'Sparkling Lemonade', 2, 110, 220);

INSERT INTO public.order_items (order_id, product_id, name, quantity, unit_price, subtotal)
VALUES ('dbcbb7cb-f604-472f-9808-cfac6b05f405', '48233f0a-6e57-4a45-b033-627d13f1be78', 'Cappuccino', 3, 120, 360);

INSERT INTO public.orders (id, order_id, status, amount, payment_method, cashier_name, created_at)
VALUES ('69de79fe-f13b-4394-8b1a-cde4b0b0c3e9', 'ORD-02406', 'Void (Consumed)', 240, 'Credit Card', 'System Seed', '2026-06-23T06:28:10.990Z');

INSERT INTO public.order_items (order_id, product_id, name, quantity, unit_price, subtotal)
VALUES ('69de79fe-f13b-4394-8b1a-cde4b0b0c3e9', '65f0b94f-ccbe-4b50-a175-66810ae10f44', 'Croissant', 3, 80, 240);

INSERT INTO public.orders (id, order_id, status, amount, payment_method, cashier_name, created_at)
VALUES ('c257b85f-41df-4e5e-be20-1865aba2c6f4', 'ORD-02407', 'Void (Not Made)', 360, 'Cash', 'System Seed', '2026-06-23T11:20:44.990Z');

INSERT INTO public.order_items (order_id, product_id, name, quantity, unit_price, subtotal)
VALUES ('c257b85f-41df-4e5e-be20-1865aba2c6f4', '3a6a55c0-70f3-4417-a252-db77d9e511c0', 'Latte', 3, 120, 360);

INSERT INTO public.orders (id, order_id, status, amount, payment_method, cashier_name, created_at)
VALUES ('139ff306-b7b3-459c-813c-de3bd8750be9', 'ORD-02408', 'Completed', 780, 'Cash', 'System Seed', '2026-06-23T11:03:44.990Z');

INSERT INTO public.order_items (order_id, product_id, name, quantity, unit_price, subtotal)
VALUES ('139ff306-b7b3-459c-813c-de3bd8750be9', '1b5c6269-ce45-4413-acb8-21813cd7f9cf', 'Mocha', 3, 140, 420);

INSERT INTO public.order_items (order_id, product_id, name, quantity, unit_price, subtotal)
VALUES ('139ff306-b7b3-459c-813c-de3bd8750be9', '65f0b94f-ccbe-4b50-a175-66810ae10f44', 'Croissant', 1, 80, 80);

INSERT INTO public.order_items (order_id, product_id, name, quantity, unit_price, subtotal)
VALUES ('139ff306-b7b3-459c-813c-de3bd8750be9', '1b5c6269-ce45-4413-acb8-21813cd7f9cf', 'Mocha', 2, 140, 280);

INSERT INTO public.orders (id, order_id, status, amount, payment_method, cashier_name, created_at)
VALUES ('77791250-dabc-4d90-805d-b539051ec04d', 'ORD-02409', 'Completed', 1165, 'Credit Card', 'System Seed', '2026-06-23T11:33:00.990Z');

INSERT INTO public.order_items (order_id, product_id, name, quantity, unit_price, subtotal)
VALUES ('77791250-dabc-4d90-805d-b539051ec04d', '36c93748-7c86-4ddb-ba49-1bd1a164bf42', 'Blueberry Muffin', 3, 95, 285);

INSERT INTO public.order_items (order_id, product_id, name, quantity, unit_price, subtotal)
VALUES ('77791250-dabc-4d90-805d-b539051ec04d', '36c93748-7c86-4ddb-ba49-1bd1a164bf42', 'Blueberry Muffin', 2, 95, 190);

INSERT INTO public.order_items (order_id, product_id, name, quantity, unit_price, subtotal)
VALUES ('77791250-dabc-4d90-805d-b539051ec04d', '48233f0a-6e57-4a45-b033-627d13f1be78', 'Cappuccino', 3, 120, 360);

INSERT INTO public.order_items (order_id, product_id, name, quantity, unit_price, subtotal)
VALUES ('77791250-dabc-4d90-805d-b539051ec04d', 'dfe22f11-84a3-41d2-a268-149f012eae60', 'Sparkling Lemonade', 3, 110, 330);

INSERT INTO public.orders (id, order_id, status, amount, payment_method, cashier_name, created_at)
VALUES ('0a298cd2-a639-487e-ab7a-1265f32400c0', 'ORD-02410', 'Completed', 280, 'Cash', 'System Seed', '2026-06-23T06:35:24.990Z');

INSERT INTO public.order_items (order_id, product_id, name, quantity, unit_price, subtotal)
VALUES ('0a298cd2-a639-487e-ab7a-1265f32400c0', '1b5c6269-ce45-4413-acb8-21813cd7f9cf', 'Mocha', 2, 140, 280);

INSERT INTO public.orders (id, order_id, status, amount, payment_method, cashier_name, created_at)
VALUES ('5945bd2e-8b34-44ec-b2c4-b1f2b32a3195', 'ORD-02411', 'Void (Not Made)', 120, 'GCash', 'System Seed', '2026-06-22T23:04:59.990Z');

INSERT INTO public.order_items (order_id, product_id, name, quantity, unit_price, subtotal)
VALUES ('5945bd2e-8b34-44ec-b2c4-b1f2b32a3195', '48233f0a-6e57-4a45-b033-627d13f1be78', 'Cappuccino', 1, 120, 120);

INSERT INTO public.orders (id, order_id, status, amount, payment_method, cashier_name, created_at)
VALUES ('fff87fc8-50e3-4f34-9c74-8a620717c5e2', 'ORD-02412', 'Completed', 895, 'Maya', 'System Seed', '2026-06-23T09:08:37.990Z');

INSERT INTO public.order_items (order_id, product_id, name, quantity, unit_price, subtotal)
VALUES ('fff87fc8-50e3-4f34-9c74-8a620717c5e2', '65f0b94f-ccbe-4b50-a175-66810ae10f44', 'Croissant', 2, 80, 160);

INSERT INTO public.order_items (order_id, product_id, name, quantity, unit_price, subtotal)
VALUES ('fff87fc8-50e3-4f34-9c74-8a620717c5e2', 'fe6b02e6-9366-4abd-874c-fcb832e0e282', 'Green Tea', 1, 90, 90);

INSERT INTO public.order_items (order_id, product_id, name, quantity, unit_price, subtotal)
VALUES ('fff87fc8-50e3-4f34-9c74-8a620717c5e2', '36c93748-7c86-4ddb-ba49-1bd1a164bf42', 'Blueberry Muffin', 3, 95, 285);

INSERT INTO public.order_items (order_id, product_id, name, quantity, unit_price, subtotal)
VALUES ('fff87fc8-50e3-4f34-9c74-8a620717c5e2', '48233f0a-6e57-4a45-b033-627d13f1be78', 'Cappuccino', 3, 120, 360);

INSERT INTO public.orders (id, order_id, status, amount, payment_method, cashier_name, created_at)
VALUES ('53d00f9a-05e1-4eae-9edb-821a8484b512', 'ORD-02413', 'Completed', 270, 'GCash', 'System Seed', '2026-06-23T02:48:44.990Z');

INSERT INTO public.order_items (order_id, product_id, name, quantity, unit_price, subtotal)
VALUES ('53d00f9a-05e1-4eae-9edb-821a8484b512', 'fe6b02e6-9366-4abd-874c-fcb832e0e282', 'Green Tea', 3, 90, 270);

INSERT INTO public.orders (id, order_id, status, amount, payment_method, cashier_name, created_at)
VALUES ('2a225d6f-18dc-4796-821f-7b4b40257504', 'ORD-02414', 'Completed', 360, 'Maya', 'System Seed', '2026-06-23T04:05:07.990Z');

INSERT INTO public.order_items (order_id, product_id, name, quantity, unit_price, subtotal)
VALUES ('2a225d6f-18dc-4796-821f-7b4b40257504', '1b5c6269-ce45-4413-acb8-21813cd7f9cf', 'Mocha', 1, 140, 140);

INSERT INTO public.order_items (order_id, product_id, name, quantity, unit_price, subtotal)
VALUES ('2a225d6f-18dc-4796-821f-7b4b40257504', '1b5c6269-ce45-4413-acb8-21813cd7f9cf', 'Mocha', 1, 140, 140);

INSERT INTO public.order_items (order_id, product_id, name, quantity, unit_price, subtotal)
VALUES ('2a225d6f-18dc-4796-821f-7b4b40257504', '65f0b94f-ccbe-4b50-a175-66810ae10f44', 'Croissant', 1, 80, 80);

INSERT INTO public.orders (id, order_id, status, amount, payment_method, cashier_name, created_at)
VALUES ('2c913ae9-470a-47b0-8047-0297f1ae1d0e', 'ORD-02415', 'Void (Consumed)', 610, 'GCash', 'System Seed', '2026-06-23T08:47:16.990Z');

INSERT INTO public.order_items (order_id, product_id, name, quantity, unit_price, subtotal)
VALUES ('2c913ae9-470a-47b0-8047-0297f1ae1d0e', '83a6812d-2665-4ce5-871a-78a4eab3ce80', 'Americano', 3, 100, 300);

INSERT INTO public.order_items (order_id, product_id, name, quantity, unit_price, subtotal)
VALUES ('2c913ae9-470a-47b0-8047-0297f1ae1d0e', '36c93748-7c86-4ddb-ba49-1bd1a164bf42', 'Blueberry Muffin', 2, 95, 190);

INSERT INTO public.order_items (order_id, product_id, name, quantity, unit_price, subtotal)
VALUES ('2c913ae9-470a-47b0-8047-0297f1ae1d0e', '3a6a55c0-70f3-4417-a252-db77d9e511c0', 'Latte', 1, 120, 120);

INSERT INTO public.orders (id, order_id, status, amount, payment_method, cashier_name, created_at)
VALUES ('06e3afd9-93d6-493b-954e-77f16d70595d', 'ORD-02416', 'Completed', 1140, 'Maya', 'System Seed', '2026-06-23T05:10:16.990Z');

INSERT INTO public.order_items (order_id, product_id, name, quantity, unit_price, subtotal)
VALUES ('06e3afd9-93d6-493b-954e-77f16d70595d', '3a6a55c0-70f3-4417-a252-db77d9e511c0', 'Latte', 3, 120, 360);

INSERT INTO public.order_items (order_id, product_id, name, quantity, unit_price, subtotal)
VALUES ('06e3afd9-93d6-493b-954e-77f16d70595d', '3a6a55c0-70f3-4417-a252-db77d9e511c0', 'Latte', 1, 120, 120);

INSERT INTO public.order_items (order_id, product_id, name, quantity, unit_price, subtotal)
VALUES ('06e3afd9-93d6-493b-954e-77f16d70595d', '3a6a55c0-70f3-4417-a252-db77d9e511c0', 'Latte', 3, 120, 360);

INSERT INTO public.order_items (order_id, product_id, name, quantity, unit_price, subtotal)
VALUES ('06e3afd9-93d6-493b-954e-77f16d70595d', '83a6812d-2665-4ce5-871a-78a4eab3ce80', 'Americano', 3, 100, 300);

INSERT INTO public.orders (id, order_id, status, amount, payment_method, cashier_name, created_at)
VALUES ('06a880fe-552f-4ed6-a4ef-ae27d440a5f9', 'ORD-02417', 'Completed', 90, 'Credit Card', 'System Seed', '2026-06-23T03:30:31.990Z');

INSERT INTO public.order_items (order_id, product_id, name, quantity, unit_price, subtotal)
VALUES ('06a880fe-552f-4ed6-a4ef-ae27d440a5f9', 'fe6b02e6-9366-4abd-874c-fcb832e0e282', 'Green Tea', 1, 90, 90);

INSERT INTO public.orders (id, order_id, status, amount, payment_method, cashier_name, created_at)
VALUES ('ff06d361-b866-4105-9a1e-97450b5787c7', 'ORD-02418', 'Completed', 490, 'Cash', 'System Seed', '2026-06-23T03:49:14.990Z');

INSERT INTO public.order_items (order_id, product_id, name, quantity, unit_price, subtotal)
VALUES ('ff06d361-b866-4105-9a1e-97450b5787c7', 'dfe22f11-84a3-41d2-a268-149f012eae60', 'Sparkling Lemonade', 3, 110, 330);

INSERT INTO public.order_items (order_id, product_id, name, quantity, unit_price, subtotal)
VALUES ('ff06d361-b866-4105-9a1e-97450b5787c7', '65f0b94f-ccbe-4b50-a175-66810ae10f44', 'Croissant', 2, 80, 160);

INSERT INTO public.orders (id, order_id, status, amount, payment_method, cashier_name, created_at)
VALUES ('0c8a0492-a13d-414e-ac48-9c43721f97b7', 'ORD-02419', 'Completed', 940, 'Maya', 'System Seed', '2026-06-23T11:58:03.990Z');

INSERT INTO public.order_items (order_id, product_id, name, quantity, unit_price, subtotal)
VALUES ('0c8a0492-a13d-414e-ac48-9c43721f97b7', '3a6a55c0-70f3-4417-a252-db77d9e511c0', 'Latte', 3, 120, 360);

INSERT INTO public.order_items (order_id, product_id, name, quantity, unit_price, subtotal)
VALUES ('0c8a0492-a13d-414e-ac48-9c43721f97b7', '1b5c6269-ce45-4413-acb8-21813cd7f9cf', 'Mocha', 2, 140, 280);

INSERT INTO public.order_items (order_id, product_id, name, quantity, unit_price, subtotal)
VALUES ('0c8a0492-a13d-414e-ac48-9c43721f97b7', '83a6812d-2665-4ce5-871a-78a4eab3ce80', 'Americano', 3, 100, 300);

INSERT INTO public.orders (id, order_id, status, amount, payment_method, cashier_name, created_at)
VALUES ('66a99f75-efa1-4164-a0d9-3e14ae176019', 'ORD-02420', 'Completed', 1130, 'Maya', 'System Seed', '2026-06-23T07:48:04.990Z');

INSERT INTO public.order_items (order_id, product_id, name, quantity, unit_price, subtotal)
VALUES ('66a99f75-efa1-4164-a0d9-3e14ae176019', 'dfe22f11-84a3-41d2-a268-149f012eae60', 'Sparkling Lemonade', 2, 110, 220);

INSERT INTO public.order_items (order_id, product_id, name, quantity, unit_price, subtotal)
VALUES ('66a99f75-efa1-4164-a0d9-3e14ae176019', 'fe6b02e6-9366-4abd-874c-fcb832e0e282', 'Green Tea', 3, 90, 270);

INSERT INTO public.order_items (order_id, product_id, name, quantity, unit_price, subtotal)
VALUES ('66a99f75-efa1-4164-a0d9-3e14ae176019', '1b5c6269-ce45-4413-acb8-21813cd7f9cf', 'Mocha', 2, 140, 280);

INSERT INTO public.order_items (order_id, product_id, name, quantity, unit_price, subtotal)
VALUES ('66a99f75-efa1-4164-a0d9-3e14ae176019', '48233f0a-6e57-4a45-b033-627d13f1be78', 'Cappuccino', 3, 120, 360);

INSERT INTO public.orders (id, order_id, status, amount, payment_method, cashier_name, created_at)
VALUES ('d6a7a86e-a6f8-4622-907d-7a0b0a14840e', 'ORD-02421', 'Void (Not Made)', 460, 'Cash', 'System Seed', '2026-06-23T07:43:03.990Z');

INSERT INTO public.order_items (order_id, product_id, name, quantity, unit_price, subtotal)
VALUES ('d6a7a86e-a6f8-4622-907d-7a0b0a14840e', '83a6812d-2665-4ce5-871a-78a4eab3ce80', 'Americano', 1, 100, 100);

INSERT INTO public.order_items (order_id, product_id, name, quantity, unit_price, subtotal)
VALUES ('d6a7a86e-a6f8-4622-907d-7a0b0a14840e', '48233f0a-6e57-4a45-b033-627d13f1be78', 'Cappuccino', 3, 120, 360);

INSERT INTO public.orders (id, order_id, status, amount, payment_method, cashier_name, created_at)
VALUES ('021b8288-3fba-423d-8d92-d0b85ea0c7f0', 'ORD-02422', 'Completed', 750, 'Credit Card', 'System Seed', '2026-06-23T12:43:01.990Z');

INSERT INTO public.order_items (order_id, product_id, name, quantity, unit_price, subtotal)
VALUES ('021b8288-3fba-423d-8d92-d0b85ea0c7f0', 'dfe22f11-84a3-41d2-a268-149f012eae60', 'Sparkling Lemonade', 3, 110, 330);

INSERT INTO public.order_items (order_id, product_id, name, quantity, unit_price, subtotal)
VALUES ('021b8288-3fba-423d-8d92-d0b85ea0c7f0', '1b5c6269-ce45-4413-acb8-21813cd7f9cf', 'Mocha', 3, 140, 420);

INSERT INTO public.orders (id, order_id, status, amount, payment_method, cashier_name, created_at)
VALUES ('0cab1989-d9e9-450d-9159-2718dc5e9bff', 'ORD-02423', 'Completed', 975, 'GCash', 'System Seed', '2026-06-23T05:34:39.990Z');

INSERT INTO public.order_items (order_id, product_id, name, quantity, unit_price, subtotal)
VALUES ('0cab1989-d9e9-450d-9159-2718dc5e9bff', '65f0b94f-ccbe-4b50-a175-66810ae10f44', 'Croissant', 1, 80, 80);

INSERT INTO public.order_items (order_id, product_id, name, quantity, unit_price, subtotal)
VALUES ('0cab1989-d9e9-450d-9159-2718dc5e9bff', '36c93748-7c86-4ddb-ba49-1bd1a164bf42', 'Blueberry Muffin', 2, 95, 190);

INSERT INTO public.order_items (order_id, product_id, name, quantity, unit_price, subtotal)
VALUES ('0cab1989-d9e9-450d-9159-2718dc5e9bff', '1b5c6269-ce45-4413-acb8-21813cd7f9cf', 'Mocha', 3, 140, 420);

INSERT INTO public.order_items (order_id, product_id, name, quantity, unit_price, subtotal)
VALUES ('0cab1989-d9e9-450d-9159-2718dc5e9bff', '36c93748-7c86-4ddb-ba49-1bd1a164bf42', 'Blueberry Muffin', 3, 95, 285);

INSERT INTO public.orders (id, order_id, status, amount, payment_method, cashier_name, created_at)
VALUES ('d0d86072-43d2-44fc-b867-1bbae7339443', 'ORD-02424', 'Completed', 785, 'Credit Card', 'System Seed', '2026-06-23T09:55:07.990Z');

INSERT INTO public.order_items (order_id, product_id, name, quantity, unit_price, subtotal)
VALUES ('d0d86072-43d2-44fc-b867-1bbae7339443', '3a6a55c0-70f3-4417-a252-db77d9e511c0', 'Latte', 3, 120, 360);

INSERT INTO public.order_items (order_id, product_id, name, quantity, unit_price, subtotal)
VALUES ('d0d86072-43d2-44fc-b867-1bbae7339443', '1b5c6269-ce45-4413-acb8-21813cd7f9cf', 'Mocha', 1, 140, 140);

INSERT INTO public.order_items (order_id, product_id, name, quantity, unit_price, subtotal)
VALUES ('d0d86072-43d2-44fc-b867-1bbae7339443', '36c93748-7c86-4ddb-ba49-1bd1a164bf42', 'Blueberry Muffin', 3, 95, 285);

INSERT INTO public.orders (id, order_id, status, amount, payment_method, cashier_name, created_at)
VALUES ('2bfaa378-e2a9-48be-a380-b210be441562', 'ORD-02425', 'Completed', 360, 'Cash', 'System Seed', '2026-06-23T04:15:04.990Z');

INSERT INTO public.order_items (order_id, product_id, name, quantity, unit_price, subtotal)
VALUES ('2bfaa378-e2a9-48be-a380-b210be441562', '65f0b94f-ccbe-4b50-a175-66810ae10f44', 'Croissant', 3, 80, 240);

INSERT INTO public.order_items (order_id, product_id, name, quantity, unit_price, subtotal)
VALUES ('2bfaa378-e2a9-48be-a380-b210be441562', '3a6a55c0-70f3-4417-a252-db77d9e511c0', 'Latte', 1, 120, 120);

INSERT INTO public.orders (id, order_id, status, amount, payment_method, cashier_name, created_at)
VALUES ('ee5e2dcb-4af6-4aef-9ac5-140f700a6ffe', 'ORD-02426', 'Completed', 735, 'Cash', 'System Seed', '2026-06-23T10:49:58.990Z');

INSERT INTO public.order_items (order_id, product_id, name, quantity, unit_price, subtotal)
VALUES ('ee5e2dcb-4af6-4aef-9ac5-140f700a6ffe', '36c93748-7c86-4ddb-ba49-1bd1a164bf42', 'Blueberry Muffin', 1, 95, 95);

INSERT INTO public.order_items (order_id, product_id, name, quantity, unit_price, subtotal)
VALUES ('ee5e2dcb-4af6-4aef-9ac5-140f700a6ffe', '65f0b94f-ccbe-4b50-a175-66810ae10f44', 'Croissant', 2, 80, 160);

INSERT INTO public.order_items (order_id, product_id, name, quantity, unit_price, subtotal)
VALUES ('ee5e2dcb-4af6-4aef-9ac5-140f700a6ffe', '65f0b94f-ccbe-4b50-a175-66810ae10f44', 'Croissant', 3, 80, 240);

INSERT INTO public.order_items (order_id, product_id, name, quantity, unit_price, subtotal)
VALUES ('ee5e2dcb-4af6-4aef-9ac5-140f700a6ffe', '48233f0a-6e57-4a45-b033-627d13f1be78', 'Cappuccino', 2, 120, 240);

INSERT INTO public.orders (id, order_id, status, amount, payment_method, cashier_name, created_at)
VALUES ('65c98f1c-efcf-4c25-87f4-21a5e9fa0508', 'ORD-02427', 'Completed', 680, 'GCash', 'System Seed', '2026-06-23T07:42:40.990Z');

INSERT INTO public.order_items (order_id, product_id, name, quantity, unit_price, subtotal)
VALUES ('65c98f1c-efcf-4c25-87f4-21a5e9fa0508', '83a6812d-2665-4ce5-871a-78a4eab3ce80', 'Americano', 1, 100, 100);

INSERT INTO public.order_items (order_id, product_id, name, quantity, unit_price, subtotal)
VALUES ('65c98f1c-efcf-4c25-87f4-21a5e9fa0508', '83a6812d-2665-4ce5-871a-78a4eab3ce80', 'Americano', 1, 100, 100);

INSERT INTO public.order_items (order_id, product_id, name, quantity, unit_price, subtotal)
VALUES ('65c98f1c-efcf-4c25-87f4-21a5e9fa0508', '83a6812d-2665-4ce5-871a-78a4eab3ce80', 'Americano', 2, 100, 200);

INSERT INTO public.order_items (order_id, product_id, name, quantity, unit_price, subtotal)
VALUES ('65c98f1c-efcf-4c25-87f4-21a5e9fa0508', '1b5c6269-ce45-4413-acb8-21813cd7f9cf', 'Mocha', 2, 140, 280);

INSERT INTO public.orders (id, order_id, status, amount, payment_method, cashier_name, created_at)
VALUES ('5636c9be-3496-47ab-adb1-35db031681ee', 'ORD-02428', 'Completed', 520, 'GCash', 'System Seed', '2026-06-23T11:07:58.990Z');

INSERT INTO public.order_items (order_id, product_id, name, quantity, unit_price, subtotal)
VALUES ('5636c9be-3496-47ab-adb1-35db031681ee', 'fe6b02e6-9366-4abd-874c-fcb832e0e282', 'Green Tea', 1, 90, 90);

INSERT INTO public.order_items (order_id, product_id, name, quantity, unit_price, subtotal)
VALUES ('5636c9be-3496-47ab-adb1-35db031681ee', '36c93748-7c86-4ddb-ba49-1bd1a164bf42', 'Blueberry Muffin', 2, 95, 190);

INSERT INTO public.order_items (order_id, product_id, name, quantity, unit_price, subtotal)
VALUES ('5636c9be-3496-47ab-adb1-35db031681ee', '65f0b94f-ccbe-4b50-a175-66810ae10f44', 'Croissant', 3, 80, 240);

INSERT INTO public.orders (id, order_id, status, amount, payment_method, cashier_name, created_at)
VALUES ('3a66a539-7af4-4250-8132-58db331bde01', 'ORD-02429', 'Completed', 540, 'Maya', 'System Seed', '2026-06-23T08:29:30.990Z');

INSERT INTO public.order_items (order_id, product_id, name, quantity, unit_price, subtotal)
VALUES ('3a66a539-7af4-4250-8132-58db331bde01', '83a6812d-2665-4ce5-871a-78a4eab3ce80', 'Americano', 3, 100, 300);

INSERT INTO public.order_items (order_id, product_id, name, quantity, unit_price, subtotal)
VALUES ('3a66a539-7af4-4250-8132-58db331bde01', '48233f0a-6e57-4a45-b033-627d13f1be78', 'Cappuccino', 2, 120, 240);

INSERT INTO public.orders (id, order_id, status, amount, payment_method, cashier_name, created_at)
VALUES ('88723a49-7861-4c70-a649-33a1f18327f9', 'ORD-02430', 'Completed', 660, 'Credit Card', 'System Seed', '2026-06-23T01:39:53.990Z');

INSERT INTO public.order_items (order_id, product_id, name, quantity, unit_price, subtotal)
VALUES ('88723a49-7861-4c70-a649-33a1f18327f9', '36c93748-7c86-4ddb-ba49-1bd1a164bf42', 'Blueberry Muffin', 1, 95, 95);

INSERT INTO public.order_items (order_id, product_id, name, quantity, unit_price, subtotal)
VALUES ('88723a49-7861-4c70-a649-33a1f18327f9', '1b5c6269-ce45-4413-acb8-21813cd7f9cf', 'Mocha', 2, 140, 280);

INSERT INTO public.order_items (order_id, product_id, name, quantity, unit_price, subtotal)
VALUES ('88723a49-7861-4c70-a649-33a1f18327f9', '36c93748-7c86-4ddb-ba49-1bd1a164bf42', 'Blueberry Muffin', 3, 95, 285);

INSERT INTO public.orders (id, order_id, status, amount, payment_method, cashier_name, created_at)
VALUES ('d8a9f592-509e-49b9-8ec0-7dec666c8589', 'ORD-02431', 'Completed', 880, 'Credit Card', 'System Seed', '2026-06-23T03:41:44.990Z');

INSERT INTO public.order_items (order_id, product_id, name, quantity, unit_price, subtotal)
VALUES ('d8a9f592-509e-49b9-8ec0-7dec666c8589', 'fe6b02e6-9366-4abd-874c-fcb832e0e282', 'Green Tea', 2, 90, 180);

INSERT INTO public.order_items (order_id, product_id, name, quantity, unit_price, subtotal)
VALUES ('d8a9f592-509e-49b9-8ec0-7dec666c8589', 'fe6b02e6-9366-4abd-874c-fcb832e0e282', 'Green Tea', 2, 90, 180);

INSERT INTO public.order_items (order_id, product_id, name, quantity, unit_price, subtotal)
VALUES ('d8a9f592-509e-49b9-8ec0-7dec666c8589', '83a6812d-2665-4ce5-871a-78a4eab3ce80', 'Americano', 3, 100, 300);

INSERT INTO public.order_items (order_id, product_id, name, quantity, unit_price, subtotal)
VALUES ('d8a9f592-509e-49b9-8ec0-7dec666c8589', 'dfe22f11-84a3-41d2-a268-149f012eae60', 'Sparkling Lemonade', 2, 110, 220);

INSERT INTO public.orders (id, order_id, status, amount, payment_method, cashier_name, created_at)
VALUES ('c8595e6e-9f87-46d4-a84a-78d050151b39', 'ORD-02432', 'Void (Consumed)', 1125, 'Cash', 'System Seed', '2026-06-24T10:12:45.990Z');

INSERT INTO public.order_items (order_id, product_id, name, quantity, unit_price, subtotal)
VALUES ('c8595e6e-9f87-46d4-a84a-78d050151b39', '65f0b94f-ccbe-4b50-a175-66810ae10f44', 'Croissant', 3, 80, 240);

INSERT INTO public.order_items (order_id, product_id, name, quantity, unit_price, subtotal)
VALUES ('c8595e6e-9f87-46d4-a84a-78d050151b39', '83a6812d-2665-4ce5-871a-78a4eab3ce80', 'Americano', 3, 100, 300);

INSERT INTO public.order_items (order_id, product_id, name, quantity, unit_price, subtotal)
VALUES ('c8595e6e-9f87-46d4-a84a-78d050151b39', '36c93748-7c86-4ddb-ba49-1bd1a164bf42', 'Blueberry Muffin', 3, 95, 285);

INSERT INTO public.order_items (order_id, product_id, name, quantity, unit_price, subtotal)
VALUES ('c8595e6e-9f87-46d4-a84a-78d050151b39', '83a6812d-2665-4ce5-871a-78a4eab3ce80', 'Americano', 3, 100, 300);

INSERT INTO public.orders (id, order_id, status, amount, payment_method, cashier_name, created_at)
VALUES ('b32bcf62-61f8-4424-bb53-348c2112cba7', 'ORD-02433', 'Completed', 840, 'GCash', 'System Seed', '2026-06-24T10:47:13.990Z');

INSERT INTO public.order_items (order_id, product_id, name, quantity, unit_price, subtotal)
VALUES ('b32bcf62-61f8-4424-bb53-348c2112cba7', 'fe6b02e6-9366-4abd-874c-fcb832e0e282', 'Green Tea', 2, 90, 180);

INSERT INTO public.order_items (order_id, product_id, name, quantity, unit_price, subtotal)
VALUES ('b32bcf62-61f8-4424-bb53-348c2112cba7', '3a6a55c0-70f3-4417-a252-db77d9e511c0', 'Latte', 1, 120, 120);

INSERT INTO public.order_items (order_id, product_id, name, quantity, unit_price, subtotal)
VALUES ('b32bcf62-61f8-4424-bb53-348c2112cba7', '1b5c6269-ce45-4413-acb8-21813cd7f9cf', 'Mocha', 3, 140, 420);

INSERT INTO public.order_items (order_id, product_id, name, quantity, unit_price, subtotal)
VALUES ('b32bcf62-61f8-4424-bb53-348c2112cba7', '48233f0a-6e57-4a45-b033-627d13f1be78', 'Cappuccino', 1, 120, 120);

INSERT INTO public.orders (id, order_id, status, amount, payment_method, cashier_name, created_at)
VALUES ('6cadfe7e-77ab-43a4-8fbd-6d20cf0ad2f0', 'ORD-02434', 'Completed', 775, 'Cash', 'System Seed', '2026-06-24T00:58:35.990Z');

INSERT INTO public.order_items (order_id, product_id, name, quantity, unit_price, subtotal)
VALUES ('6cadfe7e-77ab-43a4-8fbd-6d20cf0ad2f0', '83a6812d-2665-4ce5-871a-78a4eab3ce80', 'Americano', 3, 100, 300);

INSERT INTO public.order_items (order_id, product_id, name, quantity, unit_price, subtotal)
VALUES ('6cadfe7e-77ab-43a4-8fbd-6d20cf0ad2f0', '36c93748-7c86-4ddb-ba49-1bd1a164bf42', 'Blueberry Muffin', 2, 95, 190);

INSERT INTO public.order_items (order_id, product_id, name, quantity, unit_price, subtotal)
VALUES ('6cadfe7e-77ab-43a4-8fbd-6d20cf0ad2f0', '36c93748-7c86-4ddb-ba49-1bd1a164bf42', 'Blueberry Muffin', 3, 95, 285);

INSERT INTO public.orders (id, order_id, status, amount, payment_method, cashier_name, created_at)
VALUES ('60d6d526-730b-4175-ae3d-736e4e0564b4', 'ORD-02435', 'Completed', 190, 'GCash', 'System Seed', '2026-06-24T11:01:54.990Z');

INSERT INTO public.order_items (order_id, product_id, name, quantity, unit_price, subtotal)
VALUES ('60d6d526-730b-4175-ae3d-736e4e0564b4', '36c93748-7c86-4ddb-ba49-1bd1a164bf42', 'Blueberry Muffin', 2, 95, 190);

INSERT INTO public.orders (id, order_id, status, amount, payment_method, cashier_name, created_at)
VALUES ('31e35e31-11cf-4730-b1d9-4a7105632346', 'ORD-02436', 'Completed', 930, 'Credit Card', 'System Seed', '2026-06-24T09:22:05.990Z');

INSERT INTO public.order_items (order_id, product_id, name, quantity, unit_price, subtotal)
VALUES ('31e35e31-11cf-4730-b1d9-4a7105632346', '3a6a55c0-70f3-4417-a252-db77d9e511c0', 'Latte', 3, 120, 360);

INSERT INTO public.order_items (order_id, product_id, name, quantity, unit_price, subtotal)
VALUES ('31e35e31-11cf-4730-b1d9-4a7105632346', '1b5c6269-ce45-4413-acb8-21813cd7f9cf', 'Mocha', 1, 140, 140);

INSERT INTO public.order_items (order_id, product_id, name, quantity, unit_price, subtotal)
VALUES ('31e35e31-11cf-4730-b1d9-4a7105632346', '65f0b94f-ccbe-4b50-a175-66810ae10f44', 'Croissant', 3, 80, 240);

INSERT INTO public.order_items (order_id, product_id, name, quantity, unit_price, subtotal)
VALUES ('31e35e31-11cf-4730-b1d9-4a7105632346', '36c93748-7c86-4ddb-ba49-1bd1a164bf42', 'Blueberry Muffin', 2, 95, 190);

INSERT INTO public.orders (id, order_id, status, amount, payment_method, cashier_name, created_at)
VALUES ('52fb1bcc-5b04-4fd7-a527-ca021c3eb09d', 'ORD-02437', 'Completed', 705, 'Maya', 'System Seed', '2026-06-24T04:49:14.990Z');

INSERT INTO public.order_items (order_id, product_id, name, quantity, unit_price, subtotal)
VALUES ('52fb1bcc-5b04-4fd7-a527-ca021c3eb09d', '3a6a55c0-70f3-4417-a252-db77d9e511c0', 'Latte', 1, 120, 120);

INSERT INTO public.order_items (order_id, product_id, name, quantity, unit_price, subtotal)
VALUES ('52fb1bcc-5b04-4fd7-a527-ca021c3eb09d', '36c93748-7c86-4ddb-ba49-1bd1a164bf42', 'Blueberry Muffin', 3, 95, 285);

INSERT INTO public.order_items (order_id, product_id, name, quantity, unit_price, subtotal)
VALUES ('52fb1bcc-5b04-4fd7-a527-ca021c3eb09d', 'dfe22f11-84a3-41d2-a268-149f012eae60', 'Sparkling Lemonade', 2, 110, 220);

INSERT INTO public.order_items (order_id, product_id, name, quantity, unit_price, subtotal)
VALUES ('52fb1bcc-5b04-4fd7-a527-ca021c3eb09d', '65f0b94f-ccbe-4b50-a175-66810ae10f44', 'Croissant', 1, 80, 80);

INSERT INTO public.orders (id, order_id, status, amount, payment_method, cashier_name, created_at)
VALUES ('aa93b50c-2ddd-4c36-aa66-c29b939c57c5', 'ORD-02438', 'Void (Consumed)', 190, 'GCash', 'System Seed', '2026-06-24T08:28:49.990Z');

INSERT INTO public.order_items (order_id, product_id, name, quantity, unit_price, subtotal)
VALUES ('aa93b50c-2ddd-4c36-aa66-c29b939c57c5', '36c93748-7c86-4ddb-ba49-1bd1a164bf42', 'Blueberry Muffin', 2, 95, 190);

INSERT INTO public.orders (id, order_id, status, amount, payment_method, cashier_name, created_at)
VALUES ('666ba457-5fa9-4cf8-8842-fa60c829b662', 'ORD-02439', 'Completed', 445, 'Maya', 'System Seed', '2026-06-24T12:33:20.990Z');

INSERT INTO public.order_items (order_id, product_id, name, quantity, unit_price, subtotal)
VALUES ('666ba457-5fa9-4cf8-8842-fa60c829b662', '36c93748-7c86-4ddb-ba49-1bd1a164bf42', 'Blueberry Muffin', 1, 95, 95);

INSERT INTO public.order_items (order_id, product_id, name, quantity, unit_price, subtotal)
VALUES ('666ba457-5fa9-4cf8-8842-fa60c829b662', 'fe6b02e6-9366-4abd-874c-fcb832e0e282', 'Green Tea', 2, 90, 180);

INSERT INTO public.order_items (order_id, product_id, name, quantity, unit_price, subtotal)
VALUES ('666ba457-5fa9-4cf8-8842-fa60c829b662', '65f0b94f-ccbe-4b50-a175-66810ae10f44', 'Croissant', 1, 80, 80);

INSERT INTO public.order_items (order_id, product_id, name, quantity, unit_price, subtotal)
VALUES ('666ba457-5fa9-4cf8-8842-fa60c829b662', 'fe6b02e6-9366-4abd-874c-fcb832e0e282', 'Green Tea', 1, 90, 90);

INSERT INTO public.orders (id, order_id, status, amount, payment_method, cashier_name, created_at)
VALUES ('20d04f15-7d29-42a4-9e72-bd5a16690f20', 'ORD-02440', 'Completed', 1245, 'GCash', 'System Seed', '2026-06-24T05:40:07.990Z');

INSERT INTO public.order_items (order_id, product_id, name, quantity, unit_price, subtotal)
VALUES ('20d04f15-7d29-42a4-9e72-bd5a16690f20', '48233f0a-6e57-4a45-b033-627d13f1be78', 'Cappuccino', 3, 120, 360);

INSERT INTO public.order_items (order_id, product_id, name, quantity, unit_price, subtotal)
VALUES ('20d04f15-7d29-42a4-9e72-bd5a16690f20', '3a6a55c0-70f3-4417-a252-db77d9e511c0', 'Latte', 3, 120, 360);

INSERT INTO public.order_items (order_id, product_id, name, quantity, unit_price, subtotal)
VALUES ('20d04f15-7d29-42a4-9e72-bd5a16690f20', '3a6a55c0-70f3-4417-a252-db77d9e511c0', 'Latte', 2, 120, 240);

INSERT INTO public.order_items (order_id, product_id, name, quantity, unit_price, subtotal)
VALUES ('20d04f15-7d29-42a4-9e72-bd5a16690f20', '36c93748-7c86-4ddb-ba49-1bd1a164bf42', 'Blueberry Muffin', 3, 95, 285);

INSERT INTO public.orders (id, order_id, status, amount, payment_method, cashier_name, created_at)
VALUES ('c4e70237-96b8-46e0-b412-924602125fe6', 'ORD-02441', 'Completed', 160, 'Cash', 'System Seed', '2026-06-24T07:45:20.990Z');

INSERT INTO public.order_items (order_id, product_id, name, quantity, unit_price, subtotal)
VALUES ('c4e70237-96b8-46e0-b412-924602125fe6', '65f0b94f-ccbe-4b50-a175-66810ae10f44', 'Croissant', 1, 80, 80);

INSERT INTO public.order_items (order_id, product_id, name, quantity, unit_price, subtotal)
VALUES ('c4e70237-96b8-46e0-b412-924602125fe6', '65f0b94f-ccbe-4b50-a175-66810ae10f44', 'Croissant', 1, 80, 80);

INSERT INTO public.orders (id, order_id, status, amount, payment_method, cashier_name, created_at)
VALUES ('a5cc180a-35af-412d-bd9b-278adf34ce60', 'ORD-02442', 'Completed', 290, 'Credit Card', 'System Seed', '2026-06-24T12:08:24.990Z');

INSERT INTO public.order_items (order_id, product_id, name, quantity, unit_price, subtotal)
VALUES ('a5cc180a-35af-412d-bd9b-278adf34ce60', 'fe6b02e6-9366-4abd-874c-fcb832e0e282', 'Green Tea', 1, 90, 90);

INSERT INTO public.order_items (order_id, product_id, name, quantity, unit_price, subtotal)
VALUES ('a5cc180a-35af-412d-bd9b-278adf34ce60', 'fe6b02e6-9366-4abd-874c-fcb832e0e282', 'Green Tea', 1, 90, 90);

INSERT INTO public.order_items (order_id, product_id, name, quantity, unit_price, subtotal)
VALUES ('a5cc180a-35af-412d-bd9b-278adf34ce60', 'dfe22f11-84a3-41d2-a268-149f012eae60', 'Sparkling Lemonade', 1, 110, 110);

INSERT INTO public.orders (id, order_id, status, amount, payment_method, cashier_name, created_at)
VALUES ('e1af8f1a-5a13-4158-b1a7-106810a49284', 'ORD-02443', 'Completed', 240, 'GCash', 'System Seed', '2026-06-24T00:19:16.990Z');

INSERT INTO public.order_items (order_id, product_id, name, quantity, unit_price, subtotal)
VALUES ('e1af8f1a-5a13-4158-b1a7-106810a49284', '48233f0a-6e57-4a45-b033-627d13f1be78', 'Cappuccino', 2, 120, 240);

INSERT INTO public.orders (id, order_id, status, amount, payment_method, cashier_name, created_at)
VALUES ('c3054a0a-2a0d-4ab4-82b9-05c328aeeeb1', 'ORD-02444', 'Completed', 140, 'Credit Card', 'System Seed', '2026-06-24T11:54:36.990Z');

INSERT INTO public.order_items (order_id, product_id, name, quantity, unit_price, subtotal)
VALUES ('c3054a0a-2a0d-4ab4-82b9-05c328aeeeb1', '1b5c6269-ce45-4413-acb8-21813cd7f9cf', 'Mocha', 1, 140, 140);

INSERT INTO public.orders (id, order_id, status, amount, payment_method, cashier_name, created_at)
VALUES ('d8ef5b7c-97f0-44b1-aa46-45c80066f820', 'ORD-02445', 'Completed', 540, 'Credit Card', 'System Seed', '2026-06-24T02:18:32.990Z');

INSERT INTO public.order_items (order_id, product_id, name, quantity, unit_price, subtotal)
VALUES ('d8ef5b7c-97f0-44b1-aa46-45c80066f820', '83a6812d-2665-4ce5-871a-78a4eab3ce80', 'Americano', 2, 100, 200);

INSERT INTO public.order_items (order_id, product_id, name, quantity, unit_price, subtotal)
VALUES ('d8ef5b7c-97f0-44b1-aa46-45c80066f820', '83a6812d-2665-4ce5-871a-78a4eab3ce80', 'Americano', 2, 100, 200);

INSERT INTO public.order_items (order_id, product_id, name, quantity, unit_price, subtotal)
VALUES ('d8ef5b7c-97f0-44b1-aa46-45c80066f820', '1b5c6269-ce45-4413-acb8-21813cd7f9cf', 'Mocha', 1, 140, 140);

INSERT INTO public.orders (id, order_id, status, amount, payment_method, cashier_name, created_at)
VALUES ('d35cbb54-750c-4312-80af-632112ee488b', 'ORD-02446', 'Void (Consumed)', 970, 'Credit Card', 'System Seed', '2026-06-24T10:54:41.990Z');

INSERT INTO public.order_items (order_id, product_id, name, quantity, unit_price, subtotal)
VALUES ('d35cbb54-750c-4312-80af-632112ee488b', '65f0b94f-ccbe-4b50-a175-66810ae10f44', 'Croissant', 2, 80, 160);

INSERT INTO public.order_items (order_id, product_id, name, quantity, unit_price, subtotal)
VALUES ('d35cbb54-750c-4312-80af-632112ee488b', '83a6812d-2665-4ce5-871a-78a4eab3ce80', 'Americano', 2, 100, 200);

INSERT INTO public.order_items (order_id, product_id, name, quantity, unit_price, subtotal)
VALUES ('d35cbb54-750c-4312-80af-632112ee488b', '1b5c6269-ce45-4413-acb8-21813cd7f9cf', 'Mocha', 2, 140, 280);

INSERT INTO public.order_items (order_id, product_id, name, quantity, unit_price, subtotal)
VALUES ('d35cbb54-750c-4312-80af-632112ee488b', 'dfe22f11-84a3-41d2-a268-149f012eae60', 'Sparkling Lemonade', 3, 110, 330);

INSERT INTO public.orders (id, order_id, status, amount, payment_method, cashier_name, created_at)
VALUES ('e7e906b1-6e23-4e6e-ac22-7665fa58ffa5', 'ORD-02447', 'Completed', 360, 'Cash', 'System Seed', '2026-06-24T10:42:43.990Z');

INSERT INTO public.order_items (order_id, product_id, name, quantity, unit_price, subtotal)
VALUES ('e7e906b1-6e23-4e6e-ac22-7665fa58ffa5', '48233f0a-6e57-4a45-b033-627d13f1be78', 'Cappuccino', 3, 120, 360);

INSERT INTO public.orders (id, order_id, status, amount, payment_method, cashier_name, created_at)
VALUES ('d5de1abf-aa2d-41ad-91b4-4cb16fb29b95', 'ORD-02448', 'Completed', 505, 'GCash', 'System Seed', '2026-06-24T03:39:20.990Z');

INSERT INTO public.order_items (order_id, product_id, name, quantity, unit_price, subtotal)
VALUES ('d5de1abf-aa2d-41ad-91b4-4cb16fb29b95', '36c93748-7c86-4ddb-ba49-1bd1a164bf42', 'Blueberry Muffin', 3, 95, 285);

INSERT INTO public.order_items (order_id, product_id, name, quantity, unit_price, subtotal)
VALUES ('d5de1abf-aa2d-41ad-91b4-4cb16fb29b95', '3a6a55c0-70f3-4417-a252-db77d9e511c0', 'Latte', 1, 120, 120);

INSERT INTO public.order_items (order_id, product_id, name, quantity, unit_price, subtotal)
VALUES ('d5de1abf-aa2d-41ad-91b4-4cb16fb29b95', '83a6812d-2665-4ce5-871a-78a4eab3ce80', 'Americano', 1, 100, 100);

INSERT INTO public.orders (id, order_id, status, amount, payment_method, cashier_name, created_at)
VALUES ('94ae4231-4fa5-4698-bb53-eb7c419ea50a', 'ORD-02449', 'Void (Not Made)', 700, 'Credit Card', 'System Seed', '2026-06-24T10:43:12.990Z');

INSERT INTO public.order_items (order_id, product_id, name, quantity, unit_price, subtotal)
VALUES ('94ae4231-4fa5-4698-bb53-eb7c419ea50a', 'dfe22f11-84a3-41d2-a268-149f012eae60', 'Sparkling Lemonade', 2, 110, 220);

INSERT INTO public.order_items (order_id, product_id, name, quantity, unit_price, subtotal)
VALUES ('94ae4231-4fa5-4698-bb53-eb7c419ea50a', '3a6a55c0-70f3-4417-a252-db77d9e511c0', 'Latte', 2, 120, 240);

INSERT INTO public.order_items (order_id, product_id, name, quantity, unit_price, subtotal)
VALUES ('94ae4231-4fa5-4698-bb53-eb7c419ea50a', '48233f0a-6e57-4a45-b033-627d13f1be78', 'Cappuccino', 2, 120, 240);

INSERT INTO public.orders (id, order_id, status, amount, payment_method, cashier_name, created_at)
VALUES ('ce3d69b2-8090-4c7d-8be4-92bea583fade', 'ORD-02450', 'Void (Not Made)', 565, 'Maya', 'System Seed', '2026-06-24T10:06:13.990Z');

INSERT INTO public.order_items (order_id, product_id, name, quantity, unit_price, subtotal)
VALUES ('ce3d69b2-8090-4c7d-8be4-92bea583fade', '36c93748-7c86-4ddb-ba49-1bd1a164bf42', 'Blueberry Muffin', 1, 95, 95);

INSERT INTO public.order_items (order_id, product_id, name, quantity, unit_price, subtotal)
VALUES ('ce3d69b2-8090-4c7d-8be4-92bea583fade', 'dfe22f11-84a3-41d2-a268-149f012eae60', 'Sparkling Lemonade', 1, 110, 110);

INSERT INTO public.order_items (order_id, product_id, name, quantity, unit_price, subtotal)
VALUES ('ce3d69b2-8090-4c7d-8be4-92bea583fade', 'fe6b02e6-9366-4abd-874c-fcb832e0e282', 'Green Tea', 1, 90, 90);

INSERT INTO public.order_items (order_id, product_id, name, quantity, unit_price, subtotal)
VALUES ('ce3d69b2-8090-4c7d-8be4-92bea583fade', 'fe6b02e6-9366-4abd-874c-fcb832e0e282', 'Green Tea', 3, 90, 270);

INSERT INTO public.orders (id, order_id, status, amount, payment_method, cashier_name, created_at)
VALUES ('39faf942-48fd-4eb6-9f81-1d90c16795b5', 'ORD-02451', 'Completed', 120, 'GCash', 'System Seed', '2026-06-25T06:10:34.990Z');

INSERT INTO public.order_items (order_id, product_id, name, quantity, unit_price, subtotal)
VALUES ('39faf942-48fd-4eb6-9f81-1d90c16795b5', '3a6a55c0-70f3-4417-a252-db77d9e511c0', 'Latte', 1, 120, 120);

INSERT INTO public.orders (id, order_id, status, amount, payment_method, cashier_name, created_at)
VALUES ('18f0923c-b90f-429c-86c1-adcd1f91683d', 'ORD-02452', 'Completed', 285, 'Maya', 'System Seed', '2026-06-25T03:34:51.990Z');

INSERT INTO public.order_items (order_id, product_id, name, quantity, unit_price, subtotal)
VALUES ('18f0923c-b90f-429c-86c1-adcd1f91683d', '36c93748-7c86-4ddb-ba49-1bd1a164bf42', 'Blueberry Muffin', 3, 95, 285);

INSERT INTO public.orders (id, order_id, status, amount, payment_method, cashier_name, created_at)
VALUES ('ef2996b6-1d96-4428-9389-c0cd38411854', 'ORD-02453', 'Completed', 700, 'GCash', 'System Seed', '2026-06-25T11:11:53.990Z');

INSERT INTO public.order_items (order_id, product_id, name, quantity, unit_price, subtotal)
VALUES ('ef2996b6-1d96-4428-9389-c0cd38411854', '3a6a55c0-70f3-4417-a252-db77d9e511c0', 'Latte', 3, 120, 360);

INSERT INTO public.order_items (order_id, product_id, name, quantity, unit_price, subtotal)
VALUES ('ef2996b6-1d96-4428-9389-c0cd38411854', '83a6812d-2665-4ce5-871a-78a4eab3ce80', 'Americano', 1, 100, 100);

INSERT INTO public.order_items (order_id, product_id, name, quantity, unit_price, subtotal)
VALUES ('ef2996b6-1d96-4428-9389-c0cd38411854', '48233f0a-6e57-4a45-b033-627d13f1be78', 'Cappuccino', 2, 120, 240);

INSERT INTO public.orders (id, order_id, status, amount, payment_method, cashier_name, created_at)
VALUES ('dec806ae-f56d-4a80-bfd8-c0866f1a7be4', 'ORD-02454', 'Completed', 540, 'Cash', 'System Seed', '2026-06-25T01:25:19.990Z');

INSERT INTO public.order_items (order_id, product_id, name, quantity, unit_price, subtotal)
VALUES ('dec806ae-f56d-4a80-bfd8-c0866f1a7be4', '65f0b94f-ccbe-4b50-a175-66810ae10f44', 'Croissant', 3, 80, 240);

INSERT INTO public.order_items (order_id, product_id, name, quantity, unit_price, subtotal)
VALUES ('dec806ae-f56d-4a80-bfd8-c0866f1a7be4', '83a6812d-2665-4ce5-871a-78a4eab3ce80', 'Americano', 3, 100, 300);

INSERT INTO public.orders (id, order_id, status, amount, payment_method, cashier_name, created_at)
VALUES ('dd0875e0-4aaf-47c0-a682-1eaceb5c7643', 'ORD-02455', 'Completed', 430, 'Maya', 'System Seed', '2026-06-25T10:34:55.990Z');

INSERT INTO public.order_items (order_id, product_id, name, quantity, unit_price, subtotal)
VALUES ('dd0875e0-4aaf-47c0-a682-1eaceb5c7643', '3a6a55c0-70f3-4417-a252-db77d9e511c0', 'Latte', 2, 120, 240);

INSERT INTO public.order_items (order_id, product_id, name, quantity, unit_price, subtotal)
VALUES ('dd0875e0-4aaf-47c0-a682-1eaceb5c7643', '36c93748-7c86-4ddb-ba49-1bd1a164bf42', 'Blueberry Muffin', 2, 95, 190);

INSERT INTO public.orders (id, order_id, status, amount, payment_method, cashier_name, created_at)
VALUES ('b470e2e6-c5ee-4d84-8d24-24823903e5f2', 'ORD-02456', 'Completed', 470, 'Maya', 'System Seed', '2026-06-25T09:52:27.990Z');

INSERT INTO public.order_items (order_id, product_id, name, quantity, unit_price, subtotal)
VALUES ('b470e2e6-c5ee-4d84-8d24-24823903e5f2', '83a6812d-2665-4ce5-871a-78a4eab3ce80', 'Americano', 2, 100, 200);

INSERT INTO public.order_items (order_id, product_id, name, quantity, unit_price, subtotal)
VALUES ('b470e2e6-c5ee-4d84-8d24-24823903e5f2', 'fe6b02e6-9366-4abd-874c-fcb832e0e282', 'Green Tea', 3, 90, 270);

INSERT INTO public.orders (id, order_id, status, amount, payment_method, cashier_name, created_at)
VALUES ('a2258d1f-d900-4846-b486-e6d82bf8e880', 'ORD-02457', 'Completed', 520, 'Credit Card', 'System Seed', '2026-06-25T10:55:41.990Z');

INSERT INTO public.order_items (order_id, product_id, name, quantity, unit_price, subtotal)
VALUES ('a2258d1f-d900-4846-b486-e6d82bf8e880', '1b5c6269-ce45-4413-acb8-21813cd7f9cf', 'Mocha', 3, 140, 420);

INSERT INTO public.order_items (order_id, product_id, name, quantity, unit_price, subtotal)
VALUES ('a2258d1f-d900-4846-b486-e6d82bf8e880', '83a6812d-2665-4ce5-871a-78a4eab3ce80', 'Americano', 1, 100, 100);

INSERT INTO public.orders (id, order_id, status, amount, payment_method, cashier_name, created_at)
VALUES ('12617844-6ab0-4f4c-abb0-1ed748c3a56a', 'ORD-02458', 'Completed', 80, 'GCash', 'System Seed', '2026-06-25T07:28:29.990Z');

INSERT INTO public.order_items (order_id, product_id, name, quantity, unit_price, subtotal)
VALUES ('12617844-6ab0-4f4c-abb0-1ed748c3a56a', '65f0b94f-ccbe-4b50-a175-66810ae10f44', 'Croissant', 1, 80, 80);

INSERT INTO public.orders (id, order_id, status, amount, payment_method, cashier_name, created_at)
VALUES ('4b6d0bcb-635e-4621-91d8-f571085b771c', 'ORD-02459', 'Completed', 565, 'Credit Card', 'System Seed', '2026-06-25T03:53:49.990Z');

INSERT INTO public.order_items (order_id, product_id, name, quantity, unit_price, subtotal)
VALUES ('4b6d0bcb-635e-4621-91d8-f571085b771c', '36c93748-7c86-4ddb-ba49-1bd1a164bf42', 'Blueberry Muffin', 1, 95, 95);

INSERT INTO public.order_items (order_id, product_id, name, quantity, unit_price, subtotal)
VALUES ('4b6d0bcb-635e-4621-91d8-f571085b771c', '83a6812d-2665-4ce5-871a-78a4eab3ce80', 'Americano', 1, 100, 100);

INSERT INTO public.order_items (order_id, product_id, name, quantity, unit_price, subtotal)
VALUES ('4b6d0bcb-635e-4621-91d8-f571085b771c', 'fe6b02e6-9366-4abd-874c-fcb832e0e282', 'Green Tea', 2, 90, 180);

INSERT INTO public.order_items (order_id, product_id, name, quantity, unit_price, subtotal)
VALUES ('4b6d0bcb-635e-4621-91d8-f571085b771c', '36c93748-7c86-4ddb-ba49-1bd1a164bf42', 'Blueberry Muffin', 2, 95, 190);

INSERT INTO public.orders (id, order_id, status, amount, payment_method, cashier_name, created_at)
VALUES ('13d8203b-04d4-47e9-b41e-9ed45d39d8a7', 'ORD-02460', 'Completed', 420, 'Maya', 'System Seed', '2026-06-25T09:23:54.990Z');

INSERT INTO public.order_items (order_id, product_id, name, quantity, unit_price, subtotal)
VALUES ('13d8203b-04d4-47e9-b41e-9ed45d39d8a7', '1b5c6269-ce45-4413-acb8-21813cd7f9cf', 'Mocha', 3, 140, 420);

INSERT INTO public.orders (id, order_id, status, amount, payment_method, cashier_name, created_at)
VALUES ('87dcf32d-bb12-4baf-8674-b6528d0fcf4d', 'ORD-02461', 'Completed', 295, 'Cash', 'System Seed', '2026-06-25T11:35:29.990Z');

INSERT INTO public.order_items (order_id, product_id, name, quantity, unit_price, subtotal)
VALUES ('87dcf32d-bb12-4baf-8674-b6528d0fcf4d', '36c93748-7c86-4ddb-ba49-1bd1a164bf42', 'Blueberry Muffin', 1, 95, 95);

INSERT INTO public.order_items (order_id, product_id, name, quantity, unit_price, subtotal)
VALUES ('87dcf32d-bb12-4baf-8674-b6528d0fcf4d', '83a6812d-2665-4ce5-871a-78a4eab3ce80', 'Americano', 2, 100, 200);

INSERT INTO public.orders (id, order_id, status, amount, payment_method, cashier_name, created_at)
VALUES ('f8652120-0147-4b04-9e2c-bcece20ba574', 'ORD-02462', 'Completed', 1060, 'GCash', 'System Seed', '2026-06-25T01:01:52.990Z');

INSERT INTO public.order_items (order_id, product_id, name, quantity, unit_price, subtotal)
VALUES ('f8652120-0147-4b04-9e2c-bcece20ba574', '1b5c6269-ce45-4413-acb8-21813cd7f9cf', 'Mocha', 3, 140, 420);

INSERT INTO public.order_items (order_id, product_id, name, quantity, unit_price, subtotal)
VALUES ('f8652120-0147-4b04-9e2c-bcece20ba574', '3a6a55c0-70f3-4417-a252-db77d9e511c0', 'Latte', 3, 120, 360);

INSERT INTO public.order_items (order_id, product_id, name, quantity, unit_price, subtotal)
VALUES ('f8652120-0147-4b04-9e2c-bcece20ba574', '1b5c6269-ce45-4413-acb8-21813cd7f9cf', 'Mocha', 2, 140, 280);

INSERT INTO public.orders (id, order_id, status, amount, payment_method, cashier_name, created_at)
VALUES ('ef7a83d1-0172-4cda-9cd6-154f81e29702', 'ORD-02463', 'Void (Consumed)', 300, 'Credit Card', 'System Seed', '2026-06-25T11:21:07.990Z');

INSERT INTO public.order_items (order_id, product_id, name, quantity, unit_price, subtotal)
VALUES ('ef7a83d1-0172-4cda-9cd6-154f81e29702', '83a6812d-2665-4ce5-871a-78a4eab3ce80', 'Americano', 3, 100, 300);

INSERT INTO public.orders (id, order_id, status, amount, payment_method, cashier_name, created_at)
VALUES ('26407003-0b7c-44fa-8bb8-58d6f1736eb9', 'ORD-02464', 'Completed', 1010, 'Cash', 'System Seed', '2026-06-25T10:14:31.990Z');

INSERT INTO public.order_items (order_id, product_id, name, quantity, unit_price, subtotal)
VALUES ('26407003-0b7c-44fa-8bb8-58d6f1736eb9', '1b5c6269-ce45-4413-acb8-21813cd7f9cf', 'Mocha', 2, 140, 280);

INSERT INTO public.order_items (order_id, product_id, name, quantity, unit_price, subtotal)
VALUES ('26407003-0b7c-44fa-8bb8-58d6f1736eb9', 'dfe22f11-84a3-41d2-a268-149f012eae60', 'Sparkling Lemonade', 3, 110, 330);

INSERT INTO public.order_items (order_id, product_id, name, quantity, unit_price, subtotal)
VALUES ('26407003-0b7c-44fa-8bb8-58d6f1736eb9', '65f0b94f-ccbe-4b50-a175-66810ae10f44', 'Croissant', 2, 80, 160);

INSERT INTO public.order_items (order_id, product_id, name, quantity, unit_price, subtotal)
VALUES ('26407003-0b7c-44fa-8bb8-58d6f1736eb9', '48233f0a-6e57-4a45-b033-627d13f1be78', 'Cappuccino', 2, 120, 240);

INSERT INTO public.orders (id, order_id, status, amount, payment_method, cashier_name, created_at)
VALUES ('c1bfa126-a5b0-44a8-88b0-63bc50cb34fb', 'ORD-02465', 'Completed', 280, 'Maya', 'System Seed', '2026-06-24T23:49:03.990Z');

INSERT INTO public.order_items (order_id, product_id, name, quantity, unit_price, subtotal)
VALUES ('c1bfa126-a5b0-44a8-88b0-63bc50cb34fb', '65f0b94f-ccbe-4b50-a175-66810ae10f44', 'Croissant', 2, 80, 160);

INSERT INTO public.order_items (order_id, product_id, name, quantity, unit_price, subtotal)
VALUES ('c1bfa126-a5b0-44a8-88b0-63bc50cb34fb', '48233f0a-6e57-4a45-b033-627d13f1be78', 'Cappuccino', 1, 120, 120);

INSERT INTO public.orders (id, order_id, status, amount, payment_method, cashier_name, created_at)
VALUES ('e1e96269-48fb-4275-8a23-fb717582c346', 'ORD-02466', 'Void (Consumed)', 750, 'GCash', 'System Seed', '2026-06-25T00:54:56.990Z');

INSERT INTO public.order_items (order_id, product_id, name, quantity, unit_price, subtotal)
VALUES ('e1e96269-48fb-4275-8a23-fb717582c346', '83a6812d-2665-4ce5-871a-78a4eab3ce80', 'Americano', 2, 100, 200);

INSERT INTO public.order_items (order_id, product_id, name, quantity, unit_price, subtotal)
VALUES ('e1e96269-48fb-4275-8a23-fb717582c346', 'fe6b02e6-9366-4abd-874c-fcb832e0e282', 'Green Tea', 2, 90, 180);

INSERT INTO public.order_items (order_id, product_id, name, quantity, unit_price, subtotal)
VALUES ('e1e96269-48fb-4275-8a23-fb717582c346', 'fe6b02e6-9366-4abd-874c-fcb832e0e282', 'Green Tea', 3, 90, 270);

INSERT INTO public.order_items (order_id, product_id, name, quantity, unit_price, subtotal)
VALUES ('e1e96269-48fb-4275-8a23-fb717582c346', '83a6812d-2665-4ce5-871a-78a4eab3ce80', 'Americano', 1, 100, 100);

INSERT INTO public.orders (id, order_id, status, amount, payment_method, cashier_name, created_at)
VALUES ('1b8cfc8c-0578-41f3-886e-ae1362536ff5', 'ORD-02467', 'Void (Consumed)', 560, 'Credit Card', 'System Seed', '2026-06-25T00:31:16.990Z');

INSERT INTO public.order_items (order_id, product_id, name, quantity, unit_price, subtotal)
VALUES ('1b8cfc8c-0578-41f3-886e-ae1362536ff5', 'fe6b02e6-9366-4abd-874c-fcb832e0e282', 'Green Tea', 2, 90, 180);

INSERT INTO public.order_items (order_id, product_id, name, quantity, unit_price, subtotal)
VALUES ('1b8cfc8c-0578-41f3-886e-ae1362536ff5', '83a6812d-2665-4ce5-871a-78a4eab3ce80', 'Americano', 3, 100, 300);

INSERT INTO public.order_items (order_id, product_id, name, quantity, unit_price, subtotal)
VALUES ('1b8cfc8c-0578-41f3-886e-ae1362536ff5', '65f0b94f-ccbe-4b50-a175-66810ae10f44', 'Croissant', 1, 80, 80);

INSERT INTO public.orders (id, order_id, status, amount, payment_method, cashier_name, created_at)
VALUES ('d5f6f804-bae8-42af-9e53-573e1bc6c92e', 'ORD-02468', 'Completed', 840, 'Credit Card', 'System Seed', '2026-06-24T23:09:59.990Z');

INSERT INTO public.order_items (order_id, product_id, name, quantity, unit_price, subtotal)
VALUES ('d5f6f804-bae8-42af-9e53-573e1bc6c92e', 'dfe22f11-84a3-41d2-a268-149f012eae60', 'Sparkling Lemonade', 3, 110, 330);

INSERT INTO public.order_items (order_id, product_id, name, quantity, unit_price, subtotal)
VALUES ('d5f6f804-bae8-42af-9e53-573e1bc6c92e', '65f0b94f-ccbe-4b50-a175-66810ae10f44', 'Croissant', 2, 80, 160);

INSERT INTO public.order_items (order_id, product_id, name, quantity, unit_price, subtotal)
VALUES ('d5f6f804-bae8-42af-9e53-573e1bc6c92e', '36c93748-7c86-4ddb-ba49-1bd1a164bf42', 'Blueberry Muffin', 2, 95, 190);

INSERT INTO public.order_items (order_id, product_id, name, quantity, unit_price, subtotal)
VALUES ('d5f6f804-bae8-42af-9e53-573e1bc6c92e', '65f0b94f-ccbe-4b50-a175-66810ae10f44', 'Croissant', 2, 80, 160);

INSERT INTO public.orders (id, order_id, status, amount, payment_method, cashier_name, created_at)
VALUES ('9bc2b3ea-1301-4c41-948a-259ac2e34ffd', 'ORD-02469', 'Void (Consumed)', 415, 'Maya', 'System Seed', '2026-06-25T12:33:17.990Z');

INSERT INTO public.order_items (order_id, product_id, name, quantity, unit_price, subtotal)
VALUES ('9bc2b3ea-1301-4c41-948a-259ac2e34ffd', '65f0b94f-ccbe-4b50-a175-66810ae10f44', 'Croissant', 2, 80, 160);

INSERT INTO public.order_items (order_id, product_id, name, quantity, unit_price, subtotal)
VALUES ('9bc2b3ea-1301-4c41-948a-259ac2e34ffd', '65f0b94f-ccbe-4b50-a175-66810ae10f44', 'Croissant', 2, 80, 160);

INSERT INTO public.order_items (order_id, product_id, name, quantity, unit_price, subtotal)
VALUES ('9bc2b3ea-1301-4c41-948a-259ac2e34ffd', '36c93748-7c86-4ddb-ba49-1bd1a164bf42', 'Blueberry Muffin', 1, 95, 95);

INSERT INTO public.orders (id, order_id, status, amount, payment_method, cashier_name, created_at)
VALUES ('ac69b6f8-6588-49fe-bc04-7c6ba9eda01e', 'ORD-02470', 'Completed', 615, 'GCash', 'System Seed', '2026-06-25T09:57:04.990Z');

INSERT INTO public.order_items (order_id, product_id, name, quantity, unit_price, subtotal)
VALUES ('ac69b6f8-6588-49fe-bc04-7c6ba9eda01e', 'dfe22f11-84a3-41d2-a268-149f012eae60', 'Sparkling Lemonade', 2, 110, 220);

INSERT INTO public.order_items (order_id, product_id, name, quantity, unit_price, subtotal)
VALUES ('ac69b6f8-6588-49fe-bc04-7c6ba9eda01e', 'fe6b02e6-9366-4abd-874c-fcb832e0e282', 'Green Tea', 2, 90, 180);

INSERT INTO public.order_items (order_id, product_id, name, quantity, unit_price, subtotal)
VALUES ('ac69b6f8-6588-49fe-bc04-7c6ba9eda01e', '36c93748-7c86-4ddb-ba49-1bd1a164bf42', 'Blueberry Muffin', 1, 95, 95);

INSERT INTO public.order_items (order_id, product_id, name, quantity, unit_price, subtotal)
VALUES ('ac69b6f8-6588-49fe-bc04-7c6ba9eda01e', '48233f0a-6e57-4a45-b033-627d13f1be78', 'Cappuccino', 1, 120, 120);

INSERT INTO public.orders (id, order_id, status, amount, payment_method, cashier_name, created_at)
VALUES ('f97e7073-c193-482b-bf17-6261d9d998f2', 'ORD-02471', 'Void (Not Made)', 700, 'Cash', 'System Seed', '2026-06-25T12:29:47.990Z');

INSERT INTO public.order_items (order_id, product_id, name, quantity, unit_price, subtotal)
VALUES ('f97e7073-c193-482b-bf17-6261d9d998f2', '65f0b94f-ccbe-4b50-a175-66810ae10f44', 'Croissant', 1, 80, 80);

INSERT INTO public.order_items (order_id, product_id, name, quantity, unit_price, subtotal)
VALUES ('f97e7073-c193-482b-bf17-6261d9d998f2', '48233f0a-6e57-4a45-b033-627d13f1be78', 'Cappuccino', 3, 120, 360);

INSERT INTO public.order_items (order_id, product_id, name, quantity, unit_price, subtotal)
VALUES ('f97e7073-c193-482b-bf17-6261d9d998f2', '48233f0a-6e57-4a45-b033-627d13f1be78', 'Cappuccino', 1, 120, 120);

INSERT INTO public.order_items (order_id, product_id, name, quantity, unit_price, subtotal)
VALUES ('f97e7073-c193-482b-bf17-6261d9d998f2', '1b5c6269-ce45-4413-acb8-21813cd7f9cf', 'Mocha', 1, 140, 140);

INSERT INTO public.orders (id, order_id, status, amount, payment_method, cashier_name, created_at)
VALUES ('a6e2f501-04ce-465c-94f7-d251ba7d389d', 'ORD-02472', 'Completed', 270, 'Maya', 'System Seed', '2026-06-25T10:30:43.990Z');

INSERT INTO public.order_items (order_id, product_id, name, quantity, unit_price, subtotal)
VALUES ('a6e2f501-04ce-465c-94f7-d251ba7d389d', 'fe6b02e6-9366-4abd-874c-fcb832e0e282', 'Green Tea', 2, 90, 180);

INSERT INTO public.order_items (order_id, product_id, name, quantity, unit_price, subtotal)
VALUES ('a6e2f501-04ce-465c-94f7-d251ba7d389d', 'fe6b02e6-9366-4abd-874c-fcb832e0e282', 'Green Tea', 1, 90, 90);

INSERT INTO public.orders (id, order_id, status, amount, payment_method, cashier_name, created_at)
VALUES ('c416d402-f1cf-4ca8-aed8-1afab9c11c86', 'ORD-02473', 'Completed', 240, 'Cash', 'System Seed', '2026-06-25T04:58:23.990Z');

INSERT INTO public.order_items (order_id, product_id, name, quantity, unit_price, subtotal)
VALUES ('c416d402-f1cf-4ca8-aed8-1afab9c11c86', '65f0b94f-ccbe-4b50-a175-66810ae10f44', 'Croissant', 3, 80, 240);

INSERT INTO public.orders (id, order_id, status, amount, payment_method, cashier_name, created_at)
VALUES ('3bcf6556-f5c7-402e-a5d2-91fe1ed9e5bc', 'ORD-02474', 'Completed', 360, 'Maya', 'System Seed', '2026-06-25T03:46:48.990Z');

INSERT INTO public.order_items (order_id, product_id, name, quantity, unit_price, subtotal)
VALUES ('3bcf6556-f5c7-402e-a5d2-91fe1ed9e5bc', '48233f0a-6e57-4a45-b033-627d13f1be78', 'Cappuccino', 1, 120, 120);

INSERT INTO public.order_items (order_id, product_id, name, quantity, unit_price, subtotal)
VALUES ('3bcf6556-f5c7-402e-a5d2-91fe1ed9e5bc', '65f0b94f-ccbe-4b50-a175-66810ae10f44', 'Croissant', 3, 80, 240);

INSERT INTO public.orders (id, order_id, status, amount, payment_method, cashier_name, created_at)
VALUES ('f3ba8a58-dfc9-4170-ad79-227d5a18978c', 'ORD-02475', 'Completed', 725, 'Cash', 'System Seed', '2026-06-26T01:44:33.990Z');

INSERT INTO public.order_items (order_id, product_id, name, quantity, unit_price, subtotal)
VALUES ('f3ba8a58-dfc9-4170-ad79-227d5a18978c', '1b5c6269-ce45-4413-acb8-21813cd7f9cf', 'Mocha', 2, 140, 280);

INSERT INTO public.order_items (order_id, product_id, name, quantity, unit_price, subtotal)
VALUES ('f3ba8a58-dfc9-4170-ad79-227d5a18978c', '36c93748-7c86-4ddb-ba49-1bd1a164bf42', 'Blueberry Muffin', 3, 95, 285);

INSERT INTO public.order_items (order_id, product_id, name, quantity, unit_price, subtotal)
VALUES ('f3ba8a58-dfc9-4170-ad79-227d5a18978c', '65f0b94f-ccbe-4b50-a175-66810ae10f44', 'Croissant', 2, 80, 160);

INSERT INTO public.orders (id, order_id, status, amount, payment_method, cashier_name, created_at)
VALUES ('c9108264-c02b-4b71-bb36-25e26d1fd536', 'ORD-02476', 'Void (Consumed)', 680, 'Maya', 'System Seed', '2026-06-26T08:20:55.990Z');

INSERT INTO public.order_items (order_id, product_id, name, quantity, unit_price, subtotal)
VALUES ('c9108264-c02b-4b71-bb36-25e26d1fd536', '83a6812d-2665-4ce5-871a-78a4eab3ce80', 'Americano', 2, 100, 200);

INSERT INTO public.order_items (order_id, product_id, name, quantity, unit_price, subtotal)
VALUES ('c9108264-c02b-4b71-bb36-25e26d1fd536', '65f0b94f-ccbe-4b50-a175-66810ae10f44', 'Croissant', 3, 80, 240);

INSERT INTO public.order_items (order_id, product_id, name, quantity, unit_price, subtotal)
VALUES ('c9108264-c02b-4b71-bb36-25e26d1fd536', '48233f0a-6e57-4a45-b033-627d13f1be78', 'Cappuccino', 1, 120, 120);

INSERT INTO public.order_items (order_id, product_id, name, quantity, unit_price, subtotal)
VALUES ('c9108264-c02b-4b71-bb36-25e26d1fd536', '3a6a55c0-70f3-4417-a252-db77d9e511c0', 'Latte', 1, 120, 120);

INSERT INTO public.orders (id, order_id, status, amount, payment_method, cashier_name, created_at)
VALUES ('292e9089-5c00-45e7-a600-812b65805fb5', 'ORD-02477', 'Void (Not Made)', 645, 'GCash', 'System Seed', '2026-06-26T07:08:51.990Z');

INSERT INTO public.order_items (order_id, product_id, name, quantity, unit_price, subtotal)
VALUES ('292e9089-5c00-45e7-a600-812b65805fb5', '65f0b94f-ccbe-4b50-a175-66810ae10f44', 'Croissant', 1, 80, 80);

INSERT INTO public.order_items (order_id, product_id, name, quantity, unit_price, subtotal)
VALUES ('292e9089-5c00-45e7-a600-812b65805fb5', '36c93748-7c86-4ddb-ba49-1bd1a164bf42', 'Blueberry Muffin', 3, 95, 285);

INSERT INTO public.order_items (order_id, product_id, name, quantity, unit_price, subtotal)
VALUES ('292e9089-5c00-45e7-a600-812b65805fb5', '1b5c6269-ce45-4413-acb8-21813cd7f9cf', 'Mocha', 2, 140, 280);

INSERT INTO public.orders (id, order_id, status, amount, payment_method, cashier_name, created_at)
VALUES ('b6682d1b-5b67-43c6-acc3-70ee7c285cc4', 'ORD-02478', 'Completed', 370, 'GCash', 'System Seed', '2026-06-26T07:11:09.990Z');

INSERT INTO public.order_items (order_id, product_id, name, quantity, unit_price, subtotal)
VALUES ('b6682d1b-5b67-43c6-acc3-70ee7c285cc4', 'fe6b02e6-9366-4abd-874c-fcb832e0e282', 'Green Tea', 3, 90, 270);

INSERT INTO public.order_items (order_id, product_id, name, quantity, unit_price, subtotal)
VALUES ('b6682d1b-5b67-43c6-acc3-70ee7c285cc4', '83a6812d-2665-4ce5-871a-78a4eab3ce80', 'Americano', 1, 100, 100);

INSERT INTO public.orders (id, order_id, status, amount, payment_method, cashier_name, created_at)
VALUES ('3b1b917e-fd0f-457b-81b4-fc0392f9cc4a', 'ORD-02479', 'Void (Consumed)', 350, 'Maya', 'System Seed', '2026-06-26T09:57:28.990Z');

INSERT INTO public.order_items (order_id, product_id, name, quantity, unit_price, subtotal)
VALUES ('3b1b917e-fd0f-457b-81b4-fc0392f9cc4a', 'dfe22f11-84a3-41d2-a268-149f012eae60', 'Sparkling Lemonade', 1, 110, 110);

INSERT INTO public.order_items (order_id, product_id, name, quantity, unit_price, subtotal)
VALUES ('3b1b917e-fd0f-457b-81b4-fc0392f9cc4a', '48233f0a-6e57-4a45-b033-627d13f1be78', 'Cappuccino', 2, 120, 240);

INSERT INTO public.orders (id, order_id, status, amount, payment_method, cashier_name, created_at)
VALUES ('3dd8e888-ef4a-46ec-8f8f-edefcc47a3ca', 'ORD-02480', 'Completed', 360, 'Credit Card', 'System Seed', '2026-06-26T04:15:21.990Z');

INSERT INTO public.order_items (order_id, product_id, name, quantity, unit_price, subtotal)
VALUES ('3dd8e888-ef4a-46ec-8f8f-edefcc47a3ca', '48233f0a-6e57-4a45-b033-627d13f1be78', 'Cappuccino', 3, 120, 360);

INSERT INTO public.orders (id, order_id, status, amount, payment_method, cashier_name, created_at)
VALUES ('dd96a2ea-cbf7-45a0-a52b-d5c8adff3bae', 'ORD-02481', 'Void (Consumed)', 120, 'GCash', 'System Seed', '2026-06-26T09:24:07.990Z');

INSERT INTO public.order_items (order_id, product_id, name, quantity, unit_price, subtotal)
VALUES ('dd96a2ea-cbf7-45a0-a52b-d5c8adff3bae', '48233f0a-6e57-4a45-b033-627d13f1be78', 'Cappuccino', 1, 120, 120);

INSERT INTO public.orders (id, order_id, status, amount, payment_method, cashier_name, created_at)
VALUES ('37e897b3-aa0d-4fc0-9a92-be891abdb50b', 'ORD-02482', 'Completed', 910, 'Cash', 'System Seed', '2026-06-26T03:09:13.990Z');

INSERT INTO public.order_items (order_id, product_id, name, quantity, unit_price, subtotal)
VALUES ('37e897b3-aa0d-4fc0-9a92-be891abdb50b', 'dfe22f11-84a3-41d2-a268-149f012eae60', 'Sparkling Lemonade', 2, 110, 220);

INSERT INTO public.order_items (order_id, product_id, name, quantity, unit_price, subtotal)
VALUES ('37e897b3-aa0d-4fc0-9a92-be891abdb50b', '3a6a55c0-70f3-4417-a252-db77d9e511c0', 'Latte', 3, 120, 360);

INSERT INTO public.order_items (order_id, product_id, name, quantity, unit_price, subtotal)
VALUES ('37e897b3-aa0d-4fc0-9a92-be891abdb50b', 'dfe22f11-84a3-41d2-a268-149f012eae60', 'Sparkling Lemonade', 3, 110, 330);

INSERT INTO public.orders (id, order_id, status, amount, payment_method, cashier_name, created_at)
VALUES ('d21b280d-14eb-4203-9f28-7805b801645e', 'ORD-02483', 'Void (Consumed)', 110, 'Cash', 'System Seed', '2026-06-26T01:03:24.990Z');

INSERT INTO public.order_items (order_id, product_id, name, quantity, unit_price, subtotal)
VALUES ('d21b280d-14eb-4203-9f28-7805b801645e', 'dfe22f11-84a3-41d2-a268-149f012eae60', 'Sparkling Lemonade', 1, 110, 110);

INSERT INTO public.orders (id, order_id, status, amount, payment_method, cashier_name, created_at)
VALUES ('9b1e91ce-6142-4163-bde0-8b6addd228be', 'ORD-02484', 'Completed', 380, 'Credit Card', 'System Seed', '2026-06-26T12:41:33.990Z');

INSERT INTO public.order_items (order_id, product_id, name, quantity, unit_price, subtotal)
VALUES ('9b1e91ce-6142-4163-bde0-8b6addd228be', 'fe6b02e6-9366-4abd-874c-fcb832e0e282', 'Green Tea', 1, 90, 90);

INSERT INTO public.order_items (order_id, product_id, name, quantity, unit_price, subtotal)
VALUES ('9b1e91ce-6142-4163-bde0-8b6addd228be', 'fe6b02e6-9366-4abd-874c-fcb832e0e282', 'Green Tea', 1, 90, 90);

INSERT INTO public.order_items (order_id, product_id, name, quantity, unit_price, subtotal)
VALUES ('9b1e91ce-6142-4163-bde0-8b6addd228be', 'fe6b02e6-9366-4abd-874c-fcb832e0e282', 'Green Tea', 1, 90, 90);

INSERT INTO public.order_items (order_id, product_id, name, quantity, unit_price, subtotal)
VALUES ('9b1e91ce-6142-4163-bde0-8b6addd228be', 'dfe22f11-84a3-41d2-a268-149f012eae60', 'Sparkling Lemonade', 1, 110, 110);

INSERT INTO public.orders (id, order_id, status, amount, payment_method, cashier_name, created_at)
VALUES ('0fc0592f-1f54-48ed-a2ca-0f34d478fbff', 'ORD-02485', 'Completed', 240, 'Maya', 'System Seed', '2026-06-26T07:09:15.990Z');

INSERT INTO public.order_items (order_id, product_id, name, quantity, unit_price, subtotal)
VALUES ('0fc0592f-1f54-48ed-a2ca-0f34d478fbff', '3a6a55c0-70f3-4417-a252-db77d9e511c0', 'Latte', 2, 120, 240);

INSERT INTO public.orders (id, order_id, status, amount, payment_method, cashier_name, created_at)
VALUES ('a11010d8-6fb6-47a9-bec9-523bf440e122', 'ORD-02486', 'Completed', 340, 'GCash', 'System Seed', '2026-06-26T05:19:27.990Z');

INSERT INTO public.order_items (order_id, product_id, name, quantity, unit_price, subtotal)
VALUES ('a11010d8-6fb6-47a9-bec9-523bf440e122', '83a6812d-2665-4ce5-871a-78a4eab3ce80', 'Americano', 1, 100, 100);

INSERT INTO public.order_items (order_id, product_id, name, quantity, unit_price, subtotal)
VALUES ('a11010d8-6fb6-47a9-bec9-523bf440e122', '48233f0a-6e57-4a45-b033-627d13f1be78', 'Cappuccino', 2, 120, 240);

INSERT INTO public.orders (id, order_id, status, amount, payment_method, cashier_name, created_at)
VALUES ('61eeeabc-19db-4fc4-8cd0-c6c58e460c8a', 'ORD-02487', 'Completed', 430, 'Credit Card', 'System Seed', '2026-06-26T05:19:10.990Z');

INSERT INTO public.order_items (order_id, product_id, name, quantity, unit_price, subtotal)
VALUES ('61eeeabc-19db-4fc4-8cd0-c6c58e460c8a', '65f0b94f-ccbe-4b50-a175-66810ae10f44', 'Croissant', 2, 80, 160);

INSERT INTO public.order_items (order_id, product_id, name, quantity, unit_price, subtotal)
VALUES ('61eeeabc-19db-4fc4-8cd0-c6c58e460c8a', 'fe6b02e6-9366-4abd-874c-fcb832e0e282', 'Green Tea', 2, 90, 180);

INSERT INTO public.order_items (order_id, product_id, name, quantity, unit_price, subtotal)
VALUES ('61eeeabc-19db-4fc4-8cd0-c6c58e460c8a', 'fe6b02e6-9366-4abd-874c-fcb832e0e282', 'Green Tea', 1, 90, 90);

INSERT INTO public.orders (id, order_id, status, amount, payment_method, cashier_name, created_at)
VALUES ('d4f60d4f-48d5-4c33-aab9-54b59aea9da8', 'ORD-02488', 'Completed', 980, 'Cash', 'System Seed', '2026-06-26T03:00:13.990Z');

INSERT INTO public.order_items (order_id, product_id, name, quantity, unit_price, subtotal)
VALUES ('d4f60d4f-48d5-4c33-aab9-54b59aea9da8', '1b5c6269-ce45-4413-acb8-21813cd7f9cf', 'Mocha', 3, 140, 420);

INSERT INTO public.order_items (order_id, product_id, name, quantity, unit_price, subtotal)
VALUES ('d4f60d4f-48d5-4c33-aab9-54b59aea9da8', '48233f0a-6e57-4a45-b033-627d13f1be78', 'Cappuccino', 1, 120, 120);

INSERT INTO public.order_items (order_id, product_id, name, quantity, unit_price, subtotal)
VALUES ('d4f60d4f-48d5-4c33-aab9-54b59aea9da8', '83a6812d-2665-4ce5-871a-78a4eab3ce80', 'Americano', 3, 100, 300);

INSERT INTO public.order_items (order_id, product_id, name, quantity, unit_price, subtotal)
VALUES ('d4f60d4f-48d5-4c33-aab9-54b59aea9da8', '1b5c6269-ce45-4413-acb8-21813cd7f9cf', 'Mocha', 1, 140, 140);

INSERT INTO public.orders (id, order_id, status, amount, payment_method, cashier_name, created_at)
VALUES ('d8817852-da0f-41c4-ad41-83f951ec75f2', 'ORD-02489', 'Completed', 360, 'Cash', 'System Seed', '2026-06-26T08:31:47.990Z');

INSERT INTO public.order_items (order_id, product_id, name, quantity, unit_price, subtotal)
VALUES ('d8817852-da0f-41c4-ad41-83f951ec75f2', '48233f0a-6e57-4a45-b033-627d13f1be78', 'Cappuccino', 3, 120, 360);

INSERT INTO public.orders (id, order_id, status, amount, payment_method, cashier_name, created_at)
VALUES ('026ba8c6-8cd2-4d57-ab89-c714c485f536', 'ORD-02490', 'Completed', 960, 'Maya', 'System Seed', '2026-06-26T09:43:45.990Z');

INSERT INTO public.order_items (order_id, product_id, name, quantity, unit_price, subtotal)
VALUES ('026ba8c6-8cd2-4d57-ab89-c714c485f536', '3a6a55c0-70f3-4417-a252-db77d9e511c0', 'Latte', 1, 120, 120);

INSERT INTO public.order_items (order_id, product_id, name, quantity, unit_price, subtotal)
VALUES ('026ba8c6-8cd2-4d57-ab89-c714c485f536', '1b5c6269-ce45-4413-acb8-21813cd7f9cf', 'Mocha', 3, 140, 420);

INSERT INTO public.order_items (order_id, product_id, name, quantity, unit_price, subtotal)
VALUES ('026ba8c6-8cd2-4d57-ab89-c714c485f536', '1b5c6269-ce45-4413-acb8-21813cd7f9cf', 'Mocha', 3, 140, 420);

INSERT INTO public.orders (id, order_id, status, amount, payment_method, cashier_name, created_at)
VALUES ('95068e9e-7974-4d40-aa9d-5ec7ffba1035', 'ORD-02491', 'Completed', 220, 'GCash', 'System Seed', '2026-06-26T10:00:07.990Z');

INSERT INTO public.order_items (order_id, product_id, name, quantity, unit_price, subtotal)
VALUES ('95068e9e-7974-4d40-aa9d-5ec7ffba1035', 'dfe22f11-84a3-41d2-a268-149f012eae60', 'Sparkling Lemonade', 2, 110, 220);

INSERT INTO public.orders (id, order_id, status, amount, payment_method, cashier_name, created_at)
VALUES ('46bc7b85-8ed7-4ccb-ba39-a12dd68e8ee7', 'ORD-02492', 'Completed', 790, 'Credit Card', 'System Seed', '2026-06-26T10:08:24.990Z');

INSERT INTO public.order_items (order_id, product_id, name, quantity, unit_price, subtotal)
VALUES ('46bc7b85-8ed7-4ccb-ba39-a12dd68e8ee7', 'fe6b02e6-9366-4abd-874c-fcb832e0e282', 'Green Tea', 3, 90, 270);

INSERT INTO public.order_items (order_id, product_id, name, quantity, unit_price, subtotal)
VALUES ('46bc7b85-8ed7-4ccb-ba39-a12dd68e8ee7', '65f0b94f-ccbe-4b50-a175-66810ae10f44', 'Croissant', 2, 80, 160);

INSERT INTO public.order_items (order_id, product_id, name, quantity, unit_price, subtotal)
VALUES ('46bc7b85-8ed7-4ccb-ba39-a12dd68e8ee7', '48233f0a-6e57-4a45-b033-627d13f1be78', 'Cappuccino', 1, 120, 120);

INSERT INTO public.order_items (order_id, product_id, name, quantity, unit_price, subtotal)
VALUES ('46bc7b85-8ed7-4ccb-ba39-a12dd68e8ee7', '3a6a55c0-70f3-4417-a252-db77d9e511c0', 'Latte', 2, 120, 240);

INSERT INTO public.orders (id, order_id, status, amount, payment_method, cashier_name, created_at)
VALUES ('00227a04-8c18-40b7-abad-a2c6c6863a4d', 'ORD-02493', 'Completed', 430, 'Maya', 'System Seed', '2026-06-26T10:46:55.990Z');

INSERT INTO public.order_items (order_id, product_id, name, quantity, unit_price, subtotal)
VALUES ('00227a04-8c18-40b7-abad-a2c6c6863a4d', '65f0b94f-ccbe-4b50-a175-66810ae10f44', 'Croissant', 3, 80, 240);

INSERT INTO public.order_items (order_id, product_id, name, quantity, unit_price, subtotal)
VALUES ('00227a04-8c18-40b7-abad-a2c6c6863a4d', '36c93748-7c86-4ddb-ba49-1bd1a164bf42', 'Blueberry Muffin', 2, 95, 190);

INSERT INTO public.orders (id, order_id, status, amount, payment_method, cashier_name, created_at)
VALUES ('2739705a-f3a4-4b86-bfd1-2de7190f011a', 'ORD-02494', 'Completed', 330, 'Credit Card', 'System Seed', '2026-06-25T23:22:44.990Z');

INSERT INTO public.order_items (order_id, product_id, name, quantity, unit_price, subtotal)
VALUES ('2739705a-f3a4-4b86-bfd1-2de7190f011a', 'dfe22f11-84a3-41d2-a268-149f012eae60', 'Sparkling Lemonade', 2, 110, 220);

INSERT INTO public.order_items (order_id, product_id, name, quantity, unit_price, subtotal)
VALUES ('2739705a-f3a4-4b86-bfd1-2de7190f011a', 'dfe22f11-84a3-41d2-a268-149f012eae60', 'Sparkling Lemonade', 1, 110, 110);

INSERT INTO public.orders (id, order_id, status, amount, payment_method, cashier_name, created_at)
VALUES ('a04b8f55-97c4-4fd7-b6de-669f312298cd', 'ORD-02495', 'Completed', 690, 'Credit Card', 'System Seed', '2026-06-26T00:45:41.990Z');

INSERT INTO public.order_items (order_id, product_id, name, quantity, unit_price, subtotal)
VALUES ('a04b8f55-97c4-4fd7-b6de-669f312298cd', '36c93748-7c86-4ddb-ba49-1bd1a164bf42', 'Blueberry Muffin', 3, 95, 285);

INSERT INTO public.order_items (order_id, product_id, name, quantity, unit_price, subtotal)
VALUES ('a04b8f55-97c4-4fd7-b6de-669f312298cd', '48233f0a-6e57-4a45-b033-627d13f1be78', 'Cappuccino', 1, 120, 120);

INSERT INTO public.order_items (order_id, product_id, name, quantity, unit_price, subtotal)
VALUES ('a04b8f55-97c4-4fd7-b6de-669f312298cd', '36c93748-7c86-4ddb-ba49-1bd1a164bf42', 'Blueberry Muffin', 3, 95, 285);

INSERT INTO public.orders (id, order_id, status, amount, payment_method, cashier_name, created_at)
VALUES ('151eae47-39c2-44f9-be3a-83a0ac8358a3', 'ORD-02496', 'Completed', 760, 'Credit Card', 'System Seed', '2026-06-26T06:34:04.990Z');

INSERT INTO public.order_items (order_id, product_id, name, quantity, unit_price, subtotal)
VALUES ('151eae47-39c2-44f9-be3a-83a0ac8358a3', '1b5c6269-ce45-4413-acb8-21813cd7f9cf', 'Mocha', 2, 140, 280);

INSERT INTO public.order_items (order_id, product_id, name, quantity, unit_price, subtotal)
VALUES ('151eae47-39c2-44f9-be3a-83a0ac8358a3', '3a6a55c0-70f3-4417-a252-db77d9e511c0', 'Latte', 3, 120, 360);

INSERT INTO public.order_items (order_id, product_id, name, quantity, unit_price, subtotal)
VALUES ('151eae47-39c2-44f9-be3a-83a0ac8358a3', '48233f0a-6e57-4a45-b033-627d13f1be78', 'Cappuccino', 1, 120, 120);

INSERT INTO public.orders (id, order_id, status, amount, payment_method, cashier_name, created_at)
VALUES ('7b079fc1-5cff-4b77-8b3b-7bfe1bdb9c6f', 'ORD-02497', 'Completed', 630, 'GCash', 'System Seed', '2026-06-26T08:48:49.990Z');

INSERT INTO public.order_items (order_id, product_id, name, quantity, unit_price, subtotal)
VALUES ('7b079fc1-5cff-4b77-8b3b-7bfe1bdb9c6f', '83a6812d-2665-4ce5-871a-78a4eab3ce80', 'Americano', 2, 100, 200);

INSERT INTO public.order_items (order_id, product_id, name, quantity, unit_price, subtotal)
VALUES ('7b079fc1-5cff-4b77-8b3b-7bfe1bdb9c6f', '83a6812d-2665-4ce5-871a-78a4eab3ce80', 'Americano', 1, 100, 100);

INSERT INTO public.order_items (order_id, product_id, name, quantity, unit_price, subtotal)
VALUES ('7b079fc1-5cff-4b77-8b3b-7bfe1bdb9c6f', 'fe6b02e6-9366-4abd-874c-fcb832e0e282', 'Green Tea', 1, 90, 90);

INSERT INTO public.order_items (order_id, product_id, name, quantity, unit_price, subtotal)
VALUES ('7b079fc1-5cff-4b77-8b3b-7bfe1bdb9c6f', '3a6a55c0-70f3-4417-a252-db77d9e511c0', 'Latte', 2, 120, 240);

INSERT INTO public.orders (id, order_id, status, amount, payment_method, cashier_name, created_at)
VALUES ('f2d3ae38-606f-464b-8a64-2f01547e3265', 'ORD-02498', 'Completed', 360, 'GCash', 'System Seed', '2026-06-27T08:45:51.990Z');

INSERT INTO public.order_items (order_id, product_id, name, quantity, unit_price, subtotal)
VALUES ('f2d3ae38-606f-464b-8a64-2f01547e3265', '48233f0a-6e57-4a45-b033-627d13f1be78', 'Cappuccino', 2, 120, 240);

INSERT INTO public.order_items (order_id, product_id, name, quantity, unit_price, subtotal)
VALUES ('f2d3ae38-606f-464b-8a64-2f01547e3265', '48233f0a-6e57-4a45-b033-627d13f1be78', 'Cappuccino', 1, 120, 120);

INSERT INTO public.orders (id, order_id, status, amount, payment_method, cashier_name, created_at)
VALUES ('f4bc35a2-2d6c-4952-a08d-6e7078e1c33a', 'ORD-02499', 'Completed', 600, 'Maya', 'System Seed', '2026-06-26T23:55:26.990Z');

INSERT INTO public.order_items (order_id, product_id, name, quantity, unit_price, subtotal)
VALUES ('f4bc35a2-2d6c-4952-a08d-6e7078e1c33a', '83a6812d-2665-4ce5-871a-78a4eab3ce80', 'Americano', 1, 100, 100);

INSERT INTO public.order_items (order_id, product_id, name, quantity, unit_price, subtotal)
VALUES ('f4bc35a2-2d6c-4952-a08d-6e7078e1c33a', '1b5c6269-ce45-4413-acb8-21813cd7f9cf', 'Mocha', 3, 140, 420);

INSERT INTO public.order_items (order_id, product_id, name, quantity, unit_price, subtotal)
VALUES ('f4bc35a2-2d6c-4952-a08d-6e7078e1c33a', '65f0b94f-ccbe-4b50-a175-66810ae10f44', 'Croissant', 1, 80, 80);

INSERT INTO public.orders (id, order_id, status, amount, payment_method, cashier_name, created_at)
VALUES ('8baffd19-f3b9-4c76-bbce-4d617147cc5f', 'ORD-02500', 'Completed', 80, 'Maya', 'System Seed', '2026-06-27T00:25:18.990Z');

INSERT INTO public.order_items (order_id, product_id, name, quantity, unit_price, subtotal)
VALUES ('8baffd19-f3b9-4c76-bbce-4d617147cc5f', '65f0b94f-ccbe-4b50-a175-66810ae10f44', 'Croissant', 1, 80, 80);

INSERT INTO public.orders (id, order_id, status, amount, payment_method, cashier_name, created_at)
VALUES ('76a9ccc5-817f-42ff-aef5-19772f84d734', 'ORD-02501', 'Completed', 840, 'Cash', 'System Seed', '2026-06-26T23:44:47.990Z');

INSERT INTO public.order_items (order_id, product_id, name, quantity, unit_price, subtotal)
VALUES ('76a9ccc5-817f-42ff-aef5-19772f84d734', 'dfe22f11-84a3-41d2-a268-149f012eae60', 'Sparkling Lemonade', 2, 110, 220);

INSERT INTO public.order_items (order_id, product_id, name, quantity, unit_price, subtotal)
VALUES ('76a9ccc5-817f-42ff-aef5-19772f84d734', '1b5c6269-ce45-4413-acb8-21813cd7f9cf', 'Mocha', 1, 140, 140);

INSERT INTO public.order_items (order_id, product_id, name, quantity, unit_price, subtotal)
VALUES ('76a9ccc5-817f-42ff-aef5-19772f84d734', '65f0b94f-ccbe-4b50-a175-66810ae10f44', 'Croissant', 3, 80, 240);

INSERT INTO public.order_items (order_id, product_id, name, quantity, unit_price, subtotal)
VALUES ('76a9ccc5-817f-42ff-aef5-19772f84d734', '3a6a55c0-70f3-4417-a252-db77d9e511c0', 'Latte', 2, 120, 240);

INSERT INTO public.orders (id, order_id, status, amount, payment_method, cashier_name, created_at)
VALUES ('cf58ac6c-f1d6-4d35-b563-823f3b4f7f76', 'ORD-02502', 'Completed', 360, 'Credit Card', 'System Seed', '2026-06-27T08:03:18.990Z');

INSERT INTO public.order_items (order_id, product_id, name, quantity, unit_price, subtotal)
VALUES ('cf58ac6c-f1d6-4d35-b563-823f3b4f7f76', '48233f0a-6e57-4a45-b033-627d13f1be78', 'Cappuccino', 3, 120, 360);

INSERT INTO public.orders (id, order_id, status, amount, payment_method, cashier_name, created_at)
VALUES ('c2108ddf-be62-4088-a374-e33faa9f76c6', 'ORD-02503', 'Completed', 590, 'Maya', 'System Seed', '2026-06-27T07:10:19.990Z');

INSERT INTO public.order_items (order_id, product_id, name, quantity, unit_price, subtotal)
VALUES ('c2108ddf-be62-4088-a374-e33faa9f76c6', '48233f0a-6e57-4a45-b033-627d13f1be78', 'Cappuccino', 1, 120, 120);

INSERT INTO public.order_items (order_id, product_id, name, quantity, unit_price, subtotal)
VALUES ('c2108ddf-be62-4088-a374-e33faa9f76c6', '65f0b94f-ccbe-4b50-a175-66810ae10f44', 'Croissant', 1, 80, 80);

INSERT INTO public.order_items (order_id, product_id, name, quantity, unit_price, subtotal)
VALUES ('c2108ddf-be62-4088-a374-e33faa9f76c6', '36c93748-7c86-4ddb-ba49-1bd1a164bf42', 'Blueberry Muffin', 2, 95, 190);

INSERT INTO public.order_items (order_id, product_id, name, quantity, unit_price, subtotal)
VALUES ('c2108ddf-be62-4088-a374-e33faa9f76c6', '83a6812d-2665-4ce5-871a-78a4eab3ce80', 'Americano', 2, 100, 200);

INSERT INTO public.orders (id, order_id, status, amount, payment_method, cashier_name, created_at)
VALUES ('bfeff98c-f30b-4ec1-a060-f939ec7fe123', 'ORD-02504', 'Completed', 200, 'Cash', 'System Seed', '2026-06-27T11:26:41.990Z');

INSERT INTO public.order_items (order_id, product_id, name, quantity, unit_price, subtotal)
VALUES ('bfeff98c-f30b-4ec1-a060-f939ec7fe123', '83a6812d-2665-4ce5-871a-78a4eab3ce80', 'Americano', 2, 100, 200);

INSERT INTO public.orders (id, order_id, status, amount, payment_method, cashier_name, created_at)
VALUES ('4164ab9f-63c9-4a8a-a63d-7f5d5cc923d9', 'ORD-02505', 'Void (Consumed)', 700, 'Maya', 'System Seed', '2026-06-27T02:56:55.990Z');

INSERT INTO public.order_items (order_id, product_id, name, quantity, unit_price, subtotal)
VALUES ('4164ab9f-63c9-4a8a-a63d-7f5d5cc923d9', 'dfe22f11-84a3-41d2-a268-149f012eae60', 'Sparkling Lemonade', 2, 110, 220);

INSERT INTO public.order_items (order_id, product_id, name, quantity, unit_price, subtotal)
VALUES ('4164ab9f-63c9-4a8a-a63d-7f5d5cc923d9', '3a6a55c0-70f3-4417-a252-db77d9e511c0', 'Latte', 1, 120, 120);

INSERT INTO public.order_items (order_id, product_id, name, quantity, unit_price, subtotal)
VALUES ('4164ab9f-63c9-4a8a-a63d-7f5d5cc923d9', '3a6a55c0-70f3-4417-a252-db77d9e511c0', 'Latte', 3, 120, 360);

INSERT INTO public.orders (id, order_id, status, amount, payment_method, cashier_name, created_at)
VALUES ('eedf732d-01c1-40b8-a977-153dd5e69400', 'ORD-02506', 'Completed', 400, 'Cash', 'System Seed', '2026-06-27T02:27:39.990Z');

INSERT INTO public.order_items (order_id, product_id, name, quantity, unit_price, subtotal)
VALUES ('eedf732d-01c1-40b8-a977-153dd5e69400', '1b5c6269-ce45-4413-acb8-21813cd7f9cf', 'Mocha', 2, 140, 280);

INSERT INTO public.order_items (order_id, product_id, name, quantity, unit_price, subtotal)
VALUES ('eedf732d-01c1-40b8-a977-153dd5e69400', '3a6a55c0-70f3-4417-a252-db77d9e511c0', 'Latte', 1, 120, 120);

INSERT INTO public.orders (id, order_id, status, amount, payment_method, cashier_name, created_at)
VALUES ('f405f82d-3b6b-426a-880f-d14f7791f7cd', 'ORD-02507', 'Completed', 290, 'GCash', 'System Seed', '2026-06-27T07:47:32.990Z');

INSERT INTO public.order_items (order_id, product_id, name, quantity, unit_price, subtotal)
VALUES ('f405f82d-3b6b-426a-880f-d14f7791f7cd', '36c93748-7c86-4ddb-ba49-1bd1a164bf42', 'Blueberry Muffin', 2, 95, 190);

INSERT INTO public.order_items (order_id, product_id, name, quantity, unit_price, subtotal)
VALUES ('f405f82d-3b6b-426a-880f-d14f7791f7cd', '83a6812d-2665-4ce5-871a-78a4eab3ce80', 'Americano', 1, 100, 100);

INSERT INTO public.orders (id, order_id, status, amount, payment_method, cashier_name, created_at)
VALUES ('1900e353-b10f-41e8-806c-c30acc495cd0', 'ORD-02508', 'Void (Consumed)', 160, 'GCash', 'System Seed', '2026-06-27T02:30:17.990Z');

INSERT INTO public.order_items (order_id, product_id, name, quantity, unit_price, subtotal)
VALUES ('1900e353-b10f-41e8-806c-c30acc495cd0', '65f0b94f-ccbe-4b50-a175-66810ae10f44', 'Croissant', 2, 80, 160);

INSERT INTO public.orders (id, order_id, status, amount, payment_method, cashier_name, created_at)
VALUES ('e1d7d93f-e438-4bbf-b3f8-a7b31025f3c3', 'ORD-02509', 'Completed', 400, 'Credit Card', 'System Seed', '2026-06-27T11:07:39.990Z');

INSERT INTO public.order_items (order_id, product_id, name, quantity, unit_price, subtotal)
VALUES ('e1d7d93f-e438-4bbf-b3f8-a7b31025f3c3', 'fe6b02e6-9366-4abd-874c-fcb832e0e282', 'Green Tea', 1, 90, 90);

INSERT INTO public.order_items (order_id, product_id, name, quantity, unit_price, subtotal)
VALUES ('e1d7d93f-e438-4bbf-b3f8-a7b31025f3c3', '36c93748-7c86-4ddb-ba49-1bd1a164bf42', 'Blueberry Muffin', 2, 95, 190);

INSERT INTO public.order_items (order_id, product_id, name, quantity, unit_price, subtotal)
VALUES ('e1d7d93f-e438-4bbf-b3f8-a7b31025f3c3', '3a6a55c0-70f3-4417-a252-db77d9e511c0', 'Latte', 1, 120, 120);

INSERT INTO public.orders (id, order_id, status, amount, payment_method, cashier_name, created_at)
VALUES ('743c8ca9-a9a2-47f4-b4fc-da805bfc9d84', 'ORD-02510', 'Void (Not Made)', 440, 'Credit Card', 'System Seed', '2026-06-26T23:46:52.990Z');

INSERT INTO public.order_items (order_id, product_id, name, quantity, unit_price, subtotal)
VALUES ('743c8ca9-a9a2-47f4-b4fc-da805bfc9d84', '65f0b94f-ccbe-4b50-a175-66810ae10f44', 'Croissant', 2, 80, 160);

INSERT INTO public.order_items (order_id, product_id, name, quantity, unit_price, subtotal)
VALUES ('743c8ca9-a9a2-47f4-b4fc-da805bfc9d84', '1b5c6269-ce45-4413-acb8-21813cd7f9cf', 'Mocha', 2, 140, 280);

INSERT INTO public.orders (id, order_id, status, amount, payment_method, cashier_name, created_at)
VALUES ('6645d4f6-eabd-460a-8805-55db6904901d', 'ORD-02511', 'Completed', 830, 'Maya', 'System Seed', '2026-06-27T12:57:37.990Z');

INSERT INTO public.order_items (order_id, product_id, name, quantity, unit_price, subtotal)
VALUES ('6645d4f6-eabd-460a-8805-55db6904901d', '48233f0a-6e57-4a45-b033-627d13f1be78', 'Cappuccino', 3, 120, 360);

INSERT INTO public.order_items (order_id, product_id, name, quantity, unit_price, subtotal)
VALUES ('6645d4f6-eabd-460a-8805-55db6904901d', '1b5c6269-ce45-4413-acb8-21813cd7f9cf', 'Mocha', 1, 140, 140);

INSERT INTO public.order_items (order_id, product_id, name, quantity, unit_price, subtotal)
VALUES ('6645d4f6-eabd-460a-8805-55db6904901d', 'dfe22f11-84a3-41d2-a268-149f012eae60', 'Sparkling Lemonade', 3, 110, 330);

INSERT INTO public.orders (id, order_id, status, amount, payment_method, cashier_name, created_at)
VALUES ('5fa50354-fc49-4fbd-bf95-81613d715ecf', 'ORD-02512', 'Completed', 310, 'Maya', 'System Seed', '2026-06-27T08:52:49.990Z');

INSERT INTO public.order_items (order_id, product_id, name, quantity, unit_price, subtotal)
VALUES ('5fa50354-fc49-4fbd-bf95-81613d715ecf', 'fe6b02e6-9366-4abd-874c-fcb832e0e282', 'Green Tea', 1, 90, 90);

INSERT INTO public.order_items (order_id, product_id, name, quantity, unit_price, subtotal)
VALUES ('5fa50354-fc49-4fbd-bf95-81613d715ecf', 'dfe22f11-84a3-41d2-a268-149f012eae60', 'Sparkling Lemonade', 2, 110, 220);

INSERT INTO public.orders (id, order_id, status, amount, payment_method, cashier_name, created_at)
VALUES ('53bfe57e-4f42-4018-97fe-6cc326504ce6', 'ORD-02513', 'Completed', 240, 'Cash', 'System Seed', '2026-06-27T08:59:28.990Z');

INSERT INTO public.order_items (order_id, product_id, name, quantity, unit_price, subtotal)
VALUES ('53bfe57e-4f42-4018-97fe-6cc326504ce6', '48233f0a-6e57-4a45-b033-627d13f1be78', 'Cappuccino', 2, 120, 240);

INSERT INTO public.orders (id, order_id, status, amount, payment_method, cashier_name, created_at)
VALUES ('cf072388-7f61-4e2e-b7c4-9087e43e605b', 'ORD-02514', 'Completed', 660, 'Maya', 'System Seed', '2026-06-27T12:18:15.990Z');

INSERT INTO public.order_items (order_id, product_id, name, quantity, unit_price, subtotal)
VALUES ('cf072388-7f61-4e2e-b7c4-9087e43e605b', '3a6a55c0-70f3-4417-a252-db77d9e511c0', 'Latte', 1, 120, 120);

INSERT INTO public.order_items (order_id, product_id, name, quantity, unit_price, subtotal)
VALUES ('cf072388-7f61-4e2e-b7c4-9087e43e605b', '65f0b94f-ccbe-4b50-a175-66810ae10f44', 'Croissant', 2, 80, 160);

INSERT INTO public.order_items (order_id, product_id, name, quantity, unit_price, subtotal)
VALUES ('cf072388-7f61-4e2e-b7c4-9087e43e605b', '65f0b94f-ccbe-4b50-a175-66810ae10f44', 'Croissant', 2, 80, 160);

INSERT INTO public.order_items (order_id, product_id, name, quantity, unit_price, subtotal)
VALUES ('cf072388-7f61-4e2e-b7c4-9087e43e605b', 'dfe22f11-84a3-41d2-a268-149f012eae60', 'Sparkling Lemonade', 2, 110, 220);

INSERT INTO public.orders (id, order_id, status, amount, payment_method, cashier_name, created_at)
VALUES ('0e3c1589-45bf-4846-bd4b-fc3c77202b09', 'ORD-02515', 'Void (Consumed)', 200, 'Cash', 'System Seed', '2026-06-27T08:26:46.990Z');

INSERT INTO public.order_items (order_id, product_id, name, quantity, unit_price, subtotal)
VALUES ('0e3c1589-45bf-4846-bd4b-fc3c77202b09', '65f0b94f-ccbe-4b50-a175-66810ae10f44', 'Croissant', 1, 80, 80);

INSERT INTO public.order_items (order_id, product_id, name, quantity, unit_price, subtotal)
VALUES ('0e3c1589-45bf-4846-bd4b-fc3c77202b09', '48233f0a-6e57-4a45-b033-627d13f1be78', 'Cappuccino', 1, 120, 120);

INSERT INTO public.orders (id, order_id, status, amount, payment_method, cashier_name, created_at)
VALUES ('10249cdd-f9ec-4dee-b897-4439ea3317a4', 'ORD-02516', 'Void (Consumed)', 565, 'Cash', 'System Seed', '2026-06-27T11:36:19.990Z');

INSERT INTO public.order_items (order_id, product_id, name, quantity, unit_price, subtotal)
VALUES ('10249cdd-f9ec-4dee-b897-4439ea3317a4', '36c93748-7c86-4ddb-ba49-1bd1a164bf42', 'Blueberry Muffin', 3, 95, 285);

INSERT INTO public.order_items (order_id, product_id, name, quantity, unit_price, subtotal)
VALUES ('10249cdd-f9ec-4dee-b897-4439ea3317a4', '65f0b94f-ccbe-4b50-a175-66810ae10f44', 'Croissant', 1, 80, 80);

INSERT INTO public.order_items (order_id, product_id, name, quantity, unit_price, subtotal)
VALUES ('10249cdd-f9ec-4dee-b897-4439ea3317a4', '83a6812d-2665-4ce5-871a-78a4eab3ce80', 'Americano', 2, 100, 200);

INSERT INTO public.orders (id, order_id, status, amount, payment_method, cashier_name, created_at)
VALUES ('a2e73ef9-070f-4727-b5d6-8544a7091c88', 'ORD-02517', 'Completed', 815, 'GCash', 'System Seed', '2026-06-27T03:26:59.990Z');

INSERT INTO public.order_items (order_id, product_id, name, quantity, unit_price, subtotal)
VALUES ('a2e73ef9-070f-4727-b5d6-8544a7091c88', '36c93748-7c86-4ddb-ba49-1bd1a164bf42', 'Blueberry Muffin', 2, 95, 190);

INSERT INTO public.order_items (order_id, product_id, name, quantity, unit_price, subtotal)
VALUES ('a2e73ef9-070f-4727-b5d6-8544a7091c88', '83a6812d-2665-4ce5-871a-78a4eab3ce80', 'Americano', 1, 100, 100);

INSERT INTO public.order_items (order_id, product_id, name, quantity, unit_price, subtotal)
VALUES ('a2e73ef9-070f-4727-b5d6-8544a7091c88', '48233f0a-6e57-4a45-b033-627d13f1be78', 'Cappuccino', 2, 120, 240);

INSERT INTO public.order_items (order_id, product_id, name, quantity, unit_price, subtotal)
VALUES ('a2e73ef9-070f-4727-b5d6-8544a7091c88', '36c93748-7c86-4ddb-ba49-1bd1a164bf42', 'Blueberry Muffin', 3, 95, 285);

INSERT INTO public.orders (id, order_id, status, amount, payment_method, cashier_name, created_at)
VALUES ('29c17ee2-f2ef-49f5-9261-d43cedd85b54', 'ORD-02518', 'Completed', 280, 'GCash', 'System Seed', '2026-06-27T09:23:13.990Z');

INSERT INTO public.order_items (order_id, product_id, name, quantity, unit_price, subtotal)
VALUES ('29c17ee2-f2ef-49f5-9261-d43cedd85b54', '1b5c6269-ce45-4413-acb8-21813cd7f9cf', 'Mocha', 2, 140, 280);

INSERT INTO public.orders (id, order_id, status, amount, payment_method, cashier_name, created_at)
VALUES ('6b0787f6-a006-4063-99ea-bc4609975c96', 'ORD-02519', 'Completed', 120, 'Credit Card', 'System Seed', '2026-06-27T08:49:53.990Z');

INSERT INTO public.order_items (order_id, product_id, name, quantity, unit_price, subtotal)
VALUES ('6b0787f6-a006-4063-99ea-bc4609975c96', '3a6a55c0-70f3-4417-a252-db77d9e511c0', 'Latte', 1, 120, 120);

INSERT INTO public.orders (id, order_id, status, amount, payment_method, cashier_name, created_at)
VALUES ('46b11b8b-f245-40f0-b798-dce7319237b4', 'ORD-02520', 'Completed', 360, 'Maya', 'System Seed', '2026-06-27T02:55:26.990Z');

INSERT INTO public.order_items (order_id, product_id, name, quantity, unit_price, subtotal)
VALUES ('46b11b8b-f245-40f0-b798-dce7319237b4', '3a6a55c0-70f3-4417-a252-db77d9e511c0', 'Latte', 3, 120, 360);

INSERT INTO public.orders (id, order_id, status, amount, payment_method, cashier_name, created_at)
VALUES ('1c9456eb-f776-41e0-b0dd-65c7ff10cf0b', 'ORD-02521', 'Completed', 1160, 'Credit Card', 'System Seed', '2026-06-27T09:49:29.990Z');

INSERT INTO public.order_items (order_id, product_id, name, quantity, unit_price, subtotal)
VALUES ('1c9456eb-f776-41e0-b0dd-65c7ff10cf0b', '36c93748-7c86-4ddb-ba49-1bd1a164bf42', 'Blueberry Muffin', 1, 95, 95);

INSERT INTO public.order_items (order_id, product_id, name, quantity, unit_price, subtotal)
VALUES ('1c9456eb-f776-41e0-b0dd-65c7ff10cf0b', '36c93748-7c86-4ddb-ba49-1bd1a164bf42', 'Blueberry Muffin', 3, 95, 285);

INSERT INTO public.order_items (order_id, product_id, name, quantity, unit_price, subtotal)
VALUES ('1c9456eb-f776-41e0-b0dd-65c7ff10cf0b', '48233f0a-6e57-4a45-b033-627d13f1be78', 'Cappuccino', 3, 120, 360);

INSERT INTO public.order_items (order_id, product_id, name, quantity, unit_price, subtotal)
VALUES ('1c9456eb-f776-41e0-b0dd-65c7ff10cf0b', '1b5c6269-ce45-4413-acb8-21813cd7f9cf', 'Mocha', 3, 140, 420);

INSERT INTO public.orders (id, order_id, status, amount, payment_method, cashier_name, created_at)
VALUES ('95c566ea-7527-4027-9711-acaea5f4d184', 'ORD-02522', 'Completed', 380, 'Maya', 'System Seed', '2026-06-27T03:55:00.990Z');

INSERT INTO public.order_items (order_id, product_id, name, quantity, unit_price, subtotal)
VALUES ('95c566ea-7527-4027-9711-acaea5f4d184', '1b5c6269-ce45-4413-acb8-21813cd7f9cf', 'Mocha', 2, 140, 280);

INSERT INTO public.order_items (order_id, product_id, name, quantity, unit_price, subtotal)
VALUES ('95c566ea-7527-4027-9711-acaea5f4d184', '83a6812d-2665-4ce5-871a-78a4eab3ce80', 'Americano', 1, 100, 100);

INSERT INTO public.orders (id, order_id, status, amount, payment_method, cashier_name, created_at)
VALUES ('f864eb0b-3b86-46bd-86a5-ca74d6aebacf', 'ORD-02523', 'Void (Not Made)', 620, 'Credit Card', 'System Seed', '2026-06-27T02:59:37.990Z');

INSERT INTO public.order_items (order_id, product_id, name, quantity, unit_price, subtotal)
VALUES ('f864eb0b-3b86-46bd-86a5-ca74d6aebacf', '48233f0a-6e57-4a45-b033-627d13f1be78', 'Cappuccino', 1, 120, 120);

INSERT INTO public.order_items (order_id, product_id, name, quantity, unit_price, subtotal)
VALUES ('f864eb0b-3b86-46bd-86a5-ca74d6aebacf', '36c93748-7c86-4ddb-ba49-1bd1a164bf42', 'Blueberry Muffin', 1, 95, 95);

INSERT INTO public.order_items (order_id, product_id, name, quantity, unit_price, subtotal)
VALUES ('f864eb0b-3b86-46bd-86a5-ca74d6aebacf', '36c93748-7c86-4ddb-ba49-1bd1a164bf42', 'Blueberry Muffin', 3, 95, 285);

INSERT INTO public.order_items (order_id, product_id, name, quantity, unit_price, subtotal)
VALUES ('f864eb0b-3b86-46bd-86a5-ca74d6aebacf', '3a6a55c0-70f3-4417-a252-db77d9e511c0', 'Latte', 1, 120, 120);

INSERT INTO public.orders (id, order_id, status, amount, payment_method, cashier_name, created_at)
VALUES ('67e80c0b-9169-43b8-9a7f-5bc805588742', 'ORD-02524', 'Completed', 660, 'GCash', 'System Seed', '2026-06-27T06:44:01.990Z');

INSERT INTO public.order_items (order_id, product_id, name, quantity, unit_price, subtotal)
VALUES ('67e80c0b-9169-43b8-9a7f-5bc805588742', 'fe6b02e6-9366-4abd-874c-fcb832e0e282', 'Green Tea', 1, 90, 90);

INSERT INTO public.order_items (order_id, product_id, name, quantity, unit_price, subtotal)
VALUES ('67e80c0b-9169-43b8-9a7f-5bc805588742', 'dfe22f11-84a3-41d2-a268-149f012eae60', 'Sparkling Lemonade', 3, 110, 330);

INSERT INTO public.order_items (order_id, product_id, name, quantity, unit_price, subtotal)
VALUES ('67e80c0b-9169-43b8-9a7f-5bc805588742', '65f0b94f-ccbe-4b50-a175-66810ae10f44', 'Croissant', 1, 80, 80);

INSERT INTO public.order_items (order_id, product_id, name, quantity, unit_price, subtotal)
VALUES ('67e80c0b-9169-43b8-9a7f-5bc805588742', '65f0b94f-ccbe-4b50-a175-66810ae10f44', 'Croissant', 2, 80, 160);

INSERT INTO public.orders (id, order_id, status, amount, payment_method, cashier_name, created_at)
VALUES ('49906e35-5f48-499d-86ad-3c3c1946238d', 'ORD-02525', 'Completed', 845, 'Cash', 'System Seed', '2026-06-27T07:12:31.990Z');

INSERT INTO public.order_items (order_id, product_id, name, quantity, unit_price, subtotal)
VALUES ('49906e35-5f48-499d-86ad-3c3c1946238d', '1b5c6269-ce45-4413-acb8-21813cd7f9cf', 'Mocha', 3, 140, 420);

INSERT INTO public.order_items (order_id, product_id, name, quantity, unit_price, subtotal)
VALUES ('49906e35-5f48-499d-86ad-3c3c1946238d', 'fe6b02e6-9366-4abd-874c-fcb832e0e282', 'Green Tea', 1, 90, 90);

INSERT INTO public.order_items (order_id, product_id, name, quantity, unit_price, subtotal)
VALUES ('49906e35-5f48-499d-86ad-3c3c1946238d', '36c93748-7c86-4ddb-ba49-1bd1a164bf42', 'Blueberry Muffin', 1, 95, 95);

INSERT INTO public.order_items (order_id, product_id, name, quantity, unit_price, subtotal)
VALUES ('49906e35-5f48-499d-86ad-3c3c1946238d', '48233f0a-6e57-4a45-b033-627d13f1be78', 'Cappuccino', 2, 120, 240);

INSERT INTO public.orders (id, order_id, status, amount, payment_method, cashier_name, created_at)
VALUES ('d4df15e9-c02c-4d33-828c-f76389fd087d', 'ORD-02526', 'Completed', 360, 'Credit Card', 'System Seed', '2026-06-27T00:57:02.990Z');

INSERT INTO public.order_items (order_id, product_id, name, quantity, unit_price, subtotal)
VALUES ('d4df15e9-c02c-4d33-828c-f76389fd087d', '48233f0a-6e57-4a45-b033-627d13f1be78', 'Cappuccino', 3, 120, 360);

INSERT INTO public.orders (id, order_id, status, amount, payment_method, cashier_name, created_at)
VALUES ('b25912d6-7b84-4bab-bce3-95a5e2fc1612', 'ORD-02527', 'Completed', 1030, 'GCash', 'System Seed', '2026-06-27T00:38:15.990Z');

INSERT INTO public.order_items (order_id, product_id, name, quantity, unit_price, subtotal)
VALUES ('b25912d6-7b84-4bab-bce3-95a5e2fc1612', 'dfe22f11-84a3-41d2-a268-149f012eae60', 'Sparkling Lemonade', 3, 110, 330);

INSERT INTO public.order_items (order_id, product_id, name, quantity, unit_price, subtotal)
VALUES ('b25912d6-7b84-4bab-bce3-95a5e2fc1612', 'dfe22f11-84a3-41d2-a268-149f012eae60', 'Sparkling Lemonade', 2, 110, 220);

INSERT INTO public.order_items (order_id, product_id, name, quantity, unit_price, subtotal)
VALUES ('b25912d6-7b84-4bab-bce3-95a5e2fc1612', '3a6a55c0-70f3-4417-a252-db77d9e511c0', 'Latte', 2, 120, 240);

INSERT INTO public.order_items (order_id, product_id, name, quantity, unit_price, subtotal)
VALUES ('b25912d6-7b84-4bab-bce3-95a5e2fc1612', '3a6a55c0-70f3-4417-a252-db77d9e511c0', 'Latte', 2, 120, 240);

INSERT INTO public.orders (id, order_id, status, amount, payment_method, cashier_name, created_at)
VALUES ('de5f8323-04b0-4be8-ae91-142ee343520c', 'ORD-02528', 'Completed', 900, 'Cash', 'System Seed', '2026-06-27T06:56:57.990Z');

INSERT INTO public.order_items (order_id, product_id, name, quantity, unit_price, subtotal)
VALUES ('de5f8323-04b0-4be8-ae91-142ee343520c', '3a6a55c0-70f3-4417-a252-db77d9e511c0', 'Latte', 2, 120, 240);

INSERT INTO public.order_items (order_id, product_id, name, quantity, unit_price, subtotal)
VALUES ('de5f8323-04b0-4be8-ae91-142ee343520c', '65f0b94f-ccbe-4b50-a175-66810ae10f44', 'Croissant', 3, 80, 240);

INSERT INTO public.order_items (order_id, product_id, name, quantity, unit_price, subtotal)
VALUES ('de5f8323-04b0-4be8-ae91-142ee343520c', '83a6812d-2665-4ce5-871a-78a4eab3ce80', 'Americano', 3, 100, 300);

INSERT INTO public.order_items (order_id, product_id, name, quantity, unit_price, subtotal)
VALUES ('de5f8323-04b0-4be8-ae91-142ee343520c', '48233f0a-6e57-4a45-b033-627d13f1be78', 'Cappuccino', 1, 120, 120);

INSERT INTO public.orders (id, order_id, status, amount, payment_method, cashier_name, created_at)
VALUES ('c1565837-df9e-4ba9-a833-44b9ba9f9250', 'ORD-02529', 'Completed', 770, 'Cash', 'System Seed', '2026-06-27T04:15:39.990Z');

INSERT INTO public.order_items (order_id, product_id, name, quantity, unit_price, subtotal)
VALUES ('c1565837-df9e-4ba9-a833-44b9ba9f9250', 'dfe22f11-84a3-41d2-a268-149f012eae60', 'Sparkling Lemonade', 3, 110, 330);

INSERT INTO public.order_items (order_id, product_id, name, quantity, unit_price, subtotal)
VALUES ('c1565837-df9e-4ba9-a833-44b9ba9f9250', '65f0b94f-ccbe-4b50-a175-66810ae10f44', 'Croissant', 2, 80, 160);

INSERT INTO public.order_items (order_id, product_id, name, quantity, unit_price, subtotal)
VALUES ('c1565837-df9e-4ba9-a833-44b9ba9f9250', '1b5c6269-ce45-4413-acb8-21813cd7f9cf', 'Mocha', 2, 140, 280);

INSERT INTO public.orders (id, order_id, status, amount, payment_method, cashier_name, created_at)
VALUES ('1bd46a56-9ba6-40d5-8d5b-4edeafce7750', 'ORD-02530', 'Completed', 520, 'GCash', 'System Seed', '2026-06-27T07:18:12.990Z');

INSERT INTO public.order_items (order_id, product_id, name, quantity, unit_price, subtotal)
VALUES ('1bd46a56-9ba6-40d5-8d5b-4edeafce7750', 'dfe22f11-84a3-41d2-a268-149f012eae60', 'Sparkling Lemonade', 3, 110, 330);

INSERT INTO public.order_items (order_id, product_id, name, quantity, unit_price, subtotal)
VALUES ('1bd46a56-9ba6-40d5-8d5b-4edeafce7750', '36c93748-7c86-4ddb-ba49-1bd1a164bf42', 'Blueberry Muffin', 2, 95, 190);

INSERT INTO public.orders (id, order_id, status, amount, payment_method, cashier_name, created_at)
VALUES ('faa80ff7-3c84-4917-8059-c0c6c7aac61e', 'ORD-02531', 'Completed', 540, 'Credit Card', 'System Seed', '2026-06-27T10:54:48.990Z');

INSERT INTO public.order_items (order_id, product_id, name, quantity, unit_price, subtotal)
VALUES ('faa80ff7-3c84-4917-8059-c0c6c7aac61e', 'fe6b02e6-9366-4abd-874c-fcb832e0e282', 'Green Tea', 2, 90, 180);

INSERT INTO public.order_items (order_id, product_id, name, quantity, unit_price, subtotal)
VALUES ('faa80ff7-3c84-4917-8059-c0c6c7aac61e', '3a6a55c0-70f3-4417-a252-db77d9e511c0', 'Latte', 3, 120, 360);

INSERT INTO public.orders (id, order_id, status, amount, payment_method, cashier_name, created_at)
VALUES ('50fbda9f-5b70-4069-b941-fec637b19445', 'ORD-02532', 'Completed', 95, 'GCash', 'System Seed', '2026-06-27T07:06:47.990Z');

INSERT INTO public.order_items (order_id, product_id, name, quantity, unit_price, subtotal)
VALUES ('50fbda9f-5b70-4069-b941-fec637b19445', '36c93748-7c86-4ddb-ba49-1bd1a164bf42', 'Blueberry Muffin', 1, 95, 95);

INSERT INTO public.orders (id, order_id, status, amount, payment_method, cashier_name, created_at)
VALUES ('164d69ee-03e0-4d81-a0ec-14d429d7a2b2', 'ORD-02533', 'Void (Not Made)', 630, 'GCash', 'System Seed', '2026-06-27T11:51:49.990Z');

INSERT INTO public.order_items (order_id, product_id, name, quantity, unit_price, subtotal)
VALUES ('164d69ee-03e0-4d81-a0ec-14d429d7a2b2', '83a6812d-2665-4ce5-871a-78a4eab3ce80', 'Americano', 2, 100, 200);

INSERT INTO public.order_items (order_id, product_id, name, quantity, unit_price, subtotal)
VALUES ('164d69ee-03e0-4d81-a0ec-14d429d7a2b2', 'fe6b02e6-9366-4abd-874c-fcb832e0e282', 'Green Tea', 3, 90, 270);

INSERT INTO public.order_items (order_id, product_id, name, quantity, unit_price, subtotal)
VALUES ('164d69ee-03e0-4d81-a0ec-14d429d7a2b2', '65f0b94f-ccbe-4b50-a175-66810ae10f44', 'Croissant', 1, 80, 80);

INSERT INTO public.order_items (order_id, product_id, name, quantity, unit_price, subtotal)
VALUES ('164d69ee-03e0-4d81-a0ec-14d429d7a2b2', '65f0b94f-ccbe-4b50-a175-66810ae10f44', 'Croissant', 1, 80, 80);

INSERT INTO public.orders (id, order_id, status, amount, payment_method, cashier_name, created_at)
VALUES ('ec1ef6b3-24e4-434f-bf2c-a522927f45b1', 'ORD-02534', 'Completed', 630, 'Cash', 'System Seed', '2026-06-27T06:55:12.990Z');

INSERT INTO public.order_items (order_id, product_id, name, quantity, unit_price, subtotal)
VALUES ('ec1ef6b3-24e4-434f-bf2c-a522927f45b1', '48233f0a-6e57-4a45-b033-627d13f1be78', 'Cappuccino', 1, 120, 120);

INSERT INTO public.order_items (order_id, product_id, name, quantity, unit_price, subtotal)
VALUES ('ec1ef6b3-24e4-434f-bf2c-a522927f45b1', '1b5c6269-ce45-4413-acb8-21813cd7f9cf', 'Mocha', 3, 140, 420);

INSERT INTO public.order_items (order_id, product_id, name, quantity, unit_price, subtotal)
VALUES ('ec1ef6b3-24e4-434f-bf2c-a522927f45b1', 'fe6b02e6-9366-4abd-874c-fcb832e0e282', 'Green Tea', 1, 90, 90);

-- Insert Dummy Inventory Transactions

INSERT INTO public.inventory_transactions (inventory_item_id, type, previous_stock, quantity_changed, new_stock, notes, created_at)
VALUES ('1afec980-f324-4e41-971f-984b2d9ff78e', 'Replenishment', 1000, 214, 1000 + 214, 'Seed data', '2026-03-27T02:13:47.990Z');

INSERT INTO public.inventory_transactions (inventory_item_id, type, previous_stock, quantity_changed, new_stock, notes, created_at)
VALUES ('67066a79-c495-4a11-b926-3dfeeb4d0014', 'Manual Adjustment', 1000, -10, 1000 + -10, 'Seed data', '2026-03-30T07:13:47.990Z');

INSERT INTO public.inventory_transactions (inventory_item_id, type, previous_stock, quantity_changed, new_stock, notes, created_at)
VALUES ('1afec980-f324-4e41-971f-984b2d9ff78e', 'Manual Adjustment', 1000, -41, 1000 + -41, 'Seed data', '2026-04-02T01:13:47.990Z');

INSERT INTO public.inventory_transactions (inventory_item_id, type, previous_stock, quantity_changed, new_stock, notes, created_at)
VALUES ('e16a8028-6fb3-4ad7-b1e1-fbbe8f9739e1', 'Replenishment', 1000, 294, 1000 + 294, 'Seed data', '2026-04-05T08:13:47.990Z');

INSERT INTO public.inventory_transactions (inventory_item_id, type, previous_stock, quantity_changed, new_stock, notes, created_at)
VALUES ('67066a79-c495-4a11-b926-3dfeeb4d0014', 'Replenishment', 1000, 487, 1000 + 487, 'Seed data', '2026-04-08T04:13:47.990Z');

INSERT INTO public.inventory_transactions (inventory_item_id, type, previous_stock, quantity_changed, new_stock, notes, created_at)
VALUES ('1afec980-f324-4e41-971f-984b2d9ff78e', 'Manual Adjustment', 1000, -29, 1000 + -29, 'Seed data', '2026-04-11T06:13:47.990Z');

INSERT INTO public.inventory_transactions (inventory_item_id, type, previous_stock, quantity_changed, new_stock, notes, created_at)
VALUES ('e16a8028-6fb3-4ad7-b1e1-fbbe8f9739e1', 'Manual Adjustment', 1000, -15, 1000 + -15, 'Seed data', '2026-04-14T09:13:47.990Z');

INSERT INTO public.inventory_transactions (inventory_item_id, type, previous_stock, quantity_changed, new_stock, notes, created_at)
VALUES ('e16a8028-6fb3-4ad7-b1e1-fbbe8f9739e1', 'Manual Adjustment', 1000, -35, 1000 + -35, 'Seed data', '2026-04-17T06:13:47.990Z');

INSERT INTO public.inventory_transactions (inventory_item_id, type, previous_stock, quantity_changed, new_stock, notes, created_at)
VALUES ('67066a79-c495-4a11-b926-3dfeeb4d0014', 'Replenishment', 1000, 899, 1000 + 899, 'Seed data', '2026-04-20T07:13:47.990Z');

INSERT INTO public.inventory_transactions (inventory_item_id, type, previous_stock, quantity_changed, new_stock, notes, created_at)
VALUES ('97bae52e-6693-4db2-bf46-8993412d4781', 'Manual Adjustment', 1000, -14, 1000 + -14, 'Seed data', '2026-04-23T09:13:47.990Z');

INSERT INTO public.inventory_transactions (inventory_item_id, type, previous_stock, quantity_changed, new_stock, notes, created_at)
VALUES ('e16a8028-6fb3-4ad7-b1e1-fbbe8f9739e1', 'Waste / Spoilage', 1000, -35, 1000 + -35, 'Seed data', '2026-04-26T04:13:47.990Z');

INSERT INTO public.inventory_transactions (inventory_item_id, type, previous_stock, quantity_changed, new_stock, notes, created_at)
VALUES ('97bae52e-6693-4db2-bf46-8993412d4781', 'Manual Adjustment', 1000, -15, 1000 + -15, 'Seed data', '2026-04-29T06:13:47.990Z');

INSERT INTO public.inventory_transactions (inventory_item_id, type, previous_stock, quantity_changed, new_stock, notes, created_at)
VALUES ('67066a79-c495-4a11-b926-3dfeeb4d0014', 'Waste / Spoilage', 1000, -46, 1000 + -46, 'Seed data', '2026-05-02T00:13:47.990Z');

INSERT INTO public.inventory_transactions (inventory_item_id, type, previous_stock, quantity_changed, new_stock, notes, created_at)
VALUES ('67066a79-c495-4a11-b926-3dfeeb4d0014', 'Manual Adjustment', 1000, -16, 1000 + -16, 'Seed data', '2026-05-05T00:13:47.990Z');

INSERT INTO public.inventory_transactions (inventory_item_id, type, previous_stock, quantity_changed, new_stock, notes, created_at)
VALUES ('97bae52e-6693-4db2-bf46-8993412d4781', 'Replenishment', 1000, 780, 1000 + 780, 'Seed data', '2026-05-08T02:13:47.990Z');

INSERT INTO public.inventory_transactions (inventory_item_id, type, previous_stock, quantity_changed, new_stock, notes, created_at)
VALUES ('e16a8028-6fb3-4ad7-b1e1-fbbe8f9739e1', 'Waste / Spoilage', 1000, -42, 1000 + -42, 'Seed data', '2026-05-11T02:13:47.990Z');

INSERT INTO public.inventory_transactions (inventory_item_id, type, previous_stock, quantity_changed, new_stock, notes, created_at)
VALUES ('97bae52e-6693-4db2-bf46-8993412d4781', 'Waste / Spoilage', 1000, -47, 1000 + -47, 'Seed data', '2026-05-14T04:13:47.990Z');

INSERT INTO public.inventory_transactions (inventory_item_id, type, previous_stock, quantity_changed, new_stock, notes, created_at)
VALUES ('67066a79-c495-4a11-b926-3dfeeb4d0014', 'Waste / Spoilage', 1000, -35, 1000 + -35, 'Seed data', '2026-05-17T03:13:47.990Z');

INSERT INTO public.inventory_transactions (inventory_item_id, type, previous_stock, quantity_changed, new_stock, notes, created_at)
VALUES ('97bae52e-6693-4db2-bf46-8993412d4781', 'Replenishment', 1000, 633, 1000 + 633, 'Seed data', '2026-05-20T02:13:47.990Z');

INSERT INTO public.inventory_transactions (inventory_item_id, type, previous_stock, quantity_changed, new_stock, notes, created_at)
VALUES ('67066a79-c495-4a11-b926-3dfeeb4d0014', 'Waste / Spoilage', 1000, -38, 1000 + -38, 'Seed data', '2026-05-23T09:13:47.990Z');

INSERT INTO public.inventory_transactions (inventory_item_id, type, previous_stock, quantity_changed, new_stock, notes, created_at)
VALUES ('1afec980-f324-4e41-971f-984b2d9ff78e', 'Waste / Spoilage', 1000, -33, 1000 + -33, 'Seed data', '2026-05-26T08:13:47.990Z');

INSERT INTO public.inventory_transactions (inventory_item_id, type, previous_stock, quantity_changed, new_stock, notes, created_at)
VALUES ('1afec980-f324-4e41-971f-984b2d9ff78e', 'Replenishment', 1000, 728, 1000 + 728, 'Seed data', '2026-05-29T00:13:47.990Z');

INSERT INTO public.inventory_transactions (inventory_item_id, type, previous_stock, quantity_changed, new_stock, notes, created_at)
VALUES ('1afec980-f324-4e41-971f-984b2d9ff78e', 'Manual Adjustment', 1000, -41, 1000 + -41, 'Seed data', '2026-06-01T03:13:47.990Z');

INSERT INTO public.inventory_transactions (inventory_item_id, type, previous_stock, quantity_changed, new_stock, notes, created_at)
VALUES ('1afec980-f324-4e41-971f-984b2d9ff78e', 'Manual Adjustment', 1000, -45, 1000 + -45, 'Seed data', '2026-06-04T06:13:47.990Z');

INSERT INTO public.inventory_transactions (inventory_item_id, type, previous_stock, quantity_changed, new_stock, notes, created_at)
VALUES ('1afec980-f324-4e41-971f-984b2d9ff78e', 'Manual Adjustment', 1000, -36, 1000 + -36, 'Seed data', '2026-06-07T04:13:47.990Z');

INSERT INTO public.inventory_transactions (inventory_item_id, type, previous_stock, quantity_changed, new_stock, notes, created_at)
VALUES ('97bae52e-6693-4db2-bf46-8993412d4781', 'Replenishment', 1000, 806, 1000 + 806, 'Seed data', '2026-06-10T03:13:47.990Z');

INSERT INTO public.inventory_transactions (inventory_item_id, type, previous_stock, quantity_changed, new_stock, notes, created_at)
VALUES ('1afec980-f324-4e41-971f-984b2d9ff78e', 'Replenishment', 1000, 233, 1000 + 233, 'Seed data', '2026-06-13T05:13:47.990Z');

INSERT INTO public.inventory_transactions (inventory_item_id, type, previous_stock, quantity_changed, new_stock, notes, created_at)
VALUES ('1afec980-f324-4e41-971f-984b2d9ff78e', 'Waste / Spoilage', 1000, -16, 1000 + -16, 'Seed data', '2026-06-16T09:13:47.990Z');

INSERT INTO public.inventory_transactions (inventory_item_id, type, previous_stock, quantity_changed, new_stock, notes, created_at)
VALUES ('e16a8028-6fb3-4ad7-b1e1-fbbe8f9739e1', 'Waste / Spoilage', 1000, -11, 1000 + -11, 'Seed data', '2026-06-19T02:13:47.990Z');

INSERT INTO public.inventory_transactions (inventory_item_id, type, previous_stock, quantity_changed, new_stock, notes, created_at)
VALUES ('1afec980-f324-4e41-971f-984b2d9ff78e', 'Replenishment', 1000, 317, 1000 + 317, 'Seed data', '2026-06-22T00:13:47.990Z');

INSERT INTO public.inventory_transactions (inventory_item_id, type, previous_stock, quantity_changed, new_stock, notes, created_at)
VALUES ('1afec980-f324-4e41-971f-984b2d9ff78e', 'Manual Adjustment', 1000, -15, 1000 + -15, 'Seed data', '2026-06-25T09:13:47.990Z');